:020000040800F2
:1060000000100020F96F000801BF000805BF00085C
:10601000D36A030809BF000811BF0008D36A030848
:10602000D36A0308D36A0308D36A0308D36A030850
:1060300015BF0008480F0408D36A0308D36A030891
:10604000296F0008D36A0308D36A0308D36A0308D8
:10605000D36A0308D36A0308D36A0308D36A030820
:10606000D36A0308C133010849AA0308D36A0308A5
:10607000D36A0308D36A0308D36A0308D36A030800
:10608000D36A0308D36A0308D36A0308D36A0308F0
:10609000D36A030835770008D36A0308D36A030874
:1060A000D36A0308D36A0308D36A0308D36A0308D0
:1060B000D36A0308F5B101088DBC01084BBE030883
:1060C00047BE030829B4010857BE03084FBE0308A2
:1060D00061BC010853BE0308CDBC010839BD0108ED
:1060E000D36A0308D36A0308D36A0308D36A030890
:1060F000657A0308D36A0308D36A0308D36A0308DE
:10610000D36A0308D36A0308D36A0308D36A03086F
:10611000D36A0308D36A0308D36A0308D36A03085F
:10612000D36A0308D36A0308D36A0308D36A03084F
:10613000D36A0308D36A0308D36A0308D36A03083F
:10614000D36A0308D36A0308D36A0308D782030813
:106150007DA00108D36A03082DBE030833BE0308DF
:10616000D36A0308D36A0308D36A0308D36A03080F
:10617000F0B5114A114C124E00F00105E3695F07BA
:1061800013D40DB9334213D103EA00078F4207D16C
:106190000B4A1A40002A0CBF00206FF00100F0BD2E
:1061A000013AEBD16FF00200F9E74FF0FF30F6E76C
:1061B0006FF00100F3E700BF8096980000000350E5
:1061C000020001000B4B70B5D96911F480310DD17B
:1061D00001244FF48072084E084DF46020462C6470
:1061E0001A61FFF7C5FF3464EC6070BD6FF0010009
:1061F000FBE700BF000003500010035000200350D5
:106200004FF4803238B50E4B0E4C9A66E56941F674
:10621000713315400122E3630B4B0021DA60022346
:10622000606121202361FFF7A3FF10B92120FFF750
:106230009FFF0122054BDA600DB10023E36338BDF7
:106240000090005000000350001003500020035045
:1062500070B5134C6061E3695B071ED40E4656F8B7
:10626000043B8D18A361AE420BD1042300212120F1
:106270002361FFF77DFF58B9BDE870402120FFF78B
:1062800077BF08210846FFF773FF10B1042323618D
:1062900070BD56F8043BA361E5E74FF0FF30F7E728
:1062A000000003502DE9F84315464FF48032184B97
:1062B00089469A6603F51C33DF690646174041F6A6
:1062C0007132DA63012203F58053DFF84C80DA6023
:1062D00055B9284601220F4BDA601FB10022A3F501
:1062E0000053DA63BDE8F88306F5005404EA0804B5
:1062F000A41BAC4228BF2C46494622463046FFF735
:10630000A7FF0028E6D12644A1442D1BE0E700BFEB
:0C631000009000500020035000E0FFFF50
:106320002DE9F04F93B0CDE90A32DDE91C530E930D
:1063300053EC102BCDE90801104619468DED060BE4
:106340001E9E0DF07DFC80B1DDE906014FF0FF32AD
:10635000C54B0DF09DFC40B9DDE906014FF0FF3261
:106360006FF480130DF076FC70B1DDE908019DED4E
:10637000060B0E9B1E96CDE91C53DDE90A3213B0C5
:10638000BDE8F04F00F088B90022DDE906010023E6
:106390000DF060FC002800F03381DDE906A303F175
:1063A000004BCBF30A5016F48063A0F2FF3008BF15
:1063B00006250F930DF072F99BA3D3E900230DF08E
:1063C000D7F99BA3D3E900230DF01CF8CBF31304FA
:1063D000894644F07F5180460022A44B504641F448
:1063E00040110DF00DF894A3D3E900230DF0C0F98E
:1063F00002460B46404649460DF004F80DF052FCAB
:1064000004460DF04BF98EA3D3E90023804689465C
:106410000DF0AEF90022964B0CF0F4FF0DF042FCAB
:1064200089A3D3E900230746494640460DF0A0F969
:106430008046384689460DF031F985A3D3E900231B
:106440000DF096F902460B46404649460CF0D8FF3F
:1064500002460B46CDE90C230DF08AF9DDE90C2349
:1064600080468946104619460CF0CCFF0022CDE943
:106470001001804B404649460DF0A4FA00227E4BA5
:106480000CF0C0FF02460B46404649460DF09AFA12
:1064900000227A4B0CF0B6FF02460B4640464946B6
:1064A0000DF090FADDE90C238046894600204FF07C
:1064B00080410CF0A5FF02460B46404649460CF0D1
:1064C000A1FF02460B46DDE910010DF07BFA07F251
:1064D000FF3700226A4B0CF095FF00223B050DF0C0
:1064E00047F952465B46804689460DF0D1FB0028AD
:1064F00040F08980CDE90C8904F16303C72B34BFD8
:106500000427052731051BD553A3D3E900235046A3
:1065100059460DF0B3FB00287FD051A3D3E90023E7
:10652000504659460DF096FB002876D00027A5422C
:10653000C6BF2C1B04F1FF3500253C4646F480669F
:106540000E9B9F422CBF4FF00008A3EB070816F0EC
:10655000020903D0002F18BF4FF000083CB1DDE95D
:106560000C23504659460DF02DFA82468B46DDE944
:106570000601002200230DF06DFB10B10BF100436A
:106580009B46DDE9080126F40063CDE90183DDE9DE
:106590000A324BEC10AB009500F07EF802465FB378
:1065A000DDE9091316F0200F00F10105089E0CBF6C
:1065B00065204520B047DDE9080105230022059349
:1065C0000A23002CCDE9023207F1FF374FEAD473DA
:1065D000B8BF64422A46019304970A9B009434F0A2
:1065E00037F90246B9F1000F06D00B9BC41A0B9B7A
:1065F0001A190E9BA34245D8104613B0BDE8F08F80
:10660000DDE906ABCDE60022404649461A4B0DF0C7
:10661000D9F9013CCDE90C016EE7002D90D00F9B1C
:10662000002B8DD0013D8BE7FB799F501344D33F66
:10663000B3C8608B288AC63F61436F63A787D23F88
:1066400071A379094F930A401655B5BBB16B02404F
:10665000EF39FAFE422EE63F2D431CEBE2361A3F9D
:106660000000000080842E41FFFFEF7F0000F83F14
:106670000000E03F00002C400000244000001840D3
:106680000000F03F2020DDE90913089DA8470134F0
:10669000ADE700BF000000002DE9F04F5BEC10AB50
:1066A00097B0CDE90501DDE92057CDE90723504634
:1066B00052465B465946229E0DF0C2FA70B903233A
:1066C000CDE902760193B04B0093DDE90501DDE9E8
:1066D000072333F0DDFF17B0BDE8F08F4FF0FF3236
:1066E0006FF48013504659460DF0B4FA28B10423D4
:1066F000CDE902760193A54BE6E74FF0FF32504615
:106700005946A34B0DF0C4FA68B1A24A06F004033F
:10671000002B08BF0322A04B1CBF13460422CDE967
:1067200002760192D0E7504693A3D3E9002359465D
:106730000DF0AEFA38B992A3D3E90023504659467A
:106740000DF088FA68B1DDE90723DDE905014BECBE
:1067500010ABCDE92176209517B0BDE8F04FFFF7DB
:10676000DFBD00220023504659460DF073FA002881
:1067700000F09A805B465246002000210CF040FE5B
:10678000012382468B46099316F4806400F08E80C4
:10679000092D40F28E80002430210EABA5F10902B4
:1067A0000134202C03F8011BA5EB040901D094420D
:1067B000F6D1594650460DF075FA784B054603EB75
:1067C000C90393ED007B8DED0A7B0CF067FF024659
:1067D0000B46504659460CF013FEDDE90A230CF037
:1067E000C7FF02460B46CDE90C230DF083FA804625
:1067F0000CF044FF02460B46DDE90C010CF000FEF4
:1068000002460B46CDE90C230022654B0DF040FA01
:10681000002851D008F1010840460CF02FFF024635
:106820000B46DDE90A010DF01FFA10B14FF0000828
:106830000135B9F1000F50D128460CF02FFF024668
:106840000B46504659460CF0DBFD0022544B804667
:1068500089460DF0FFF930B1002240464946504BC1
:106860000DF016FA10B1E80700D501350A210EAB7C
:106870001A19202C0AD095FBF1F001FB1055303588
:1068800002F8015B013405460028F2D106F003024C
:10689000012A57D1002F55D0099A12B916F00C0FC2
:1068A00000D0013F302245E009906DE74FF0060926
:1068B0007FE7A94600247CE70022DDE90C01384B84
:1068C0000DF0C8F90028B4D1B8F1000F02D018F0CB
:1068D000010FAED008F10108ABE70A210EAB23444B
:1068E000202C0ED0B8FBF1F001FB1082B8F1090F9B
:1068F00002F1300209F1FF3904F1010403F8012B20
:1069000011D83021A1440EAA202CAFD0A14504F10A
:1069100001030AD11C4609F158030DEB03092E238C
:1069200009F8203CA2E78046DAE7A1541C46EBE7D1
:106930001A550134A74205D9202CF9D1CDE90276A8
:106940000194C1E6202CF9D0099A3AB12D2104F125
:1069500058026A4402F8201C0134EFE7710704D59D
:1069600004F158022B216A44F4E73207E6D504F11A
:10697000580220216A44EDE70000000065CDCD41BA
:106980000000000065CDCDC1D3280408D728040835
:10699000FFFFEF7FCA280408CF280408E028040876
:1069A0000000E03F0000000070B58EB02C220021F6
:1069B00003A834F0AEF964234FF002320893CDE916
:1069C00005230B2301218DF83430534B8DF8101023
:1069D0001B88D80700F19880084619F0ADFB0A2201
:1069E0004E4B4F491A704FF428734E48ADF8123091
:1069F00015F060FA4C4C206020B940F25A214B4807
:106A000005F078F90521206835F09FFA20B140F2B1
:106A10006A21464805F06EF920680CF0E3FC444B0F
:106A20002068196834F095FE0C251AF097FA68432F
:106A300009901AF093FA68430DEB0501079020685E
:106A40000FF014F920B140F27F21384805F052F9D7
:106A500025681CF00BFE00220146284634F00DFF8D
:106A600020B140F28121314805F044F940F203534E
:106A7000304D314E2B80052396F90000AB707F28F6
:106A800001D119F0BDFC3378EB701AF067FA00EB16
:106A900080008000A8801AF061FA0023C0004FF047
:106AA000FF31E880AB604FF0FF3019A3D3E900233A
:106AB00019F01EFD2149206835F0F6FA206802A978
:106AC00034F0B0FE20B140F2BA21184805F012F9B6
:106AD000042220680DEB020134F0F2FD042804D0FA
:106AE00040F2BD21114805F005F901A9012032F05D
:106AF000C5FD05F049FA01201AF016FD30F049F9FC
:106B00001AF04AFD19F09CFB0EB070BDAFF3008087
:106B10000A0020FF4203000078430020F4460020D2
:106B200061010208B44E002020330020286A0408C6
:106B3000704C002014330020E45100200D030208A3
:106B40000348044B834202D0034B03B118477047FC
:106B5000C85D0020C85D002000000000064B07490A
:106B6000C91A891048BF0131491003D0044B0BB139
:106B700001481847704700BFC85D0020C85D00206D
:106B80000000000010B5064C237843B9FFF7D8FF8A
:106B9000044B13B10448AFF300800123237010BDF0
:106BA0007844002000000000946D040808B5054BEF
:106BB0001BB105490548AFF30080BDE80840FFF769
:106BC000CDBF00BF0000000050160020946D0408E7
:106BD000A3F5803A704700BF174B002B08BF134B3B
:106BE0009D46FFF7F5FF00218B460F461348144AD8
:106BF000121A34F08EF80E4B002B00D098470D4B34
:106C0000002B00D098470020002104000D000D4803
:106C1000002802D00C48AFF300800DF02DFA2000C0
:106C2000290034F02DF80DF015FA00BF000008001F
:106C3000000000000000000000100020A010002054
:106C40008047002000000000000000004FF00063BB
:106C50009B6A03F17842B2F5C04F03D21968064A25
:106C6000914203D0002303708360704701220270B9
:106C70009A689B694260F7E707B0CD5E73B54F4BEA
:106C800004461A781AB102221A7002B070BDCDE91A
:106C900000220028F9D001261E702FF009FF484D70
:106CA000484B186011F070FF2B785BB900F07CFD49
:106CB00040B945480823454A454900680EF042FC62
:106CC00000B92E70434B5A6E62619B6E424AA361BB
:106CD0004FF480439366414B5968E16140499960A4
:106CE000196E2160596E6160D3F87011A160196C42
:106CF000E160596C21613B49086C1864496C596426
:106D0000012151661B6E9C0441D5374AD368D807D0
:106D1000FCD4364B1A68531C3ED04FF4801393407A
:106D2000334A13664FF400730426314C26662366FB
:106D30002FF083FE01300DD02FF07FFE40F20113C3
:106D4000984207D04FF4005323664FF480432366E4
:106D5000C4F870610823264C684623664FF48053BC
:106D600023664FF0006323664FF4002301A9636696
:106D70002FF047FE009B2366019B63662B78002B58
:106D800083D0124B1A6822665B6863667DE7194AF6
:106D9000D368D907FCD4BCE7174B1B78002BC1D1B3
:106DA0004FF400720C4B5A6603F5A6235B68002B68
:106DB000B8D14FF480120E4B1A66B3E77A44002024
:106DC0007B44002088160020344C00208C160020C4
:106DD00000710800008000500090005000800044C6
:106DE00055CEAC0000C0005400000440004C002010
:106DF00000900044000004507944002070B5224DFA
:106E000004462E78012E02D001232B7070BD00287D
:106E1000FCD02FF012FE01300BD02FF00EFE40F20E
:106E20000113984205D0194B194A5E66D368DE07F4
:106E3000FCD42268174B1A6662685A66A268C3F8C7
:106E40007021E2681A6422695A64E269D00744BF7B
:106E500000229A60104B1A68013207D10F4A12784B
:106E600022B90F494968C90748BF1A6062690D4BCA
:106E70005A66A2699A6611F08FFE0B4B18682FF0C4
:106E80001DFE0023C1E700BF7A44002000900040AF
:106E90000000044000800044004C002079440020A1
:106EA00000C005500080005088160020F8B54FF053
:106EB0000066B36A03F17842B2F5C04F26D21A6871
:106EC000144B9A4222D1144D2C7814F0FD0402D0B8
:106ED00000242046F8BD4FF480371048FFF7CEFE5F
:106EE000204603F04FFF0E4B2046DF6003F03CFFCF
:106EF0000C4B1F61B36ADB69984704460748FFF7EC
:106F00007DFF002CE5D101232B70E1E74FF4817464
:106F1000DFE700BF07B0CD5E79440020681600208F
:106F200000A000440090004413B5214B1B7803B926
:106F3000FEE700231F4CCDE900336A4608231E49B3
:106F400020680EF0FFFA00BB1C4AD2F84031D2F89C
:106F500040211F2B4FF0010312D9203A9340019A90
:106F60001A43019208236A46134920680EF0A0FADA
:106F70004FF00053124A1A6003F0D2FE02B010BD67
:106F80009340009A1A430092ECE70E4B9842EFD1DF
:106F90000A4AD2F84031D2F840211F2B4FF00103AA
:106FA00085BF203A93409340019398BF0093D9E75F
:106FB0007A440020344C0020007108000080004416
:106FC0000B020FF00BE000F0034B5868C0F3080011
:106FD000003818BF0120704700ED00E00348044A64
:106FE0000449121A92102FF075BD00BF706100089D
:106FF0001C6300088047002008B500F02FF8FFF759
:10700000EDFF124B12498B4212D30020114B124953
:107010008B4218D3FFF7E0FD186850F822405868FB
:1070200040F82240013298688242F5D30C33EAE7F7
:107030000022F8E71C6844F8220001325C68A24292
:10704000F8D30833E4E70022F8E700BF9C6D04089A
:10705000A86D0408A86D0408A86D04084FF48041C9
:10706000124B134A70B59A60D3F88820114D42F440
:107070007002C3F88820104A05F5005491664FF05D
:10708000FF3222660D4A62660222C3F8D020BFF3A7
:107090004F8FBFF36F8F4FF44036002003F072FE26
:1070A0000020E66003F060FE2E6170BD00ED00E0A0
:1070B000006000080080004400900050F7FF370097
:1070C000014B1868704700BF084C0020014B186046
:1070D000704700BF084C0020084B1B6F03F00703EC
:1070E000022B04D0032B05D0012B05D0FEE7044B67
:1070F00018687047034BFBE7034870470080005057
:10710000084C0020104C0020002D310108B5FFF77D
:10711000E3FF054B1B6FC3F303330133B0FBF3F005
:10712000024B186008BD00BF00800050044C0020D6
:107130000048704700B4C404014B1868704700BF92
:10714000104C0020054B1860054B1B6F03F0070324
:10715000032B01D1FFF7DABF704700BF104C0020AE
:107160000080005000487047002D31014FF0B443BB
:107170009868C0F304400C280AD8DFE800F00B0937
:1071800009090909072119091B1D1F000F4870472C
:10719000002070479B6803F04073B3F1807F11D0EB
:1071A000B3F1007F10D00A4A002B08BF1046704789
:1071B00008487047084870470848704708487047B3
:1071C000084870470848704708487047405DC60047
:1071D00000093D00C0EA210180BA8C010048E801A5
:1071E000005A62020024F40080841E0040420F0016
:1071F000014B1868704700BF0C4C002013B50024E9
:107200002948019430F0C7FB0123042203212046C2
:1072100001F034FD20462FF014FD0122234B052000
:10722000C3F8442401A930F0B1FB002839D1204B28
:10723000D3F8F02042F00102C3F8F020D3F8FC208C
:1072400042F08072C3F8FC201A4AA3F55D431A602D
:10725000019B194A03F5D52303F2FC43B3FBF2F378
:10726000164A013B13610223C2F8F0304FF48073D9
:10727000C2F804334FF06043114AC3F8B02F114AEB
:10728000C3F8802ED3F8002E42F48072C3F8002E8B
:10729000FF2283F82020D3F8002E22F48072C3F856
:1072A000002E02B010BD00BF8C16040800D00350A1
:1072B00000ED00E0FF030040F8590D00000004E07D
:1072C00055CEACC5090001004FF06043D3F8802EC5
:1072D00030B5D20715D501240B4D8440D5F8FC20DC
:1072E00042F08072C5F8FC20D3F8002E2243C3F888
:1072F000002E53F82020002AF0D003F820100020A0
:1073000030BD1120FCE700BF00ED00E02DE9F04F9B
:107310009A46564B85B01B7806460F461546DDF853
:107320003C909DF844B0DDF85080002B00F0978031
:10733000072A00F296800E9B002B00F09280B9F194
:10734000000F00F08E80129BB3F5006F00F3898070
:10735000012803D1109B002B00F08380444B03EBEA
:1073600005131B7B002B7ED0424C10220021684667
:1073700033F0CFFC04EB45141022A7BB394620465E
:1073800033F0C7FC43F210036380BBF1000F03D15D
:10739000E37843F00303E370364A0E9B02EB451C8F
:1073A000CCE90193129B6901581E9DF84C30C0F343
:1073B0000A0003F003039B0643EA001E53582E48BD
:1073C000012E00EA03004EEA0003CDF800A053505E
:1073D00017D0B8F1000F2ED19CF8023068F30413D7
:1073E0008CF8023027E00021204633F092FC4FF465
:1073F00044736380BBF1000FCED1E37843F03003D8
:10740000C9E713230CF1100ECCF80C309CE80F00E8
:107410008EE80F006FF00301DCF81C20109B61F375
:107420009F02012FCCF81C20CCF8143003D1CCF8EB
:107430001890CCF8043000270D4A290102EB0513FF
:1074400042F80180159A28465A60694622469F6094
:107450005E7301F0A7FC384605B0BDE8F08F074821
:10746000FAE70748F8E70748F6E700BF7C44002042
:1074700094170020941600200F80FFF3028000F084
:10748000018000F0078000F038B5124B05461B78EC
:10749000DBB1E0B12FF00CFB0F4A00231146147B47
:1074A00054B92B6001251A0101EB03131D738C5095
:1074B0002FF004FB204638BD0133082B02F11002E7
:1074C000EDD12FF0FBFA0548F5E70548F3E705484D
:1074D000F1E700BF7C44002094170020048000F0F6
:1074E000028000F0018000F038B52FF0E1FA0023AF
:1074F00005460B4A147B6CB90133082B02F11002CC
:10750000F8D101F0FBFB074B28461C702FF0D6FA90
:10751000204603E028462FF0D1FA034838BD00BFCB
:10752000941700207C440020058000F00D4B10B51E
:107530001B78044693B1072812D82FF0B9FA0A4BEA
:1075400003EB04131A7B2AB100241C732FF0B6FA44
:10755000204610BD2FF0B2FA0448FAE70448F8E7D5
:107560000448F6E77C44002094170020068000F0D1
:10757000028000F0018000F0154B13B5186800235D
:1075800001908DF804302FF093FA124B1C7824B13F
:107590002FF094FA104802B010BD01221A702FF09B
:1075A0008DFA0E4B01A81C731C7783F82C4083F8CE
:1075B0003C4083F84C4083F85C4083F86C4083F88F
:1075C0007C4008238DF8073001F0BCFB2046E2E741
:1075D000980F04087C440020038000F094170020DA
:1075E0000A4A08B512785AB107280BD8084A02EBA4
:1075F00000131B7B43B1002101F096FB002008BD66
:107600000448FCE70448FAE70448F8E77C44002013
:1076100094170020028000F0018000F0078000F045
:107620000A4A08B512785AB107280BD8084A02EB63
:1076300000131B7B43B1012101F076FB002008BD44
:107640000448FCE70448FAE70448F8E77C440020D3
:1076500094170020028000F0018000F0078000F005
:107660000A4A08B5127852B107280AD8084A02EB2C
:1076700000131B7B3BB101F0E1FB002008BD054876
:10768000FCE70548FAE70548F8E700BF7C4400201E
:1076900094170020028000F0018000F0078000F0C5
:1076A0000D4B1B7893B1072812D889B10B4B03EB14
:1076B00000131B7B73B10A4B1A6D012383401342E5
:1076C00014BF0123002300200B707047054870474A
:1076D00005487047054870477C44002094170020F7
:1076E00000000450028000F0018000F0078000F0EC
:1076F0000B4A10B512780C4662B107280CD859B164
:10770000084A02EB00131B7B43B101F0A9FB207078
:10771000002010BD0448FCE70448FAE70448F8E7F5
:107720007C44002094170020028000F0018000F0CB
:10773000078000F0184B2DE9F0411F6D5B6D1F4075
:1077400000D5FEE701260025144CDFF858803742AB
:1077500018D02368C8F85060A3B1A1682846013149
:107760006268A1609847637B012B0BD150B90C4B29
:1077700003EB45131A7B60F341021A731A7F60F31F
:1077800041021A770135082D4FEA460604F110042C
:10779000DDD1BDE8F08100BF000004509417002047
:1077A0009416002000200450024B1968024B186800
:1077B0000DF0A4BD144C0020344C002070B5940092
:1077C000224605460E4639F0B7FB431C0AD058B98D
:1077D00022463146284633F072FA0028034808BF93
:1077E000002070BD0248FCE70248FAE710E000F014
:1077F00021E000F024E000F010B5044639F0A0FBD1
:10780000431C10D088B901F0C1FB234620F00300CF
:107810002044984201D1002010BD53F8042B0132BE
:10782000F7D00348F8E70348F6E70348F4E700BF5A
:107830000EE000F021E000F024E000F008B52FF0A9
:107840002CF9014B186008BD041F0020014B18687B
:107850002FF027B9041F0020044BD3F88420D20650
:10786000FBD4D3F88400C0F381107047004000506F
:107870002E4B98424AD022D82D4B984240D014D853
:107880002C4B984239D00AD82B4B984232D02B4BF4
:1078900098422FD02A4B98422CD000207047294B79
:1078A0009842FAD1284B186F7047284B98422AD03B
:1078B000274B9842F1D1244BD3F880007047254BD9
:1078C00098422BD009D8244B984223D0234B98427E
:1078D000E3D11D4BD3F88C007047214B984221D047
:1078E00003F5740303F510539842D6D1164BD3F821
:1078F00098007047144B986D7047134B586E704743
:10790000114B586F7047104B986F70470E4BD3F860
:10791000840070470C4BD3F8880070470A4BD3F8AB
:1079200090007047084BD3F8940070470048E80176
:107930000024F400C0CF6A0080841E0000093D00CE
:1079400040420F00405DC6000080E00FC0EA210108
:1079500080BA8C01007E560380D54302006CDC02A5
:107960000090D00338B5104B0546D3F880300C4654
:1079700003F00303022B0BD0032B0DD0012B0FD1EF
:10798000FFF7AAFB0E2305B1286004B1236038BDC0
:10799000FFF7ECFB0723F6E7FFF792FB0623F2E77E
:1079A00000231846EFE700BF0080005038B5184BA1
:1079B0000546D3F820010C4600F00700062823D81E
:1079C000DFE800F0040A0E16121A1E00012305B1AA
:1079D000286004B1236038BDFFF772FB0523F6E78A
:1079E000FFF7AAFB0323F2E7FFF7C0FB0723EEE74D
:1079F000FFF7B8FB0223EAE7FFF762FB0623E6E79F
:107A0000FFF79AFB0423E2E700231846DFE700BFF5
:107A10000080005038B5174B0546D3F828310C4686
:107A200003F00703013B052B20D8DFE803F0031325
:107A30001B0F0B17FFF744FB052305B1286004B1AA
:107A4000236038BDFFF73CFB0623F6E7FFF78EFB0C
:107A50000723F2E7FFF770FB0323EEE7FFF76CFB6A
:107A60000423EAE7FFF77EFB0223E6E7002318463C
:107A7000E3E700BF0080005073B50D460021114BB5
:107A80000191D3F88041064604F00304022C13D080
:107A9000032C0CD0012C13D101A8FFF787FF102471
:107AA0000EB1019B336005B12C6002B070BDFFF7D1
:107AB0005DFB07240190F3E7FFF754FB0190EFE72C
:107AC0000C46EDE700800050002337B50193164BBC
:107AD0000546D3F820320C4603F00703042B21D8C7
:107AE000DFE803F0030B11161B0001230DB1019A0F
:107AF0002A6004B1236003B030BD002101A8FFF764
:107B000089FF1223F2E7FFF731FB07230190EDE72E
:107B10002EF0EEFF0A230190E8E7FFF769FB092347
:107B20000190E3E70023E1E70080005038B5104BF7
:107B30000546D3F840310C4603F00303022B0BD06B
:107B4000032B0DD0012B0FD12EF0D2FF0A2305B14C
:107B5000286004B1236038BDFFF74AFB0923F6E72C
:107B60002EF0C9FF0C23F2E701230020EFE700BF4E
:107B700000800050002337B50193164B0546D3F81B
:107B800060320C4603F00703013B032B1FD8DFE8EC
:107B900003F0020E1914002101A8FFF707FF1023BC
:107BA0000DB1019A2A6004B1236003B030BD0021F9
:107BB00001A8FFF7BBFF1123F2E7FFF7D7FA07236E
:107BC0000190EDE7FFF7CEFA02230190E8E70023EA
:107BD000E6E700BF00800050002337B50193164B45
:107BE0000546D3F894320C4603F00703013B032B00
:107BF0001FD8DFE803F0020E1914002101A8FFF7D7
:107C0000D5FE10230DB1019A2A6004B1236003B0A0
:107C100030BD002101A8FFF789FF1123F2E7FFF72C
:107C2000A5FA07230190EDE7FFF79CFA02230190E4
:107C3000E8E70023E6E700BF0080005038B5144BAA
:107C40000546D3F800020C4600F0070004281BD8B4
:107C5000DFE800F003090D111500012305B12860CC
:107C600004B1236038BD2EF043FF0A23F6E7FFF787
:107C7000BFFA0923F2E72EF03EFF0C23EEE7FFF7F1
:107C800045FA0F23800AE9E700231846E6E700BF1C
:107C90000080005038B5144B0546D3F808020C4656
:107CA00000F0070004281BD8DFE800F003090D11DD
:107CB0001500012305B1286004B1236038BD2EF002
:107CC00017FF0A23F6E7FFF793FA0923F2E72EF0EE
:107CD00012FF0C23EEE7FFF719FA0F23800AE9E7FA
:107CE00000231846E6E700BF0080005038B5104B6F
:107CF0000546D3F840320C4603F00303022B0BD0A9
:107D0000032B0DD0012B0FD12EF0F2FE0A2305B16B
:107D1000286004B1236038BDFFF76AFA0923F6E74B
:107D20002EF0E9FE0C23F2E701230020EFE700BF6D
:107D30000080005038B5104B0546D3F860310C4632
:107D400003F00303022B0BD0032B0DD0012B0FD11B
:107D50002EF0CEFE0A2305B1286004B1236038BDA1
:107D6000FFF746FA0923F6E72EF0C5FE0C23F2E7EB
:107D700001230020EFE700BF00800050B0F5207F16
:107D80001FD009D8B0F5007F15D003D868B1B0F581
:107D9000C07F0AD000200CE0B0F5607FFAD10B4B19
:107DA000D3F88000C0F3011003E0084B186FC0F354
:107DB000033001307047054BD3F89000C0F30460E6
:107DC000F7E7024B186FC0F38020F2E70080005005
:107DD00002464FF48030104B10B598660020FFF734
:107DE000CDFF504341F671320C4BDC69DA635A68BF
:107DF00004F4803422F4401259B90949884294BFEE
:107E000000200120000502435A600CB10022DA6311
:107E100010BD0449F2E700BF00900050000003507D
:107E2000005A6202002D3101430905D0012B0CD00C
:107E3000022B084B18BF002300F01F0039B103F5D7
:107E40008053012282401A607047034BF4E703F528
:107E50000053F6E768800050648000501FB5002191
:107E600080280446CDE9001100F0A58035D85E28B1
:107E700046D85E2844D8DFE800F0A243434343439A
:107E800043434343434343434343434343434343C2
:107E900043434343434343434343A2AAA2AABABA38
:107EA000BABABAAAC44DDA714DAAAAAA4343434347
:107EB00043434343AAAAAA79E4AA4343434343431F
:107EC00043434343434343BAA2A2A2DF4D4DE98853
:107ED0005EBF434343434399A200B0F5B06F00F047
:107EE00090802DD8B0F5207F71D00CD8B0F5C07F30
:107EF00065D0B0F5007F65D0B0F5807F00F086805A
:107F0000009804B010BDB0F5607F6BD00DD8B0F50F
:107F1000407FF5D1FFF7FAF802464FF42070FFF7E3
:107F20002DFFB2FBF0F252085AE0B0F5806F5ED040
:107F3000B0F5A06FE4D100216846FFF7C5FDDFE78B
:107F4000B0F5106F78D016D8B0F5E06F79D00AD8B8
:107F5000B0F5C06F6BD0B0F5D06FD1D100216846BD
:107F6000FFF76CFECCE7B0F5F06FC9D10021684691
:107F7000FFF7E0FEC4E7B0F5406F3DD013D8B0F591
:107F8000206F63D0B0F5286FBAD10021324B039136
:107F9000D3F8703203F00303012B02D103A8FFF7DB
:107FA000C5FD039B3CE0B0F5486FA9D100216846B0
:107FB000FFF712FEA4E7FFF78FF80090A0E7FFF7A6
:107FC000A5F8FAE7FFF788F80246204604E0FFF735
:107FD0009DF802464FF42070FFF7D0FEB2FBF0F29E
:107FE00000928DE701A8FFF7BDFC019AEDE70021A3
:107FF0006846FFF7DBFC83E700216846FFF70AFDD0
:108000007EE700216846FFF737FD79E74FF0E02370
:1080100002911B695B0705D5FFF778F80290029B78
:1080200000936DE703A902A8FFF780FDF7E70021A1
:108030006846FFF77BFD63E700216846FFF72AFEED
:108040005EE700216846FFF751FE59E700216846C8
:10805000FFF790FD54E700BF0080005008B5802076
:10806000FFF7FCFE034B98429EBF4FF48032024B59
:108070001A6708BD005A620200A000501FB50346EF
:108080000020B3F5807F019000F0C18064D85D2BA3
:1080900055D84C2B07D82D2B48D8232B2CD80198FA
:1080A00005B05DF804FB4D3B102BF8D801A252F847
:1080B00023F000BF058200089F8000089F80000811
:1080C0009F800008BB8100089F8000089F800008F7
:1080D00089820008D98100087F8100087F8200081A
:1080E0009F8000089F8000089F8000089F800008F4
:1080F0009F80000893820008243B092BCFD801A25F
:1081000052F823F005820008058200080582000865
:1081100005820008058200089F800008FB81000896
:108120009F8000089B8100083B8200083D2B7FD088
:108130003E2BB4D1002001A9FFF7D8FDAFE7802B7B
:10814000ADD1594B1B6F03F00703013B032BA6D89E
:10815000DFE803F0514E858DB3F5F06F68D021D87C
:10816000B3F5B06F49D00FD8B3F5607F00F08380CE
:1081700095D3B3F5806F45D0B3F5A06F8FD10020B4
:1081800001A9FFF7A1FC8AE7B3F5D06F55D0B3F58D
:10819000E06FCFD0B3F5C06F81D1002001A9FFF708
:1081A000C5FC7CE7B3F5206F6ED00BD8B3F5086F34
:1081B00048D0B3F5106F7FF472AF002001A9FFF72C
:1081C00069FD6CE7B3F5406F59D0B3F5486F60D0E7
:1081D000B3F5286F7FF463AF334BD3F8703203F0FD
:1081E0000303012B5AD0022B0CBF1523002300E000
:1081F0000523019353E70223FBE7002001A9FFF7C2
:108200003BFC4CE7002001A9FFF7D0FB47E74FF00C
:10821000E02302901B695B0705D5FEF777FF0D236E
:108220000393039BE5E703A902A8FFF77FFCF8E7A8
:10823000002001A9FFF77EFD31E7002001A9FFF72B
:10824000FDFC2CE7184BD3F8003103F00303022B9D
:1082500007D0032B09D0012B0BD1FEF76DFF0323B1
:10826000C7E7FEF7C5FF0923C3E72EF03FFC08234D
:10827000BFE70123BDE701A9FFF774FB0FE700206B
:1082800001A9FFF7C7FB0AE7002001A9FFF772FC6D
:1082900005E7002001A9FFF79FFC00E7002103A8E4
:1082A000FFF744FC1123A4E7008000504FF4803214
:1082B000074B0849586E03F580535A664B6A23F002
:1082C00001034B62C3035CBF034B5A66704700BF98
:1082D0000080005000C0075000A0005038B5044690
:1082E0008020FFF7CBFE032800F083804FF480123C
:1082F000524B4FF0A0615A6645F60E02504BC3F840
:108300008020504A91624FF4803102F58052916290
:108310009A6DD203FCD4996D11F08041FBD1D4E960
:108320000002120542EA0062E07B0243207B42EA3F
:108330000042607B42EA0032A07B42EA80121A616E
:108340009869D4E90452120642EA856200F00040BE
:108350000243A07EE57E0243207E42EA0042607E28
:1083600042EA00229A611A6AE06922F00F0242EAA8
:108370008502354D00283DD11A6294F82420996A6F
:1083800094F82000D200294042EA40120A4394F8AF
:10839000211042EA011242F480329A622B49284AA3
:1083A000936D31EA0303FBD14FF080712548816260
:1083B0001369A56823F4700343EA055313614FF072
:1083C0000043836194F822300BB9214B996294F8F1
:1083D00023303BB94FF480321D4B9A62184A936D9B
:1083E0005B00FCD494F825301BB1154B194AC3F837
:1083F000802038BD024342F0080202281A6208D1E8
:1084000019614FF40852996113484FF47F412EF0DF
:10841000CBFB0B4994F822308A6A94F820001B06A3
:108420002A4043EA4013134394F8242043EAC2034A
:1084300094F8232043EA02438B62D3E70090005074
:108440000040005A0050005AC7FFFEFE0300010022
:108450000060005AF1A7FFFF3440005A70B5194C74
:10846000FF28A66A2BD8A36D4FF0807113F4803FCC
:1084700018BF4FF48032144B18BF9A629962134AA6
:10848000A36992F9005023F47F03054423F47F434A
:1084900043EA002385F3080543EA0543A361324616
:1084A0000B482EF081FBA36DDB0301D4002070BDCF
:1084B00032464FF4803106482EF076FBF6E7212055
:1084C000F5E700BF0040005A0050005AB0510020AC
:1084D0002840005A70B5104C4FF08071A66AA36D09
:1084E0000E4813F4803F18BF4FF480320C4B18BF76
:1084F0009A6299623246A5692EF056FBA36DC5F3C8
:108500000725DB0305D532464FF4803103482EF0B2
:108510004BFB284670BD00BF0040005A2840005A5F
:108520000050005A014B93F900007047B0510020F1
:108530004FF4803311481249826A8B62836D03F0D5
:108540000303032BFAD14FF080730E488B620B4B61
:10855000996D30EA0101FBD1012009490865996D47
:108560008907FCD4054B996D8807FCD5996D89075F
:10857000FCD5054905482EF017BB00BF0040005A46
:108580000050005A03000100000001012840005A79
:10859000014B1880704700BF705100204FF48002DB
:1085A00008B5184B5A660223174A5360936813F4B0
:1085B0008033FBD1012822D1FEF7BEFD134B984238
:1085C00015D003F5122303F5F863984213D0104B2E
:1085D00000EB8002400AB3FBF0F3520A0A49CA6278
:1085E0000B6301234B620022074B5A6008BD45F61E
:1085F0007A13084AF2E745F61A03074AEEE7536290
:10860000F1E700BF009000500040025000F0490226
:1086100064666666D8B80500BBCF0500B0F5207F5C
:1086200010B50C465DD008D8B0F5007F4ED003D809
:10863000C0B1B0F5C07F15D010BDB0F5607FFBD1E3
:108640002C4B4C1ED3F8FC202B4912F0807F4FEAB4
:10865000041427D1D1F8803023F030032343C1F82C
:108660008030E9E72EF0AFFA2EF0BBFA4FF48031FC
:10867000224B214A1967136F013C23F4704343EAEC
:1086800004331367FEF742FD0446FFF7E5F8C0F137
:10869000020120462EF09FFA00F042F8BDE810409B
:1086A000FFF7DCBCD3F8FC2022F08072C3F8FC207A
:1086B000D1F8802022F030022243C1F88020D3F884
:1086C000FC2042F08072C3F8FC20B5E70A4A4C1E39
:1086D000D2F8903023F0F85343EA0463C2F89030A4
:1086E000AAE7054A4C1E136F23F4806343EA8423F0
:1086F0001367A1E700ED00E00080005000900050FB
:1087000008B50121022000F06DF92EF05CFA2EF080
:1087100068FA4FF48032014B1A6708BD0090005090
:1087200008B54FF4C070FFF799FBBDE80840044955
:10873000884294BF012102214FF42070FFF76EBFE1
:1087400080F0FA024FF4C02270B50546FFF790F8AA
:10875000314B04465A6603F598335A68012A04D10E
:108760002E494A605A689207FCD48020FFF786FCA5
:10877000052807D12EF027FA2EF033FA4FF4803275
:10878000254B1A67264B24F040749D4230D0254B70
:108790009D4230D0FEF794FC8542064603D9012164
:1087A000284600F05FF9204BDA6812F0060FFBD183
:1087B00099689C609A68624012F4F81F1ED128469E
:1087C000FEF784FC8020FFF759FC05280DD1FEF749
:1087D0009DFC0446FFF740F8C0F1020120462EF050
:1087E000FAF9FFF79DFFFFF739FCAE420CD270BDDE
:1087F00044F00074CEE744F08074CBE780209960A9
:10880000FFF73CFC052805D0BDE8704001210020A1
:1088100000F028B93546DAE70090005000E001503A
:1088200040420F0080841E0000000150304B314A4E
:10883000984251D020D8A3F5B703A3F558639842C6
:1088400046D00DD82C4B984231D02C4B984239D081
:108850002B4B4FF4002198421DD00023516622E09B
:10886000284B4FF400219842F7D1274BD3F8BC3066
:10887000516623F0407316E0244B984230D0244BCD
:10888000984231D0234B4FF400219842E5D11E4B42
:10889000D3F8C830ECE71C4BD3F8A030516623F076
:1088A000407343F000734FF0B442936070474FF44D
:1088B0000021154BD3F8A030516623F0407343F0EC
:1088C0008073F0E7104BD3F8A0304FF40021CFE7CE
:1088D0000D4BD3F8B830F8E70B4BD3F8C030F4E7C2
:1088E000094BD3F8CC30F0E7074BD3F8D030ECE7A6
:1088F000C0EA21010090005080841E0000093D0064
:1089000040420F000024F4000080E00F0048E8011E
:10891000005A620280BA8C01024A536B0342FCD1B6
:10892000704700BF00400950044A4178536F23F458
:10893000407343EA01235367704700BF0040005073
:108940000E4A10B51369044643F00403136105F0A1
:1089500059F82EF062F90A4B5B6E5B0142BF094B7E
:10896000094AC3F8202430BF2EF058F905F084F8E6
:108970001CB9BDE81040FEF7C9BB10BD00ED00E01A
:108980000080005000E003500000FF0F0C4A10B5BB
:108990001369044643F0040313610A4B5B6E5B01E9
:1089A00042BF094B094AC3F8202405F02BF830BF19
:1089B00005F062F81CB9BDE81040FEF7A7BB10BD7A
:1089C00000ED00E00080005000E003500000FF0FC9
:1089D000034A0179D36E23F030030B43D36670470B
:1089E00000400050F8B504461C4BD3F88420D10653
:1089F000FBD4D3F88430C3F381139C422CD0FEF710
:108A00006BFB012C064602D121462EF0E4F82EF035
:108A100044F84FF00072124B07465A6620462EF07B
:108A200000F94FF480630D4D621E93402B676B6E0F
:108A30009A0103D4D5F884309B060AD538462EF027
:108A400030F8022C08D13046BDE8F84000212EF065
:108A5000C2B8D5F88430EAE7F8BD00BF0040005046
:108A60000060005010B50C4608B9FEF735FB074B07
:108A700021461B783BB1064B984204D80120BDE843
:108A80001040FFF7AFBF0220F9E700BF7D44002090
:108A9000005A62020278034B012100201A70FFF78E
:108AA000E1BF00BF7D4400204FF0004238B5244BA9
:108AB000244C5A664AF6CD33656C014605F0010533
:108AC000236428BB0120FFF727FF6368DB0715D568
:108AD0001D4B586008461D4B226BD2070CD49842A0
:108AE00008D1072415B1174B194A1A6432F0E6FD74
:108AF000204638BD0130EFE79842F2D00024F1E77C
:108B00000132236B13F0080305D08A42F8D1E8E75D
:108B100000220E49F5E78A42E3D020210A4A9162F9
:108B20000121A2F5805251600649084A886A8006F0
:108B300003D49342D5D00133F8E79342DDE700BF79
:108B400000900050004009500060095040420F0062
:108B50003254FFFF4FF0004238B5164B01465A66BB
:108B60004AF6CD33144C154A656C236443780B20C8
:108B70005B0043F00103D363FFF7CEFE63688A789E
:108B800023F4F87343EA02136360CA784B7943EA2B
:108B90000223A3600A798B7943EA022323610878D0
:108BA000FFF782FFEB0744BF054B236432F086FDDD
:108BB000012038BD00900050004009500040005096
:108BC0003254FFFF4FF00042124B70B55D6E03F55B
:108BD00080535A664AF6CD3304460F4980204E6CC6
:108BE0000B64FFF799FE0B6A23F00F030F2C94BF61
:108BF000234343F00F030B62F30744BF074B0B649F
:108C0000002DA2BF4FF00042054B5A6632F056FDD0
:108C100070BD00BF00800050004009503254FFFF7B
:108C200000A000504FF00042104B70B55D6E03F590
:108C300080535A664AF6CD3304460D4980204E6C67
:108C40000B64FFF769FE0B6A23F4F85343EA04232D
:108C50000B62F30744BF074B0B64002DA2BF4FF01C
:108C60000042054B5A6632F029FD70BD008000506D
:108C7000004009503254FFFF00A000502DE9F041A0
:108C800005460F461E4690464AB101233022194C34
:108C90008B4002FB004436B304F5825423600F215D
:108CA000072F05EB450388BFA7F108044FEA03131C
:108CB000114895BFBC00A40004330C3308FA04F239
:108CC000A14018442DF0AEFFB8F1000F09D10123E7
:108CD0003021084ABB4001FB05223EB102F5825219
:108CE0001360BDE8F08104F50154D7E702F50152A5
:108CF000F6E700BF00C0035030C0035010B5152088
:108D000002F020F80024FF22064B21465C6520205B
:108D10009A625C60FFF788F82146BDE81040212088
:108D2000FFF782B800000450044A054B002908BF31
:108D30001346012282401A60704700BF4010045061
:108D40004020045010B5012104462020FFF76CF8A4
:108D500001212120FFF768F80122114B15205A60EC
:108D6000227812069A606178A27842EA01429A61FA
:108D7000FF229A6200229A631A644FF000425A65F9
:108D80004FF0FF3203F500531A6501F0FBFF152089
:108D9000E17802F005F8BDE81040152001F0E4BFCD
:108DA00000000450F8B50125C3B2D1F800E091F8F5
:108DB0000AC00F7B0C469D40CB7A1D491D4E0D65A8
:108DC000810001F1A04101F58821C1F804E04FF0D4
:108DD000300E0EFB00601B05617B43EA0C4343EA47
:108DE000475322F003020166C36502672DF060FE5F
:108DF000114B5D65237A13B1336C2B433364637A73
:108E000013B1B36B2B43B3632279A37943EA0243D3
:108E1000074A93616179E37943EA014306498B612B
:108E2000044B55639D64BDE8F8402DF047BE00BF7C
:108E300000200450000004500010045010B501241C
:108E4000C0B284402DF034FE044B5A6D22EA040275
:108E50005A659C62BDE810402DF030BE0000045001
:108E600010B50124C0B284402DF022FE074BDA6A0F
:108E7000224208D15B6B9C430CBF012400242DF0DF
:108E80001DFE204610BD0024F9E700BF000004507D
:108E90004FF48032054B9A6641F6713203F51C336C
:108EA000DA63012203F50053DA6070470090005046
:108EB00041F671320121064BDA6303F50052D160AD
:108EC0000022DA634FF48032A3F518339A667047B4
:108ED00000000350013831289ABF024B185C002073
:108EE000704700BFBD0F040838B5C2F3062504461D
:108EF00002F0070241B942EA052242F44022063458
:108F0000074B43F8242038BD114628462DF09AFE21
:108F100002462846FFF7DEFF163442EA0022EFE75A
:108F200000800350044B1868421C02BF034AD2F869
:108F300094001860704700BF384C0020004000507B
:108F40004FF48032064B5A6603F5E6239B69C3F360
:108F50008512827003F03F021B0B42700370704752
:108F60000090005040F6B732064B5B689BB29342CC
:108F70009FBF4FF47A72B3FBF2F3034AD05C88BF11
:108F8000002070470080E00FEF0F04080120034B22
:108F90009B680A3303F01F03984070470080E00F7E
:108FA00070B5054616461C4621B94FF42070FEF7F1
:108FB00055FF0146402C1BD003D8DCB1202C1BD020
:108FC00070BD602CFCD1042303FB06F2530803EBB5
:108FD0004113B3FBF2F3094A203B02EAC303AA6838
:108FE00022F06002AA60AA681443AC60EB61E7E774
:108FF0000623E9E71023E7E70823E5E7F8FF7F000A
:10900000012100F5805310B5596040F6AA6341F282
:10901000050243610023094C8360C365C26000F50B
:1090200000520361C361C3649464054C8365A0422C
:1090300004BF03654365516010BD00BFFFFF010021
:1090400000C0055070B50D46FFF7DAFF012300F5AB
:1090500080567360AB7C04461BB1836843F0804349
:109060008360EB7C5BB1244B9C4202BF2A7DA3F55D
:109070001033C3F8C821E36D43F08003E3652A8A07
:109080006B7B20461343EA891343E3602B7BD5E9CE
:109090000112FFF785FF6B7D1BB1A36843F480339A
:1090A000A360AB7D1BB1A36843F40043A360EB7DD9
:1090B0002A7E1B07120502F4E00203F0E04313438B
:1090C000A3656B7E9A1E012A4FF0020209D80B4954
:1090D000032BC1F8202709D10423F3652B786361A2
:1090E00070BD0749012BC1F82027F4E7042204F5DD
:1090F0000053DA65F2E700BF00C0055000D003500E
:1091000000E00350034B5A68D20702D5DA69002AFF
:10911000F9D1704700800A50054B9A689107FCD43A
:109120005A689207F9D4DA69002AF6D1704700BF6D
:1091300000800A5008B5FFF7E5FF0222014B1A61D3
:1091400008BD00BF00800A5008B5FFF7E5FF012207
:10915000024B03F580514A601A6108BD00800A5035
:1091600008B5044B5968012903D1FFF7E3FF024B0F
:10917000596008BD00800A5000A00A5010B5064C86
:10918000FFF7CAFF6368012B03D1FFF7E9FFFFF781
:10919000C3FF0378E36010BD00800A50B8B94A6885
:1091A0000B7812B1127843EAC2034A7843EA4203C9
:1091B0008A6812B1127843EA82138A7843EA8203FA
:1091C000CA6812B1127843EA4223014A9364704795
:1091D00000800A5008B9014B5964704700900A504A
:1091E00008B9014B5964704700A00A5008B9014BF7
:1091F0001964704700A00A5010B9024B186C7047F0
:109200000020704700800A5048B911B1012903D0ED
:109210007047044BD86C7047024B186D70470020A4
:10922000704700BF00800A5040B911B1012903D036
:109230007047034BDA647047014B1A65704700BFF3
:1092400000800A5010B9024B586D704700207047DB
:1092500000800A5038B50446054D32F08BFA0FCC29
:109260000FC594E8030085E80300002038BD00BF67
:10927000081F002047F6FF739A42F0B56FD002290D
:109280006FD8394B5B5C012B6BD8384DDF0005EB99
:10929000C30415F83330A178012B13D10025E078F1
:1092A000401AA84202D80844C0B2F0BD431B666809
:1092B000A0EB530336F913609642D4BF1D4603F169
:1092C000FF30EEE760680028EFD0B0F9004094422C
:1092D00004DBB0F902409442B8BF144683883D4491
:1092E000FF2B19BFC8224FF0280CB0F90620B0F9A7
:1092F00008C0A2EB04030CBF0126002693FBFCF37D
:1093000033446E781BB29E4201DD002B01DA731EDE
:109310001BB24FF47A7C01339BB2071D5D1E2DB248
:109320004FEAC50E00EBC505EA88AD689E4214FB06
:10933000025222EAE27202F15C02B2FBFCF204DDAC
:1093400037F8335001339542E8D200EB0E0398888A
:10935000904228BF1046884238BF0846A4E7FF2045
:10936000A3E70020A1E700BFF20F0408081F0020B8
:109370000229F0B555D82C4B585C012851D82B4CFC
:1093800004EBC00114F830004B6801280FD1C878F5
:109390008C78904294BFC4EB0001C4EB0201001B27
:1093A000CAB28242C8BF002233F91200F0BD002BBE
:1093B00037D08878904202D3B3F90200F6E7CC7830
:1093C000B3F900009442F1D94C789988013CA1F19D
:1093D000FF06714203F10405E4B2714103F10C0789
:1093E000CEB2B44216D805EBC1014FF47A756A4388
:1093F000B1F902404968521A04EBD47102EB6102E0
:1094000092FBF4F29042D1DBB3F902009042CDDC42
:1094100010B2CBE737F831C04E1C9445E3D3314648
:10942000DEE70348C2E700BFF20F0408081F002070
:109430000080FFFF08B50448FFF70CFFBDE80840B7
:10944000012032F0BCB900BFF80F04087FB5142228
:10945000002101A831F05DFC044B01A94FF0FF3061
:10946000029332F0ECF907B05DF804FB006A1800D3
:1094700008B5B0B14FF480620B4B9A662DF08AFFAD
:109480004FF098435A6CD202FCD54FF48062586D6D
:10949000064B10F470209A6604D0BDE808402DF009
:1094A000A8BC212008BD00BF0090005000A00050C3
:1094B0002DE9F0418CB08846DDE912761D46044660
:1094C000002847D0002945D0002F43D0002E41D09E
:1094D00013F00F033ED120482049A360002A08BFA3
:1094E0000146E361C4E90013404609A92DF07DFD62
:1094F00068BB204609992DF044FF294620462DF0EF
:1095000040FF6946404600F0F7FA00BB6946204636
:109510002DF023FF404603A92DF066FEB8B9204682
:1095200003A92DF01AFF06970127204645F00055A4
:1095300006A9079708952DF010FF204609A909965E
:109540000A970B952DF013FF2046FFF791FF0CB003
:10955000BDE8F0812120FAE70001000400010104C8
:109560002DE9F04F97B0894690461F460546DDF835
:1095700080A0002800F0BB80002900F0B8803AB13C
:10958000229B002B00F0B380239B002B00F0AF80C8
:10959000BAF1000F00F0AB80219B002B00F0A780F8
:1095A00067B13C680026229B43440293464507D39B
:1095B00007B13C60002017B0BDE8F08F3C46F1E7F2
:1095C0005CB1229B219A9B5D125D01345340239A2A
:1095D00004F00F0493550136E8E7A8EB060BBBF146
:1095E0000F0F58D9434B4846C5E90034AC60EC61D5
:1095F00013A92DF0FAFC0028DDD1284613992BF091
:109600000F0B2DF0BEFE594628462DF0BAFE4846F7
:1096100004A900F071FA0028CDD1284604A92DF044
:109620009CFE484607A92DF0DFFD0028C3D128463F
:1096300007A92DF092FE012322992F4ACDF828A0E8
:109640000B930C928A190D9228464BF000520AA9EE
:109650000E9303920F922DF080FE28460DA92DF057
:109660007CFE239B039A9919012310911193129266
:10967000214A284610A9CDF84CA0149315922DF03C
:1096800076FE284613A92DF072FE2846FFF7F0FE5D
:109690005E4400288FD1229B03EB060B239B1E44C4
:1096A000029B5B4501D1464680E7ACB9219B22462F
:1096B000CDE900A3494610232846FFF7F9FE00280C
:1096C0007FF479AF0AF1100212F8013D0133DBB2E9
:1096D00013700BB95245F7D1219A1BF8013B125D6B
:1096E0000134534006F8013B04F00F04D8E7212071
:1096F00061E700BF03030004100000202DE9F04FD4
:1097000097B0894615469A460446209FDDF8888022
:10971000DDF890B0269E002800F09D80002900F022
:109720009A80002E40F08A80002B00F09480B8F1DF
:10973000000F0AD0219B002B00F08D80002A40F002
:109740009F80F10700F1878002E0002A40F08580C9
:10975000FB1F062B7FD8524B0BEB05029A427AD89F
:109760000023504A4846C4E90023A360E36113A9DB
:109770002DF03BFC00285ED1204613992DF001FE10
:10978000204646EA07412DF0FCFD414620462DF0DB
:10979000F8FD294620462DF0F4FD484601A900F0C9
:1097A000ABF9002847D1204601A92DF0D6FD484647
:1097B00004A92DF019FD00283DD14FF001092046E4
:1097C00004A92DF0CAFD239B45F000550793219B6A
:1097D000CDF82090204609950DA90A9347F000572F
:1097E00048F00053CDF82C900C93CDF834A0CDF870
:1097F00038900F972DF0B1FD20460AA92DF0ADFD50
:10980000204607A92DF0A9FD259B204610A946F06A
:109810000056CDF840B0CDF8449012951393CDF892
:10982000509015962DF0A3FD204613A92DF09FFD15
:109830002046FFF71DFE17B0BDE8F08F259B53B102
:10984000BAF1000F07D0B8F1000F01D0219B13B17E
:10985000B5B9022E20D12120EDE7239B002BFAD0B1
:10986000BBF1000FF7D0C7F10F03DBB2032B3FF6BC
:1098700068AF0122DB0002FA03F3AB42EBD9E8E761
:10988000239B002BE7D0BBF1000FE4D0C7F10F03FF
:10989000DBB2032BDDD8ECE7102E7FF652AFDAE710
:1098A00000000420000005042DE9F04F99B088461F
:1098B00015469B460446229FDDF89890289E60B18D
:1098C00059B1279B4BB1BBF1000F06D0249B0BB1C4
:1098D000239B13B11DB9022E13D121239AE0259B9E
:1098E000002BFAD0B9F1000FF7D0C7F10F03DBB2AC
:1098F000032BF0D80122DB0002FA03F3AB42ECD9D0
:10990000E9E7731E0F2BE8D816F0010AE5D1FB1F1B
:10991000062BE2D8414B09EB05029A42DDD8404BB9
:109920004046C4E9003AC4F808A0C4F81CA015A930
:109930002DF05BFB034600286CD1204615992DF0D5
:1099400020FD204646EA07412DF01BFD20462499C4
:109950002DF017FD294620462DF013FD404603A9A2
:1099600000F0CAF80346002854D1204603A92DF080
:10997000F4FC404606A92DF037FC0346002849D1E7
:109980004FF00108204606A92DF0E7FC259B204654
:10999000099345F00053CDF8288001930B93239B46
:1099A0000FA90C93249B47F0005743F00052CDF8C9
:1099B00034800E92CDF83CB0CDF8408011972DF058
:1099C000CCFC20460CA92DF0C8FC204609A92DF09E
:1099D000C4FC019B204612A9CDF84890CDF84C80DC
:1099E00014932DF0C4FC279B204615A946F0005681
:1099F0001593CDF8588017962DF0AFFC2046FFF751
:109A000037FD034630B101902A465146484631F0B1
:109A100080F9019B184619B0BDE8F08F00000420C2
:109A2000000006042DE9FF474FF000080E461746D8
:109A30000446CDF80080002859D022B900252846D8
:109A400004B0BDE8F087002951D032F0030902F0DC
:109A5000030A1FD04FF0E063C0E9003801230191F1
:109A6000C0F808800293C0F81C8049F0005301A997
:109A700003932DF07CFC494620462DF082FC2046C5
:109A8000FFF7F6FC054628B14A464146304631F01C
:109A900040F9D4E7BAF1000FD0D04FF000084FF0F2
:109AA000E063C4E900380123CDF804D00293114BE0
:109AB000204601A9C4F80880C4F81C8003932DF047
:109AC00056FC042120462DF05CFC2046FFF7D0FC1C
:109AD000054608B13A46D8E7009A4E44EB000135F6
:109AE00022FA03F3AA4506F8013BF7D1A6E72125A0
:109AF000A5E700BF0400002090B189B101234B60AD
:109B0000C368013B012B08D88269064B1AB10A6071
:109B100000208B607047044AF9E74FF00053F7E7E5
:109B2000212070470800002048160408012300F097
:109B30001F02A0F506200949A0F550604009934096
:109B400051F820201A4341F82020054951F82020DF
:109B500022EA030241F82020704700BF401F002086
:109B6000201F00200122A0F506230D49A3F5506314
:109B70005B0900F01F00824051F82300024341F8C6
:109B8000232000231946074A52F8040B0133082BFF
:109B90000144F9D119B92022014831F0BAB870470F
:109BA000201F0020401F00202DE9F04FA9B0039294
:109BB0001E4604460822339FCDE90401414021FAA4
:109BC00002F34B40980702F1080218BF9B00202ABD
:109BD0001C44F4D1744BE4B21B7804F5062404F55C
:109BE0005064002B3ED1FDF7DFFD054620B16FF03C
:109BF000910029B0BDE8F08F0146402208A831F05D
:109C000088F84022294618A831F083F8DFF8B4819B
:109C1000DFF8B491C3460BF10F0ACDF800A05B4604
:109C20001022D9F8000008A931F0A7FB0023024652
:109C300008F1100808AD9A423DD1CDF800A05B466E
:109C40001022D9F8000018A931F0A0FB4FF0000A4B
:109C5000834618ADD34538D1544B9845DAD101220B
:109C6000514B1A704FF480780025DFF860B1A4F5ED
:109C70000623A3F5506252095BF8221004F01F007E
:109C8000C140C90734D44A4951F82220C240D20702
:109C900022D5A3F6FF43DBB2002D08BF254603F50E
:109CA0000624B8F1010804F55064E0D1039BABB180
:109CB000A5B12C4618E055F8040BCDE90623FFF7B3
:109CC00035FF079B069A0133B5E755F8040BFFF7FC
:109CD00049FF0AF1010ABDE7039B13B96FF08B003E
:109CE00087E7002D18BF2C46349B00201C6080E7BE
:109CF000329B13B10023329A13600FB100233B60F3
:109D00004FF0100ADFF8C090CDF800A000233246D3
:109D10002146D9F800000BF063FC58BB3299326839
:109D2000244BC1B99A4206D02146D9F800000BF065
:109D3000BFFD0028D2D1D6E90223DDE90410834219
:109D400008BF8A4226D0A4F50624A4F6FF44E4B254
:109D500004F50624A5E732999A42C1F800A0E3D1A0
:109D6000002FE8D03B462146D9F8000018AA0BF096
:109D70005BFD48B1104B9842D6D0104B9842D3D0DF
:109D80000F4B9842D7D032E7329A3B6812689B1A41
:109D90003B60D0E7039B002BA6D07368012BA3D1B7
:109DA0006FF0840025E700BF7E44002000710800AA
:109DB000201F0020105D175EFFDF00F011E000F0B3
:109DC000FEDF00F0006D0800344C0020401F002032
:109DD0002DE9F04F87B08246894698461646DDF851
:109DE00040B02AB1002B4FD040F26C739A424ED84B
:109DF000BBF1010F4ED8002406F1100739460120AF
:109E000005942EF0C7F90546002846D021463A466B
:109E100030F07FFF05ABCDE9014300942B460122D2
:109E200050464946FFF7C0FE044680B110F18C0F42
:109E300008BF6FF08D043A460021284630F069FFD4
:109E400028462EF089F9204607B0BDE8F08F144B64
:109E5000C5E902A92B60C5F804B02EB132464146CF
:109E600005F1100030F01EFF059E0E483B462A46C5
:109E7000314600680BF01CFB18B93046FFF756FE60
:109E8000D9E76FF09104D6E76FF08604DBE76FF057
:109E90009104D8E76FF08504D5E76FF08C04D2E722
:109EA000105D175E344C00202DE9F0438DB08146E3
:109EB000DDE914780E4615461C469BB1B8F1000F3B
:109EC00005D16FF0860630460DB0BDE8F083002F57
:109ED000F7D0B7F1005FF4D3C3F1005303F580234B
:109EE0009F42EED81022002108A830F012FF002275
:109EF00007AB029305AB019306AB3146009348468E
:109F000008ABCDE90522FFF74FFE06460028DAD15F
:109F1000059BA4B1AB4215D853EA0504D1D1069BE9
:109F20000B48C8F8004000943A46079900682B4453
:109F30000BF056FB002818BF6FF09106C3E7AB4249
:109F4000EDD2BEE75B1B9C4228BF1C46E7E700BF83
:109F5000344C002030B58DB00C460546102200214F
:109F600008A830F0D6FE002207AB029305AB0193A0
:109F700006AB21460093284608ABCDE90522FFF742
:109F800013FE0446D8B9099B012B1BD0079D104B2B
:109F9000294618680BF08CFCB8B90122A5F50623F8
:109FA0000C49A3F550635B0905F01F00824051F88E
:109FB00023004240284641F82320FFF7D3FD2046E6
:109FC0000DB030BD6FF08404F9E76FF09104F6E74F
:109FD000344C0020401F002030B5048804F4E043D6
:109FE000B3F5005F2ED1C4F30223042B2AD181F0F4
:109FF000AA6383F4807333F47E132AD081F0AA63BA
:10A0000083F4007333F47E1323D00023144D21F422
:10A010007E11A9421AD1B4F5105F17D1418821F001
:10A020004000802802D0B1F5807F15D1191F0C297E
:10A0300012D8DB0710D4073A072A34BF00206FF08C
:10A04000860030BD42F204039C42DED16FF08500F1
:10A05000F7E7C1F30543D9E76FF08600F1E700BFEA
:10A06000000140052DE9F04F9BB08146DDE92876DF
:10A070001D468B46DDF8A880DDF8BCA0099241B1F1
:10A0800038B1249B2BB1269B0BB9279B0BB91FB969
:10A090004EB16FF086047FE02EB1B8F1000FF8D01A
:10A0A0002B9B002BF5D02C9B002BF2D0BAF1000F8C
:10A0B000EFD02E9B002BECD02D9B002BE9D0B9F8D4
:10A0C000003003F4E042B2F5005F69D1C3F302222D
:10A0D000042A65D185F0AA6383F4807333F47E1378
:10A0E00006D085F0AA6383F4007333F47E1360D145
:10A0F000C5F3054329464846259ACAF80030FFF7BC
:10A100006BFF0446002847D1014620220AA830F000
:10A1100000FE2022214612A830F0FBFD0AA82CF0F8
:10A1200096FE002855D159464846099A12AB00F0D0
:10A13000C3FA044600282FD12B9B9E424CD8DAF854
:10A1400000302E9A934247D8474508D2BB1998450C
:10A1500005D239463246404630F0C1FD4746204BD5
:10A1600025F47E159D4226D1DAF80030324606935A
:10A170002D9B0397CDE90483279B12A90293269B6D
:10A180000AA80193259B0093249BFFF7B7FA212887
:10A1900019D0D8B92C9B1E6020461BB0BDE8F08FAB
:10A1A00042F20402934204D185F0052383F4801324
:10A1B0009BE700239EE76FF0880400232C9A13602E
:10A1C000CAF80030E8E76FF08604F6E76FF0920413
:10A1D000F3E76FF09204DFE76FF08904DCE700BF7C
:10A1E000000140052DE9F04F99B08A46DDE926656A
:10A1F0009346984681462A9F28B96FF086042046E8
:10A2000019B0BDE8F08F0029F7D0229B002BF4D0C5
:10A21000249B13B9259B002BEFD10EB9002DECD157
:10A2200017B92B9B002BE8D12C9B002BE5D0289B4A
:10A23000002BE2D041464846239AFFF7CDFE044664
:10A240000028DCD1202201460DEB020030F061FD38
:10A250002022214610A830F05CFD08A82CF0F7FD64
:10A2600010B16FF09204CAE75A465146484610AB07
:10A2700000F022FA04460028C1D12B9B9D422AD827
:10A28000BE4208D273199F4205D231462A4638464B
:10A2900030F025FD3E46144B28F47E1898451DD11C
:10A2A000299B2A460693289B0396CDE90473259B98
:10A2B00010A90293249B08A80193239B0093229B3F
:10A2C000FFF7F2FA212898D02C280AD00028C8D10C
:10A2D0002C9B1D6093E76FF0890490E76FF0880472
:10A2E0008DE76FF094048AE700014005084B98421F
:10A2F00002D0084B984207D10B88B3F5105F0CBF12
:10A3000000206FF0850070476FF08500704700BF38
:10A31000004440040013C0042DE9F04F9946002387
:10A32000A3B09346DDE92E74DDE93068CDE906334C
:10A33000CDE90833CDE90A33CDE90C33DDF8C8A007
:10A340000490059129B96FF08605284623B0BDE831
:10A35000F08F002AF7D00FB9002CF4D12C9B13B941
:10A360002D9B002BEFD116B9B8F1000FEBD1BAF14C
:10A37000000FE8D048460499FFF7B8FF05460028CB
:10A38000E3D10146202212A830F0C3FC2022294646
:10A390001AA830F0BEFC12A82CF059FD002878D184
:10A3A000DDE904015A461AAB00F086F9054600289B
:10A3B000CBD11A982DF02EF905460028C5D114B935
:10A3C000CAF80000C1E7B7420AD23B199E4207D241
:10A3D0004445B8D839462246304630F080FC3746EE
:10A3E0004E4B994558D003F54073994515D04C4BC9
:10A3F000994540F08C804445A5D814F00F02A2D1B5
:10A400002346CDE900761AA912A8FFF751F80746AE
:10A41000002834D1CAF8004097E700234445CDE92D
:10A420000E33CDE910338ED82D9B0D2B8BD101230C
:10A430008DF838302C9B0DF1390203F10C0153F8E3
:10A44000040B8B4242F8040BF9D11B7813700123E3
:10A450008DF8473014F00F0933D10F2CDAD906AB41
:10A4600001930EABCDE90276009324F00F02002396
:10A470001AA912A8FFF774F80746002843D04246ED
:10A480000021304630F045FC0023012FCAF800308F
:10A4900040D06FF0920558E744453FF654AF2D9BEE
:10A4A000102B7FF450AF2C9B0DF1380C03F1100EE4
:10A4B000624618685968083303C273459446F7D159
:10A4C000C8E724F00F033B440DF1280C03F1100EF4
:10A4D000624618685968083303C273459446F7D139
:10A4E0000F2CBCD824F00F03334403930AAB029320
:10A4F00006AB01930EAB00934A4600231AA912A89B
:10A50000FFF72EF883E7B9F1000F83D0EAE76FF089
:10A5100085051AE76FF08B0517E700BF0010C00430
:10A52000004440042DE9F04F994600239FB0934624
:10A53000DDE92865DDE92A788A46CDE90633CDE9EB
:10A540000833CDE90A33CDE90C33059029B96FF012
:10A55000860420461FB0BDE8F08F002AF7D00EB960
:10A56000002DF4D117B9B8F1000FF0D12C9B002BBE
:10A57000EDD048460599FFF7B9FE04460028E8D11A
:10A58000014620220EA830F0C4FB2022214616A846
:10A5900030F0BFFB0EA82CF05AFC002844D15A46DC
:10A5A0005146059816AB00F087F804460028D0D134
:10A5B00016982DF02FF804460028CAD115B92C9B07
:10A5C0001860C6E7BE420AD273199F4207D24545BA
:10A5D000BDD831462A46384630F081FB3E46344BE2
:10A5E000994549D003F54073994520D0314B9945A1
:10A5F00054D1454555D82B07A9D12B460122CDE989
:10A60000006716A90EA8FEF753FF2C9B06461D6097
:10A6100000289ED042460021384630F07AFB0023C5
:10A620002C9A012E13603FD06FF0920491E70D3DFC
:10A63000454536D801238DF8283033460DF12902DF
:10A6400006F10C0153F8040B8B4242F8040BF9D1CC
:10A650001B780D3613704FF48073ADF8363006ABAF
:10A6600001930AAB00932A460023CDE9026716A99D
:10A670000EA8FEF775FFC8E7103D454511D83346D3
:10A680000DF1280C06F1100E62461868596808335F
:10A6900003C273459446F7D11036E0E76FF08504A6
:10A6A00057E76FF0890454E76FF08B0451E700BF60
:10A6B0000010C00400444004F0B5164600221C46B9
:10A6C00043688DB01B0A07460D46009204D0012B4B
:10A6D00038D06FF08B0071E02246314600962CF0A6
:10A6E000C0FF00286AD1F31CC4E9030523F003036B
:10A6F0006361002E00F0A3802022002101A830F029
:10A7000008FB3146384601AA2CF0ABFF002840F088
:10A7100096802368019A9A4240F091806368029A79
:10A720009A4240F08C80A368039A9A4240F0878056
:10A73000A369079A9A4240F08280E369089A9A4294
:10A740003CD07CE0032E7FD90B78012B40F0878032
:10A75000497800294BD0F7390829BAD801A353F812
:10A7600021F000BFCBA7000889A70008D3A60008E6
:10A77000C1A70008D3A60008E5A70008D3A60008D3
:10A78000D5A70008DDA700084FF41056F825354F6F
:10A790001C22002102A830F0BCFA03230197CDE966
:10A7A0000435039601AA09AD134603CBAB422060E2
:10A7B00061601A4604F10804F6D100200DB0F0BD26
:10A7C00010274FF08076FA25E2E720274FF0007639
:10A7D000F725DDE7FE25234F234ED9E7FF25214F3F
:10A7E000224ED5E74FF41056FC251E4FD0E72B2EF6
:10A7F0002AD92022204630F08CFA05F1100323617B
:10A80000AB070DD001AB05F1280C1A462868696822
:10A81000083503C265451346F7D1286801AD1060BD
:10A820006B68103E2360AB6869466360EB68204646
:10A83000A36001236661E3602CF018FB38B120228D
:10A840000021204630F065FA6FF08600B6E7009EE2
:10A85000626906F11C039A42BFF44BAFEFE76FF059
:10A860009100ABE720000080004400020044000398
:10A87000B8B1036813F4E07F03F03F00C3F3821222
:10A880000AD0012A0DD1084B41B103F580530122B2
:10A8900082401A6000207047044BF5E703F500532F
:10A8A000F5E70E20704700BF6880005064800050BC
:10A8B00030B58BB06C466D4D0FCD0FC40FCD0FC4AE
:10A8C00095E8030084E80300694BD3F84C21110399
:10A8D00040F1AE80A3F5FE431C884FF6FF739C4207
:10A8E00008BF8C248DF81940FDF71CFE044484F346
:10A8F000080460488DF81840FCF724FC6846FDF712
:10A90000EDFC3220FDF744FE5B48FDF71BFF5B4882
:10A91000FDF78CFF5A4C01213620FDF785FA002007
:10A92000FDF73CFEFDF7ECFE236F002023F007034C
:10A9300043F003032367236F23F4744343F48063DA
:10A9400023672CF053F94F4BD3F8FC20D20173D47A
:10A95000D4F8803023F0030343F00103C4F88030BF
:10A96000D4F88030C4F88030454CD4F8203123F03E
:10A97000070343F00203C4F82031D4F8283123F050
:10A98000070343F00203C4F82831D4F8803123F0E0
:10A99000030343F00103C4F88031D4F8403123F0BD
:10A9A000030343F00103C4F84031D4F8603123F0CD
:10A9B000030343F00103C4F86031D4F8403223F0BC
:10A9C000030343F00103C4F84032D4F8003223F00B
:10A9D000070343F00103C4F80032D4F8083223F02F
:10A9E000070343F00103C4F80832D4F8703223F0AF
:10A9F000030343F00103C4F87032D4F8203223F08B
:10AA0000070343F00103C4F82032FDF74FFC4FF079
:10AA1000E0220020136963F004031361D4F860326C
:10AA200023F0070343F00103C4F860320BB030BDDC
:10AA3000D3F85041E4B255E7D3F8FC2022F08072FD
:10AA4000C3F8FC20D4F8802022F0030242F0010277
:10AA5000C4F88020D4F88020C4F88020D3F8FC20EB
:10AA600042F08072C3F8FC207EE700BF5016040855
:10AA70000080E00FC017530200B4C404C0EA2101F3
:10AA80000080005000ED00E007B5094B18689A8877
:10AA90009B7900906846ADF804208DF80630FEF7EB
:10AAA00059F80920FEF78EF8002003B05DF804FB8A
:10AAB0007816040870B503F09FF90446E8B903F06E
:10AAC000FDFB03F083FA4FF4167343430C4A03F57E
:10AAD000742303F23F23B3FBF2F30A490A480B60E5
:10AAE0000A230268094D0E68013B45F8046B0E68A5
:10AAF00013F0FF033244F6D10260204670BD00BF60
:10AB000040420F00941F0020641F0020681F002097
:10AB1000012208B5034B1A702DF0AFFB024B1860F1
:10AB200008BD00BF7F440020601F002010B503F067
:10AB30004DFA04462BF0DFFF844207D92DF0A9FB24
:10AB400020B10122024B1860024B1A7010BD00BFE9
:10AB5000601F00207F440020F8B51F4C2378E3B12C
:10AB60002DF08BFB1D4B1E4D1B68C01A28602B68F7
:10AB7000A3B12B682B6003F029FA4FF416725043EF
:10AB8000184A00F5742000F23F20B0FBF2F02B6869
:10AB90002B68834204D900232370F8BD0123E9E721
:10ABA0001148124E0378296856F82320104F511A85
:10ABB0003A68521A29683A6046F823100A21093285
:10ABC000B2FBF1F20B4D0133DBB22A60B3FBF1F2C1
:10ABD00001FB12330370DEE77F440020601F00207A
:10ABE000901F002040420F0080440020681F00207A
:10ABF000641F0020941F0020014B1868704700BF9D
:10AC0000941F002070B503212C2000F0C9F84FF4E8
:10AC1000801204250E4C0F4B0F4E5A6604F500535C
:10AC20005E672C205D671E671D6700F0ABF82C2067
:10AC300000F09AF804F580535E675D67A36A23F01D
:10AC40000073A362A36A43F48053A36270BD00BF84
:10AC50000040005A00900050010000A0064B074A37
:10AC6000996D11F0050F01D0117811B10028F7D1BD
:10AC700070470120704700BF0040005A8144002007
:10AC8000164B10B51C6F14F0040111D0144A116753
:10AC9000082191629B6DDA0701D4FFF747FF02F0AC
:10ACA000DDFD02F0BDFD012003F0B4FA2DF0F3FA52
:10ACB000E30706D501220A4B1A67FFF74DFF02F0A2
:10ACC000AFFD14F000521CBF054B1A67002CBEBF2D
:10ACD0004FF00042024B1A6710BD00BF0040005AFF
:10ACE0000060005A6FF00403502110B50A480B4C65
:10ACF00013F0800F03F1010206D123444C2A83F89C
:10AD000000131346F4D110BD03F00F03043B0344BA
:10AD100019761346ECE700BF00ED00E000E100E02B
:10AD2000BFF34F8F0549064BCA6802F4E062134334
:10AD3000CB60BFF34F8F00BFFDE700BF00ED00E029
:10AD40000400FA0500280CDB01220649430900F043
:10AD50001F008240203341F82320BFF34F8FBFF301
:10AD60006F8F704700E100E0002807DB01234109F5
:10AD7000034A00F01F00834042F82130704700BFB3
:10AD800000E100E0002808DB01224309034900F04C
:10AD90001F008240603341F82320704700E100E04B
:10ADA0000028ACBF00F16040064B4FEA0111C9B268
:10ADB000ABBF00F5614000F00F0080F8001319549C
:10ADC000704700BF14ED00E010B504462BF065FE9F
:10ADD000024B1C602BF065FE002010BD981F002068
:10ADE00010B52BF05AFE034B1C682BF05AFE204680
:10ADF00010BD00BF981F002038B50C46154601460F
:10AE000010B9FFF7EDFF01462B462246034808F034
:10AE100055F90028D4BF3720002038BDD17A030867
:10AE200010B5002400F024F80348044B846043600C
:10AE3000FFF7CAFF204610BD9C1F002041AE00084E
:10AE400013B5064C23780093054B1B882CF05DFE50
:10AE500010B923780133237002B010BD8244002062
:10AE600072510020014B1880002070477251002061
:10AE700008B5074B1A6842B9012208201A602BF066
:10AE80003DFE0449044802F071FB002008BD00BFEC
:10AE9000B01F0020584C0020A81F002030B51446D9
:10AEA000054687B010462CF089FE6369024683424E
:10AEB0003CBFD4E903315B181B1A7BB10F490494E2
:10AEC00003910021CDE90131012300932846D4E903
:10AED00000132BF01EFE002007B030BD0122627669
:10AEE00094F82D20002AF6D084F835301321E36938
:10AEF000204698472046636A9847ECE79DAE0008D5
:10AF00002DE9F04788B004460F46164698462BF0C8
:10AF1000CFFD8146002E7AD0237E03F0FF02002B66
:10AF200000F0A28020462CF049FE6569A84205D1B8
:10AF3000637ED4E9033213445D1B01E0F9D9451B5C
:10AF4000B54228BF35462BF0B3FD94F82D3082462C
:10AF5000002B6DD12A46384661692FF0A3FE636944
:10AF60002E462B44636121E0037803F0FD01112993
:10AF70005BD1216B814205D1A3F111014B424B41C1
:10AF800084F83430013E6369216B01328B4203F156
:10AF9000010308BF2363636195426069E4D1D4E98A
:10AFA0000323216B1344994200D122630025D4E985
:10AFB000032361691344994208BF6261207A657670
:10AFC000FCF70EFB20462CF0F9FD6369834232D179
:10AFD000257694F82D30E568656103B12563204638
:10AFE000636A9847214B04940393002302932369D7
:10AFF0002A4601930123009363682168207A2BF08D
:10B0000088FD207AFCF70CFB50462BF057FD484694
:10B01000C8F800602BF052FDD8F80030002B0CBFB0
:10B020001B20002008B0BDE8F08707F8013BAAE725
:10B030002E460022B0E70123207A23760DF11E016F
:10B04000FCF756FB9DF81E30002BDAD00DF11F01E6
:10B05000207AFCF725FB9DF81F100029D1D122464C
:10B06000207AFFF71BFFCCE71646D0E79DAE00081D
:10B070002DE9F0410C461546064686B040220021D7
:10B0800020461F462FF045FE95E8030000232A695D
:10B090002376EB6884E80300C4E904232A7DE36097
:10B0A00084F82C20AA7D2363012384F8343084F8AB
:10B0B00035300C9B84F82D2023620D9BE761636281
:10B0C0000E9BA3622B7A84F836306B7A84F8373083
:10B0D0002D4B346073602D4BB3602D4B33612D4B82
:10B0E00073612D4BF360FCF747FA38B12B4B984254
:10B0F00004D01024204606B0BDE8F081002104F100
:10B100000800FCF7C1F907460028F2D14FF001080A
:10B11000234B3362234B84F83C80B361224BF361B1
:10B120009DF8403084F8390084F83B309DF83C307D
:10B13000204684F83A30697D84F838802CF07BFD15
:10B1400095F90900FFF71EFE95F90900FFF70CFEBF
:10B15000164B0494CDE902732369CDE9008363683B
:10B16000E2682168207A2BF0D4FC04460028C0D184
:10B1700095F90800FFF706FE95F90800FFF7F4FDC2
:10B180003046FFF721FEB5E7877C030801AF0008D2
:10B19000AB7B0308B17B0308DD7B0308038000F071
:10B1A000857B0308377C0308B77B03089DAE000846
:10B1B0002DE9F04101271C465B4B86B002935B4BA7
:10B1C0000C9D01935A4B904600930A46CDE90377B4
:10B1D0002946584BFFF74CFF0646002840F09B805D
:10B1E000236839462B6463683A206B64637A85F878
:10B1F0004930237A85F84830E37A85F84B30A37AD2
:10B2000085F84A30637B85F84D30237B85F84C30D8
:10B21000E37B85F84F30A37B85F84E30FCF704FEC6
:10B220003B460422617A207AFDF728FD3B46022244
:10B23000E17AA07AFDF722FD39466068FCF7F4FD5B
:10B2400088F8006041462068FDF7FCFE1420617C10
:10B25000394B01F1390252019850607A227A03EB9E
:10B26000411342EA0042C3F83827E17AA27A42EA5F
:10B270000142C3F8302785F8506098F81930032B45
:10B280004FD8DFE803F0394C021C022385F8503018
:10B2900000230422E17BA07BFDF7F0FC0220617C0F
:10B2A000254B01F1B9025201985003EB411341F2D1
:10B2B0002C71E07BA27B42EA00425A501CE001273D
:10B2C00085F8503002220023617B207BFDF7D6FCFD
:10B2D000617B227B637C42EA014241F228715B017F
:10B2E00003F1A04303F570335A500422236803F599
:10B2F0008053DA65002FCBD1237A2A6C85F8483049
:10B30000637A052185F84930D36C206843F0040343
:10B31000D3642BF0BAFC304606B0BDE8F0810027BC
:10B32000CEE72326F7E700BFB57D0308A97D030814
:10B33000417E0308357E030800C0035013B5064C58
:10B340002378009311232CF0E0FB10B9237801330C
:10B35000237002B010BD00BF8344002037B5FFF753
:10B3600087FD01250E4C0F4A0F49206020230095D0
:10B37000082007F033FF0D4B204663600C4BA360A1
:10B38000FFF722FD2BF089FB04462946284602F0F0
:10B3900059F820462BF085FB002003B030BD00BFDC
:10B3A000B41F002084440020A21604083DB3000806
:10B3B000F37E03081A2812D8102814D940F28523E6
:10B3C000A0F11102D2B2D340DB070CD50122064B0B
:10B3D00080F020001A70054B18707D2003E0A0F16A
:10B3E0007D03012BF2D97047AB440020AA44002012
:10B3F000F8B50E461446204B00B3204A2049107081
:10B4000000221A7022700A704FF6FF721D4B1A80CC
:10B410001B4D2B78EBB91B4F304639882CF0D7FDEC
:10B42000164A38801378013BDBB213706BB90123E5
:10B430002B703046BDE8F840FFF7BCBF1A78002AF1
:10B44000E6D01870104B1878F8BD237801332370BC
:10B45000EFE7012B05D102232B700A4B1888000A55
:10B46000E8E7022B04D103232B70064B1878E1E7A1
:10B47000FF237E202370E7E7AB440020A844002090
:10B48000A944002056350020AA4400202DE9F047A9
:10B49000394E8846337817465BB9384A1370384AB4
:10B4A0001370384A1370384A13704FF6FF72374BD7
:10B4B0001A807D2850D02DD8182851D01A2852D063
:10B4C000314B2E4D1A78DFF8BC9080EA020400223E
:10B4D0001A702B78CD2B9CBF01332B702B78022B4D
:10B4E00012D9DFF8A8A099F80000BAF800102CF0E3
:10B4F0006EFD2B78AAF80000CD2B9FBF99F8002095
:10B50000023B88F800203B701D4B1A781C7089F8AC
:10B51000002006E07E28D3D1184B1B781BB91A4AAD
:10B520001370202011E0FF2B1FD0184A1188154AF4
:10B530001078134A127802EB0022914217D1022BA5
:10B5400017D9CE2B34BF00207A20A0F1200253421D
:10B5500053413370BDE8F08720220B4B1A70E0E7AF
:10B56000FF22064BFAE77420EFE77720EDE776201D
:10B57000EBE77920E9E700BFAC440020A7440020B6
:10B58000A5440020A4440020A644002054350020F7
:10B5900008B52CF0CEFC4FF6FF73002818BF034609
:10B5A000014A138008BD00BF5A35002010B5074C72
:10B5B000208850B12CF0BDFC2388C01A044B00B287
:10B5C0001B889842B4BF0020012010BD5A350020CE
:10B5D000583500204FF07E624FF6FF732DE9F041A1
:10B5E000B2F84670B2F84460154D9F4208BF4FF460
:10B5F00048679E4208BF4FF4C8762C88DFF8448025
:10B6000050B164002C802B88BB4215D92F800023B9
:10B61000A8F80030BDE8F081B8F80030002BF2D077
:10B620002CF087FCB8F80030C4EBC404C01A80B218
:10B6300004EB8004E408E5E7B34238BF2E80E6E778
:10B64000583500205A35002008B52CF072FC4FF018
:10B650007E634FF6FF72B3F85430934208BF4FF445
:10B660007A73034413F47F6FC3F3071208BFFF22FA
:10B67000014B1A7008BD00BFAD44002010B5084C46
:10B68000237843B12CF055FC2378C3EB10131B0631
:10B690005CBF002323702078B0FA80F0400910BD11
:10B6A000AD44002007B502F077FC6A4602F0DAFCF0
:10B6B00018B14521034800F01DFBDDE9000103B08E
:10B6C0005DF804FBB816040808B502F095FB18B144
:10B6D0006D21024800F00EFB002008BDB8160408DA
:10B6E00008B500F053FA0D4A536A43F470235362CD
:10B6F000EFF308834FF0CD31094A043B93420AD25D
:10B700002CF066FD00F08CFCFFF7DEFFBDE8084082
:10B710000448FDF79FBD43F80419EFE700ED00E092
:10B7200000000020F80F040807B5042200200DEBEC
:10B7300002012FF0C5FF042803D0F621044800F0D1
:10B74000D9FA019800F020FC03B05DF804FB00BFBB
:10B75000B81604081028034670B535D020D8032841
:10B7600015D9002070BD032202231A491A4D0C6816
:10B770000021C8B28442F4D955F8200028B1067AD5
:10B780009E4202D1467A9642ECD00131F1E7421E48
:10B79000022A19D8DFE802F0021B16000022E3E7B4
:10B7A000A0F12002032ADCD8213B022BF6D801A20B
:10B7B00052F823F0C1B70008C5B7000867B7000802
:10B7C0000122D1E70222CFE700220323CDE70122A5
:10B7D000CBE700BF4C2904088C4C0020082310B58F
:10B7E0000A0A41400648C9B201F00104490804B1FF
:10B7F0004140013B13F0FF03F6D181EA020010BD86
:10B800002083B8ED2DE9F8430025134C134EDFF8E3
:10B810005480134FDFF8509023780BB9BDE8F883BC
:10B8200022464146002056F8043B2CF05AF9227873
:10B8300023460134002AFAD15B7853B105F00303A3
:10B84000032B0CBF3946494600202CF04AF901353C
:10B85000E2E73946F8E700BF341C04080010002076
:10B860008D1A0408FE160408FB16040840F605228B
:10B870006A4B2DE9F0411B8893420ED8B3F5206F37
:10B880000DD840F20252934218D040F20172934216
:10B8900020D040F2015293420AD0BDE8F081A3F6D5
:10B8A00002235F4C032B1ED8DFE803F0376396B208
:10B8B0005C490020BDE8F0412CF013B900205A4942
:10B8C0002CF00FF9564B1A6C0020BDE8F041574997
:10B8D0002CF007B9524A0020D2E92523BDE8F041F7
:10B8E00053492CF0FEB8002052492CF0FAF894F895
:10B8F0006C309E0703D500204F492CF0F2F894F8E5
:10B900006F305D0603D500204C492CF0EAF894F91D
:10B910006F30002BC1DA4A49CBE7002049492CF0AF
:10B92000E0F894F86830980704D00020226C3F4972
:10B930002CF0D7F894F96830002B04DA0020626FFD
:10B9400041492CF0CEF800250126404FDFF8088150
:10B95000A26E06FA05F3134207D057F82520137894
:10B960001BB1414600202CF0BCF80135082DEFD169
:10B9700093E7374900202CF0B4F82C490020226CC2
:10B980002CF0AFF894F86930590703D500203149FD
:10B990002CF0A7F894F96930002B04DA0020626FCC
:10B9A00029492CF09EF80825284E2B4FA36EEB401A
:10B9B000DA0707D556F8252013781BB13946002041
:10B9C0002CF08FF80135102DF0D194F86800002884
:10B9D0007FF463AF21496DE7214900202CF081F805
:10B9E0000020226C11492CF07CF81025174E1A4FBC
:10B9F000A36EEB40DB0707D556F8252013781BB163
:10BA0000394600202CF06DF801351A2DF0D144E7AD
:10BA1000002014492CF065F8226C55E75C350020B5
:10BA200000100020081704084617040877170408B8
:10BA300092170408AE170408C71704080218040870
:10BA40003618040873180408991804088420040898
:10BA5000C0180408D8180408B71804081F190408E7
:10BA6000501904086A1904082DE9F04F3A4D85B0C1
:10BA7000D5E90D32580748BF0026D5E9121B48BF4B
:10BA8000B046D5F83CA05FBFD5F850808B469246B3
:10BA9000324E54BFDFF8E890DFF8E89013F0080F5B
:10BAA0002F4B304A18BF1A46B6EB08071FBF642356
:10BAB0007C0803FB0B44B4FBF7F40CBF3C46A4B278
:10BAC0004B4629490020CDE9016ACDF80080BFB27C
:10BAD0002CF007F823460020CDE9009723491FFAF0
:10BAE0008BF22BF0FEFFB24501D8C24504D24A4684
:10BAF00000201F492BF0F5FFD5E9170318436B6EA3
:10BB0000184309D11B492BF0ECFF00201A4905B05E
:10BB1000BDE8F04F2BF0E5BF002018492BF0E1FF06
:10BB2000002501270C4EDFF860800024F26D07FA33
:10BB300004F3134204D0414600202A192BF0D1FF10
:10BB40000134202CF2D12035602D06F10406ECD111
:10BB500000200949D7E700BF001000200010002096
:10BB600099190408A0190408A8190408DA19040886
:10BB7000141A0408331A04088E1A0408491A04080F
:10BB8000941904088C190408791A040837B5FDF7CC
:10BB9000C9F905462BF073F8EB072ED4012319469B
:10BBA0001A4601FA02F42C4003F1010327D0214B7D
:10BBB00033F812402AF018FF062C83B21E4A4FEACF
:10BBC000104022D14FF20F0188421BD1B3F5406FD4
:10BBD00028BF4FF4C06313804CF23C314FF0005348
:10BBE000598040F2017312889A4201BF134B144AE4
:10BBF000D2E90001C3E9000117E00022D7E7102BCA
:10BC0000CED1D7E74FF4C063E5E740F207218C427D
:10BC10000DD14FF20F01884209D1A34207D14FF055
:10BC200000534CF23C315980148003B030BD148075
:10BC3000D7E700BF141C04085C350020C01F00209B
:10BC400094100020014B1888704700BF5C3500201D
:10BC5000014B1888000A70475C350020164B188885
:10BC6000020A10F0FF00134604D1012A23D143F049
:10BC700080007047072BFAD801A252F823F000BFCA
:10BC8000A5BC00086FBC0008A1BC0008B5BC00083A
:10BC9000B5BC0008A9BC0008ADBC0008B1BC0008D8
:10BCA0000920704718467047032070470B207047E3
:10BCB00006207047022070475C350020044B054881
:10BCC0001B881A0AB3F5406F38BF00EB820070473B
:10BCD0005C350020E41B0408044B1888044B020A5E
:10BCE00053F82230C0B203EB800070475C3500206F
:10BCF000B41B040838B504460D460B4602460749F6
:10BD000000202BF0EEFE00F0B7F92AF0CDFE294618
:10BD10002046BDE838402CF069B900BF7D1A040800
:10BD20006E4A2DE9F0416E4B55686E4C5D65516A67
:10BD300099656D49D1F80002D865D1F804021866FA
:10BD4000D1F80812586B5966916A10F0040F996681
:10BD5000D16A4FF00000D966116B1967516B5967B2
:10BD6000D26BD8649A67D3E90E1218BF11465F4AA6
:10BD700091421A655DD301F12000A04259D888692B
:10BD8000C5F308051864CE69062D5E6455D1584D7B
:10BD9000A84252D3574DA8424FD205884DF6426073
:10BDA00085424AD11868C3F894005868C3F89800CF
:10BDB00040F20170A242154604D22E680432B6F158
:10BDC000CD3FF7D00022C3E91F22C3E92122C3E9F6
:10BDD0002322641BDFF818C1424DDFF818E19C6490
:10BDE0008D422DD8D3E91FC7D3E92165D3E923417B
:10BDF0004FF0000E013AD2B2FF2A3BD1BEF1000F44
:10BE000005D0C3E91FC7C3E92165C3E92341B3F8DE
:10BE10005430C3F308030C2B3AD8022B53D9DA1E43
:10BE2000092A50D8DFE802F030563F424F4F4F4FBB
:10BE30004F4C0021C3E910112C494FF42060B9E7A1
:10BE400055F8044D6445CBD37445C9D2E607C7D530
:10BE50000026294F57F8048FA045C1D00136062E81
:10BE6000F8D12AB1013AD2B203EB8206F467B7E700
:10BE70000522F9E7E0464FF0010EBC4637462E4654
:10BE800025460C464146B5E740F60120BDE8F08165
:10BE90003A2B18D1194B9B6913F0020F40F2025351
:10BEA00018BF1846F2E740F60320EFE740F20172B0
:10BEB00040F60423B0F5206F14BF10461846E5E79E
:10BEC00040F60520E2E740F60722013B5A2B98BFD7
:10BED0001046DBE740F60220D8E700BF00ED00E0A7
:10BEE000001000200010002000E100E00000002011
:10BEF00020630008200F0408781000200040005B39
:10BF000000F00CB800F00AB800F008B800F006B86D
:10BF100000F004B800F002B800F000B872B61EF0ED
:10BF2000080F09D01EF0040F0DD0DFF850E0AEE886
:10BF3000FF1F6FF002000CE0DFF840E0AEE8FF1FEB
:10BF40006FF00E0005E0DFF834E0AEE8FF1F6FF0A1
:10BF500006006946EFF309828EE807008646084826
:10BF6000084C854501D3A54501D384F30888FFF724
:10BF7000D7FE84F308882CF03BF800000010002066
:10BF800040000020001000204BF6EF6283B2002B2F
:10BF900008BF1346044A000C13804FF6CE2308BF97
:10BFA0001846024B188070477651002074510020CB
:10BFB0000B4BB3F900201888002AB8BF80F062004C
:10BFC00042001A80074AB2F9001013880029BCBF4A
:10BFD00083F4805383F00B0359001180584070475D
:10BFE000765100207451002008B502F069FA60B162
:10BFF0000A4B0344072B0DD8072B0BD8DFE803F0BF
:10C000000C060A080A0A0A045D2008BD5A20FCE74B
:10C010005B20FAE75C20F8E75920F6E7FF1FFF0FE7
:10C0200030B50D2485B012482BF0B5FC2246002116
:10C030000DF101002EF06DFE01238DF80030032379
:10C0400002258DF80A400B4C694620468DF80B30CE
:10C050002AF054FE2A20FEF795FE04F500532A200C
:10C060009D61FEF781FE04F58054E56105B030BDA9
:10C07000801604080040005B01482AF02EBE00BF75
:10C080000040005B10B5054C20462AF072FE2046A9
:10C09000BDE8104000212AF00CBE00BF0040005B4C
:10C0A000024B586800F00100704700BF0040005B81
:10C0B00010B5094A137813F002040CD10749084857
:10C0C00009780078884206D0064863F07D03048032
:10C0D00005481370017010BD7B450020824500208B
:10C0E000804500205A3500207F450020054B064A38
:10C0F00019881288914202BF0121044A117000225E
:10C100001A80704768350020663500207945002088
:10C1100007B50346009102223D20034930F066F83E
:10C1200003B05DF804FB00BFF920040807B5064B17
:10C1300002221B783D2000930449812330F056F8F9
:10C1400003B05DF804FB00BF85450020F92004081A
:10C1500038B50C4D0C4C2A7823789A4200D138BD62
:10C1600000210A4831F0CCFC094B1B88834202BFF6
:10C170000122084B1A702378013303F00703237060
:10C18000E9E700BF824500207D45002060350020A2
:10C190006635002079450020074B93F90030002BCD
:10C1A00008DB064A137803F04101402904BF43F03D
:10C1B00005031370704700BF854500207B450020B4
:10C1C000282307B5054A3D20CDE9003204497023F4
:10C1D000022230F00BF803B05DF804FB3800E00FEA
:10C1E000F22004087028034607B504D103B05DF8B7
:10C1F00004EBFFF7E5BF074A3D201278064901929C
:10C20000064A1278009202222FF0F0FF03B05DF888
:10C2100004FB00BF7A450020F82004088545002073
:10C2200008B50A4815F026FF094815F023FF09480C
:10C2300015F020FF084815F01DFF084815F01AFFFB
:10C24000BDE80840064815F015BF00BF683500205E
:10C2500064350020623500206035002066350020FE
:10C260005E35002008B5CA220021044831F0A4FB45
:10C270000122034B1880034B1A7008BDAF44002005
:10C28000663500207945002030B585B0FFF7EAFF1C
:10C29000FFF7F2FE4FF07E634FF6FF72B3F84C30BB
:10C2A000214D934208BF4FF47A732B8000231F4C1B
:10C2B0002380FFF76DF9FFF779F90028FBD04FF0E5
:10C2C0007E634FF6FF72B3F84230934208BF4FF4DB
:10C2D000C8632B8000232380FFF7C0FC431E144D4E
:10C2E000DBB20A2B134C287018D840F2035222FA02
:10C2F00003F3DB0712D50222C1230290CDE90032FD
:10C300003D2084230C492FF071FFFF232B70D02395
:10C31000237005B0BDE83040FFF752BFFFF750FF74
:10C32000A023237005B030BD583500205A350020B9
:10C33000834500207B450020F720040837B50446DC
:10C340000D4616F08DF8022825D84FF48B711B4846
:10C35000FFF7D0FC1A4B197801F14003DBB2022B36
:10C360001FD901F0A003A02B04D00B0619D57E2005
:10C37000FFF7CEFE4FF07E63B3F8403013B1204696
:10C380002BF05EFEB5B1002221460E4803B0BDE899
:10C39000304031F049BB204616F062F8CA28D4D8A4
:10C3A000D8E7CDE90014842302223D2006492FF06E
:10C3B0001DFFDFE72A4621460448E7E7FD20040881
:10C3C00087450020643500203B21040862350020A9
:10C3D0002DE9F84FFFF7EAF8A84C48B32378580640
:10C3E00026D599074CBFA64BA64BA74A1B781278B7
:10C3F0009A4232D00120FFF7EDF87320FFF7F2FEEA
:10C40000A24A4FF6FF7113780133DBB213704FF07D
:10C410007E62B2F848208A4208BF0322934219DDA7
:10C4200051229B4B72201A70FFF7DCFE20232370F1
:10C43000984D994E94F900202378002A18DA13F0C9
:10C4400030030ED01A202BF01AFE237803F07F035E
:10C450002370EFE7FFF72CFEEAE700228F4B1A80EC
:10C46000E6E72A78022AF0D18C4A2B701380E9E79C
:10C470002A78012A00F0F1800DD9931E012BD9D81A
:10C480003178FF2900F01E81002940F0EE80844BB6
:10C4900019783246E7E09A0719D579497A4A7948F6
:10C4A00092F800C007780A78ACEB0200BA1A02F0E2
:10C4B000070200F00700904298BF81F800C00A7898
:10C4C000BA4204D123F002032370FFF741FE237820
:10C4D00013F0300F1ED013F0200F714F15D0C22370
:10C4E0003B706B4B187802237B702378B87023F075
:10C4F0003C0323700320012332462B70684B1978CC
:10C50000FEF776FF2BF0BBFD94E7C1233B70FFF7EE
:10C51000A5FBE8E713F00C081FD0624F13F0040FDF
:10C5200039785F4B0FD06039C9B280201970FFF79E
:10C53000EFFD237803F0F3033A7823705A4B1A7017
:10C5400001231846D8E781F080017E201970FFF79B
:10C55000DFFD237803F0F703EEE79B0732D5DFF822
:10C5600020A1524B9AF800701B78DFF844B1FF1AF3
:10C570002AF09EFA414681464D4831F04FFA8046F6
:10C5800007F00707B7B948462AF098FA494B4046E2
:10C59000A3F8008015F064FF424B9AF800201B7846
:10C5A000013043EA02133E4A43F008031370C0B25D
:10C5B0000323A1E74146584631F086FA013F804601
:10C5C000FFB2DFE7304B4FF6FF7019784FF07E6314
:10C5D000DB8F2C4F834208BF05233A780B44013B85
:10C5E000521A5B1A02F0070203F007039A42DFF8BF
:10C5F000B48028DC304831F00CFAE0B92E4831F034
:10C6000008FA01462C4B2D48002908BF18462C4B30
:10C610000021186031F002FA264B188015F020FF37
:10C620003A7898F80030013043EA02131C4AC0B24D
:10C630001370022360E7214831F0EBF918B9FFF7D6
:10C640001DF80028DAD1184B1A7898F800309A4271
:10C650005ED0237843F00803FAE63378FF2B4DD001
:10C6600032460F49C95C00204AE7124B013989B2B2
:10C67000188816F0D3F801460BE700BF7B45002071
:10C680007F45002080450020824500207C45002019
:10C690008345002084450020AE4400205A35002008
:10C6A000874500207E450020814500207D450020F3
:10C6B000603500205E3500206435002062350020A2
:10C6C000C81F0020022A1CD1124A0021137801330E
:10C6D00003F007031370104B186831F011FA0F4B79
:10C6E000002219880E4831F09FF90E4B1B880BB9B8
:10C6F000FEF74EFF0C4B1A780C4B1A7000232B7070
:10C7000098E60B4A1378013303F007031370ECE744
:10C71000BDE8F88F80450020C81F00205E3500204E
:10C72000603500205A3500207E45002081450020DC
:10C730007F4500202DE9F04F8046AC4F85B00023A7
:10C74000DFF8DC92A8F8003099F8003013B93B709C
:10C75000FFF7CCFCDFF8CCA2A54E0DF10E002BF0BC
:10C7600092FC272800F0A0813A469DF80E000DF1BA
:10C770000F013D78FEF78AFE2028044630D070B1C4
:10C78000FFF7B4FC7A2804D8732877D8272C00F058
:10C790008B814FF4AA719748FFF7ACFAD4E73B7846
:10C7A0009D4205D0022B3ED89DF80F20924B5A5542
:10C7B000DFF844923B7899F80010904CC02940F083
:10C7C0008180012B40F0C980FFF7B0FCFFF7AEFC81
:10C7D0002BF0C4FBFFF78AFC23785806AFD4B9E0EE
:10C7E0003B789D42B9D0022B04D89DF80F20824B94
:10C7F0005A55B2E7032B1ED07D4B1888804B1B88FF
:10C800008342AAD115F02CFEDFF8E4B1C5B2691C51
:10C81000584631F020FA29469DF80F20BBF8000059
:10C8200016F010F820E0032B05D0754B30881B88DC
:10C830008342BDD1E6E79AF80030714D83B14FF0E5
:10C84000000B3388012128462B808AF800B031F094
:10C8500002FA012300935A4629886A4831F014FAF3
:10C8600030882B888342CDD0202C3FF476AF7A2CB1
:10C870008FD8732C02D8002C88D199E7743C062CF1
:10C8800087D801A353F824F0A5C8000893C700086F
:10C89000ADC80008B9C8000893C70008BDC80008A3
:10C8A000C1C800087420FFF79DFC4DE77620FFF714
:10C8B00099FCFFF771FC47E77720F8E77920F6E766
:10C8C0007A20F4E70E0607D4032B46D926787306A0
:10C8D00045D4FFF70BFC3DE001F0E002802A23D1B4
:10C8E000012B3AD17D20FFF713FCFFF7FFFB2678E1
:10C8F00071062FD50225DFF830C1434A99F8003080
:10C900009CF80000117803F0070BABEB000E091A3E
:10C910000EF0070E01F007018E4529D97820FFF7A8
:10C9200061FCFFF739FC0AE7A02A0BD1012B14D1D7
:10C930007F20FFF7EDFBFFF7D9FB2678720609D5BC
:10C940000325D8E77B20FFF74DFCFFF7CFFB2378CB
:10C950005D06E6D420232370F1E67C20F3E72B4B21
:10C960001B78B3EB111F01D0FFF7C0FB0125C2E715
:10C97000A5F1020A83451FFA8AFA0DD00021244846
:10C980008CF800B0017016F002004FD0214A1180DF
:10C99000214A12785A4517D1BAF1010F1BD91B4908
:10C9A00099F800200B78C2F30210984271D1144D0F
:10C9B0002888002848D12620FFF7EEFBFFF712FC5D
:10C9C000262005B0BDE8F08FFEF7E2FDBAF1010FB9
:10C9D000E5D899F8003013F0080332D10F4A1370EC
:10C9E000032D7FF4ACAEFFF763FBA8E67A45002089
:10C9F00066350020FD200408854500207B45002089
:10CA00006835002086450020804500207E450020B6
:10CA10007C4500205A3500207F450020AD44002091
:10CA2000AC4400207945002082450020FEF7D2FD6D
:10CA30001E4A13785B4501D0FEF7AAFDFFF788FB7D
:10CA4000C4E7FEF701FECBE7013303F007030B70E9
:10CA50004FF07E63160742BF227842F00802227030
:10CA6000227822F005022270B3F840300BB12BF08F
:10CA7000E7FA2B883D20019399F8003002220093B9
:10CA80000B4985232FF0B2FB2B880020A8F800303B
:10CA900097E71207237802D543F008035BE7DB072B
:10CAA0003FF53FAF75203AE727208AE78045002011
:10CAB0003B21040808B50F4B1B780BB1002008BDC3
:10CAC0000D4B1A780D4B1B789A42F7D113F070FA80
:10CAD0000028F3D10A4830F09CFF0028EED0094826
:10CAE00030F097FF0028E9D0074B1878B0FA80F0B3
:10CAF0004009E4E7AC440020814500207E45002049
:10CB0000623500206435002084450020F0B551B125
:10CB1000002807DA2D23B0F1004F137000D04042F7
:10CB2000012100E0002100252C460E4F002357F87C
:10CB3000046B01E06346801B864203F1010CF9D9C6
:10CB400013F0FF0300D125B14D1C30335354E9B22B
:10CB500001250134E4B2092CE8D130305054481C8E
:10CB6000C0B2F0BD402104082DE9F04F002495B07B
:10CB70002146029480461646A1464422274603A831
:10CB800002AC9A4625462EF0C4F8317859B9641B98
:10CB9000E4B2224629460020C047002840F0908099
:10CBA0003819C0B28DE0252918D0B9F1000F19D17C
:10CBB00004F8011B12AB9C42C0F0D680641BE4B2A7
:10CBC000294622460020C0470146002878D13C442F
:10CBD00048222846E7B22EF09CF8C4E0B9F1000FD5
:10CBE00000D101363278622A48D022D8252A3FD097
:10CBF00004D8002ACBD04FF00009DBE7392A15D83A
:10CC00002F2AF8D9717801F0DF01582940F0DB8034
:10CC1000322A06F1010940F0C380204604223AF886
:10CC2000041B2BF041FA04464E46E4E7582A17D07D
:10CC3000E1E7632A6BD0A2F1640C5FFA8CFCBCF1D3
:10CC4000140FD8D80121614B01FA0CF919EA03003D
:10CC500040F08C8019F4104960D1BCF1140FA9D1B7
:10CC6000204602221AF8041B2BF01EFA0446C2E7E3
:10CC7000214601F8022B62700C46BCE74FF0000918
:10CC8000DAF800300DF1480B0193DAF80430009324
:10CC9000009B994502D10AF1080AACE7019B2046A6
:10CCA000022213F809102BF0FFF95845044612D35D
:10CCB000441BE4B2294622460020C047014618B171
:10CCC000002015B0BDE8F08F3C4448222846E7B26A
:10CCD0002EF01FF82C46009B5A1E4A4584BF202286
:10CCE00004F8012B5C450FD3641BE4B229462246AD
:10CCF0000020C04701460028E2D13C444822284693
:10CD0000E7B22EF006F82C4609F10109C0E75346B8
:10CD100053F8042B9A4604F8012B6CE7D146641BA8
:10CD2000E4B22246294659F804ABC047834600289E
:10CD3000C6D101463C4448222846E4B22DF0E9FF22
:10CD40005FFA8BF31AF803005F460BF1010B002822
:10CD5000F6D1FFB23A465146C0470028B0D1CA4684
:10CD600081463C44E7B22C4601360EE76C2ADAF8DD
:10CD700000000AF104090FD17378752B01D0642BE0
:10CD800004D1B3F1750118BF012101362246FFF726
:10CD9000BDFECA4604442EE7752A08BF0021F5E708
:10CDA000342A10D1564656F804AB04224FEA1A41F1
:10CDB00020462BF079F91FFA8AF104222BF074F93E
:10CDC000B246044630E74FF00109F3E601010200E4
:10CDD00073B50024684600F0AFF90C4B00981C6056
:10CDE0000B4B0C4D1C600C4E0C4B306018602C60D3
:10CDF0002BF0DDF92046019B3268013BDB085380B4
:10CE00002B6801332B6002B070BD00BFD01F002023
:10CE1000CC1F0020D41F0020DC1F0020D81F0020C2
:10CE20002DE9F04F0027924687B04A1C0E4614BFEA
:10CE30000C46082499460597002B00F0B0801F602F
:10CE4000002800F0AE80073020F0070529F030FE02
:10CE500005AB31460290009352463B46284600F00F
:10CE600075F9059E804606B130B9029829F026FE74
:10CE7000192007B0BDE8F08FDFF83CB17788DBF808
:10CE80000010FB00C0EBC7070139272FCBF80010BB
:10CE90006CD9BAF1000F48D1854205F1080740D09E
:10CEA000214630462BF012F904460590059B1F449D
:10CEB00038462BF07CF9059905F10F034A88C3F336
:10CEC000CF03D21A7A80CA88BB8062B3D31A9BB2CE
:10CED00001EBC202FB8093808B88ED08A380BB88A6
:10CEE0000022314638466580E38000F0A7F92378B8
:10CEF00043F001032370DBF800300133CBF800303E
:10CF00002B4A02981368083443441360294A116875
:10CF10008B4288BF136029F0D1FD0020C9F8004082
:10CF2000A7E73446C2E7FA80D6E7F4192046039310
:10CF30002BF03DF908F10702D20805996280FA1D2D
:10CF4000D208A280CA887AB1D200039BD01DC31A2E
:10CF50004344C3F3CF030A44E3809380A388013F93
:10CF6000FF084F80CB80C2E7E280F7E7BAF1010FFC
:10CF700019D106F10803B3FBF4F204FB1233A3B199
:10CF8000214630462BF0A2F804462378012243F0D4
:10CF9000010331462046237000F050F9B0E722200B
:10CFA00067E7212065E78542EAD13446EDE700BF17
:10CFB000D01F0020CC1F0020D41F00202DE9F347F4
:10CFC0000446684600F0B8F8002C00F0AB8029F069
:10CFD0006FFD14F8086CF30704D534F806ECBEF1C5
:10CFE000000F05D129F06AFD012002B0BDE8F087ED
:10CFF0004D494E4D0A68D5F80080A2EBCE020A607A
:10D0000034F8041C0EF1010308F10102A4F1080C2C
:10D010009BB22A60B9B3ACEBC10292F800A0B2F89F
:10D0200006901AF0010F578806F002061FD1FEB9CC
:10D03000A9EB0701012926D80EF102031F44BBB258
:10D04000C5F8008034F8026CFEB9013B9BB214F8BD
:10D05000081C6FF3000104F8081C002124F8061CCA
:10D0600053801378D18061F30003137031E056B11F
:10D0700019448BB214F8081C6FF3410104F8081C22
:10D0800000219180DEE76246DCE70CEBC608DDE9B3
:10D0900000710F44B845D8D21CF83670414617F0DD
:10D0A00001072AD0013B9BB214F8085C6FF300051E
:10D0B00004F8085C002524F8065C5380137865F3B7
:10D0C00000031370C2F107030B44C3F3CF03D380F3
:10D0D0008B8017490B681BB1934201D85B8803B959
:10D0E0000A6014490B681BB1934201D35B8803B9F2
:10D0F0000A6029F0E3FC002077E7A6EB0E06012E7C
:10D10000D0D8B8F80260A8F802703344B8F80670B6
:10D110002E689BB2013E1FB108EBC7012E60C3E72A
:10D120002E6094E7222060E7D01F0020D41F00204B
:10D13000DC1F0020D81F00200249034A0160521A58
:10D1400042607047C85D002000000420F0B506462C
:10D150000020059F4C1C08BF08213860BAB91F4841
:10D160000568002D38D0B5F802E0DB0003EBCE0EE9
:10D17000C1F1000C2878C0070BD52ABBE888B0B1F4
:10D1800005EBC005B5F802E003EBCE0EF2E714485C
:10D19000E6E7B645F1D35AB905F10804B4FBF1F05E
:10D1A00001FB1044A0190CB17045E7D83D60F0BDFB
:10D1B00008290FD06C88013405EBC404A01B00EAD9
:10D1C0000C00201A8645F1D2A8880028EFD0A5EBE4
:10D1D000C005D7E73046E9E72846E8E7DC1F00202E
:10D1E000D81F0020134B13B51B6804460846FBB13B
:10D1F00021B96846FFF7A0FF6CB900980378D907FA
:10D2000007D55CB9C3889BB100EBC3000378DA078C
:10D21000F8D402B010BD084B1868EFE7012C07D115
:10D2200083882BB1A0EBC3000378DB07F8D4F0E7C9
:10D230000020EEE7D41F0020D81F0020F8B5154FBE
:10D2400005460C463B68144EB2B1994209D041B133
:10D250003368994204D129460120FFF7C3FF3060AB
:10D26000F8BD29460020FFF7BDFF33683860A342B0
:10D27000F1D0002CEFD0F3E7994205D13D6033683F
:10D28000A34204D13560EBE79842F7D3F7E7AB420E
:10D29000F8D3E5E7DC1F0020D81F0020054B1A78E3
:10D2A0002AB95B78002B0CBF0320022070470120B5
:10D2B000704700BF944500200329F8B598BF124B72
:10D2C00005460E468CBF00245C5C032805D8DFE8C9
:10D2D00000F002080B0E44F002040C4B1F684FB91B
:10D2E000F8BD44F00804F8E744F02004F5E744F002
:10D2F0008004F2E77B681A68144203D0314628465E
:10D300005B6898473F68EAE7642104080C20002026
:10D3100038B5104D2B78ABB10F4C23781BB100F012
:10D32000DDFB00232370002000F000FC0B4C50B10B
:10D3300000F006FC0023012120782B70FFF7BCFFD2
:10D340000123237038BD0122054B1A702278054B4A
:10D350001A70F7E78F4500208D4500209645002084
:10D36000904500209145002010B529F096FB064B12
:10D3700004461B781BB1BDE8104029F092BBFFF7B3
:10D38000C7FF2046F7E700BF8C450020094A137805
:10D3900030B101331370084B1B78012B03D8704751
:10D3A000013B13707047054B1B780BB9FFF7B0BFFB
:10D3B000704700BF9445002096450020904500200E
:10D3C00070B529F06AFB184E054618482AF0E3FAB2
:10D3D0003378E3B900F010FD044620B1284629F067
:10D3E00060FB204670BD00F04FFF114829F069FB3B
:10D3F00001F026F80F4B1C6000F0E8FD0E4B0F4AC1
:10D400001860536F43F0010353672AF0E8FE00F001
:10D4100059FA2AF0DFFE0A4B00241860012328463F
:10D42000337029F03EFBDCE7974500208C1604089A
:10D430000C200020E01F00200820002000400050A9
:10D44000E41F00202DE9F843284A0138135C39B164
:10D45000274F013339781354012904D8BDE8F883E4
:10D46000013B1354FAE7FFF719FF0128044635D8AA
:10D4700029F013FBDFF88480054698F8003013B3D9
:10D480001C4E33781BB9012232701B4A1370DFF82F
:10D49000709099F8003023B100F020FB002389F848
:10D4A0000030284629F0FDFA012000F03FFB29F06A
:10D4B000F4FA337805461BB100F042FB00233370C9
:10D4C000002388F80030284629F0EBFA3878A0428B
:10D4D000C4D02146FFF7F0FE3C70BFE70329F5D129
:10D4E0000228F3D12AF07AFEF0E700BF944500202D
:10D4F000964500208C450020904500208F45002057
:10D500008D45002010B5044629F0C7FA002C0CBF49
:10D51000FF210121064A13780B44DBB21370B3FAE2
:10D5200083F3BDE81040034A5B09137029F0B9BAD0
:10D53000934500209245002038B529F0AEFA094BFA
:10D5400005461B78012B04D829F0ABFA00242046AD
:10D5500038BD054B1C6800F04DFB0444284629F0FB
:10D56000A0FAF4E796450020E01F002038B541609E
:10D57000044629F092FA05462146044829F0A4FA07
:10D580002846BDE8384029F08CBA00BF0C200020A6
:10D59000054B1B685843054B00F5742000F23F20F3
:10D5A000B0FBF3F0704700BF0820002040420F009E
:10D5B0002DE9F04F85B0EFF3108772B6AFF300801E
:10D5C0002DF048FA00286FD07F4EDFF8288233789C
:10D5D00023B10020FFF7DAFE00233370FFF75EFE71
:10D5E0000446002867D0841EE4B2012C6AD9FFF7F4
:10D5F00055FE01280546754CDFF8FC9100F28C8041
:10D600002078854240F0C480207800F0DDFA99F857
:10D61000003013B16E4B1B782370AFF3008007B955
:10D6200062B6EFF3108772B66A4B1A7852B10022D5
:10D630001A70674B20781B78984203D10121217022
:10D64000FFF73AFE644800F011FC2DF017FA05468A
:10D650000028BCD1614BDFF89081187098F8003039
:10D66000ABB189F80000DFF8889199F800301BB160
:10D6700000F034FA89F80050002000F057FA002832
:10D6800000F0998000F05CFA002388F800303378CD
:10D6900023B10020FFF77AFE0023337000212078A9
:10D6A000FFF70AFE00232370AFF3008007B962B6CC
:10D6B00005B0BDE8F08F3378002B98D0FFF766FEF9
:10D6C000347094E7002003A900F020FC04460028F1
:10D6D0008DD1D8F80030039A9A4205D80120FFF77F
:10D6E00055FE0123337082E73D4B1D6800F082FA3E
:10D6F000039B05449D42F1D200F092FA8200039907
:10D7000042F0020292B2CDE900422346354A491B5B
:10D7100031482AF06FFD6AE7334BDFF8C0A01B7871
:10D7200003F0FF0B2BBB00F057F9207885422FD177
:10D730009AF800307BB92C4D2B78002B7FF464AF26
:10D740002A4B1B7823B900F0C3F90122284B1A7029
:10D7500001232B7058E7022DEDD18AF800B014E0B8
:10D760002378022B24D100238AF800302EF0A4F86D
:10D770001EE0207885420BD19AF80030002BDAD0D9
:10D78000022DD8D100238AF800302EF095F8D2E788
:10D790000023DFF848A08AF8003099F8003013B968
:10D7A0002946FFF789FD9AF800302570002BD7D164
:10D7B000012DC0D828E7012000F006FA07B962B6AB
:10D7C000EFF3108772B657E78E450020964500208C
:10D7D000914500208A450020E81F00209245002046
:10D7E000E01F002069D300088F45002093450020EA
:10D7F0008D450020E41F00209045002010B529F041
:10D800004CF90022054B1C781A7029F04AF900F0F7
:10D81000F5FCE4B22043C0B210BD00BF8B45002030
:10D8200010B5094B1B786BB1084C237853B100F04D
:10D8300087F90023064A237013700123054A1370E9
:10D84000054A137010BD00BF96450020904500208A
:10D850008F4500208B4500208A450020034B1B7814
:10D8600013B10122024B1A70704700BF9645002089
:10D870009045002073B5114E0446337883420FD093
:10D880004FF400730E4DADF8043058B101A8FBF70A
:10D890004BF84020FFF77CFE2B68181A2860347084
:10D8A00002B070BD8DF8050001A8FBF73DF84020DF
:10D8B000FFF76EFE2B681844F0E700BFB15100205F
:10D8C0001020002073B5002401A88DF80440FBF758
:10D8D000E1F82046FFF7CEFF364A3749136F374845
:10D8E00003F007030B60D2F80011354C01F003017F
:10D8F00001604FF480103349032B48664FF4003029
:10D90000486601F59831896901F00200C1F34001D0
:10D91000217046D0D2F8203103F00703991E4B4204
:10D920004B41D2F82811284D01F00701022908BF08
:10D9300043F0010325490B7058B33BB9D2F80031CD
:10D9400003F003035A1E534253410B70194BD3F893
:10D95000003103F00303022B25D0032B26D0012B2B
:10D9600017D1F9F7E9FB024698B1194B194EDC685B
:10D9700000231946C4F30B04013404EB840401387A
:10D98000E4FB060106F0D6F9FFF702FE2B6803441C
:10D990002B601F20FFF7FCFD2B6803442B6002B0B7
:10D9A00070BD0123BDE7F9F723FCDCE729F09EF801
:10D9B000D9E700BF0080005014200020182000206C
:10D9C0009A45002000900050102000209B45002028
:10D9D00000C0015040420F00074A0849D2F82031E8
:10D9E00003F007030B60D2F82831054A03F0070360
:10D9F000136029F014B900BF0080005020200020DF
:10DA00001C20002008B5164B1A7822B300221A7089
:10DA1000144B1A6F22F0070242F001021A67D3F882
:10DA2000202122F0070242F00302C3F82021D3F89C
:10DA3000282122F0070242F00302C3F828210A4BF2
:10DA40001B7833B10122094B5A60094A53689B077E
:10DA5000FCD4F9F75BFB0122064B5A6708BD00BFF7
:10DA600099450020008000509A45002000E00150B8
:10DA700000C001500060005A0122114B10B55A67D6
:10DA8000104B114C1B78A3B102202AF013FC80B17B
:10DA900000F06CFA68B1A36DD90302D5E36D9A0763
:10DAA00003D4094B9B6DDB0704D54FF48032044B44
:10DAB0009A6210BD0122054B1A70FDF729F8F4E7B0
:10DAC0000050005A9B4500200040005A9845002015
:10DAD0000122014B1A707047994500200F4B10B579
:10DAE0001B7883B10E4C2378A3B90E4B9A6DD103EA
:10DAF00002D5DA6D920702D49B6DDB0704D54FF493
:10DB00008032094B9A6210BDFDF702F84FF4803263
:10DB1000054B9A6200232370F5E700BF9B45002068
:10DB2000984500200040005A0050005A034B1B78D3
:10DB30000BB1FDF793B80120704700BF9B45002053
:10DB400008B529F06DF8174B1B7833B10122164B3D
:10DB50005A60164A9369DB07FCD5154B15491A6FB5
:10DB6000096822F007020A431A671349D3F82021F3
:10DB7000096822F007020A43C3F820210F49D3F8AD
:10DB80002821096822F007020A43C3F828210C4B18
:10DB90001B781BB14FF480320A4B9A62BDE80840F3
:10DBA000F9F7B4BA9A45002000D0015000C00150E6
:10DBB0000080005014200020202000201C20002085
:10DBC0009B4500200060005A02280AD003280BD091
:10DBD00001280CD1064A136923F00403136130BFF6
:10DBE00070470020FAF7ACBE0020FAF7CFBE7047AE
:10DBF00000ED00E008B5054B187818B1FCF7FCFF04
:10DC000000EBD000024B1B68184408BD9B45002068
:10DC1000102000200122014B1A7070479B45002004
:10DC2000014B1878704700BF9B4500200222014B32
:10DC30001A6770470040005038B500F057FB0025C8
:10DC4000084B094C1A682368C31A2AB123B15169D9
:10DC5000994203D3C91A5161206038BD55615B1ADE
:10DC60009268F2E72C20002028200020C38870B59D
:10DC700004460D463BB9FFF75FFC8542064602D2DB
:10DC80002AF09BFA35460E4965610B688BB90C602A
:10DC9000A3600DE0AD1A9A68184665616AB1134633
:10DCA0005A69AA42F6D930B18460521BA3605A6106
:10DCB00070BD0020F4E70C60F7E79C60A260F7E716
:10DCC0002C20002038B5134D2B685B6993B1124AA4
:10DCD000022014681C442AF0E4FA204600F03AFBC3
:10DCE00000230E492A680B70D088800709D50123CC
:10DCF0000B7038BD02202AF0D4FA022000F078FB25
:10DD0000EEE79268002AF4D050690344012BEBD966
:10DD1000EFE700BF2C200020282000209D45002098
:10DD2000F8B515469DF81C20BDF820700271069AC2
:10DD30000446026000220E46C0E903358260C780B7
:10DD4000ADB900F0D3FA3044A0615EB13546062F7C
:10DD50001FD1194A2846936A43F00803936200F0E2
:10DD6000CDFA02E0E36866617BB90020F8BD00F0FF
:10DD7000BDFA2844A061002EE8D1E3686661002B5B
:10DD8000E5D0204621689847E1E72046216898477A
:10DD9000EBE728F082FE0646FFF74EFF29462046B5
:10DDA000FFF764FF054B1B68A34201D1FFF78AFF11
:10DDB000304628F076FED8E70040005A2C2000209C
:10DDC00000220C490B687BB183420AD183687AB187
:10DDD000936083681BB15A6941690A445A61002003
:10DDE00070471A469B68EEE70028EFD00220704784
:10DDF0000B60EEE72C20002070B528F059FE144E81
:10DE000005463478FCB9134B1C60134B1C60134B54
:10DE10001C8000F005FA01202AF043FA00F0F0FA25
:10DE20000F4B0246186020B9284628F047FE2320F1
:10DE300070BD234640F2E7310A4805F07BFF0A4BEC
:10DE4000186001233370284628F038FE0020EFE7E1
:10DE50009E4500202C200020282000206A3500202C
:10DE60003020002018FCFFFF24200020C38870B55C
:10DE7000062B044601D100F0CFFA28F00EFE134E17
:10DE80000546FFF7D9FE33682046A34208D0FFF7C6
:10DE900097FF0446B0B1284628F003FE204670BD27
:10DEA000FFF78EFF04460028F5D133683BB9022006
:10DEB00000F088FA284628F0F4FD0024EEE7FFF78A
:10DEC00001FFF7E73368002BF4D1F0E72C200020A6
:10DED00038B50C460546A8B1A1B100230B7028F057
:10DEE000E7FD0121084B1B6833B928F0E7FD00204E
:10DEF00038BD9D4204D121702278002AF9D0F4E780
:10DF00009B68F1E72220F3E72C200020F8B50646B5
:10DF10000F4628F0CDFD00250446124B1B6823B99F
:10DF2000204628F0CBFD1B2011E05A691544DA8801
:10DF3000B2420DD100F0DAF90B4E3368C01AA84294
:10DF40000AD3002320463B6028F0B8FD0020F8BD2E
:10DF5000FF2EEFD09B68E2E700F0C8F933682B444E
:10DF60001B1AEFE72C2000202820002008B5084BC2
:10DF70001B7803F0FF004BB12AF07FF9054B1B68BB
:10DF80009B69C01A02288CBF0020012008BD00BF79
:10DF90009D4500202C20002070B528F089FD064604
:10DFA00000F0A4F9084B04461D880120ADB22AF008
:10DFB00081F918B100F09AF904460135304628F08D
:10DFC0007DFD2046294670BD6A350020014B18684A
:10DFD000704700BF30200020F8B50C4B05461B6889
:10DFE0000E4683420FD3002440F2E7302146084B0F
:10DFF0004FF47A721F680023E5FB070105F09AFED3
:10E0000030602046F8BD2120FCE700BF242000201E
:10E0100030200020014B1868704700BF24200020EA
:10E020000F4B10B51A689AB14FF47A71531E134210
:10E03000A0FB01010ED1B2FA82F2C2F11F04531CFF
:10E04000D243E04001FA03F3184321FA02F20243FB
:10E05000104610BD002305F06DFE0246F8E700BF34
:10E060003020002038B5154B14468342144B8B41A9
:10E0700021D3144B1A68F2B14FF47A75A0FB050353
:10E0800005FB0131531E134211D1B2FA82F2C2F1E3
:10E090001F05531CD24301FA03F3E84021FA02F2B0
:10E0A00018431043E940C4E90001002038BD0023B3
:10E0B00005F040FEF7E72120F8E700BFEFA7C64BC9
:10E0C0003789410030200020C2072DE9F04704467F
:10E0D0000BD5474A138801339BB21380FFF7ACFD81
:10E0E000444B1B680BB1FFF7EDFDA3077ED528F06D
:10E0F000DFFC4FF0000905464E46FFF79DFDC84680
:10E100003C4F3C680CB163698BB100223A4B012E45
:10E110001A7003D119F0020F18BF1E70002C61D0C5
:10E12000FFF7D0FD2846BDE8F04728F0C7BC2346DE
:10E130005A693AB91A792179914288BF1C469B687D
:10E14000002BF5D1284628F0B9FC2569DDB100F097
:10E15000CDF8A269A0EB02094FEAE9734D4578EBCF
:10E16000030311DA23691344A361E368B4F806904A
:10E17000013613B120462168984728F099FC0546DE
:10E18000FFF75AFDBDE7A94628F092FC82462046DB
:10E19000FFF716FE504628F091FC2369002BE4D0CF
:10E1A000A38BB5EB090533B1E28B13449BB2B3F5F6
:10E1B0007A7F0FD2E38328F07BFC814629462046F4
:10E1C000FFF754FDA369226948461344A36128F070
:10E1D00075FCCAE7A3F57A73E383A369013D013BAC
:10E1E000A361E8E7022000F0EDF89BE7BDE8F087C7
:10E1F0006A3500202C2000209C45002010B528F016
:10E2000057FC034B1C7828F059FCE4B2204610BDA3
:10E210009C450020014B1870704700BF9C450020B2
:10E2200010B50123002486B01548ADF80830CDE9BB
:10E2300003448DF804408DF80A40059429F0ABFBA7
:10E2400001A8FAF79BFF204602A98DF80840FAF7CB
:10E25000A5FF20460F21FAF7C3FF0F212046FAF74A
:10E26000C5FFFAF771FFFAF74DFF064B43209C619B
:10E27000FCF788FD4320FCF777FD06B010BD00BF1A
:10E280008416040800800A5008B50A4829F083FB68
:10E2900040F6015200210120FAF726FE4FF4967253
:10E2A0000021012028F0DFFC034A936C43F48073C3
:10E2B000936408BD8816040800800A5008B5094810
:10E2C00029F069FB40F6016200210220FAF70CFEFA
:10E2D0004FF492720021022028F0C5FC024B9A6C88
:10E2E0009A6408BD8816040800800A5008B5FAF739
:10E2F00009FF014B986908BD00800A5038B50446F3
:10E3000028F0CBFB0546FAF7FDFE104B022C9A696C
:10E310004FF001018CBF12190332B2F1FF3F38BF39
:10E32000013A0020FAF780FF284628F0BAFB084996
:10E330000B7853B1054B9A6C42F002029A649A6CC6
:10E3400042F004029A6400230B7038BD00800A502A
:10E35000B2510020F8B5044628F09FFB0746FAF7B3
:10E36000D1FE164B9D6929F098FF06460020FAF76A
:10E3700043FF830704D4731B032B01D8AE420FD194
:10E380000021631B022B98BFEC1C0846B4F1FF3F31
:10E390002CBF2246621EFAF747FF022029F081FFB8
:10E3A000384628F07EFB064A137833B103498B6C5C
:10E3B00043F001038B6400231370F8BD00800A5002
:10E3C000B3510020830700F0010109D50122064B5B
:10E3D00041F002011A70054A936C23F00103936423
:10E3E0000020FAF7FDBE00BFB351002000800A50A4
:10E3F000830742BF0222014B1A64704700900A5003
:10E4000007B5044B01A9187929F0C0FA019803B0A7
:10E410005DF804FB9016040807490B7853B9074BC5
:10E420009A6C22F002029A649A6C22F004029A64B6
:10E4300001230B70704700BFB251002000800A50CA
:10E440000A4B10B5D3F8403203F00303013B012B14
:10E450000BD828F022FB044601210220FEF7F2FF30
:10E460002046BDE8104028F01CBB10BD00800050C5
:10E4700024282DE9F341054604D82C46204602B055
:10E48000BDE8F08100240B4E0B4FDFF830800023F5
:10E49000CDF800801A46194638682CF06EFF844289
:10E4A000EBD2252CE9D056F8043BAB42E6D0013440
:10E4B000EDE700BFE4240408344C0020FFFF0F0008
:10E4C0002DE9F04F634E644D3168286889B006F03D
:10E4D00015FF0446002827D033680024D3E9000143
:10E4E0009A6912689047336804A89B699B689847AB
:10E4F000336802209B69DB68984732680598536847
:10E50000E7B2B3FBF0F3BB42916904F101044CD8CC
:10E51000CB680020984733689B695B6898473168EF
:10E52000286806F0EBFE04460026DFF848914B4FC2
:10E53000DFF84481DFF844A1F4B9494B28689B5DBA
:10E54000002B00F08280D7F800B002AB594603AA36
:10E5500007F06AF9504507D070B9039B012B0BD027
:10E560005946286807F0A4F9D9F8003059461A68C6
:10E57000286807F089F804460136252E09F10409B8
:10E5800007F1040708F10108D6D1B4FA84F3354A3B
:10E590005B0913702B681B7C1BB1C5213248FDF74A
:10E5A000A9FB204609B0BDE8F08F12680B6907FB94
:10E5B00000209847A1E73B6803AA194402AB0191E8
:10E5C00007F032F95045034601992ED028682BB345
:10E5D0000BF1010B009B5FFA8BF199422868EAD39B
:10E5E000224B9B5D002BC7D0DDF800B05FFA8BF3A8
:10E5F0007E2B2868C0D8396802AB594403AA009121
:10E6000007F012F95045B7D00099286807F050F983
:10E610000BF1010B04460028E8D0ADE7039B7BB962
:10E6200098F80020029B9A42D2D098F80030D9F88E
:10E630000020286806F03CFF0028C9D00446CFE738
:10E64000019107F035F90199EFE7094BA3469B5D6E
:10E650000093BFE7144C0020344C0020E42404084D
:10E66000BD2404089F450020782504089824040848
:10E670004E24040868210408732404080BE000F009
:10E68000F8B50D4616461F46FFF7F2FE242804464D
:10E690001CD8164B1B780BB3154B1868154B53F849
:10E6A0002410154B1B5D3BB1324607F039F8044688
:10E6B000A0B129F057FE12E07F2D08BF00253B4690
:10E6C000324651FA85F106F03DFFF0E7FF2808D900
:10E6D00081B23B463046EAB229F0A7FC002420462E
:10E6E000F8BDFB210548FDF705FBF7E79F45002036
:10E6F000344C0020E4240408BD24040878250408D0
:10E70000F8B50D4616461F46FFF7B2FE242804460C
:10E710001CD8164B1B7803B3154B1868154B53F8D0
:10E720002410154B1B5D3BB1326806F0ADFF04466B
:10E7300098B129F017FE11E07F2D08BF00253B4658
:10E74000324651FA85F106F0B3FEF0E7FF2807D90B
:10E750003A46314680B229F071FC00242046F8BDCB
:10E7600040F235110548FDF7C5FAF6E79F45002050
:10E77000344C0020E4240408BD240408782504084F
:10E7800010B5FFF775FE0A4B1B7813B9002420461D
:10E7900010BD084B002253F82010074B186806F0F4
:10E7A000FDFF04460028F1D029F0DCFDEFE700BFB3
:10E7B0009F450020E4240408344C002073B516461D
:10E7C0001D46002B71D04BF23463984210D1082DB6
:10E7D00028BF082536492A4630462CF063FA2A46D7
:10E7E000304634492CF06BFA30B3002002B070BDD3
:10E7F000C9B27F2980B208BF0021984218D17F2278
:10E8000041F202016846082329F00FFC08226846FD
:10E8100028492CF054FA30B908237F2241F2F01134
:10E82000684629F002FC6B4603CB30607160DCE780
:10E8300041F2F01398421CD11F4B701E996CDA6C98
:10E840002B462C1F013B9C4200F8011F4FEA11216F
:10E850000CD1002CC9D00423D9B20729F2544FEAB5
:10E860001222C2D001339D42F6D1BEE7002BE9D17E
:10E87000BBE700F47043B3F5805F0AD1C0F30B042B
:10E8800004F17E642A46304605FB01412CF00AFA69
:10E89000ABE700F46043B3F5005FA6D1C0F30B040F
:10E8A00004F1016404F5FC24ECE721209EE700BF9D
:10E8B0000200E00F0A2604080080E00F08B55208A5
:10E8C00029F051FD30B1BDE8084040F26F11024817
:10E8D000FDF710BA08BD00BFBE2504082DE9F743B7
:10E8E0000446E0070F46154604D540F2C5113848E6
:10E8F000FDF700FAE90704D54FF4E3713448FDF75A
:10E90000F9F904F47043B3F5805F41D1C4F30B040B
:10E91000304A04F17E646B1E2344934232D826466B
:10E92000DFF8AC9006EB0508464546D1A2070ED0AD
:10E930004FF6FF7337F8022BA01E43EA024304226E
:10E940000DEB02010193FFF7B9FF0234023DAB0763
:10E950000ED0023D25F00103FB5A04226FEA034367
:10E960006FEA13430DEB020160190193FFF7A6FF55
:10E9700025B12A4639462046FFF7A0FF002003B004
:10E98000BDE8F08340F2CB111148FDF7B3F9C6E7BB
:10E9900004F46043B3F5005F06D1C4F30B0404F143
:10E9A000016404F5FC24BAE74FF4E9710848FDF767
:10E9B000A1F96FF00F060024B2E716F8013BFF2B18
:10E9C000B2D04FF4EE714846FDF794F9ACE700BFC2
:10E9D000BE250408FF03E00F2DE9F04FE2289FB0A9
:10E9E0002CD8DC2808D8702800F0CC80C03883B23E
:10E9F000092B0AD900205CE0DE38042800F296805A
:10EA0000DFE800F09FA6B1B6BD000928F2D801A347
:10EA100053F820F01FEB0008F5E90008F5E90008BD
:10EA2000F5E90008F5E90008F5E90008B9EA000889
:10EA3000F5E9000809EB00084FEA0008F52800F0A6
:10EA4000A480B0F58C7FD5D10EF0EEFF2EE02EF035
:10EA500026FB044609A82EF087FC11F0C1FA0546F2
:10EA60002EF009FB06462EF006FB07462EF003FBB0
:10EA70000DF11C0A8046514608200DF1300B11F0B3
:10EA8000B7FA5946102011F0B3FA2EF008FB814670
:10EA900011F0A6FA3346CDE904902A462046CDE986
:10EAA00002ABCDE9007809A90EF06EFE11F0B6FABE
:10EAB00001201FB0BDE8F08F11F092FA044611F06A
:10EAC0008FFA05460CA82EF04FFC11F089FA064685
:10EAD00011F086FA074611F099FA804611F080FA93
:10EAE00081462EF0C8FA291E18BF0121CDE90290F7
:10EAF000201E334618BF0120CDE900780CAA2DF066
:10EB0000BFFD2EF0C2FAD3E711F06AFA0CA90EF09D
:10EB100087FA2EF0BAFA0CA82EF060FCC8E70CA811
:10EB20002EF022FC0CA80EF0D3FABFE711F058FA31
:10EB30000CA90EF059FF2EF0A8FA0CA82EF09DFC9F
:10EB4000B6E70CA82EF010FC0CA80EF0D3FEADE733
:10EB500011F046FA04460CA82EF068FC20460CA9D9
:10EB60000FF066F8CDE711F03BFA0FF04FF89FE792
:10EB70000CA82EF0F9FB0CA80EF000FF96E70FF0A2
:10EB80002FF895E70FF0E2F892E711F029FA044622
:10EB90002EF085FA014620460EF0D0FE88E700BF31
:10EBA0002DE9F0436A288DB000F2868032280DD816
:10EBB0000020D7E06FF49B731844032800F275819E
:10EBC000DFE810F078017D018C019401333837289B
:10EBD000EED801A353F820F05BED00086BED0008C0
:10EBE000B1EB0008ABED0008B1EB00080BEE00083C
:10EBF00057EE0008B1EB0008B1EB0008B1EB0008DC
:10EC0000B1EB0008B1EB0008B1EB0008B1EB000874
:10EC10007BEE00088FEE0008B1EB0008B1EB0008B6
:10EC2000B1EB0008B1EB0008B1EB0008B1EB000854
:10EC3000B1EB0008B1EB0008B1EB0008B1EB000844
:10EC4000B1EB0008B1EB0008B1EB00080FEF0008D2
:10EC50004DF00008B1EB0008B1EB0008B1EB000883
:10EC6000B1EB0008B1EB0008B1EB0008B1EB000814
:10EC7000B1EB000805EF00082DEF000837EF0008A2
:10EC8000B1EB000855EF0008B1EB0008E3EF000816
:10EC900001F00008B1EB000811F0000827F00008AF
:10ECA000B1EB0008F7ED0008B1EB0008B1EB00088C
:10ECB000B1EB00087FF0000840F21B13984200F00F
:10ECC000EA81B0F58E7F33D2EF2800F0DB8122D8C5
:10ECD000822800F05D810DD87E2800F04C817F28CD
:10ECE0007FF466AF082009A911F082F909A81FF086
:10ECF0006DFD87E0AE287FF45BAF2EF0BCF90446D3
:10ED000011F06EF9054611F081F9294602462046B8
:10ED100031F0D7FD76E0F42800F0AC81FE2800F059
:10ED20008D81F3287FF444AF09A817F09FFEACE172
:10ED3000B0F59D7F3FF63CAFB0F59B7FBFF43AAF97
:10ED400040F21D13984200F0A98140F2211398422D
:10ED50007FF42EAF1EF064FA01E01BF0FBFF11F010
:10ED60005DF901200DB0BDE8F08311F039F90446DA
:10ED70002EF081F9054609A82EF0E6F92EF07BF970
:10ED8000064611F02DF9074611F040F907ABCDE921
:10ED90000103294620460097F3B209AA2DF0ECFDA5
:10EDA0002EF073F99DF81C00D9E72EF064F90546A2
:10EDB0002EF061F9064611F013F9074609A82EF066
:10EDC000C3F911F00DF980462EF055F9044611F003
:10EDD00007F9814611F01AF9E4B207ABCDE9030354
:10EDE0003A4631462846CDE90084CDF8089009AB73
:10EDF0002DF0D4FDD4E7082009A911F0F9F809A8ED
:10EE00001BF09CFF2EF041F9ABE709A82EF09CF90E
:10EE100011F0E6F805462EF02EF906462EF02BF9F5
:10EE2000074611F0DDF880462EF025F9044611F072
:10EE3000D7F8814611F0EAF8E4B207ABCDE9030355
:10EE400032463B462946CDE90084CDF8089009A812
:10EE50002DF0B4FDA4E72EF00EF9044609A82EF01B
:10EE600073F911F0BDF8054611F0D0F82A460346B3
:10EE700009A920460FF018FCC4E72EF0FCF8044660
:10EE800011F0AEF80146204619F07CFDBAE72EF0ED
:10EE9000F2F8044611F0A4F8054611F0A1F829464D
:10EEA0000246204610F0AAF8ACE72EF0E4F818F07D
:10EEB0004DFEA7E72EF0DFF818F066FEA2E72EF071
:10EEC000DAF809A90446082011F092F811F088F840
:10EED00009A90246204622F0F5FB93E7082009A97C
:10EEE00011F086F809A830F0F2FF8BE72EF0C3F896
:10EEF000044609A9082011F07BF8204609A930F042
:10EF0000D1FF2EE711F06CF82DF0E0FD7AE72EF03E
:10EF1000B2F809A90446082011F06AF82EF0ABF8FF
:10EF200009A9024620462DF0CFFD6BE711F058F8F5
:10EF30001EF042F913E711F053F809A9044608201E
:10EF400011F056F82EF097F809A9024620461FF056
:10EF500061FC57E711F044F809AA07A91FF06CFB00
:10EF60002EF093F8BDF81C002EF07BF8082009A9BC
:10EF700011F064F8F5E609A9082011F039F811F04C
:10EF80002FF8011E18BF012109A81FF08FFC39E7D7
:10EF900011F026F807A90446082011F029F82EF0F0
:10EFA0006AF8054611F01CF80DF1190302930DF1F2
:10EFB0001A03019309AE031E18BF01232A4607A9AD
:10EFC000204600962DF01DFD2EF05FF831460820FA
:10EFD00011F034F8BDF81A002EF043F89DF819002E
:10EFE000BDE609A9082011F003F807A909A814F043
:10EFF00085FA2EF04AF8BDF81C002EF032F8B0E683
:10F000002EF039F809A914F09FFA2EF03EF8ADE77A
:10F0100010F0E6FF09A92DF017FD2EF036F809A82B
:10F020002EF0AAF89DE610F0DBFF044609A82EF0AA
:10F03000ADF8204609A92DF01DFDE3E610F0D0FF44
:10F04000003818BF01202FF018FCDBE610F0C8FFD5
:10F05000044610F0DBFF054610F0C2FF064610F034
:10F06000BFFF031E18BF01233246294620462DF05C
:10F07000B6FCC7E62EF013F81AF0BEFF71E62EF0CC
:10F08000B4FF6CE609A817F01FFD2DF0FEFF09A8DC
:10F090002EF085F865E630F066FEB3E610F0A0FFCE
:10F0A000044610F09DFF011E18BF0121204616F0F6
:10F0B00089FCA7E62DE9F043D328A9B000F23281FC
:10F0C000C92806D84C2800F2E98003284ED8002031
:10F0D000F1E1CA380928FAD801A353F820F000BF9B
:10F0E000BDF40008CFF00008CFF00008CFF0000812
:10F0F000CFF00008CFF0000817F8000821F800084A
:10F10000CFF0000805F50008B9380A28DFD801A3B8
:10F1100053F820F045FA0008CFF00008CFF00008BF
:10F12000CFF00008CFF00008CFF00008CFF00008C3
:10F13000CFF00008E1F70008DBF70008D5F700087A
:10F1400095380728C3D801A353F820F085F80008A4
:10F15000CFF00008CFF00008CFF0000869F80008F1
:10F1600075F80008CFF000083FF60008043848287A
:10F17000ADD801A353F820F0B9F90008CFF000088A
:10F18000CFF00008CFF0000839FA0008CFF00008EF
:10F19000CFF00008CFF00008CFF00008CFF0000853
:10F1A000CFF00008CFF000088FF80008F1F8000851
:10F1B000CFF00008CFF00008CFF00008A9F4000855
:10F1C000C7F40008D1F40008DFF40008CFF000080D
:10F1D000E9F40008CFF00008CFF0000819F50008A6
:10F1E0001FF500082DF5000803F600080DF60008CD
:10F1F00035F60008CFF00008CFF00008CFF0000887
:10F20000CFF00008CFF0000863F60008D7F600083A
:10F21000CFF00008CFF00008CFF00008CFF00008D2
:10F22000CFF00008CFF00008CFF00008CFF00008C2
:10F23000CFF00008CFF00008CFF0000867F9000811
:10F24000CFF00008AFF90008CFF00008CFF00008B9
:10F25000CFF0000843F500083FFA0008CFF000089F
:10F26000FFF70008CFF0000877F90008CFF000089A
:10F27000CFF00008CFF00008CFF00008CFF0000872
:10F28000CFF00008CFF00008CFF00008CFF0000862
:10F290004BF7000885F9000897F900089C282AD840
:10F2A00094283FF64DAF7A2800F0BD827B2800F00D
:10F2B000BD8279287FF40BAF10F092FE06A915F0FD
:10F2C000E5FA2DF0E2FEBDF818002DF0CAFE9DF81B
:10F2D0001A0010F0A3FE9DF81B0010F09FFE9DF891
:10F2E0001C0010F09BFE9DF81D0010F097FE0DF124
:10F2F0001E01082058E3C3283FF6E9AEB8283FF6C0
:10F3000003AFAC2800F04282AD287FF4E0AE06A93E
:10F31000082010F06DFE2DF0C2FE014606A815F083
:10F32000C1FCC5E0F73883B25A2B3FF6D0AE5A285D
:10F330003FF6CDAE01A353F820F000BF45F9000819
:10F34000FBF8000827F9000831F900084BF900081C
:10F35000CFF00008B3F60008CFF000087FF80008EF
:10F36000CFF00008CFF00008CFF00008CFF0000881
:10F37000CFF00008CFF00008A3F70008CBF7000893
:10F38000CFF00008CFF00008CFF00008CFF0000861
:10F39000CFF00008CFF00008CFF00008CFF0000851
:10F3A000CFF00008CFF00008CFF00008CFF0000841
:10F3B000CFF00008CFF00008CFF00008CFF0000831
:10F3C000CFF000084FFA000867FA0008CFF00008F5
:10F3D000CFF00008CFF00008CFF000087BFA00085B
:10F3E000CFF00008CFF0000891FA00089BFA00085F
:10F3F000A1FA0008B1FA0008CFF0000881FA00086D
:10F40000CFF00008CFF00008CFF00008CFF00008E0
:10F41000CFF00008CFF00008CFF00008CFF00008D0
:10F42000CFF00008CFF00008CFF00008CFF00008C0
:10F43000ADF70008B7F70008CFF00008CFF00008DC
:10F44000CFF00008CFF00008CFF00008F1F6000878
:10F45000F5F60008F1F60008FBF6000801F70008D1
:10F4600021F7000827F7000833F700083FF70008E6
:10F4700045F700080BF7000811F70008CFF0000867
:10F48000CFF00008CFF00008CFF00008CFF0000860
:10F49000CFF00008CFF000088BFA0008D1F8000880
:10F4A000D7F80008DDF800082DF0E5FD20F04AF857
:10F4B0002DF0EBFD012029B0BDE8F08320F03CF8F1
:10F4C0002DF0CFFDF6E72DF0D6FD20F041F8EFE767
:10F4D00006A82DF0B6FE06A816F064FEE8E713F0C5
:10F4E00015FC10F09BFDE5E710F07AFD04462DF0C9
:10F4F000D6FD054610F074FD29460246204614F05C
:10F50000D1FCD5E72DF0CBFD044610F069FD014696
:10F5100020462FF02DF8CBE714F05CFDC8E706A8D5
:10F520002DF0F6FD06A816F033FDC1E710F058FDEA
:10F53000044606A82DF0ECFD204606A92FF0D0F9D0
:10F54000B6E710F04DFD16220021044606A82BF068
:10F55000E0FB10F045FD8DF81C0010F041FD8DF82A
:10F560001D0010F03DFD8DF81E0010F039FD8DF8E6
:10F570001F0010F035FD8DF8200010F031FD8DF8E2
:10F58000210010F02DFD8DF8220010F029FD00382B
:10F5900018BF01209DF8253060F300038DF8253059
:10F5A00010F01EFD003818BF01209DF8253060F3D3
:10F5B00041038DF8253010F013FD003818BF0120ED
:10F5C0009DF8253060F382038DF825302DF053FD32
:10F5D000ADF818002DF04FFD0DF12601ADF81A0021
:10F5E000082010F005FD10F0FBFC054610F0F8FCBB
:10F5F000031E18BF012320466AB206A916F01AFCA2
:10F6000056E710F0EDFC2FF0DBF951E710F0E8FCC5
:10F6100004462DF044FD054610F0E2FC064610F0CD
:10F62000DFFC0346201E3246294618BF01202DF07C
:10F6300049FA3DE710F0D4FC16F094F938E72DF0C4
:10F640001AFD04462DF02BFD054610F0C9FC0646B8
:10F650002DF011FD32460346294620461FF0F0FCEE
:10F6600026E706A905A82DF01AFA2DF00EFD9DF843
:10F67000140010F0D3FC06A9082010F0DFFCBDF840
:10F6800020002DF0EEFC9DF8220010F0C7FC9DF844
:10F69000230010F0C3FC9DF8240010F0BFFCBDF85F
:10F6A00026002DF0DEFC9DF8280010F0B7FC0B982A
:10F6B000FEE610F095FC06A913F0AEFB2DF0E5FC7C
:10F6C0009DF8180010F0AAFC9DF8190010F0A6FC97
:10F6D0009DF81A0005E705A906A82DF0E2F910F03B
:10F6E0009DFC082006A910F0A9FCBDF81400E7E66F
:10F6F0000020F6E600F076FFF3E614F077FED7E69A
:10F700002DF0CDFC15F008F8D2E613F053FED7E645
:10F7100013F050FE10F0070F0CBF01200020E0E6B0
:10F720002FF0F3F8DDE613F045FEB0FA80F0400963
:10F73000D7E61DF075FD80F00100C0B2D1E613F0F0
:10F74000C7FEB7E62EF0C2FCB4E610F049FC06A9ED
:10F7500021F02AFE2DF099FC06A9082010F06EFC7D
:10F760009DF8200010F05AFCBDF822002DF079FC25
:10F770009DF8240010F052FC9DF8250010F04EFC7E
:10F780009DF8260010F04AFC0A9891E610F028FC3B
:10F79000044606A82DF00DFD204606A930F0E8FA33
:10F7A00086E610F01DFC30F07BFB89E610F018FCBB
:10F7B00024F024FFC1E710F013FC044610F010FC05
:10F7C00041B2204624F030FF74E62DF054FC30F0B6
:10F7D00065FB86E62DF011F983E62DF010F980E641
:10F7E00010F0FEFB05AA06A92DF005F92DF04DFC41
:10F7F000BDF818002DF035FC9DF8140071E60820C6
:10F8000006A910F0F5FB05A906A815F02BFA2DF0B6
:10F810003CFC05984CE610F0E3FB2DF0E8F847E6D9
:10F820002DF0E7F85DE615F023F85AE610F0D8FB66
:10F8300006A922F04BFD2DF028FCBDF818002DF094
:10F8400010FCBDF81A002DF00CFC9DF81C0010F007
:10F85000E5FB9DF81D0010F0E1FB9DF81E0010F087
:10F86000DDFB9DF81F003CE610F0BAFB40B22EF025
:10F870007FFB1DE610F0B4FB16F04EF918E62EF0F3
:10F88000A0FB2EE610F0ACFB2EF0A9FB10E610F06A
:10F89000A7FB04462DF0EFFB05462DF0ECFB0646DA
:10F8A0002DF0E9FB074610F09BFB804610F098FB1B
:10F8B000814610F095FBCDE90190201E3B46324673
:10F8C000294618BF0120CDF800802DF07DFAEFE524
:10F8D00031F001F8EEE531F000F8EBE52DF0DFFB5B
:10F8E00004462DF0C8FB0146204625F00DF9E1E560
:10F8F00010F076FB2DF066FADAE510F071FB0446A5
:10F9000010F06EFB054610F06BFB064610F068FB2E
:10F91000074610F065FB32460090294620467BB230
:10F920002EF00EFBC4E510F05BFB2EF00BFBBFE5E9
:10F9300010F056FB044610F053FB41B220462EF067
:10F9400003FBB5E524F072FCB2E510F049FB044678
:10F9500010F046FB054610F043FB294602462046C0
:10F960002EF0F4FAA4E506A82EF0E1FA2DF08DFBB6
:10F970009DF81800B5E506A82DF0B3FD06A82EF0F9
:10F98000D8FA95E506A82EF0D6FA2DF07EFB06A84B
:10F990002DF09AFD8EE510F023FB06A92DF098F8C6
:10F9A0002DF073FB862006A910F048FB82E510F0CD
:10F9B00017FB17F0EFF87BE510F012FB06A917F024
:10F9C000B7F82DF062FB9DF81C0010F027FB9DF8A6
:10F9D0001D0010F023FB9DF81E0010F01FFB9DF88A
:10F9E0001F0010F01BFB9DF8200010F017FB9DF886
:10F9F000210010F013FB9DF8220010F00FFB9DF882
:10FA0000250000F0010010F009FB9DF82500C0F36F
:10FA1000400010F003FB9DF82500C0F3800010F0BB
:10FA2000FDFABDF818002DF01CFBBDF81A002DF0F2
:10FA300018FB0DF126015CE417F0A6F851E517F06C
:10FA400055F835E510F0CCFA16F08EF830E506A83A
:10FA50002DF05EFB10F0C4FA011E18BF012106A8AC
:10FA600016F0F0FA24E52DF006FB044610F0B8FA83
:10FA70000146204618F078FB1AE515F0DBFC30E56E
:10FA800006A82EF00EFF06A933E429F0A2F828E517
:10FA900010F0A6FA14F03CFF0AE514F047FF20E549
:10FAA00010F09EFA003818BF012014F045FF01E560
:10FAB00014F048FF15E500BF2DE9F041B0F5957F42
:10FAC00098B009D2B0F5867F08D2762870D866281B
:10FAD00048D8142800F0DF8000208BE0A0F5867065
:10FAE0001D28F9D801A353F820F000BFE5FC000859
:10FAF00049FD0008FFFC000821FD00085FFD00082B
:10FB00006DFD000887FD000897FD000819FC00083E
:10FB10003BFC0008B7FC0008D9FA0008D9FA000835
:10FB2000D9FA0008D9FA0008D9FA0008D9FA000869
:10FB3000D9FA0008D9FA0008D9FA0008D9FA000859
:10FB4000D9FA0008D9FA0008D9FA0008D9FA000849
:10FB5000D9FA0008D9FA0008D9FA0008ADFD000862
:10FB6000B7FD000867380F28B6D801A353F820F076
:10FB700075FC0008BBFB0008FBFB0008D9FA000875
:10FB8000B1FC0008A7FC0008D9FA0008D9FA00085F
:10FB9000D9FA0008D9FA0008D9FA0008D9FA0008F9
:10FBA000D9FA0008D9FA000857FC00088DFC0008B3
:10FBB000B12891D102F006F819E02DF05CFA0DF1B0
:10FBC0003601ADF83400102010F012FA0DF14601A4
:10FBD000102010F00DFA10F003FA0DF157018DF816
:10FBE0005600082010F004FA0DA81DF055FC2DF069
:10FBF0004CFA012018B0BDE8F0810DA81DF046FBBD
:10FC00002DF043FABDF834002DF02BFA08200DF149
:10FC1000360110F013FAECE70DA82DF0BBFC09A992
:10FC20000DA829F0A2FA2DF030FA102009A910F041
:10FC300005FA0DA82DF094FCDBE70DA82DF0AAFC29
:10FC400009A9102010F0D4F909A90DA829F06EFA1D
:10FC50002DF01BFAEDE70DA9082010F0C9F910F0FE
:10FC6000BFF9011E18BF01210DA829F087FC10F073
:10FC7000D5F9BEE72DF0FFF904460DA9082010F0D4
:10FC8000B7F920460DA922F0EDFFB0E710F0A8F972
:10FC900029F086FCABE708200DA910F0A9F90DA802
:10FCA0001CF0E0FBA3E710F09BF91CF0A3FC9EE71F
:10FCB0001AF098FB9DE70DA801F062FA2DF0E5F926
:10FCC0009DF8340010F0AAF99DF8350010F0A6F95F
:10FCD0009DF8360010F0A2F99DF8370010F09EF95B
:10FCE0000E9884E70DA82DF055FC09A90DA829F060
:10FCF00032FB2DF0CAF909A82DF065FC99E710F048
:10FD00006FF9044609A9082010F072F90DA9102016
:10FD100010F06EF920460DAA09A929F053FA66E7FA
:10FD200010F05EF909AB05AA0DA929F037FB2DF0FB
:10FD3000ACF90DA82DF014FC102005A910F07EF9E7
:10FD400009A82DF040FC54E703A9082010F050F951
:10FD500009AB05AA0DA903A829F03DFBE7E70DA80B
:10FD60002DF018FC0DA801F0D7FC40E709A90820E8
:10FD700010F03EF90DA9102010F03AF90DA909A8CC
:10FD800029F04FFA33E710F02BF909AB05AA0DA9BA
:10FD900029F076FBCBE703A9082010F029F909AB7D
:10FDA00005AA0DA903A829F049FBC0E72DF077F9B2
:10FDB0001CF0AAF91DE710F013F9064610F010F92F
:10FDC000044610F023F9054610F00AF907460DF134
:10FDD00034084146082010F00BF9301E21463B46FE
:10FDE0002A4618BF0120CDF800802FF035FC2DF0F9
:10FDF0004CF9294620460CE7B0F5827F73B50446DE
:10FE00000AD2B0F5817F0DD2772836D0204602B0D5
:10FE1000BDE8704028F093BBF8D128F09FF801208E
:10FE200002B070BD2DF03BF905462DF038F940F2D7
:10FE300003139C42064612D0174C6A4623680146BB
:10FE400008332846019300F061FD2DF01EF900985B
:10FE50002DF01BF92368009A13442360DFE72DF08F
:10FE60001EF90E4B6A461B683146009028460193E6
:10FE700028F080FF2DF009F9D1E710F0B1F8044621
:10FE800010F0AEF8011E18BF0121201E18BF01207E
:10FE900000F058FDC3E700BF00330020043300200A
:10FEA00030B5DC2891B063D8B12804D8252800F0FB
:10FEB000FA80002071E0B2382A28FAD801A353F85A
:10FEC00020F000BF7BFF00089FFF0008FDFF000837
:10FED00019000108B3FE0008B3FE0008B3FE0008D5
:10FEE000B3FE000861000108B3FE0008230001080A
:10FEF000390001084D00010847000108B3FE000861
:10FF0000B3FE0008B3FE0008B3FE0008B3FE00080D
:10FF1000B3FE0008B3FE0008B3FE0008B3FE0008FD
:10FF2000B3FE0008B3FE0008B3FE0008B3FE0008ED
:10FF3000B3FE0008B3FE0008D3FF0008B3FE0008BC
:10FF4000B3FE0008B3FE0008B3FE00085700010826
:10FF500067000108710001087B00010881000108A9
:10FF6000870001088D000108930001089D00010829
:10FF7000F6289ED125F06CFA0EE005A82DF073F955
:10FF800010F02EF8044610F02BF8214642B205A8D6
:10FF900030F0FBFC2DF079F8012011B030BD01A943
:10FFA000102010F025F82DF07AF8059010F018F8D0
:10FFB0000DF119018DF81800102010F019F80DF14D
:10FFC0002901102010F014F805A901A830F0BAFD9D
:10FFD000E0E72DF064F8059010F002F80DF119013A
:10FFE0008DF81800102010F003F810200DF12901F1
:10FFF0000FF0FEFF05A830F0A0FDCBE72DF04FF885
:020000040801F1
:1000000004460FF0EDFF05460FF0EAFF69B2024625
:10001000204625F0A9F9BDE72DF041F825F01EFA9C
:10002000B8E705A901A830F0FAFD01A82DF03FF9C5
:1000300005A82DF06DF9AFE705A82DF051F905A839
:1000400030F0F6FDA8E730F04EFFA5E730F0F6FD02
:100050000FF0E4FFA0E70FF0C3FF30F09FFD9BE738
:1000600030F0A4FDF4E70FF0BBFF25F077F993E73C
:100070002DF001F830F0EAFD8EE725F0B3F8E7E760
:1000800025F032FAE4E725F07BFD83E725F07EFDDD
:1000900080E72DF004F825F07FFD7DE72CF0FFFFD1
:1000A00025F080FD78E725F029FD75E7032208B5E6
:1000B000054B00201A802DF092FFBDE80840024653
:1000C000002102480CF0F6B936430020302604081F
:1000D00038B50F4DFCF77CF92B886BB90D4C238894
:1000E00063B900230A482380FCF724FB288820B149
:1000F00012F09AF9084B1860012038BD27F019FF5B
:10010000064B1B88C01A238880B28342E9D3EDE7EF
:10011000703500206C350020342000206E35002022
:10012000034B1A881AB13C2002492CF05FB8704783
:10013000703500203E21040838B50446064DFFF70F
:10014000EFFF21462888FCF7F9F800232B80BDE853
:100150003840FCF73DB900BF70350020002273B570
:10016000054610460E462DF042FC044630B1054AC5
:1001700000962B46002112882DF0BBFD204602B0D0
:1001800070BD00BF7035002008B5034B188812F011
:1001900067F9C0B208BD00BF70350020014608B540
:1001A00007482DF058FD18B192210648FBF7A2FD33
:1001B000034B188812F038F9034B186008BD00BFD4
:1001C00070350020572604083420002038B500215F
:1001D00009482DF095FC054612F042F9074B0446FC
:1001E00028461D8012F020F9054B50FA84F418605F
:1001F000044B01201C6038BD744300207035002082
:10020000342000200033002010B5044627F091FE72
:10021000024B1880024B1C8010BD00BF6E350020C1
:100220006C35002008B513F05FF828B1BDE8084030
:1002300043210248FBF75EBD08BD00BF99260408B4
:1002400001482DF045BE00BF3820002013B51C48E2
:100250002DF007FE2AF0BBFB2AF046FC2AF045FCF5
:100260002AF044FCFBF7F4FC0446FBF727FD234689
:100270000121144A0090042000F0B6F8FBF7E2FCDC
:100280000446FBF729FD23460F4A01210090042074
:1002900000F0AAF8FBF7DCFC012340F2A1728340D6
:1002A00013420BD00020FBF7DFFB0020FBF7DEFA48
:1002B000002002B0BDE81040FBF7A4BA02B010BDA8
:1002C00038200020E8260408FE260408012908B585
:1002D00009D1FBF7E5FE084B187060B1BDE8084096
:1002E0000020FBF7CFBE31B9034B1B781BB1BDE833
:1002F0000840FBF795BE08BDB4510020012008B5A9
:10030000064B187028F0CEF9022028F0CBF9BDE892
:10031000084003490348FDF729B900BFA045002064
:10032000744C00206820002070B528F0B7FC10F055
:10033000070F194D09D02B781BB90120287028F020
:10034000B1F9BDE8704028F001BD144C2378032BAF
:10035000F1D928F0B7F90028EDD028F09FFC10B9AA
:100360002378032B14D828F0F1FC04460028E2D0AF
:100370002B785BB100262E7026F08FFB05463146A8
:100380000120FDF75FF8284626F08BFB204670BD64
:100390004FF0FF34ECE700BFA04500206D46002081
:1003A0001FB5FFF7C1FF0446FDF734FEA04228BF8A
:1003B000204688B103A9FDF70FFE034638B9CDE901
:1003C0000000064A0399064827F014FF18B18D2152
:1003D0000448FBF78FFC012004B010BDA38603087E
:1003E000482000201E2704080CB413B502460C4612
:1003F00028F077F960B9094B1B681A4208D005A9A3
:100400000498019102F04CFE14B105482AF0BBFAA1
:1004100002B0BDE8104002B0704700BF7C4C002025
:10042000682704082DE9F34102AB03E906000446FE
:10043000904612F0E3FB0546204612F0EFFB394FE1
:100440009DF80060384BFDB1202C98F8002033F85F
:10045000141037F8140008D9814254D34FF6FF72B4
:1004600091421DD102B0BDE8F081012A32D84FF689
:10047000FF752E4802EB4212224430F81210A942B6
:1004800002D0013120F8121033F8141037F814009C
:10049000814238D34FF6FF7291424FF0010502D0EE
:1004A000013123F8141004F0FD02092A2DD19A8A93
:1004B000B98A32448A42B4BF9A82998233F814309E
:1004C0008342CFD3002DCDD1204602B0BDE8F0410C
:1004D00028F079BA022AD7D14FF6FF704FF6FF7590
:1004E000124A32F81410814218BF013104F1210080
:1004F00018BF22F8141032F81010A9421CBF0131A5
:1005000022F81010C0E70025CAE71D2CD6D15A8F5B
:1005100091198142BDBF02F1FF32B6185E8758873C
:10052000CCE700BFF63500204836002072350020A9
:1005300008B55222002102482AF0EBFB002008BD3A
:100540004836002008B55222FF2102482AF0E1FB7C
:10055000002008BDF6350020024B23F810100020C3
:10056000704700BFF635002038B505464FF40050FF
:100570000C4603F0A5FD4FF400532860236030B90A
:100580004FF4C571BDE838400148FBF7B3BB38BD37
:100590006A2704080048704770410020014B187812
:1005A000704700BFD0510020014B1880704700BF3A
:1005B0007E510020014B1888704700BF7E510020FB
:1005C000014B187000207047C8510020014B18786B
:1005D000704700BFC8510020014B187000207047C1
:1005E000BE510020014B1878704700BFBE5100205B
:1005F000014B1878704700BFC0510020014B18789C
:10060000704700BFA8450020014B1870704700BF1D
:10061000A8450020014B1878704700BFA74500206F
:10062000014B1870704700BFA7450020014B187898
:10063000704700BFC1510020014B1870704700BFC8
:10064000C1510020014B1888704700BF7C51002029
:10065000014B1880704700BF7C510020014B187877
:10066000704700BFC9510020014B1870704700BF90
:10067000C95100202DE9F74F414B424A0193424BAB
:10068000DFF844911B78DFF84481DFF844E1DFF8BC
:1006900044C13E4F3E4E3F4D3F49404802EB431A56
:1006A000019B524503F1200309F1200908F12008BC
:1006B0000EF1200E0CF1200C07F1200706F12006A8
:1006C00005F1200501930FD100221146344B324D24
:1006D0001C78344E344B314FD0B2844203F12003A6
:1006E00046D803B0BDE8F08F304B314C5360002347
:1006F00049E907432F4CDFF8E0B048E907432E4CA7
:10070000C2E902304EE907432C4C11604CE9074323
:100710002B4C136147E907432A4C49E9050348E993
:1007200005034EE905034CE9050347E9050349F8CC
:10073000201C48F8201C4EF8201C4CF8201C47F8C0
:10074000201C46F8201C46E90743019C45E907B3F5
:10075000DFF888B046E9050345E9050344E907B336
:1007600044E9050345F8201C44F8201C203297E793
:1007700043E9085643E9061743F8101C0132ABE77A
:10078000D4250020F4260020D75100203426002054
:1007900014260020F42500206C3400208F1A040851
:1007A000CE51002059C5020874260020096E0208A7
:1007B00037E803088D820208F10F03085FFC030885
:1007C000DDA502088DC70108D4260020B42600202C
:1007D0009426002054260020094A0308116A0208C2
:1007E000002208B5074B1A605A6028F02FFA064B12
:1007F000187028F02BFA054B1870054B1A78054B2A
:100800001A7008BD0E3400206A4600206946002098
:10081000BF51002068460020002100B593B0084673
:100820006A4610F01FFF0146C8B90E4B0E4A0993E5
:100830000E4B0D920A930E4A0E4B0E920B930E4ADC
:100840000E4BCDE90F230C930D4B6A46119311F01B
:10085000E7F9003818BF012013B05DF804FB012050
:10086000FAE700BF0FE30308297C02080DE503083F
:1008700091410208998C03089193020877E50308D7
:10088000FD750208074B1878112803D8064B034161
:10089000DA0704D5A0F143035842584170470120BC
:1008A000704700BF6C460020CBFFFDFF08B5064B2C
:1008B0001B78013B022B05D80020FFF7E3FF01382E
:1008C000C0B208BDFF20FCE76D460020242811D8E7
:1008D000094B53F820300B60084B1B5C4B71084BE5
:1008E0001B5C0B71074B1B5C8B71074B1B5C002067
:1008F000CB71704727207047E4240408982404082B
:10090000BD240408732404084E24040838B50023C9
:100910000A4C54F8045B854209D1094CE35C13602E
:100920005268FDF7ADFE003818BF012038BD013315
:10093000252BEED1002301201360F7E7E4240408FF
:10094000732404082DE9F04F80460F460025DFF898
:100950007490DFF874A085B06946E8B2FFF7B6FF7F
:10096000044638B10135252DF6D105B0BDE8F04F6C
:1009700000F00ABF009EB8F1000F18D117B10F4B5D
:100980009E42EFD00AEB850B9DF80730E1B28B4217
:10099000E8D99DF8063002AA0293DBF80030304611
:1009A0000393013428F0E6F9FBF766FBECE74E45CC
:1009B000D8D0034B9E42E1D1D4E700BF63E20100EF
:1009C00023E1010063E501006821040830B587B028
:1009D0006B460E4A05465168106802AC03C303C358
:1009E00000211A460A4804910594FFF78FFF58B971
:1009F000049A082A08D1214668462AF060F918B1FD
:100A0000234603CB2860696007B030BDC8270408BF
:100A10002AE101000022034B1870034B1970034BAD
:100A20001A7070476F460020704600206E46002006
:100A30002DE9F04FDFF89080064698F800300D461B
:100A400085B0002B3AD04FF6FB73984236D84FF062
:100A5000000B1C4FDFF874A03C7898F800305FFA68
:100A60008BF94B459AF8000011D9484402AA0DF1C0
:100A70000601C0B21DF0E0FD082229460DEB020080
:100A80002AF01DF90BF1010B0028E6D14C463B780A
:100A9000A34208D198F80020631CDBB29A423B7055
:100AA00004BF00233B70324629469AF800301C44AC
:100AB000E0B205B0BDE8F04F1DF0ACBE05B0BDE83A
:100AC000F08F00BF6E460020704600206F46002069
:100AD0002DE9F047002492B006A8CDE9004400F0CB
:100AE0007BFA04238DF818309DF82530DFF89080CC
:100AF00043F00103DFF88C908DF825300BAF5FFADF
:100B000084FA06A88DF819A000F006FE00B3192398
:100B100052461946384602AE0DAD27F079FA95E8EF
:100B20000F0086E80F0097E8030007AB83E8030097
:100B30000822694618462AF0C2F848B1314606A88C
:100B400028F0F4FA58B199F80130013389F80130EE
:100B500001340C2CD3D1002012B0BDE8F087102254
:100B6000FF2128462AF0D5F819233A46184651465F
:100B700027F057FA98F80130013388F80130E7E799
:100B800076460020714600202DE9F04397B004A876
:100B900000F022FA07230026DFF88C90214FDFF8BF
:100BA0008C808DF8103099F80030F4B2A34203D84D
:100BB000002017B0BDE8F08304A88DF8114000F0C4
:100BC000ABFDE8B1342322461F2109A827F020FA03
:100BD0006A4694460DF136030DF1460E1546186827
:100BE0005968083303C573452A46F7D1614604A8FE
:100BF00028F09CFA30B198F80330013388F80330BC
:100C00000136D0E71022FF2109A82AF082F8342308
:100C100021461F2009AA27F004FAFB780133FB7054
:100C2000EEE700BF76460020CA5100207146002042
:100C30002DE9F04397B005A800F0CEF9082300266F
:100C4000DFF88C90214FDFF88C808DF8143099F804
:100C50000030F4B2A34203D8002017B0BDE8F083FF
:100C600005A88DF8154000F057FDE8B13023224665
:100C700021210AA827F0CCF901AA94460DF13603E8
:100C80000DF1460E154618685968083303C57345BB
:100C90002A46F7D1614605A828F048FA30B198F8FD
:100CA0000330013388F803300136D0E71022FF21EA
:100CB0000AA82AF02EF83023214621200AAA27F07C
:100CC000B0F9FB780133FB70EEE700BF76460020F9
:100CD000F545002071460020F0B50446012593B08B
:100CE0000DA800F079F90DA88DF834508DF8354035
:100CF00000F012FD10B9002013B0F0BD9DF83500D2
:100D000008AC012818BF28466D464FF0110307BFF5
:100D1000022221460622214611F0D8FE94E80F0057
:100D200085E80F0004AA17461A4B03F1100C16466B
:100D300018685968083303C663453246F7D1102254
:100D40003946284629F0BBFF0028D5D029460DA8F2
:100D500028F0ECF9054628B10F4A01201378013339
:100D60001370C9E71022FF21204629F0D2FF9DF819
:100D700035302146012B08BF02224FF0110318BF66
:100D80000622284611F0A2FE044A1378013313709C
:100D9000B1E700BF362804087146002076460020DF
:100DA000F0B591B004A800F017F9022304A88DF85B
:100DB000103000F0B1FC10B9002011B0F0BD1A23C2
:100DC0000822012009A911F081FE6A460DF12E03C7
:100DD0001D4616460DF13E0714461868596808333B
:100DE00003C4BB422246F7D1314604A828F09EF93D
:100DF000044628B10A4A0120537801335370DCE7D6
:100E00001022FF21284629F084FF1A2308222046B9
:100E100009A911F05BFE034A537801335370CBE705
:100E20007146002076460020F0B595B005A800F088
:100E3000D3F8052305A88DF8143000F06DFC0623C7
:100E4000044605A88DF8143000F066FC054644B34E
:100E500028237F220DEB03001D2127F0D9F801AADA
:100E600016460DF12D030DF13D071446186859681B
:100E7000083303C4BB422246F7D10523314605A8F7
:100E80008DF8143028F052F9044600283AD12F4A40
:100E900093780133DBB293706DB963BB002015B05A
:100EA000F0BD0028FAD028237F221D210DEB03007E
:100EB00027F0AEF801240DF13D0301AA17461E46A6
:100EC0000DF14D0C154618685968083303C5634584
:100ED0002A46F7D10623394605A88DF8143028F0A4
:100EE00025F91A4A00B31A498B7801338B7093782D
:100EF000002BD3D084B91022FF210DF12D0029F051
:100F000008FF09E0124A937801339370002DD2D183
:100F10000E4B9B78002BC1D028237F211D200DEB89
:100F2000030227F07EF8B9E793780133DBB29370C0
:100F3000002BB3D02CB91022FF210DF12D0029F088
:100F4000E8FE1022FF213046D9E700BF7646002098
:100F50007146002070B5FBF7A3F8044610B1A52038
:100F6000FBF790F80020FFF7B7FE0120FFF7B4FE73
:100F7000FFF716FFFFF758FFFFF7AAFDFFF704FE84
:100F8000FFF756FE00231D4619460F4E0F4816F870
:100F9000012B0133114410F8012BDBB22A44052B3D
:100FA00089B295B2F3D151EA050306D0084802F0A0
:100FB00063F82946074802F05FF81CB1BDE87040AD
:100FC000FBF72EB870BD00BF7646002071460020AA
:100FD000D7270408FE27040810B504461422002170
:100FE00029F097FE014B236110BD00BF00014405AD
:100FF000014B0361704700BF0044400410B5037803
:101000000446013B8AB0082B17D8DFE803F0093308
:1010100010180522242A30004FF003100AB010BD2A
:1010200043781548002B08BF4FF44030F6E701A97C
:1010300027F0BEFE08B90698F0E70020EEE727F09B
:101040000EFF0028F9D1607800F5403000F580707F
:10105000E4E70A48E2E7407800F5403000F5007028
:10106000DCE7407800F5403000F54070D6E7044BEF
:101070001868D3E70348D1E7010003000400030028
:101080003427002002000300044A054B10B11B68FE
:101090001360704712681A60704700BF2C27002049
:1010A0003827002030B543780446002B0B4808BF92
:1010B0004FF4403087B00D46059028F082FB102396
:1010C000CDE90153012300934FF4105140F2013355
:1010D000226905A828F038FB07B030BD01000300E5
:1010E00010B501240C4886B005908DF8134028F007
:1010F00068FB0DF11303CDE90043002240F20133F8
:1011000041F20101029405A828F01EFB003818BF27
:10111000012006B010BD00BF1000030073B501240C
:101120000026054622460B4801AB0DF103018DF860
:101130000360019428F033FB10F1880F03D12D20B8
:101140002E7002B070BD18B99DF803302B70F8E70F
:101150002046F6E71000030007B510224378074841
:10116000002B08BF4FF4403001AB019228F017FB71
:10117000003818BF012003B05DF804FB0100030034
:1011800010B5044686B001A902221123012011F0F6
:101190009DFC9DF814300C48E37027F04BFE0622AE
:1011A00001A960701123012011F090FC9DF814300A
:1011B0004FF44030A37027F03DFE207019F09AFBE9
:1011C0006060002006B010BD0100030030B5054688
:1011D00019488DB00C46049028F0F3FA1023CDE99D
:1011E0000143012400942A6940F201334FF4105165
:1011F00004A828F0A9FA0546D8B91A2308222046DF
:1012000005A911F063FCBDF91420BDF81430002AC3
:1012100002DA00200DB030BD6FEA43436FEA53435A
:101220000822ADF8143028461A2305A911F04EFC07
:10123000EFE72046EEE700BF02000300F0B585B0FF
:1012400004460E462CF043FFC8B102A81AF0D8FF9E
:10125000A8B1657B271D15F0020F09D0082238467A
:101260000DEB020129F02BFD10B12D2005B0F0BDD2
:1012700002AB45F0020503CB606079606573102214
:101280003146034801AB28F08AFA0028EED0ECE79B
:101290000200030007B5102203780748052B08BF9A
:1012A0004FF0031001AB019228F079FA003818BF13
:1012B000012003B05DF804FB0400030030B50446D0
:1012C00091B07F220D4628231D2106A826F0A0FEFE
:1012D000069B002043F4007306932378052B0BBF75
:1012E0004FF00312124A0DF11D010DF12D010CBF3B
:1012F0000592059228F0B4F9059828F062FA1023B7
:10130000CDE9015301230093226940F201334FF4E8
:10131000105105A828F018FA044628B928237F217F
:101320001D2006AA26F07DFE204611B030BD00BF6C
:101330000400030070B543780446FF2B0E4696B0B8
:1013400012D1002501212A460430CDE90C5500F0C8
:1013500031FBFF2801D0607006E02A4601210CA86D
:1013600000F028FBFF28F6D165782F4B05F54035B6
:1013700005F580759D42049553DC282200210CA8B8
:1013800029F0C7FC284628F01CFA10230125CDE9D6
:101390000163009540F201334FF41051226904A813
:1013A00028F0D2F9002839D163686178CDF84D3042
:1013B000A3680CAACDF8513005238DF83230637B39
:1013C0005B0103F40073ADF8303000F067FB0546B5
:1013D00020BB19236278194605A826F019FE9DF84E
:1013E0002C305A060AD42846049A07A928F038F95E
:1013F0009DF82C3043F040038DF82C30637B6178EE
:10140000DB0648BF9DF82C3005AA44BF63F07F037C
:101410008DF82C301923184626F003FE284616B006
:1014200070BD1A25FAE700BF0B01030008B5037869
:10143000013B082B06D8DFE803F00C2D13172A2FE9
:101440001B212700002028F0BCF9003818BF01201C
:1014500008BD43781148002B08BF4FF44030F2E735
:10146000BDE8084027F015BEBDE8084027F09FBD45
:10147000407800F5403000F50070E4E7407800F572
:10148000403000F54070DEE7054B1868DBE74FF0B1
:101490000310D8E70348D6E70348D4E70100030068
:1014A0003427002002000300040003007FB50C4E27
:1014B000044630680D4628F084F91023CDE9015325
:1014C000002300934FF4105140F20133304622695B
:1014D00028F03AF9003818BF012004B070BD00BFF1
:1014E0003427002007B50648102201AB006828F019
:1014F00056F9003818BF012003B05DF804FB00BFA7
:10150000342700202DE9F043074620488FB0884655
:1015100016466B461022006801A928F040F9002504
:10152000002D05AB0CBF36205C200024994601AA93
:1015300012F8011B0134E4B24140102C03F8011BE6
:10154000F6D109A82DF0C6FC4A46214609A82DF07F
:10155000C5FCBDB941463A4609A82DF027FD3246E3
:1015600009AC0DF1340C234603CB63451060516088
:101570001C4602F10802F6D115B10FB0BDE8F083A8
:101580000125CDE732462146E6E700BF3827002097
:10159000F0B50C46064687B008461546FFF72EFD07
:1015A0006388214F1A0738602CD52A46314610200F
:1015B0002DF05EFD1D4E306808B128F002F91023B1
:1015C000CDE90153002300934FF4105140F2013351
:1015D0002269164828F0B8F820BB33683B6063885E
:1015E000D90717D500232A4601210DF117008DF8E0
:1015F0001730FFF787FF6388002B0CBF21200020E6
:1016000007B0F0BDDE06EAD52A460821201DFFF707
:1016100079FFCFE79A0701D50223E4E75B07EAD514
:101620000323E0E70120EBE73827002030270020E4
:10163000F0B597B00446FFF7E1FC354E0546306043
:1016400010B92D2017B0F0BD002124220DA829F0DB
:1016500060FB28460DA928F0AEF80028F1D13768C4
:10166000A7F54033B3F5803F1FD222780E9D022AA2
:10167000119B4FEA15253DD0F7F774FC052814D1CE
:101680009DB940F20113384609AA0DA90E93099796
:1016900000F0F2FA002309A88DF82430FFF73EFD90
:1016A0009DF824300BB9FFF71BFD60880028C9D0D6
:1016B00005A92046174D09AF27F057FD3A462146A8
:1016C00005A8FFF765FF286808B128F07AF810230D
:1016D000CDE90173002300934FF4105140F2013320
:1016E00022690C4828F030F82B68003818BF012018
:1016F0003360A7E7002BBFD109A9204627F035FDAD
:1017000009A9204627F012FDF7F72CFCC2E700BF1D
:10171000382700203027002038B5034C2568FFF714
:1017200087FF256038BD00BF382700207FB50A9E9F
:101730009DF820409DF82450CDE90034CDE90256B3
:1017400013460A4601460448006828F062F804B0CF
:10175000BDE8704027F0DEBC3827002010B50446F5
:101760001346074A10680A4606492CB128F02BF8A0
:10177000BDE8104027F0CEBC28F038F8F8E700BFED
:10178000382700200044400438B54FF44034044D5D
:101790002046013427F095FBAC42F9D138BD00BF9B
:1017A000000103002DE9F04303780446092B0D46A0
:1017B0009DB050D005AA1646284B03F1080C1746D9
:1017C00018685968083303C763453A46F7D109AA30
:1017D000904618681B7938603B71214B03F1100C5F
:1017E000174618685968083303C763453A46F7D166
:1017F00020464FF0100904240DAFFFF719FF4246B1
:10180000234601213046CDE900940297FFF78EFF71
:1018100017A8FFF7E1FB0923294617A88DF85C30CC
:1018200012AD27F083FC17A8FFF702FF23464246BC
:1018300001213046CDE90145CDF80090FFF776FF54
:1018400014222946384629F03AFAB0FA80F04009C5
:101850001DB0BDE8F0830020FAE700BF4628040869
:10186000542804082DE9F04186B0064603A80C462A
:101870001BF00CFD054600284AD1BDF80C30980637
:1018800046D510222946204629F043FA01A81AF02D
:10189000B7FCC0B1777B06F1040817F0020F06D041
:1018A0000822404601A929F00AFA00282ED101ABEE
:1018B00047F0020703CB7060C8F8041077732388E1
:1018C00043F008032380238843F0020323801AF0A7
:1018D0003FF860602CF0FBFB30B10E4B1B68A3603F
:1018E000238843F0040323800B4B1A68D1035EBFA7
:1018F000238843F010032380130203D5238843F485
:1019000000632380284606B0BDE8F0812D25F9E765
:101910002425F7E7242700202827002030B5234B73
:1019200005461B780C46834289B03DD919230246EF
:10193000194601A826F06CFB182101A82DF06AFFBA
:1019400010B9292009B030BD01AB03CB9DF81C3084
:10195000C4F8211013F0020F14BF082218225907EF
:1019600048BF42F020022280C4F81D00180642BF82
:10197000228842F400722280D907E2D50523A370A1
:101980000B4B53F82530A36119F0E8FF2388606101
:1019900043F0060222809DF81C200020520644BF1E
:1019A00043F086032380CDE72720CBE7C2510020F8
:1019B000702000202DE9F04F8FB0064602A80C469B
:1019C0001746FFF709FB04238DF808309DF8153002
:1019D00043F001038DF81530002C56D06B462C4A8D
:1019E0001068516803C39EB108226946304629F049
:1019F00066F9B0FA80F56D094FF00009DFF898A09C
:101A00009AF800305FFA89F4A34203D8FF2435E046
:101A10000125F1E71922FF2107A829F07AF91923F6
:101A20002246194607A826F0F3FA9DF83480B8F14B
:101A3000FF0F03D188211748FAF75CF93DB108215F
:101A400007A82DF0E7FEC8B109F10109D8E702A8FF
:101A50008DF80940FFF760FE08228346314607A84B
:101A600029F02DF95BEA0000EED118F0010FEBD060
:101A7000FF2F03D037B918F0800FE5D120460FB003
:101A8000BDE8F08F37EA0808F7E70224F6E700BF61
:101A9000A328040865280408C2510020F0B5324B81
:101AA0000D461B7814468B4293B05AD980B1192247
:101AB000002108A829F02DF900242C4B294643F8D1
:101AC0002540192308AA184626F0ABFA204618E04C
:101AD00002F11D0630466A4604AB08A927F07BFCDC
:101AE00088B1304611F0C6FDC0B1FF27384608A9BD
:101AF000FFF714FF2288BDF8203053409A050DD41B
:101B0000212013B0F0BD30469DF8217011F0B2FDD8
:101B10000028EBD1FF2F01D0BD42E7D123889B05E0
:101B200012D5D4F81D00716808AB03C327F03AF949
:101B3000002814BF0122032223889B1023F07F0377
:101B400013438DF83830B7E704A81AF059FB002882
:101B5000E7D00822304604A929F0B1F80028E0D1E6
:101B6000CEE72720CDE700BFC25100207020002023
:101B700070B5134B04461B780D468342164688B059
:101B80001CD919230246194601A826F041FA192149
:101B900001A82DF03FFE10B9292008B070BD9DF8B6
:101BA0001C30214623EA060219231543184601AAD0
:101BB0008DF81C5026F035FA0020EEE72720ECE7E0
:101BC000C251002038B50024054D2B78E0B2834285
:101BD00001D8002038BD27F0E3FC0134F5E700BF51
:101BE000C25100202DE9F04398461E4B81461B78D8
:101BF0000E46174685B0ABB9C6B91B4B18689B8813
:101C00000190ADF80830194B1C68A4B1184B1D7831
:101C10008DB104EB450534F8023B9F420ED0A5423E
:101C2000F9D103E027F09DFC0028E5D101263046DC
:101C300005B0BDE8F083032501ACEAE7B8F1000F79
:101C4000F5D19DF83430BDF8302047F4004101A8AB
:101C50002EF00CF88D234846064A01A91DF0E6F83F
:101C6000E5E700BFD8510020AC2804083C2700203D
:101C70007B460020EF6C040870B505461446F9B1A8
:101C8000F2B11668864204BF0F4B136012684B68AE
:101C90008A60DAB222B923F0FF0343F001034B60FC
:101CA0002246284628F0AAF860B9AE420AD130464A
:101CB00027F08BFF31462068BDE8704025F0B4BBAB
:101CC0006FF0860070BD00BFF000020010B50A463C
:101CD000044619B1024B00211B68984710BD00BF94
:101CE000884C00200E4B0340B3F1607F06D1B1F564
:101CF000885F14BF6FF0860000207047B3F1707FDB
:101D00000BD101F4E043B3F5005F06D111F4E06FAD
:101D10000CBF6FF08600002070476FF086007047A0
:101D20000000C07F9142F8B506460C4600F01D81C8
:101D300021F0FF00B24988420CD122F0FF03834218
:101D40003CD114F0FF0334D0AE4943F000738B4212
:101D50002FD10AE1AC4DA84216D0AC4B98420DD021
:101D600024F4FF7323F00103B3F1062F06D0A84F2C
:101D7000B84203D0A7F5A067BB4267D122F0FF03AA
:101D80008B422DD10022F0E022F0FF038B42F9D0EC
:101D9000834227D184EA0203FF2BF3D89A4B98425F
:101DA00000F0FE809949884240F04C8114F0FF0118
:101DB0000FD112F0FF0340F0E1801EE192498B4207
:101DC00010D184EA0201FF29DCD814F0FF0100F0F1
:101DD000DC808C4841F00071814240F0EA80C4E030
:101DE000AB42D6E7894DAB4200F09B8022F4FF71F5
:101DF00021F00101B1F1062F06D0854FBB424AD038
:101E000005F50075A94221D184EA0201FF29B9D85C
:101E10007B4D24F4875121F01F01A94240F00E812F
:101E200014F0FF01D5D179498B4200F0DD8022F416
:101E3000FF7121F00101B1F1062F00F0D580744847
:101E4000834200F0D180734B9942B2D004F0FE453A
:101E5000B5F1A06F2AD102F0FE43B3F1A06F91D18A
:101E600084EA020333F47E138CD12504C4F30543C2
:101E7000C2F3054002F4004140F1F280002900F075
:101E8000EB80834238BF034624F47E1242EA0342C9
:101E900042F4004269E084EA0201FF2940F299809D
:101EA00004F0FE45B5F1A06F3FF46CAFB5F1407F93
:101EB0007FF468AF02F0FE43B3F1407F7FF462AF7E
:101EC00084EA020333F47E157FF45CAF314620468A
:101ED000FFF708FF00287FF455AF14F47C1300F0DF
:101EE000C780C4F3054312F47C1504F4004C02F4DB
:101EF000004700F0E280C2F30540BCF1000F00F0A3
:101F000014810546002F00F00C819D4238BF1D460C
:101F10002D0405F47C1524F47E142C4344F4004273
:101F200023E084EA0201FF29BAD8354988421ED04D
:101F300001F5805188420FD0984240F0838014F020
:101F4000FF017FF446AF31498B424DD112F0FF03C0
:101F500014D104F0FE45A9E714F0FF033FF429AFC4
:101F6000284943F000738B4204D11046F8BD14F0A9
:101F7000FF03F5D112F0FF033FF404AF214943F012
:101F800000738B427FF462AF08E012F0FF02ECD0E6
:101F90001C4B42F000729A427FF4F4AE2246E4E712
:101FA00014F0FF030AD0174943F000738B42DCD0D2
:101FB000034615498B427FF436AF15E012F0FF025D
:101FC000D3D0104B42F0007199420CBF2246002240
:101FD000CBE70B4988421FD114F0FF0304D0094915
:101FE00043F000738B42C0D012F0FF03C6D104F05F
:101FF000FE45B5F1A06F7FF459AF1A46B5E700BFB3
:1020000000030006FF0000020013000600020006A5
:10201000000900060004000645498842DCD0A842B9
:102020008DD0444D24F47F7121F00301A94201D0E9
:102030009842BED114F0FF01BBD0CAE63E498842A7
:102040003FF4EEAE3B4D24F47F7121F00301A94231
:10205000F0D03A498842ECE7834288BF002284E707
:1020600000293FF48FAE83422CBF224600227CE73A
:1020700033492140B1F1607F0ED13248E1B241F0E5
:102080000071814217D001F17E4104390F293FF6DA
:102090002AAF2D4B5B5C26E7B1F1707F7FF423AF55
:1020A00006F4E041B1F5005F7FF41DAF0123C6F3F4
:1020B00002218B4017E7102315E721491140B1F1A8
:1020C000607F1FD11F48D1B241F00071814226D0FC
:1020D00001F17E4104390F2911D93846BCF1000FB6
:1020E0007FF410AF002F7FF459AF83427FF44AAEE4
:1020F0001B0403F47C1324F47E121A4335E71348BF
:10210000405CFAE6B1F1707FE7D106F4E041B1F549
:10211000005FE2D10120C6F30226B040EDE61020B8
:10212000EBE6AB4288BF00221FE7002FDDD09AE725
:102130000013000600040006000200060009000665
:102140000000C07F03000002B2280408B22804087F
:102150008A42F8B506460C4600F0DB806F4922F44F
:10216000FF7323F001038B420ED06D4B22F0FF0171
:10217000994209D06B4822F47F7323F00303834212
:1021800002D0694B994228D1684B24F0FF01994253
:102190000FD114F0FF000BD0654B40F00070984257
:1021A00040F0B98082EA0400FF288CBF00200120A3
:1021B000F8BD5B4B9942ECD0A3F588539942E8D027
:1021C00024F4FF7323F00103B3F1062FE1D0564846
:1021D0008142DED053498B42DBD004F0FE43B3F1A1
:1021E000A06F14D102F0FE43B3F1A06F40F09380D2
:1021F00082EA040333F47E1340F08D8014F400402F
:10220000D6D0C4F30540C2F305429042CDE7B3F106
:10221000407F6AD102F0FE43B3F1407F7BD182EA76
:10222000040535F47E1576D131462046FFF75AFD78
:10223000002870D13F4B12F47C1703EA02031BD035
:10224000B3F1607FC2F305473FD13B49D3B243F0BE
:1022500000738B423DD003F17E43043B0F2B01D82A
:102260003649CD5C14F47C1FC4F3054333D1BD4221
:1022700014BF002001209BE7B3F1607F0DD12E49F0
:10228000D3B243F000738B421DD003F17E43043B75
:102290000F2BDAD82A49CF5CD7E7B3F1707FE1D1B1
:1022A00006F4E043B3F5005F03D10127C6F3022330
:1022B0009F4006F4E043B3F5005FD3D10125C6F398
:1022C00002218D40CEE71027BFE7B3F1707FC9D15F
:1022D000EFE71025C6E712F47C1F01D1AB4218D0FE
:1022E00022047FF565AFBB425FE7B3F1106F12D1F7
:1022F00024F01F6020F4702068B902F0FE43B3F1AF
:10230000106F7FF455AF0F48104040F01060A042AE
:10231000AEE701204CE700204AE700BF00020006BC
:102320000013000600040006000900060003000672
:10233000FF0000020000C07F03000002B228040872
:10234000B22804080000FFF6074B20F47E109842E4
:1023500006D10739072934BF00206FF08600704787
:102360006FF08500704700BF0001400500F0FE439C
:10237000B3F1A06F3FD1214B20F0FF029A4203D16D
:1023800010F0FF0027D170471D4B9A4220D0A3F5D3
:1023900088539A4218D020F4FF7323F00103B3F15D
:1023A000062F0DD017498A4206D0174A93421BD1F7
:1023B00010F0FF000FD1704710F0FF000BD17047F5
:1023C00010F0FF0007D1704710F0FF0003D17047F5
:1023D00010F0FF0011D00D4B40F00070984214BF78
:1023E00000206FF08600704710F4004F0CBF0020F3
:1023F0006FF0860070476FF086007047000300069C
:10240000001300060009000600040006FF00000299
:102410002DE9F8431746002288461C4600F0BCFA16
:10242000054688BBD8F80060B6F8009009F4E04390
:10243000B3F5804FF36808BF27F0010737EA0303BD
:102440001AD10CB3254B24F0FF029A421FD114F08D
:10245000FF0304D0224A43F00073934232D0224655
:1024600048463169FFF774FE074668B92246484678
:102470007169FFF76DFE70BB6FF084050023304675
:10248000C8F8003028F006F82846BDE8F883154B58
:102490009A42DCD0A3F588539A42D8D024F4FF7333
:1024A00023F00103B3F1062FD1D00F498A42CED0D9
:1024B0000E4A9342CBD004F0FE43B3F1407F04D1E7
:1024C0002304CCD56FF08605D8E7B3F1A06FF7D021
:1024D000034B9C42C2E73D46D6E700BF000300061F
:1024E000FF000002001300060009000600040006B9
:1024F0002DE9F0471D460023164601F0FE4290B03C
:10250000B2F1806F0C46DDE918891A9F069305D059
:10251000184627F0BFFF6FF0860A0AE00B464FF41B
:10252000007206A9FFF774FF824628B1069827F0CB
:10253000B1FF00233B6074E0DDF818C00DF11C0E04
:10254000E246CDE90E00BAE80F00AEE80F009AE8C7
:1025500007008EE807003E49BCF800308C4203F4C7
:10256000E0420AD1B2F5005F2AD10120C3F3022272
:102570009040A8420CD96046CBE7B2F5005F21D06D
:1025800042F20402934234D1324B9C4231D125E0D5
:102590007AB1314A30498C4229D030498C4226D018
:1025A000A1F53F418A4222D042F20402934204D173
:1025B00011E042F20402934202D1254B9C4218D111
:1025C0000D2014E013F4E06FC3F3022208D142F2AD
:1025D000040293420DD11F4B9C42EED10C2006E029
:1025E00001201F49904024F480728A42D2D1A8422F
:1025F000C1D8DCE90912089B1B0A16D0012BBAD1FD
:102600002346CDE90397CDE90158009607A825F0A8
:10261000B1F90446069827F03DFF8246ACB9002880
:1026200087D1504610B0BDE8F0872346CDE9039727
:10263000CDE90158009607A825F0A4F910F1860FFE
:102640000446E7D1069827F025FFA24671E700BFB0
:102650000013C004000180040012C00400FF400405
:102660000010C00437B50B4D0C462B787BB100230E
:102670000A460193014601AB281D24F021FF20B931
:10268000019BA34218BF6FF0930003B030BD6FF001
:102690008800FAE7402700202DE9F04F9B460023F1
:1026A000924601F0FE4297B0B2F1806F0E46DDE92E
:1026B0002089229F089305D0184627F0EBFE6FF083
:1026C00086043CE00B464FF4807208A9FFF7A0FE99
:1026D000044618B1089827F0DDFE30E0DDF820C090
:1026E0000DAC6546CDE914000FCD0FC495E8070089
:1026F000BCF8003084E8070003F4E042B2F5005F64
:102700001FD113F4E06FC3F302211AD0414826F41D
:10271000807282420AD000F50070864206D03E48A0
:10272000864203D0A0F53F4082420AD101258D4068
:10273000102D11D9604627F0ADFE6FF083040025FF
:1027400063E042F20402934202D1344B9E420BD02A
:10275000334B9E4223D10D25A94507D2604627F071
:1027600099FE6FF08904EAE70C25F5E7294609A8E8
:10277000FFF778FF04460028ACD1DDF820C0DCE983
:102780000912B8F1000F0CD008EB05000E9CA9EB64
:102790000503240A07D0012C1AD060468DE70025D6
:1027A000EBE74046F2E7CDE9053709ABCDE903B0E9
:1027B0000093CDE9015A33460DA825F0E1F810F158
:1027C000860F064611D1089827F064FE3446B6E716
:1027D000CDE9053709ABCDE903B00093CDE9015A46
:1027E00033460DA825F0C4F80646089827F052FE97
:1027F0000446002EEAD10028A1D125B12A46404640
:1028000009A928F04FFA3B681D4420463D6017B0E7
:10281000BDE8F08F0010C00400FF400400018004F8
:102820000013C00408B500F065F8064B5A7812B1E1
:102830000022C3E90122BDE808400C210148FFF74E
:1028400045BA00BF4027002070B50E4D2B7893B9D4
:1028500024F02BFE044688B924F030FE044668B903
:1028600002230126C5E90100AE706B7000F03AF852
:10287000044618B92E700024204670BDFFF7D2FF21
:10288000FAE700BF4027002000F100422532242A49
:1028900038B504460D4609D82C21114B01FB0233F3
:1028A0009A68824215D06FF08B0038BD012127F065
:1028B000A3FD88B10A48002203468168A14205D0E1
:1028C0000132252A00F12C00F7D1ECE72C2101FB85
:1028D000023300202B60E8E76FF08700E5E700BFD8
:1028E0004C2700200122024B002083F85C26704711
:1028F0004C27002070B5094C0025264604212046AF
:1029000027F08BFD0135204627F019F9252D04F11C
:102910002C04F3D1002386F85C3670BD4C270020D0
:10292000F8B51B4C064694F85C360F464BB30025B1
:102930002346294693F820001A46B8B125B91A79DA
:1029400012B1022808BF1D460131252903F12C03CD
:10295000F0D115B96FF08C0015E00421284627F05E
:102960005CFD68B9284627F0EAF82A460020094BA2
:10297000141BA4105C4304F10044253C34603A600D
:10298000F8BD6FF0880000233B603360F8E700BFBC
:102990004C270020A38B2EBA2DE9FF4100230B60AA
:1029A000394B804693F85C360D461646002B68D0AE
:1029B000FFF76AFF0446A0B92EB9286804B0BDE845
:1029C000F04127F054BD012E04D00024204604B06D
:1029D000BDE8F0810521286804B0BDE8F04127F08A
:1029E0001CBD10F18C0FF1D1294601A8FFF798FF0B
:1029F00004460028EAD101232F68CDE90200C7F878
:102A0000088038467B6003AA02A927F0EEFD044641
:102A100088B1DDE9020127F0E6FD2D680421284692
:102A200027F0FBFC284627F08AF814F18C0F08BF2A
:102A30006FF08704CAE7DDE90212384627F002F892
:102A40000446DDE9020127F0CEFD002CE5D102218C
:102A5000384627F0E2FC04460028DED12868C36827
:102A6000D90444BF43F48063C360C3689A0444BF7D
:102A700043F40063C360002EA0D0012EA5D1052130
:102A8000AAE76FF08804A1E74C27002030B40D4D71
:102A90002C681C606C685C6000249C605468DC607E
:102AA00014881C8254885C82D4685C6114699C61BF
:102AB000526930BCDA6119620A46014603F124000A
:102AC00028F0F0B8C22804082DE9F8432329044669
:102AD0000F4691469846089E04D86FF09805284600
:102AE000BDE8F8830822194928F0E9F805460028CE
:102AF000F3D1A368002BF0D1216A243F8F42C8F89C
:102B00000010EAD3B1F5005FE7D271B9C9F800004F
:102B1000E3687360238A3380638A73806369F36038
:102B2000A3693361E3697361D9E7012025F032FBC2
:102B3000C9F8000030B1D8F8002004F1240128F0D1
:102B4000B1F8E5E76FF08C05C9E700BFC2280408BB
:102B50002DE9F04F9B4691B00B1E0A93AD4B90466A
:102B600014BF8146994600241A9E9BF8000070B954
:102B7000444538BF224643464FF000000A9928BF1B
:102B800008F1FF32C847204611B0BDE8F08F252874
:102B90000BF1010B06D0224643460A99651CC84733
:102BA0002C46E2E700230DE02D2A2AD0302A06D059
:102BB000303A092A4FF0000711D80A2532E043F0D5
:102BC00001038B46594611F8012B2B2A1CD0EBD858
:102BD000202A1CD0232A1DD02A2A2BD000279BF87C
:102BE00000202E2A64D19BF801100BF10102A1F103
:102BF0003000092843F4806351D800254FF00A0CB7
:102C000026E043F00203DCE743F00403D9E743F096
:102C10000803D6E743F01003D3E78B4605FB0722F2
:102C2000A2F13007594611F8012BA2F13000092812
:102C3000F3D9D4E756F8047B8B46002FBCBF43F092
:102C400002037F42CBE702460CFB0511A1F13005E0
:102C5000104610F8011BA1F1300EBEF1090FF2D998
:102C6000114611F8010B6C282CD024D8682830D0DC
:102C70006A2837D011468B461BF8010B672875D898
:102C800057284BD8452807D085D9462800F03181F0
:102C9000472880D143F4006343F020033FE12A2911
:102CA00007D156F8045B0BF1020225EAE575D7E778
:102CB0005A460025D4E7742801D07A28DAD143F4A3
:102CC0008073D8E750786C28F9D143F44073911C95
:102CD000D1E75078682802D043F08003CBE743F077
:102CE000C003F4E743F40073C5E70A2A00F06281E9
:102CF000072A7FF450AF43F0210305930823CDE961
:102D000003531023CDE9011356F8043B22460093E8
:102D1000484643460A9927F09BFDFAE0A0F1580285
:102D20000F2A3FF638AF01A151F822F09D2D01087E
:102D3000972B0108972B0108972B0108972B010867
:102D4000972B0108972B0108972B0108972B010857
:102D5000972B01089D2D01083D2F01089D2D01088D
:102D6000172F0108F72E0108172F0108A0F169029B
:102D7000D2B20F2A3FF60FAF012149F2410C914028
:102D800011EA0C01B1D0782803F4806122D1002926
:102D900000F0908023F00D02102307E0622803F476
:102DA000806220D142BB23F00C02022312F4007196
:102DB00000F08380CDE907720022CDE9043206F1EC
:102DC000070A2AF0070A06950292FAE80223CDE9DB
:102DD00000233DE06F2812D123F00C0209B123F04B
:102DE0000D020823E2E7582816D1002A39D123F032
:102DF0000C0242F02002CFE723F00D02D5E769284C
:102E000023F0100230D023F01C0209B123F01D0280
:102E10000A23CBE78FA6030842BB23F010029305D9
:102E200027D5073626F00706B24671685AF8083BE0
:102E30000A26CDE907720027CA0F0029CDE90467E9
:102E40000695029202DA5B4261EB4101CDE9003165
:102E50004346224648460A9927F03DFD0446564619
:102E600083E623F00D02C4E70029D8D023F0110235
:102E7000D5E7D00506F1040A01D5336802E0510612
:102E800013D53378CDE904720A22002B02924FEA5F
:102E9000D37203950192B8BF5B420093434622462A
:102EA00048460A9927F0D4FCD8E71306E5D5B6F9C9
:102EB0000030E7E723F00C026EE7D00506F1040AC4
:102EC00006D5CDE90472CDE9023501913368E4E716
:102ED000510608D53178CDE902350023CDE90472D9
:102EE000CDE90013DAE7316812F0800F18BF89B21C
:102EF000F1E743F02003CDE90173073626F007061A
:102F00000095B6EC020B4346224648460A99F3F771
:102F1000C3FB044629E6672801D143F40063CDE9E9
:102F20000173073626F007060095B6EC020B434600
:102F3000224648460A99F3F7F3F9EAE713F0020547
:102F400023D04FF0010A631C0B93224643460A9993
:102F500016F8040BC8475DB354460B9A1EE043466F
:102F600020200A99C8470AEB04020AF1010A5745D2
:102F7000F5D8002F07F1FF3308BF002307F1010A3E
:102F80001C4408BF4FF0020ADDE7AA46EBE7551CD8
:102F9000434620200A99C8472A460134BC42F6D34A
:102FA000A7EB0A03574538BF00230B9A1A440B922C
:102FB0000B9CDAE53246002D52F8046B14BF29460B
:102FC0004FF0FF310B9232463144107808B18A42FB
:102FD00011D1A2EB060A13F480620C9202D0AA452A
:102FE00028BFAA4613F002030D931BD1AAEB0403DA
:102FF00022460F9308E00132E7E7531C0E9320208E
:1030000043460A99C8470E9A0F9BD3189F42F4D89B
:10301000A7EB0A03574538BF00230AF101021C44FD
:1030200003EB020AA31B0E9304E01D46434622460F
:103030000A99C8470E9BF41816F8010B28B10C9B8F
:10304000002BF3D06B1E002DEFD10D9B93B12246C8
:10305000AAEB040505E0561C434620200A99C84700
:10306000324653199F42F6D8A7EB0A03574538BF9B
:1030700000231C440B9E78E50FB41FB506AA52F836
:10308000043B02A90392009204484FF0FF32FFF77D
:103090005FFD05B05DF804EB04B0704775A9030847
:1030A0001FB5034600914FF0FF3203A90248FFF716
:1030B0004FFD05B05DF804FB75A903081FB5CDE908
:1030C0000201009302A9134603484FF0FF32FFF7B5
:1030D0003FFD05B05DF804FB7DA9030808B5154B5D
:1030E0004FF4E4720021184627F013FE092203462C
:1030F000026142611048114A98614FF48061DA61BF
:10310000002219629A625A62DA62C3F8F0000C482F
:10311000C3F8F400C3F8F8100A49C3F80021C3F853
:10312000FC20C3F8042111F8010D98540132102A33
:10313000F9D108BD005C00203029040800580020A7
:1031400000540020492904082DE9F84FDFF8888051
:10315000824698F800308946532B164601D0FFF777
:10316000BDFF182707FB0A87D7F80051D7F8FCB036
:103170005D452FD9D7F8F840D7F8F410641BB44256
:1031800028BF344648462944224627F08BFDD7F80D
:10319000F8302544AB4208BF0025A144361BABEBF9
:1031A000050B5E4528BF5E465EB1182303FB0A830C
:1031B000D3F8F41032462944484627F073FD3444CE
:1031C000354424B1182303FB0A88C8F8005120466F
:1031D000BDE8F88F0024E2E7005C00202DE9F84309
:1031E000174E1F4633780546532B8946904601D02B
:1031F000FFF774FF082D1FD8EFF311824FF0200165
:1032000081F311886DB11824002304FB0564C4F810
:10321000F090C4F8F480C4F8F870C4F80031C4F831
:10322000FC30182303FB0566089BC6F8043182F3C3
:1032300011880020BDE8F8834FF0FF30FAE700BFA7
:10324000005C002007B501A8F5F77AFE9DF805306F
:10325000012B14D19DF804308BB94FF48012144B1C
:103260001449586E03F580535A664B6B23F0E053B4
:1032700043F040634B63C3025CBF0F4B5A66F7F7E2
:1032800031FD24F0EBFBF7F7FFFB24F07DFB24F08E
:10329000E7FB27F098FBF9F79BFDF3F707FEF8F73C
:1032A0001FFAF4F781FA03B05DF804EBFAF788B877
:1032B000008000500040005A00A0005030B51C4D66
:1032C00095B00DAC0FCD0FC495E80700292384E815
:1032D0000700184A0021CDE90223092408230E2201
:1032E0000DF12600CDE9041106918DF811308DF80D
:1032F000134027F00EFD4FF480210F4B0DAACDE9AE
:1033000007130A238DF825300C4B07A90A93402395
:103310000B9301238DF831308DF83230084B09487A
:10332000009302AB8DF82440F7F742FF15B030BD93
:103330005829040800C0055024C005507C460020D0
:10334000AC2D0020002E0020831E012B10B512D8BA
:10335000012922D8114B04221B6C08210020C3F341
:103360000023F5F78BFC0E4B1B681868A8B1BDE86D
:103370001040436A18478B1E012B0CD801280CD82B
:10338000BDE810400022054B08211B6C1046C3F31A
:103390000023F5F773BC0129E5D910BD00C0035027
:1033A000A84C002008B504490448FAF7DFF8BDE846
:1033B0000840FFF783BF00BFAC4C0020242E002044
:1033C000014824F04CBD00BF002E0020014B1A6ABA
:1033D00018681047002E0020014B1878704700BF76
:1033E000BC46002008B502F06FFC0022014B1A70A9
:1033F00008BD00BFBC46002081F0004102E000BFD4
:1034000083F0004330B54FEA41044FEA430594EAA4
:10341000050F08BF90EA020F1FBF54EA000C55EADF
:10342000020C7FEA645C7FEA655C00F0E2804FEAB0
:103430005454D4EB5555B8BF6D420CDD2C4480EA92
:10344000020281EA030382EA000083EA010180EAC2
:10345000020281EA0303362D88BF30BD11F0004F10
:103460004FEA01314FF4801C4CEA113102D0404246
:1034700061EB410113F0004F4FEA03334CEA133381
:1034800002D0524263EB430394EA050F00F0A78099
:10349000A4F10104D5F1200E0DDB02FA0EFC22FA94
:1034A00005F2801841F1000103FA0EF2801843FA88
:1034B00005F359410EE0A5F120050EF1200E012A79
:1034C00003FA0EFC28BF4CF0020C43FA05F3C018B7
:1034D00051EBE37101F0004507D54FF0000EDCF130
:1034E000000C7EEB00006EEB0101B1F5801F1BD3D9
:1034F000B1F5001F0CD349085FEA30004FEA3C0CDD
:1035000004F101044FEA445212F5800F80F09A80D2
:10351000BCF1004F08BF5FEA500C50F1000041EBD6
:10352000045141EA050130BD5FEA4C0C404141EBDA
:103530000101013C28BFB1F5801FE9D291F0000FD5
:1035400004BF01460020B1FA81F308BF2033A3F184
:103550000B03B3F120020CDA0C3208DD02F1140C7B
:10356000C2F10C0201FA0CF021FA02F10CE002F1B6
:103570001402D8BFC2F1200C01FA02F120FA0CFCAF
:10358000DCBF41EA0C019040E41AA2BF01EB0451F8
:10359000294330BD6FEA04041F3C1CDA0C340EDCF6
:1035A00004F11404C4F1200220FA04F001FA02F339
:1035B00040EA030021FA04F345EA030130BDC4F1F7
:1035C0000C04C4F1200220FA02F001FA04F340EAEC
:1035D0000300294630BD21FA04F0294630BD94F09D
:1035E000000F83F4801306BF81F480110134013D84
:1035F0004EE77FEA645C18BF7FEA655C29D094EAF5
:10360000050F08BF90EA020F05D054EA000C04BF72
:103610001946104630BD91EA030F1EBF002100205D
:1036200030BD5FEA545C05D14000494128BF41F0FC
:10363000004130BD14F580043CBF01F5801130BD60
:1036400001F0004545F0FE4141F470014FF00000EB
:1036500030BD7FEA645C1ABF194610467FEA655C9C
:103660001CBF0B46024650EA013406BF52EA03353E
:1036700091EA030F41F4002130BD00BF90F0000F2C
:1036800004BF0021704730B54FF4806404F1320468
:103690004FF000054FF0000150E700BF90F0000F21
:1036A00004BF0021704730B54FF4806404F1320448
:1036B00010F0004548BF40424FF000013EE700BF18
:1036C00042004FEAE2014FEA31014FEA02701FBFA8
:1036D00012F07F4393F07F4F81F06051704732F0DA
:1036E0007F4208BF704793F07F4F04BF41F4002131
:1036F000704730B54FF4607401F0004521F000418F
:103700001CE700BF50EA010208BF704730B54FF018
:1037100000050AE050EA010208BF704730B511F019
:10372000004502D5404261EB41014FF4806404F151
:1037300032045FEA915C3FF4D8AE4FF003025FEAD7
:10374000DC0C18BF03325FEADC0C18BF033202EB5B
:10375000DC02C2F1200300FA03FC20FA02F001FAB5
:1037600003FE40EA0E0021FA02F11444BDE600BF58
:1037700070B54FF0FF0C4CF4E06C1CEA11541DBF07
:103780001CEA135594EA0C0F95EA0C0F00F0DEF8D2
:103790002C4481EA030621EA4C5123EA4C5350EAB7
:1037A000013518BF52EA033541F4801143F4801308
:1037B00038D0A0FB02CE4FF00005E1FB02E506F099
:1037C0000042E0FB03E54FF00006E1FB03569CF0EE
:1037D000000F18BF4EF0010EA4F1FF04B6F5007FF4
:1037E00064F5407404D25FEA4E0E6D4146EB060666
:1037F00042EAC62141EA55514FEAC52040EA5E50EF
:103800004FEACE2EB4F1FD0C88BFBCF5E06F1ED898
:10381000BEF1004F08BF5FEA500E50F1000041EBCF
:10382000045170BD06F0004646EA010140EA02007C
:1038300081EA0301B4EB5C04C2BFD4EB0C0541EA9E
:10384000045170BD41F480114FF0000E013C00F3B3
:10385000AB8014F1360FDEBF002001F0004170BDD7
:10386000C4F10004203C35DA0C341BDC04F11404F0
:10387000C4F1200500FA05F320FA04F001FA05F27C
:1038800040EA020001F0004221F0004110EBD37049
:1038900021FA04F642EB06015EEA430E08BF20EA75
:1038A000D37070BDC4F10C04C4F1200500FA04F318
:1038B00020FA05F001FA04F240EA020001F00041AA
:1038C00010EBD37041F100015EEA430E08BF20EA1D
:1038D000D37070BDC4F1200500FA05F24EEA020E65
:1038E00020FA04F301FA05F243EA020321FA04F094
:1038F00001F0004121FA04F220EA020000EBD3704B
:103900005EEA430E08BF20EAD37070BD94F0000F4A
:103910000FD101F00046400041EB010111F4801F7E
:1039200008BF013CF7D041EA060195F0000F18BF2F
:10393000704703F00046520043EB030313F4801F6B
:1039400008BF013DF7D043EA0603704794EA0C0F25
:103950000CEA135518BF95EA0C0F0CD050EA41063B
:1039600018BF52EA4306D1D181EA030101F00041B8
:103970004FF0000070BD50EA410606BF10461946E0
:1039800052EA430619D094EA0C0F02D150EA0136EC
:1039900013D195EA0C0F05D152EA03361CBF10462D
:1039A00019460AD181EA030101F0004141F0FE41CC
:1039B00041F470014FF0000070BD41F0FE4141F450
:1039C000780170BD70B54FF0FF0C4CF4E06C1CEA50
:1039D00011541DBF1CEA135594EA0C0F95EA0C0F05
:1039E00000F0A7F8A4EB050481EA030E52EA0335C0
:1039F0004FEA013100F088804FEA03334FF08055E1
:103A000045EA131343EA12634FEA022245EA11150D
:103A100045EA10654FEA00260EF000419D4208BFBE
:103A2000964244F1FD0404F5407402D25B084FEA6B
:103A30003202B61A65EB03055B084FEA32024FF417
:103A400080104FF4002CB6EB020E75EB030E22BF74
:103A5000B61A754640EA0C005B084FEA3202B6EB34
:103A6000020E75EB030E22BFB61A754640EA5C00E3
:103A70005B084FEA3202B6EB020E75EB030E22BF73
:103A8000B61A754640EA9C005B084FEA3202B6EB74
:103A9000020E75EB030E22BFB61A754640EADC0033
:103AA00055EA060E18D04FEA051545EA16754FEA95
:103AB00006164FEAC30343EA52734FEAC2025FEAB3
:103AC0001C1CC0D111F4801F0BD141EA00014FF042
:103AD00000004FF0004CB6E711F4801F04BF014313
:103AE0000020B4F1FD0C88BFBCF5E06F3FF6AFAE2F
:103AF000B5EB030C04BFB6EB020C5FEA500C50F1BF
:103B0000000041EB045170BD0EF0004E4EEA113141
:103B100014EB5C04C2BFD4EB0C0541EA045170BD48
:103B200041F480114FF0000E013C90E645EA060E8C
:103B30008DE60CEA135594EA0C0F08BF95EA0C0FBA
:103B40003FF43BAF94EA0C0F0AD150EA01347FF402
:103B500034AF95EA0C0F7FF425AF104619462CE7D9
:103B600095EA0C0F06D152EA03353FF4FDAE10463C
:103B7000194622E750EA410618BF52EA43067FF48D
:103B8000C5AE50EA41047FF40DAF52EA43057FF41D
:103B9000EBAE12E74FF0FF3C06E000BF4FF0010C28
:103BA00002E000BF4FF0010C4DF804CD4FEA410C8C
:103BB0007FEA6C5C4FEA430C18BF7FEA6C5C1BD059
:103BC00001B050EA410C0CBF52EA430C91EA030FDA
:103BD00002BF90EA020F0020704710F1000F91EA37
:103BE000030F58BF994208BF90422CBFD8176FEA05
:103BF000E37040F0010070474FEA410C7FEA6C5CD3
:103C000002D150EA013C07D14FEA430C7FEA6C5CD9
:103C1000D6D152EA033CD3D05DF8040B704700BF05
:103C20008446104662468C461946634600E000BF53
:103C300001B5FFF7B7FF002848BF10F1000F01BD25
:103C40004DF808EDFFF7F4FF0CBF012000205DF8F0
:103C500008FB00BF4DF808EDFFF7EAFF34BF012075
:103C600000205DF808FB00BF4DF808EDFFF7E0FF0E
:103C700094BF012000205DF808FB00BF4DF808ED5F
:103C8000FFF7CEFF94BF012000205DF808FB00BFC6
:103C90004DF808EDFFF7C4FF34BF012000205DF8A8
:103CA00008FB00BF4FEA410212F5001215D211D5F0
:103CB0006FF47873B3EB625212D94FEAC12343F029
:103CC000004343EA505311F0004F23FA02F018BFAB
:103CD000404270474FF00000704750EA013005D174
:103CE00011F0004008BF6FF0004070474FF0000037
:103CF000704700BF4A0011D212F5001211D20DD543
:103D00006FF47873B3EB62520ED44FEAC12343F0E1
:103D1000004343EA505323FA02F070474FF000008B
:103D2000704750EA013002D14FF0FF3070474FF03A
:103D30000000704753B94AB9002908BF00281CBFCA
:103D40004FF0FF314FF0FF3000F082B9ADF1080CB9
:103D50006DE904CE00F006F8DDF804E0DDE90223A9
:103D600004B070472DE9F04F099D0C46002B4DD152
:103D70008A420F4684469646B2FA82F360D94BB126
:103D800002FA03FEC3F120029F4000FA03FC20FA6E
:103D900002F217434FEA1E461FFA8EF44FEA1C4206
:103DA000B7FBF6F106FB117701FB04F042EA07428C
:103DB000904208D91EEB020201F1FF3702D2904275
:103DC00000F231813946121A1FFA8CFCB2FBF6F070
:103DD00006FB102200FB04F44CEA024C644508D9AF
:103DE0001EEB0C0C00F1FF3202D2644500F21E8182
:103DF000104640EA0140ACEB040C002125B12CFA3E
:103E000003F30022C5E90032BDE8F08F8B4205D9EB
:103E10000DB1C5E9000100210846F5E7B3FA83F1C9
:103E200000294DD1A342C0F0F380904280F0F08091
:103E3000064623460846002DE6D0C5E90063E3E7C1
:103E4000002B40F0A3808A1A4FEA1E471FFA8EF615
:103E50000121B2FBF7F407FB14204FEA1C4242EAAF
:103E6000004206FB04F090420FD91EEB020204F15F
:103E7000FF382CBF4FF001094FF00009904203D9E1
:103E8000B9F1000F00F0CC804446121A1FFA8CFCE6
:103E9000B2FBF7F007FB102200FB06F64CEA024CDF
:103EA000664508D91EEB0C0C00F1FF3202D26645C4
:103EB00000F2B3801046ACEB060C40EA04409DE7EC
:103EC000C1F120068B4004FA01FE22FA06F720FA1F
:103ED00006FCF4408A401F434EEA0C0300FA01FE40
:103EE0004FEA17484FEA13491FFA87FCB4FBF8F072
:103EF00008FB104449EA044400FB0CF9A1450ED923
:103F00003C1900F1FF3A2CBF4FF0010B4FF0000BB2
:103F1000A14503D9BBF1000F00F08B805046A4EB04
:103F200009041FFA83F9B4FBF8F308FB134403FBFD
:103F30000CFC49EA0444A44506D93C1903F1FF38B6
:103F400001D2A4457BD8434643EA0040A4EB0C04CD
:103F5000A0FB02984445CC46434602D306D1CE4549
:103F600004D20138B9EB020C68EB0703002D6CD0CA
:103F7000BEEB0C0264EB030422FA01F304FA06F62A
:103F8000CC4000211E43C5E900643DE702FA03FE70
:103F9000C3F1200104FA03F200FA03FCCC404FEA1B
:103FA0001E4720FA01F11FFA8EF6B4FBF7F00A4320
:103FB00007FB1044110C41EA044100FB06F48C425B
:103FC0000ED91EEB010100F1FF382CBF4FF00109A3
:103FD0004FF000098C4202D9B9F1000F2CD04046B5
:103FE000091B92B2B1FBF7F407FB141142EA01423C
:103FF00004FB06F1914207D91EEB020204F1FF38DF
:1040000001D291421ED84446521A44EA004120E7A8
:10401000861A64EB030301200DE7F44402384AE7F3
:10402000023C724431E702397244CCE6F44402386F
:10403000DFE602383C4472E702387144D0E7023BC5
:104040003C4481E7023C7244DEE72946DCE600BFDF
:10405000704700BF08B5064B044613B10021AFF30B
:104060000080044B1B6803B19847204622F030FDC6
:1040700000000000642F002070B50D4D00260D4C8F
:10408000641BA410A64209D10B4D00260B4C2CF04A
:1040900047FF641BA410A64205D170BD55F8043B30
:1040A00001369847EEE755F8043B01369847F2E7AA
:1040B00020520020205200202052002024520020B4
:1040C000024B0146186824F06FB800BFB44C0020C2
:1040D0002DE9F04F144687B09B46C36B06460D464C
:1040E0005B69012202A960689847F36B012203A96A
:1040F0005B692846984702A827F0CAF9074648B1E5
:104100000023A37563754FF0FF33A360002007B051
:10411000BDE8F08F03A827F0C8F90123A375237E1B
:1041200004EBC303DD611F846368AB420ED12060E2
:1041300003A827F0DCF94FF0FF332075A360237D3F
:10414000043B022B25D80023A375DFE723681A1A46
:1041500003A853425341A37527F0C9F9237D834235
:1041600003A818BFA77527F0A4F9074602A827F0EF
:10417000A0F9874203A81CBF0023A37527F0A1F96B
:10418000074602A827F09DF987421CBF0023A375AC
:10419000D5E703A827F08DF980B1F36B022204A9BB
:1041A00028465B69984704A827F092F90346207DCA
:1041B000032839D8DFE800F03838040903A8F3E70A
:1041C000237ECC2204EBC3031A8401F07FFC109BF6
:1041D000187003A8277E27F060F904EBC70787F85B
:1041E000220003A8237E04EBC303B3F8209093F8C6
:1041F000227027F05EF9804603A827F062F9824614
:10420000B8F1000F15D0F36B022204A928465B69B0
:10421000984704A827F021F96075637D6BB90023E6
:10422000A3754FF0000838E0227E04EBC20213842D
:10423000CBE703A827F0FCF8EEE794F81680B8F176
:10424000000FEED0B9F1000F09D1DFB10123627E7A
:10425000E375002A44D19F4218D1677614E0736C4D
:1042600005EB0A02594285EA020008421CBF002100
:10427000A175591E0A409B1A9945D0D8A37D002BE1
:10428000E3D1CEE7E37D43B94FF000084B465246F9
:104290002946304626F078FEA060A27D12B123693F
:1042A0004B4423611349237E097899421ED9013377
:1042B0002376BBF1000F1BD0D2B1E37DC3B1B8F1BF
:1042C000000F15D1032F13D0A1684B1C10D0109BE9
:1042D0002246304600930123FFF7FAFEA07507E05F
:1042E000012FDAD0032F08BFA376CDE70023A375F3
:1042F000A07D0CE7BC0F04082DE9F04F0E468BB0F3
:104300009846002304464FF0FF31104617468DF8BB
:10431000133001F0C5FBB6F5801F3BD3B21C53D15F
:10432000E56A6B1C57D1616A204626F073FD05468D
:10433000B31CDFF8189118BF01230193636A05A924
:10434000626C4FF0000B0293236802FB053AE36BAB
:1043500005225B695046984705A827F052F927F0D7
:1043600075F9504627F07DF9824601464B1C05D071
:10437000636C81EA0A025B42134232D0294620462E
:1043800026F048FD029BAB424DD0BBF1000F4DD152
:104390000546D3E7314605AA04F1080027F02EF8B8
:1043A0000146481C10D0384601F07AFB0DF113038A
:1043B00001223946204626F063FE28B19DF81330CD
:1043C00088F80030002003E0237C002BA8D11D4892
:1043D0000BB0BDE8F08F2368ED1A636CB5FBF3F505
:1043E000A6E7484601F05CFB0DF11303019A49462C
:1043F000204626F045FE034690B1B21C03D0D9F802
:104400000020B2420CD19DF8132049460393384650
:104410000D4B88F800201A6826F044FC039B9B464D
:10442000D9F80810A2E7BBF1000FD0D0B6F5801F75
:10443000C8D298F8003031467A6804F1080001F0DB
:1044400073FABFE70BE000F0B80F0408801E0020ED
:104450002DE9F3410E46044617469846816A194DE8
:10446000E36A8B422AD04B1C18E0284601F018FB67
:104470000DF1070301222946204626F001FE30B146
:1044800043469DF8072029462046B847B0B1A968A1
:104490004A1C05D0012E0AD0E36A9942E5D10DE00D
:1044A0006968204626F043FD012E0146D8D16B688D
:1044B00081EA0302636C5B421A42D1D002B0BDE8CC
:1044C000F08100BF541E00202DE9F041036B90469F
:1044D000826B90B007680E469A42426C01A904466E
:1044E00088BF8363436A02FB0377C36B05225B6962
:1044F0003846984701A827F084F801280146307013
:1045000056D0656C06A9E26B2368606AD2F814C0C5
:10451000052205FB00300025E04706A827F071F8CA
:10452000012823D001218DF834800E958DF83C10A0
:10453000D4E90A32CDE90B4593422AD119462046E7
:1045400026F0F5FC236B626C1433E0629B1A236344
:104550000C9B53B99DF83C303BB1626A616C236897
:10456000E06B01FB023127F004F80C9DE36B0522A0
:1045700001A938465B69984701A827F042F83070D6
:10458000236B2846A26B9A4288BFA36310B0BDE894
:10459000F081237C33B90BAA1C4904F1080001F017
:1045A00013FAD5E70BAB1A4A2046FFF751FFCFE7C6
:1045B000237C23BB2246174904F1080001F004FACA
:1045C000616A204626F047FC616A421C204626F0BC
:1045D00010FC054620B9236B626C1344143B236323
:1045E000A16A204626F0A3FC2368A062C01A636C6F
:1045F000B0FBF3F06062204626F0DDFCB6E7002356
:10460000054A2046FFF724FFDAE700BFC94F01083B
:10461000454F010809B10308A5B0030873B50D465D
:10462000D11E1C461B7E4A424A419A4226D1296825
:104630002368994222D3636899421FD8114E0DF125
:1046400007033246FFF758FEC0B972686B689A429A
:1046500014D19DF80730DA1E53425341227E934213
:104660000CD1636901336361D4E90323934205D21A
:104670002968A26842F8231001332361012002B0A7
:1046800070BD00BFAC1E00202DE9F04F8BB09A46E4
:10469000DFF854B180469DF850300D46164602931F
:1046A000DBF810305345C0F09880DBF80430D14679
:1046B0000193B9F1000F00F08C80D8F83C30012252
:1046C00007A901985B69984707A826F0EEFEDBF87A
:1046D0000030984240F0848007A826F0F2FE0428BB
:1046E000074614D107A826F0F3FE019B029A044660
:1046F0003B44002A3ED1864212D9361A144601990B
:10470000404626F014FCA9EB04090190D1E7D8F843
:104710003C30022208A901985B69984708A8E2E7A3
:10472000841B9F19544528BF5446032CAAEB040A46
:104730004FEA94021CD9D8F83C302946384604F098
:1047400003065B69984724F003031F441D44002EB1
:10475000D5D0D8F83C30012208A938465B69984783
:104760003246284608A9354426F09CFA0026C6E7BA
:104770002646ECE700F003020344074603922A189A
:1047800005930492049BDD1B059BD81B039B9F4252
:104790000FD1002FB3D0D8F83C30012208A95B69B3
:1047A00098473A4608A9284626F089FA78B93D4440
:1047B000A5E7D8F83C30012208A95B699847042294
:1047C00008A9284626F07BFA08B9043FDAE7DFF8A3
:1047D0001C9048460BB0BDE8F08FDFF81490F8E766
:1047E000DFF81090F5E700BFD81E002012E000F0BF
:1047F00011E000F022E000F02DE9F0410F4688B012
:1048000016469846044660B390F83450FDB1012135
:1048100026F0C5FA0E9B0021CDF804800496CDE960
:1048200002379DF83C308DF81C30237CCDE9051112
:104830008BB901AA0C4904F1080001F0C5F8E06B3E
:10484000DDE90553002E08BF1D4626F06BFC284607
:1048500008B0BDE8F08101AB044A2046FFF7F8FD3F
:10486000EDE70546F3E700BFD3B003081D46010896
:104870007FB590F8426004460DF10B03019230467B
:104880000A46124926F056FC012E0546E36B19D163
:104890005B69324603A998479DF80B10039B019A68
:1048A00059B19BB243EA024303930122E36B03A98C
:1048B00028469B69984704B070BD1B0C92B21B043C
:1048C0001343F1E79B69012201A9F3E7D81E0020F9
:1048D0002DE9F04F99B00F46044609920A69416CE0
:1048E0000E93D31D1439B3FBF1F3013302EBC30272
:1048F000036B9342C0F00F820023DFF824940D93E2
:10490000E36A48461946079301F0CAF8D7E9033627
:1049100004930E9B022B4ED1CC2E40F08C81099B30
:10492000002B42D03946204626F05AFC656C079A87
:104930006B1E14901340ED1AE36B012216A97868E0
:104940005B69984716A826F0B4FD00280CBF042325
:104950000823782E06933FD9012300254FF0080A3B
:1049600005933B6805990E98C9F80030C9F81060A6
:1049700026F0C1FD4FEA9A03DDF81CB089F8140057
:10498000109300230B930F9308930C93616C4A1EB2
:104990000BEA02028B1A002E3AD05544AB4242D8A1
:1049A000236B5B1A13442363ADE0049B1B681493D1
:1049B00008230693D0E7656C782E079A05F1FF333C
:1049C00003EA0203A5EB030516D8FB7D7BB9099B1F
:1049D000002BB1D104230693331DAB4210D9A6B1ED
:1049E000082DB9D804250023AA460593B9E7099BE9
:1049F000002BA1D10823EEE7099B002B9CD1D7E720
:104A0000002505954FF0040AABE704250596F9E764
:104A10005345C5D30BEB0A03B0460393089B002B09
:104A200018BF032313E0A3EB0A03B0460BEB0A0203
:104A30009E42039228BF98469E42EFD9D9F8102093
:104A40000123964289F8173071D1C9F804B0089350
:104A500099F81730002B6CD099F818200899D31CBE
:104A6000013209EBC30389F81820C3F804B0A3F896
:104A700008809972B8F1000F14D00E9B022B5BD105
:104A80000B9B7BB90F9B4344032B0BD9E36B012298
:104A900014A903989B6998470546002840F03D817A
:104AA00001230B93089B16A80193059B0093434693
:104AB00099F81420396800F0A9FFE36B109A16A941
:104AC0009B6958469847051E0D9B18BF5B4652468A
:104AD0000D9359464346204626F056FA236B08F1BB
:104AE0000302C9F80800A3EB0A0322F003029B1A91
:104AF0002363002D40F011810F9BA6EB0806DDF823
:104B00000CB043440F935946204626F010FA002576
:104B10008346002E7FF43AAF814A04F108003968D9
:104B200093685268E3620E9B00F0FEFEDEE0022313
:104B30008DE7C9F804B09DE7099B002B30D1049B99
:104B4000B8F1030F43440A9327D9E36B4FEA980265
:104B50009B69DDE9030198470546002865D118F0F7
:104B600003025FD028F00305049B2B440493039BAE
:104B70001D444FF0FF33049915A8159326F092F8C1
:104B8000E36B2846012215A99B6998470A9B0546B5
:104B90000493002D86D0039B99E7039D4246E8E7E6
:104BA000039B0A9307F120031193FB7D78689BB167
:104BB0003D7E00230C9AD9B28D4211D9119903F18F
:104BC000010C31F83310914226D907EBC303069943
:104BD000D8690A44104403E00C9B069A1344184415
:104BE000E36B012215A95B699847159B012213A964
:104BF00013930C9B0A9804330C93E36B9B699847BF
:104C0000039B0A9A054643449B1A042B07D978B99B
:104C1000134604330A93C8E7521A6346CBE70A9B4C
:104C20000393B6E70A9B04933CE70A9B0493B2E71D
:104C30000A9B0393AFE73B4E04F1080303932368F9
:104C4000079A606CA2EB030ABAFBF0FA00FB0A3089
:104C500026F007FDE16A8046204626F068F9A26A40
:104C600082424AD0626CD9F80830511E2568E06251
:104C70000B40216B891A0B4423630D9B5D1BB5FB15
:104C8000F2F5AA4536D1079BB3EB080A12D0E36BC5
:104C90004FEA9A0241469B699847E36A079A83461E
:104CA00053440398DA46E362236B9B1A434423631D
:104CB00026F075FB2368616CE06B01FB053126F083
:104CC00045FC204626F076F8204626F074F920634D
:104CD000BAF1000F11D03A69616CD31D1439B3FBDE
:104CE000F1F3013302EBC3029042A8D2304619B06F
:104CF000BDE8F08F4FF0000ADCE73A69616CD31D24
:104D00001439B3FBF1F3013302EBC302236B93427B
:104D1000BFF4F6ADEAE7044EE8E72E468CE700BFA5
:104D2000801E002023E000F006E000F02DE9F347AC
:104D30001E46436904468846B34217469DF82890AC
:104D40003DD300258DF80750D4F830A0204625F03B
:104D5000FDFF82450AD2236AB5EB430F06D200223B
:104D60000DF107012046FFF7AFFB30B39DF8073088
:104D7000012B05D100220DF107012046FFF7A4FB0E
:104D8000B9F1030F06D0256B3146204625F0C9FF47
:104D9000854218D30D4D4FF0FF31284600F080FEBC
:104DA0004B46002229462046C5F80080C5E9037617
:104DB00002B0BDE8F047FFF78BBD0135C4E70448FA
:104DC00002B0BDE8F0870348FAE700BFAC1E002040
:104DD0000FE000F006E000F02DE9F04790F84260A7
:104DE00086B005468F1A012E039115D1B7F5807F45
:104DF0004FF0640828BF03260024DFF844A14FF6D3
:104E0000FF7995F84230012B14BF322364239C4272
:104E10000AD35FFA88F415E0B7F5803F4FF0320807
:104E200034BF01260226E7E705AB22465146284655
:104E300026F0B4F995F84230012B059B34D14B454F
:104E40002DD1E4B295F84230012B0CBF64223222FE
:104E5000121BB24217D3012E39D10022012B059724
:104E60008DF8132027D1082205A90DF1130026F093
:104E70004FFB9DF81330059A42EA0322214628464B
:104E8000FFF7F6FC40B102232D4903AA2846009300
:104E9000CC230968FFF74AFF06B0BDE8F087DBB214
:104EA00003B902340134ACE7591CCAD09BB2002BC1
:104EB000F8D10134F6E7102205A90DF1130026F010
:104EC00027FB9DF81330059A42EA0342D6E7039A7E
:104ED000012B059223D10823202205A90DF11300EF
:104EE0008DF8133026F014FB9DF813201202214692
:104EF0002846FFF7BDFC95F84230611C012BC9B272
:104F00001AD10028BFD1BDF814202846FFF7B0FC05
:104F10000028B8D10234BDF81620E1B2AFE7102363
:104F2000202205A90DF113008DF8133026F0F0FAB8
:104F30009DF813201204DAE70028A4D1059A9EE711
:104F4000D81E0020032A2DE9F34106460D461746D8
:104F50001C4606D1237A012B23D0012002B0BDE8E4
:104F6000F081DFF860800DF1070309684246FFF722
:104F7000C3F960600028EDD19DF80720237A032A49
:104F8000E8D0D8F804106A689142E3D1012B29696E
:104F9000D4F80CC007D10CEB01037269934202D91B
:104FA0002074207CDAE708313B4601223046614418
:104FB000E1602946FFF78CFC60600028CAD0002021
:104FC000CCE700BFAC1E00202DE9F341089C032A6A
:104FD0001746266806D1237A012B24D0012002B07F
:104FE000BDE8F081DFF890800DF1070330464246BE
:104FF000FFF782F960600028EDD12568D8F8040039
:10500000A96AD5F844C04840227ACCF10003184080
:10501000E1D1012A09D1E268D8F81030134472694D
:10502000934202D92074207CD9E72868EB6A1B1AC6
:10503000081AB3FBFCF3B0FBFCF083420BD1706C9D
:10504000F36A421E1340326B121A2846134433632C
:1050500025F06DFFE862D8F81020E36808320649B1
:10506000206813440122E3603B46FFF731FC606097
:105070000028B0D00020B2E7AC1E00202DE9F04F90
:105080004FF0FF334FF6FF72002500F1080604468B
:1050900087B0C3620F4605620563C0E90923304645
:1050A00026F07DF9204625F085FE28BB20463946AE
:1050B00025F000FF204625F07DFE28BB8A4D2046C6
:1050C00025F0ACFFECE0E26B01A92368606CD2F83C
:1050D00014C0052200FB0530E04701A826F091FA34
:1050E000012828D12946204625F0B5FE421C294634
:1050F000204625F07EFE0135E3699D42E3D320463C
:1051000025F058FE0028D1D000254FF0FF394FF68A
:10511000FF73CA46A846C4E90853E369984514D307
:10512000A5EB0905012D37D8636A4FF6FF7293424C
:1051300047D16E4DC3E726F08EFA0028DBD0294612
:10514000204625F088FE0246D1E7236801A9E26BDC
:10515000606C5769052200FB0830B84701A826F0AB
:1051600050FA834601A826F023FA0746584626F04F
:105170006DFA70B15745236ABA4638BFC4F8248027
:10518000B94503F1010328BFB946BD42236238BFC8
:105190003D4608F10108C0E74FF6FF730025636242
:1051A000E3699D42C0D2676C0522206801A9E36BC8
:1051B00007FB050001355B69984701A826F0F8F95F
:1051C000EEE7E26B01A9676C20685569052207FBD1
:1051D0000300A84701A826F0EBF9626A2368606C17
:1051E000434D00FB023026F03CFA4FF0FF33A06243
:1051F0002A46E3626FF001010DF103032046FFF739
:105200007BF8002850D1AD6829462046E56225F09C
:10521000ADFD206320B9E16A204625F088FEE062FA
:105220002946204625F083FE0546A36A9D423DD1CE
:1052300065692046626CE91C143AB1FBF2F105EB9A
:10524000C1050335B5FBF2F5023525F0E7FE8046D2
:10525000A8423DD2616A204625F0DCFD00270646C3
:1052600004F1400A474512D3626C01A9236802FB8E
:105270000639E36B05225B694846984701A826F08A
:1052800097F9534602464946E06B26F0ECF90137A0
:105290003146204625F0BEFDAF420646E2D3154D0D
:1052A000284607B0BDE8F08FA56AADE7294620463D
:1052B00025F05CFD236B0746294603442046236303
:1052C00025F035FE0546002FAFD1C4E90B07ACE74A
:1052D0003046002526F063F80023074A2046194689
:1052E000FFF7B6F8EBE600BF03E000F016E000F0D1
:1052F000AC1E002013E000F06FB00308634A0023E7
:105300002DE9F04117680E460446136018B9604D48
:105310002846BDE8F08190F834500DB30968026862
:10532000914240F0AA8071684268914240F0A580A5
:10533000B1688268914240F0A080F168C2689142F1
:1053400040F09B8031694269914240F09680B1699A
:10535000C26B914240F0918072691D468261D7E72D
:1053600050222946D0F8388025F0D3FC336804F168
:105370000800C4F838802360736863603369636130
:105380007369D6E90212A36126F01BF8B36904F130
:105390004000E3639B68984794F8432020B1E5619F
:1053A000002AB4D03B4DB3E7656C002DF7D066689A
:1053B000B6FBF5F3E361002AA9D0B542F2D8226822
:1053C000B2FBF5F105FB1122002A58D105FB13634E
:1053D000002B54D1204625F0B9FCA36904330344C3
:1053E0009E424ED3636940F63472CC3B93424AD816
:1053F000B5F5007FD6D30321204625F0D0FCE36B22
:10540000D4E900011B689847E36B05460220DB687E
:1054100098471DB1002384F834301EE039462046F9
:10542000FFF72CFE1C4B0546984204D13946204616
:10543000FFF724FE0546636C143B002DEAD1226A77
:10544000204602FB03F625F081FCA36904330344E4
:105450009E4206D284F83450104DE06B25F062FE77
:1054600056E70F4A012384F8343013680133D4E936
:105470000001136021F097FBEFE70A4D48E70A4D62
:1054800046E7064D44E7094D42E700BF6C2F002078
:1054900009E000F004E000F013E000F002E000F0AA
:1054A000682F002008E000F001E000F005E000F0C7
:1054B0002DE9FF410F4690461E46054698B390F8E9
:1054C000343093B3B1F5801F31D21A4C022125F04C
:1054D00066FC0DF10F03224639462846FEF70CFF05
:1054E000024678B1012342463946284600933346A6
:1054F000FFF71CFC0446E86B25F014FE204604B0C0
:10550000BDE8F0819DF80F30012BEBD12169B1424C
:10551000E8D10093414633462846FFF7B5F80446E4
:105520000028DFD1E7E7044CE8E7044CE6E7044C49
:10553000E4E700BFD81E002009E000F007E000F01B
:105540000AE000F02DE9FF410C4616461F460546CD
:1055500088B390F8343083B3B1F5801F2FD2DFF8D1
:105560007C80012125F01BFC21460DF10F034246F2
:105570002846FEF7C1FE044670B99DF80F30012B96
:1055800011D1D8F81030BB4213D1024600903146F9
:105590002846FFF779F80446E86B25F0C3FD20465E
:1055A00004B0BDE8F081074C074A022B08BF14463F
:1055B000F2E7064CF0E7064CF1E7064CEFE7064C45
:1055C000EDE700BF0BE000F00CE000F011E000F0B0
:1055D00009E000F007E000F00AE000F0D81E00202B
:1055E0002DE9F04385B00C4617461E46DDF83080A5
:1055F0000546A0B390F834309BB3B1F5801F32D28A
:10560000DFF88090012125F0CAFB21460DF10F0340
:105610004A462846FEF770FE044688B99DF80F30CA
:10562000012B14D106EB0803D9F810209A4214D3A9
:1056300000904346324639462846FFF725F804468F
:10564000E86B25F06FFD204605B0BDE8F083074C00
:10565000074A022B08BF1446F2E7064CF0E7064C57
:10566000F1E7064CEFE7064CEDE700BF0BE000F07A
:105670000CE000F011E000F009E000F007E000F0BD
:105680000AE000F0D81E002070B586B00E46054630
:105690000392A0B390F834309BB3B1F5801F32D29F
:1056A000022125F07CFB0DF11703184A31462846EC
:1056B000FEF722FE044618B99DF81730032B0ED1D1
:1056C000022303AA314628460093CC23FFF72EFB82
:1056D0000446E86B25F026FD204606B070BD022B7F
:1056E0000BD10A49284625F07BFD039902468142E9
:1056F000EFD02846FFF770FBEAE7054CE9E7054CD9
:10570000EAE7054CE8E7054CE6E700BFD81E0020B5
:105710000DE000F009E000F007E000F00AE000F022
:1057200073B50C461646054630B390F834302BB3AB
:10573000B1F5801F24D2012125F031FB21460DF166
:105740000703104A2846FEF7D7FD044680B99DF8A6
:105750000730032B0CD0022B0CD10A49284625F028
:105760003FFD3060E86B25F0DDFC204602B070BDE7
:10577000054CF7E7054CF5E7054CF6E7054CF4E773
:10578000054CF2E7D81E00200BE000F00DE000F021
:1057900009E000F007E000F00AE000F0F7B50C4681
:1057A0001646054668B390F8343063B3B1F5801FF0
:1057B0002BD2022125F0F3FA0DF10703144A2146FA
:1057C0002846FEF799FDC0B99DF80730032B14D089
:1057D000022B14D10E49284625F002FD471C024633
:1057E00028463946FFF7F8FA044606B13760E86BF9
:1057F00025F098FC204603B0F0BD064CF7E7064CB8
:10580000F5E7064CF6E7064CF4E7064CF2E700BF76
:10581000D81E00200BE000F00DE000F009E000F0E1
:1058200007E000F00AE000F02DE9F3411F460023F5
:105830000C46164605463B6050B390F834304BB3E7
:10584000B1F5801F28D2DFF86480012125F0A7FA86
:1058500021460DF1070342462846FEF74DFD04465A
:10586000A0B99DF80730032B10D0022B0AD10123D9
:10587000336004233B60E86B25F054FC204602B003
:10588000BDE8F081D8F810303060F3E7034CF2E760
:10589000034CF3E7034CF1E7034CEFE70BE000F0B8
:1058A00009E000F007E000F00AE000F0D81E002058
:1058B00030B50C4685B0054628B390F8343023B394
:1058C000B1F5801F23D2022125F069FA0DF10F03F3
:1058D000104A21462846FEF70FFD034688B99DF879
:1058E0000F20032A0DD003222146009202462846AB
:1058F000FFF71CFA0446E86B25F014FC204605B0BF
:1059000030BD054CF7E7054CF8E7054CF6E7054CCC
:10591000F4E700BFD81E00200BE000F009E000F023
:1059200007E000F00AE000F02DE9F0414668002EA3
:1059300046D005684FF0000CA846AE4655F83C40EE
:105940000CF1010CC4F31307013401D0B94218D093
:10595000B4450EF1080EF1D12F46002403E0B44205
:1059600007F1080713D055F834C00134BCF1FF3FEC
:10597000F5D1C1F313017A6041EA03513960BDE802
:10598000F08141EA0353CEE90032BDE8F081032BF8
:1059900016D0002403E0B44208F1080810D055F8EE
:1059A00034700134C7F30757032FF4D1C1F3130147
:1059B000C8F8042041EA0353C8F80030BDE8F0817C
:1059C00001230372BDE8F0812DE9F043476883B0FD
:1059D000C7B106468846914600243368304653F8DE
:1059E000345003EBC4030134C5F30752C5F313016C
:1059F000013505D05B68CDF80090C04710B17768DD
:105A0000BC42EAD303B0BDE8F08300BF73B5012AFE
:105A1000044622489DF8185000EAC11123F07C404A
:105A200007D9961E012E28D9073303F07F031943A7
:105A300008E09DF81C300A43DB0603F0C053134313
:105A400043F060410023C4E900108DF80730B5B180
:105A5000202221460DF1070025F05AFD1A220DF1F2
:105A60000700211D25F054FD63689DF807200820DC
:105A700043EA8263636002B070BD1143E2E71B2218
:105A80000DF10700214625F043FD23689DF807200E
:105A9000042043EAC2632360EDE700BF80FFFF07F5
:105AA00038B5094B0D46002104461A6825F031F936
:105AB00000234FF0FF322361A260E3822383A376A9
:105AC000C4E9002538BD00BFB80F04080138C0B2D2
:105AD00005289ABF014B185C0120704774290408FF
:105AE0002DE9F0410E46596888B007461546490A27
:105AF0000024012922464FEA510104F10104F8D89B
:105B0000DC78520399784FF0000824031B88C902FF
:105B10000DF1070004F48054C3F30A0301F400619B
:105B200092B28DF807800C4302A923449C18254BA0
:105B30001B22039325F07843ED436FEA044402935C
:105B400025F0E6FC9DF8072025F07845029B02A988
:105B50000DF10700029543EAC2631B228DF807800E
:105B60006FEA1444049325F0D3FC9DF8072007A99D
:105B7000029B06F11000079443EAC26301220593D9
:105B80004FF0FF330693BB6998470446BB6905A9EC
:105B9000012206F108009847404518BF0446BB693A
:105BA00004A90122301D9847404518BF0446BB692F
:105BB000012203A930469847404508BF204608B057
:105BC000BDE8F08101009AB213B50446694625F09C
:105BD000D3FD204625F001FFFF28024606D02046CF
:105BE0009DF80010F3F7C4FB02B010BD0048FBE7BE
:105BF0000080FFFF2DE9F0418AB001AC05460B465D
:105C00002746194A02F1200C2646106851680832CE
:105C100003C662453446F7D1002B08BF3B46002738
:105C200010681C463060384603F10C0690B95FFAE4
:105C300087F842462846218825F0A4FF50B94246FD
:105C40002846E18825F0AFFF20B942463146284674
:105C500025F0BBFF0137032F06F1080604F102040B
:105C6000E4D10AB0BDE8F08184290408F0B589B018
:105C700005460E4601F0C4FF044600BB01AC06F128
:105C80000C070FCF0FC497E8070084E8070001A9AD
:105C9000284606F0B9F92846311D26F0B6F9044623
:105CA00048B92846074901F0A7FB044618B9284619
:105CB00001F070FF044628463168FFF79BFF20463D
:105CC00009B0F0BD7C290408014925F0C9BD00BF19
:105CD000857B010870B5164E032804460D463378BF
:105CE0001ED023FA04F202F00102AA421DD053B1E1
:105CF0000122A240A54023EA02032B43DBB233700A
:105D00004BB1012070BD2DB10A4B01201B68984793
:105D10003378EDE73570074B00201B689847F0E7B4
:105D20009A07DED003F0FC03E9E7002070BD00BF56
:105D3000BE460020AC2F0020F8B505460C4620F0EA
:105D4000ACFE104F06463B7833B1012D04D01CB990
:105D50000D48F8F78BF83C7021462846FFF7BAFF4C
:105D60000A4B04461B783BB93B782BB925F0E4FE7F
:105D700010B1074B1B689847304620F092FE204632
:105D8000F8BD00BFBF460020802F0020BE46002087
:105D9000044D0020054A0B46117831B100211170E5
:105DA000034A01215268187810477047BF46002007
:105DB000044D002038B5074D04462B78834207D0A8
:105DC00001F044FE20462C70BDE83840F7F79ABB3E
:105DD00038BD00BFBD4600201B4B022910B518700E
:105DE00002D0032904D010BD184B1B78002BFAD128
:105DF00006F086F80028F6D04FF00052144BC3F896
:105E00008020BFF34F8FBFF36F8F01F0A7FD0028F5
:105E1000E9D001F0A5FB0028E5D10E4B1C6834B198
:105E200023689847BDE81040002001F003BE25F02C
:105E300013FD094B186022F020FA084B1860204629
:105E400001F094FDEEE700BFDA510020BD460020CE
:105E500000E100E0CC2F0020A82F0020A42F00207C
:105E600038B504460D4606F04BF880B14FF00052AD
:105E7000124B1A6001F072FD48B9012D07D80120BC
:105E800001F0D8FD0E4B1B6823B15B6898470D4BA2
:105E90001C7038BD22F0F1F90B4B1A68801A18609B
:105EA000F8F7BEF84FF47A72084B1B6802FB00301B
:105EB00025F0D4FC012001F059FDE8E700E100E005
:105EC000CC2F0020DA510020A42F0020A82F002082
:105ED000F0B585B020F0E1FD324D04462B7823B1BA
:105EE0003148F7F7C3FF00284FD1F8F76FF802AA3F
:105EF00003A925F00BFE034600283FD025F01AFE2B
:105F0000029B984223D10020284B03991B68284EFE
:105F10009942307027D90027C91A012322482B70D3
:105F2000244A3346CDE9007722F083F9002834D1A2
:105F3000214A1378D90708D5317831B903F0FE0327
:105F4000137013B91D4B1B689847204611E025F0CC
:105F5000EFFD029B98421ED0002318461349144AB5
:105F60000968137003910121FFF7B4FE0023204656
:105F70002B7020F096FD002005B0F0BD20462B7060
:105F800020F08FFD012005B0F0BD204620F089FDF6
:105F9000032005B0F0BD0220B6E7032320462F7092
:105FA0003370F3E7BF460020802F0020A02F002091
:105FB000D9510020955D0108BE460020AC2F00207D
:105FC00038B520F06AFD144D04462B78EBB9134A1E
:105FD00013491370134B144A14481A60144A5A6038
:105FE000F7F7C4FA13491448F7F7C0FA134A144BE9
:105FF0001A60144B5B6F03F44073B3F5007F02BF6C
:106000000222114B1A6001232B70F7F703FE204682
:1060100020F047FD002038BDC0460020BF460020CC
:10602000A8290408044D0020D15E0108702F00202B
:10603000395D0108B0290408782F0020B55D0108FA
:10604000AC2F002000400050A02F002010B50446C7
:10605000D0F8F8200A4B4FF40061C3F8C020027C4E
:10606000120202F4006205F085FE237C13F0080F93
:106070004FF4007314BF034A034A536410BD00BFBA
:10608000003E00B0001002B8002002B837B50C4640
:10609000264D69B90A46012105F06CFE244BAC641B
:1060A0005C6005F0C1FE2022224B5A6603B030BD71
:1060B0000122114605F05EFE07221E4B0121DA6027
:1060C000237901A885F848306379019325F0C5FE4E
:1060D000019BC2B2D34000F00F0040EA031085F8E4
:1060E0004900A27985F84A20E27985F84B2020689A
:1060F000E8640193BBB1012102888B420CD821795D
:106100004B1E13440C4A1362C2F8CC1020220B4BD6
:106110005A6605F089FEC9E730F811500131AA42EC
:1061200028BF2A46E9E71A46E9E700BF003F00B06A
:10613000483F00B0006000B8004000B8005000B810
:10614000431C07D06FF0FF02034B10405A62A3F5C7
:1061500080535862704700BF00E000B8D0F8C830E4
:1061600013B11A68032A10D8094BDB6BC3F3C202C0
:1061700013F0380F03F0070018BF504313F4E07F0B
:10618000C3F3821203D050437047986A400E7047A1
:10619000008001B82DE9F0438D7880460F2D0E4622
:1061A00085B003D9012005B0BDE8F08325B90122EF
:1061B0003A4B1A700020F6E791F800904C78B9F14C
:1061C000000F50D1002CEDD196F90310F08803F0A8
:1061D000DFF80128E6D059EA0403B088304F48D1EF
:1061E00003F03AF94FF6050184B24FF604002D4A48
:1061F0004FF00809136E9BB2834208BF0B463B80E9
:10620000802301271766C2F880304B460022002CFD
:1062100041D0611E02920122013DEDB20092019532
:106220004A4608F1D80002F0B7FF1FB14FF48012C0
:106230001D4B5A6502211D4BB2681A60174B19702D
:1062400098F81A30013B8B42B4D803230120184A36
:10625000C2F85032174BC3F85002C2F8641204223D
:10626000C3F86422A6E7B9F1080F9BD8082C99D887
:10627000AAE703F0F1F84FF604033A889A421EBFEA
:1062800008490A663B804C4523464FF0000738BF5B
:106290004B4684B2BAE71146BCE700BFC1460020B6
:1062A0008451002000C001B800D001B8B42F0020F4
:1062B000006001B8005001B800F01803182B0AD094
:1062C00003070AD440F2011310F0100018BF18465B
:1062D000034BD86770470020FAE70120F8E700BFBA
:1062E000003F00B03B4B2DE9F7431E6801F40079F5
:1062F00000F00103174653EA090205460C463DD05B
:106300004FF000087BB30023002201200021CDE9DB
:10631000008804F04FFC4146304603F0BDFB0122EB
:106320004146F083104625F012FEB16B06F1D8000D
:1063300003F058FC28490868FFF702FF4FF0FF33CD
:106340000B60264B1A68511C06D06FF07E40244922
:10635000C863A1F58051CA634FF0FF321A60337CE5
:1063600043F004033374B9F1000F07D00121304624
:1063700025F027FA24F4007405430C43D6E94E2394
:106380002A40234052EA030103D0164930460968E7
:106390008847FB070FD51449144A08680021136881
:1063A00011600121124A117003B19847114B00216D
:1063B00002205B68984717F00E0F08D040F20B22BE
:1063C0003B21002003B0BDE8F04306F003B803B062
:1063D000BDE8F083D8300020104D00200C4D002087
:1063E00000E000B8144D0020C42F0020C82F00206A
:1063F000C4460020044D0020044B1868830654BF97
:10640000C0F30F204FF6FF70704700BFCC30002064
:10641000F7B504461046D4E94EC7DDE908268CEAF4
:10642000020587EA06010540194085EA0C05794016
:10643000C4E94E51002523F4004106EA010320F08F
:10644000010043F40073024043F00203CDE900551C
:1064500004F0B0FB237C9A0717D5D4F83C319B0598
:1064600013D54FF48811204625F0ABF9237C65F352
:1064700041032374D4E94E2302400B4052EA030146
:1064800003D00349204609688847002003B0F0BDC7
:10649000144D002038B10368044A002B08BF13468E
:1064A000034A13607047014BFAE700BFCDB80308F9
:1064B000144D0020024B986E00F00F00704700BF93
:1064C000003F00B00F2938B505460C460ED801F044
:1064D000D3FA01280CD1074A2846936E23F00F0304
:1064E0002343936625F088FB002038BD0120FCE79C
:1064F0000220FAE7003F00B0014BD86E704700BFA2
:10650000003F00B0014B0020D9667047003F00B04B
:1065100003282DE9F347884664D8344B13F80090DC
:10652000334B1E5C334B13F800A020F0B6FA07463D
:1065300004F00CFD054640B100230022CDE90033F4
:1065400001200023002104F035FB04F007FD48B1D1
:1065500000230022CDE90033002000234FF4004146
:1065600004F028FB002E3BD0234BDC6C04F0080425
:10657000224B31464846DC6404F0FAFD01235246C2
:106580003146484604F07EFE1D4BDC64D5B11D4B00
:106590001868816BD83003F025FB1B490868FFF7AA
:1065A000CFFD4FF0FF330B60184B1A68511C06D01B
:1065B0006FF07E401649C863A1F58051CA634FF061
:1065C000FF321A60B8F1000F04D0124B00210320F3
:1065D0005B689847384602B0BDE8F04720F061BAE2
:1065E0003446C5E702B0BDE8F08700BFC029040803
:1065F000BC290408B8290408004000B8006000B8AD
:10660000005000B8D8300020104D00200C4D002064
:1066100000E000B8044D00200F4A536C13F0A00FA7
:1066200015D1906C10F0040013D10C4BD3F8EC3E54
:1066300023F07F4323F0FF035BB1D368C3F303620E
:10664000092A07D0B2F10C0018BF012070470020C2
:1066500070470120704700BF000002B8003000B052
:10666000074A084B30B10221C2F864120422C3F871
:10667000642270470421C2F864120222F7E700BFC7
:10668000006001B8005001B870B50D46064620B94B
:106690001B4B1B68D3B1032017E001F0EDF9012873
:1066A0002CD1184B93F90040D6F8C830C4F11C0423
:1066B0000BB193F92630E41A641BC4F12B03002BB1
:1066C000B8BF5B42232B0CDD012070BD01F10F032D
:1066D000002BB8BF5B42232BF6DC0A4B197000205D
:1066E000F3E7F57420F0D9F9074A136A23F4FF237E
:1066F00043EAC423136220F0D4F9F0E70220E4E770
:10670000D8300020C246002000C000B818B9034BA2
:1067100093F90000704790F913007047C2460020BB
:1067200010B5FFF793FC03F0EFFE20F0B6F90A4A2C
:106730000121D2F8BC3E044623F02003C2F8BC3E3F
:106740000222064B08469A60054B5B689847204634
:1067500020F0A7F9002010BD003000B0001002B8F2
:10676000044D0020094B08461A6D91020BD4D3F852
:106770004021D20708D4D3F8803013F4706F14BFCF
:106780000120002070470120704700BF004001B881
:10679000F8B50D46836B02EA010423EA01032343A3
:1067A00083634C4A01F00B0323EA0401D1642340C4
:1067B000A2F580526F070646D36410D50121FFF77A
:1067C000D1FF60B104F076FC4FF4007314F0040FB5
:1067D00014BF414A414A13650422414B5A64E906F9
:1067E00006D514F0100F14BF00221B223D4B5A6532
:1067F0002A0618D5230611D54FF40012364BDA6459
:1068000020F04BF90E210746032003F0FDF840F27B
:106810000122344B3846DA6220F043F9214606F172
:10682000D80003F0DFF9EF0503D5E0053CD503F010
:10683000BBF8A90503D5A20539D503F0C1F815F4B5
:106840008C6F1CD014F4806236D0737CDB070CD5BF
:10685000B28BB6F80A3193422CD0B6F80C319F1A9D
:106860007B427B41204A82F8D830D6F8C8103046A7
:1068700025F02DF880221D4B98671D4B1A612B05C2
:1068800010D504F017FC1B4A14F4006FD2F8EC3E4C
:1068900014BF43F0006323F00063C2F8EC3E04220F
:1068A0000F4B5A640020F8BD03F078F8C1E703F0FD
:1068B00081F8C4E70123D5E76805D6D5737CD907ED
:1068C000D3D5094B114683F8D8200B4B30461B68B3
:1068D0009847CAE7006000B8005001B8006001B8EE
:1068E000002002B8004000B8003E00B0003F00B0F9
:1068F000000002B8003000B0D42F0020014B18680F
:10690000704700BFC02F002037B520F0C6F8002424
:1069100001230022CDE90034002305461946104624
:1069200004F048F9022002F0FFFA064B21461C60F1
:10693000054B02205B689847284620F0B2F82046B5
:1069400003B030BDC82F0020044D00202DE9FF41C9
:1069500002290D4616469846039004D1FFF7D4FF4E
:1069600004B0BDE8F08120F098F81D4F04463B6864
:106970003BB1B34205D020F094F8002301203B60E6
:10698000EEE7184B0022C3F8008001233E60CDE9FA
:106990000033002300261046194604F00BF9124B71
:1069A00002201E7002F0C0FA33462A46022003A9D4
:1069B00002F0D8FA0D4B039A1A6008B92046DAE7BC
:1069C0000B4D2B6898470128014604D0204620F043
:1069D00068F80020C4E76B6802209847F6E700BF1C
:1069E000C82F0020C42F0020C4460020C02F002044
:1069F000044D0020044B5B6E5B054EBF0120034B32
:106A0000187800F00100704700C001B8C4460020AB
:106A1000014BD86C03F018B8004001B8014BD86C9A
:106A200025F0DFB9004001B8837C5A1F012A01D943
:106A3000082B05D14B7C2BB1012B05D0022B05D0A7
:106A400024F0ABBF024870470248704702487047C5
:106A500020A1070048E8010040420F0070B50E4633
:106A600020F01BF8054601F02BF8044620B128461B
:106A700020F017F8204670BD04F01CFB104B327854
:106A8000D3F8EC3E022A23F0F00315D0101F424247
:106A90004241520043EA02137278022A0ED0111FBB
:106AA0004A424A41520043EA8213054AC2F8EC3E88
:106AB0000422044B5A64DAE70122EBE70122F2E7F1
:106AC000003000B0002002B870B50E461FF0E5FFA0
:106AD000054601F00BF8044620B128461FF0E1FFFF
:106AE000204670BD04F0E6FA104B3278D3F8EC3E45
:106AF000022A23F00F0314D0101F424242415200D9
:106B000013437278022A0ED0111F4A424A415200A2
:106B100043EA8203054AC2F8EC3E0422044B5A645D
:106B2000DBE70122ECE70122F2E700BF003000B012
:106B3000002002B82DE9F8430E780446042E0D46D5
:106B400090F810810BD100275FFA87F9484601F0D1
:106B5000EBFD08B14E4602E00137042FF4D1304678
:106B600001F0E2FD002845D094F81031B34208D17D
:106B7000AA88A36C9A4204D16A88B4F812319A4266
:106B800035D084F81061AB883046A4F814316B8896
:106B9000A4F81231AB8804F58875A364FF2323762B
:106BA00025F091F8E075284601F04EFD18BB284607
:106BB00001F0B0FDF8B9D4F8C43053B194F8101115
:106BC000414506D02046B3F91220F2F753FB84F872
:106BD0001901204601F026FE0949A4F814010123F9
:106BE000084AD1F8FC1004F1D80003F0F9FD0020A8
:106BF000BDE8F88301200C2384F81031F8E700BFCA
:106C0000004F00B0A43F00B070B5054690F81001E9
:106C10000C460C281DD0FF291DD01AB14FF0FF32B1
:106C20000E4B1A6025F04FF8064695F8100101F05A
:106C3000EBFD844228BF0446E4B2B44238BF344678
:106C4000E0B2287601F004FFA0F1FF03584258415A
:106C500070BD0220FCE70120FAE700BF204D0020B4
:106C600010B590F8103104460C2B3ED0D0F8C4304B
:106C7000C175BBB3D0F8D420DAB990F819318B4282
:106C80001DD300222046FFF7BFFF88B9184B1B78A1
:106C900013F0FD0F0BD1204601F0C4FD154901236F
:106CA000154AD1F8FC1004F1D80003F099FD00203A
:106CB00010BDB0F92820B3F912309A42E1DD00226C
:106CC000204694F81911FFF79FFF0028F0D1C4F86F
:106CD000C400204625F069F901462046BDE8104071
:106CE00005F0EABAFF230376E1E70220E0E700BF00
:106CF00088510020004F00B0A43F00B0F0B504461A
:106D00008FB001F043F8236C0546012B00D010B181
:106D100028460FB0F0BD7249204625F023F8D4F87C
:106D2000C4600146A58BC4F8C8003EB133682BB1DE
:106D30005B681BB11A68032A00F2A0801FF0ADFE49
:106D400001462046FFF70AFA074608461FF0A9FE4B
:106D5000D4F8C810B3898DF80E70EB1A9BB2D6E93F
:106D6000012000FB03225F48ADF80C30036802925B
:106D70008B4207D0204624F0AAFD80225A495B4B63
:106D800088671A615A4D594E00F076FE0128FBD1F2
:106D90002B6CDB07F8D4736CDF01F5D4D4F8C81082
:106DA00020460D919DF80E20029908AB03F0CEF914
:106DB000002843D100F060FE0128FBD14B4A4C492A
:106DC000536CD801FCD40B6CDB07F9D408A901A8DB
:106DD00003F042FB0546002830D1A28B454B5A6494
:106DE000237C60F34103237401F09CF8D4F8C43091
:106DF0005969431E0E68DBB2FD2B049622D84B68FE
:106E0000012805932ED10126DF1C06D901333A4B08
:106E10005B6853D0DA1C4ED80593024604A920467D
:106E200000F0FAFF002E7FF473AFD4F83C319905DF
:106E300027D4237C43F00203237469E70225284604
:106E40000FB0F0BDF71C13D92B4B01361B6818BFD0
:106E50000126DA1C2AD804934B68FF280593D3D067
:106E60000020DAE70246204604A900F0D5FF4FE7EC
:106E70004B68FF280593C6D02A46F4E79F6A7F0E29
:106E800068E74FF48031204624F09BFCD4F8383179
:106E900000EA0302D4F83C310B4052EA03013FF40C
:106EA00037AF164920460968884731E7FF284B6805
:106EB00013D00593B6E7FF28B4D1D1E7DE1C06D87E
:106EC0000246204604A9059300F0A6FFADE7FF287F
:106ED000ABD10022204604A9F6E70120059393E7F1
:106EE000FC4F00B0B02F0020003F00B0000002B8FF
:106EF00000C002B8008001B8284D0020144D0020C9
:106F000010B50C4619B124F03AFE00B10434204605
:106F100002F0A2FA024B4042C3F8DC0E002010BD82
:106F2000003000B070B58030814214BF0C460024A0
:106F300016461FF0B2FD4FF49C530C490546CA6833
:106F4000C2F30362D340DA0702D54B6C9B030AD429
:106F500020460122314601F009F9044628461FF077
:106F6000A0FD204670BD0324F8E700BF000002B872
:106F70002DE9F74F07461646084619B9012003B018
:106F8000BDE8F08F002AF9D0032904D8002101F0D0
:106F900073FA0028F2D004888378B4F5804F03F0A8
:106FA000070280F0DD80A2F1070EDEF1000141EB67
:106FB0000E01052A90F804C04579C088317394BF4A
:106FC0000021C3F30011C3F3801E7173990986F881
:106FD00010E001F00201C3F3C00E41EA0E01C3F359
:106FE00040137174B37486F813C0BB6BB082DB06B8
:106FF00000F1A280063A012A00F29E80594B4FF020
:1070000001095B6D4FF03A431A6DDB6C083C03F0ED
:107010000703063309FA03F9002309F1FF3942F0A7
:10702000005A04EA09041AF80480013404EA090445
:10703000B360631D03EA0903B8F1800F1AF8032057
:10704000B97C03F1010318BFA8F1320803EA090370
:1070500008BF6FF07F081AF8033018BF4FFA88F89E
:1070600061B30020D7F8D0300BB141469847631C7C
:10707000F07386F80E8003EA09031AF8031001334F
:1070800003EA09031AF80320013303EA090341EA7A
:1070900002211AF80320013303EA09031AF8030056
:1070A00041EA0241002341EA0061727C384603F064
:1070B00007FC06233060B371002060E72A49D1F84D
:1070C0003812C80709D51AF804305B0103F47E634F
:1070D000FF2BC6D8D843C0B2C4E742EA0323D90481
:1070E0000FFA83FB24D5D7F8C830A3B11A68022A57
:1070F00011D993F82400CBF30B03DB0008B1B3FBE9
:10710000F0F39D42ADD8002BABD0C5EB0520B0FB12
:10711000F3F0C043DFE731463846FFF785FC0190C6
:10712000384624F02AFC019BB3FBF0F0C0B2E2E742
:107130001AF804004000CEE700230020F3730B4B45
:10714000DA69C2F30723120448BF63F0FF035AB29F
:1071500012F1800F1CBF323B5AB2B2730346A9E74B
:1071600002200CE7004000B8004001B800C000B8A1
:1071700011F5004F1FBF01F30E01044BC1F30E01C7
:10718000002014BF99640120704700BF008001B83F
:107190002DE9F04104460E4611B9037C5A064AD443
:1071A0004FF6FF73218CD4F8C870994204D0334B4A
:1071B0001B680BB120469847314D2B68BB4255D018
:1071C000304B1B6833B1002F53D0396801B1B96817
:1071D000204698474FF00708204601F023FB002E79
:1071E00039D0294B93F90030C3F11C0317B197F93B
:1071F00026209B1A062094F9136024499B1B0A6AD7
:10720000DB0222F4FF2203F4FF2313430B62D4F8C2
:10721000C8201F4B2A60986701F0C6FC0025012199
:107220001C4A1D4B1170204683F8845024F0E4FC66
:107230002846BDE8F0814FF6FF71114DD0F8C870B7
:107240002A6866F38613974201840374B8D101F06B
:10725000E9FA4FF00108114A4346D2F8FC1004F154
:10726000D800A2F65C7203F0BBFABAE74FF001084F
:10727000B2E7394620469847ACE700BFBC2F002054
:10728000B02F0020B82F0020C246002000C000B858
:10729000006000B8C3460020003F00B0004F00B0BF
:1072A0002DE9F8430D4600F0E7FB0128044630D1F4
:1072B000194F3B7883B92846F1F7D0F8054610B945
:1072C000F1F736F92C463B781BB10121022003F07F
:1072D00031F92046BDE8F8830021022003F02AF9A5
:1072E00024F0F9FC0646DFF83490DFF83480D9F852
:1072F000F4331B07DFD424F0EEFC801B404541F63D
:107300000E424FF045018CBF0020012005F062F8CD
:10731000EDE70224DDE700BFC5460020000002B80B
:107320003F420F0008B558220021064823F0F1FC27
:107330001022FF21044823F0ECFC04F075FD00202E
:1073400008BD00BFF03E00B0343F00B00C2337B59D
:1073500080F810310023C3746F23C0F8E030862317
:10736000A0F8F43064234FF0FF35C0E93933C0E9A9
:107370003B33FF2304464375C0E908558564C57552
:10738000058303F0F3FD2046FFF7CCFF0122164BE7
:107390002046C3F8382294F91310FFF775F96023DB
:1073A000124A41F6FF71D3644FF03A4211631167FC
:1073B0000F4A2946D36440220E4B20465A64A26BE2
:1073C000FFF7E6F90E230022CDE9003340F2022355
:1073D0001046194603F0EEFB01F0C0F9204603B059
:1073E000BDE8304004F0DCBF005001B8004000B8F8
:1073F000005000B8002002B810B50C46FFF792FF0D
:10740000CCB1A378082B18D8E278082A15D843EA1B
:10741000021313F0FF030CBF19466168084AC2F853
:10742000F010217882F84411617882F8473182F8AF
:10743000451104F0F9FC002010BD0120FCE700BF5D
:10744000003E00B0012A10B512D8032B10D803EB70
:1074500082020123074C934094F84601DBB221B12C
:107460000343002084F8463110BD20EA0303F8E707
:107470000120F9E7003E00B0044BD3F8EC3E13F0D6
:10748000806F14BF23200020704700BF003000B081
:107490000246F8B5B0F8144100F1D805FFF7ECFF4B
:1074A0000B688E68013304BFD2F8E0300B604B6884
:1074B000013304BFD2F8EC304B60771C37D1D2F8DF
:1074C000E830CF688B607E1C38D1D2F8E4600F6959
:1074D000CE60013704BFD2F8D8700F614F69013711
:1074E00004BFD2F8DC704F618F69013704BFD2F856
:1074F000F0708F618F6947BBC0F1640408688C61CC
:10750000C2F8E8304B68C2E93806C2E93B340B697F
:107510002846C2F8D8304B690F49C2F8DC30D1F8A0
:10752000FC1007230D4A03F05BF90020F8BD04F1BD
:107530006F031B1AB34238BF3346C2E704F1860615
:10754000361ABE4238BF3E46C1E76F34241ABC42E9
:1075500038BF3C46D2E700BF004F00B0A43F00B0A8
:1075600070B51FF09AFA05460B4E00F085FA012817
:1075700004D028461FF095FA022070BDF36813F07E
:10758000706FF2D1F46814F08054EED128461FF0E9
:1075900088FA2046F1E700BF000002B838B51FF0B6
:1075A0007CFA4FF6FF710A4A13888B4203D11FF011
:1075B00078FA032038BD074C074D1B046567A4F516
:1075C0008054636711801FF06CFA0020F2E700BF5F
:1075D00086510020006001B80000FFFF2DE9F7434D
:1075E000044688461546FFF717F880B1704F02F041
:1075F0008BFF7B69DA0740F1D8801FF04EFA064610
:10760000032001F08FFD30B130461FF04AFA02200E
:1076100003B0BDE8F0837F6917F00607F4D1304668
:107620001FF03FFA634B4FF400612046D3F8EC9E05
:10763000D3F8C46E04F0B2FB40B14FF400720121E4
:107640005D4B08465A643A4624F081FC637CDB07B4
:1076500006D5A36B5F0542BF4FF40022574B5A6417
:107660004146204604F028FE524BC3F8EC9EC3F876
:10767000C46E0028CCD1237CD80601D4002D55D06F
:10768000C5F3400003F0DCFC022315F4807F1FBF2C
:107690004A4A002153644FF03A420BBF464A916177
:1076A0005364536303F006FD4FF4806315F0040F39
:1076B00014BF434A434A15F0400F13654FF00402CC
:1076C0003D4B28465A644FF0400314BF3E4A3F4AA0
:1076D000C2F8B830FEF7F0FD204624F0A9F938B121
:1076E0004FF4807315F0010F14BF344A324A5364CB
:1076F000A90644D54FF6FF72E38C93420FD0344A6B
:107700003449526F100CC2F301120132B3FBF2F391
:1077100008802B4A2B4930481B0448675367003DBB
:1077200018BF0125237C65F304132374204624F03D
:1077300026FAF0B1204624F07BF9D0B14FF40031A5
:10774000204604F02BFB431C03229BB2234801A9D3
:1077500024F0A6FA9DF8042002F00703052B9DF8FB
:10776000053015D112070DD443F480731C4AC2F8BA
:10777000CC30002003B0BDE8F04324F09EBAFFF700
:107780000DFFCCE713F0040F09D19DF80630EBE7AD
:1077900003F03002202A05D113F0010FF4E74FF473
:1077A0008073E3E79DF80630E0E7032030E700BF91
:1077B00000C001B8003000B0002002B8001002B8CC
:1077C000005001B8006001B800D000B800E000B877
:1077D000004001B8865100200000FFFF0C0000BAF5
:1077E000003E00B02DE9F3410646884615461F4687
:1077F0001FF053F90446032001F094FC38B12046F1
:107800001FF04FF90324204602B0BDE8F0810420A8
:1078100001F088FC0028F2D120461FF042F92A46E8
:1078200041463046FFF7DAFE04460028EBD1DFF888
:10783000C880002F3CD088F8000039463046FEF75B
:10784000A9FC002849D198F80030012B2DD0202226
:10785000234B5A64234B9B6FB3F5817F30D20120B9
:1078600024F040FA1FF019F91F4B06461B680193DC
:107870004BB1042001F058FB00230122042001A990
:1078800001F070FB28B301F0D9FC2B061CD50022B7
:10789000164B9A6701F016FD154B012100205B681D
:1078A000984730461FF0FDF8ADE703F0B3FBAAE7B9
:1078B00098F80030012BF8D0002BC8D10124A2E7A2
:1078C00080220C4B1A61CAE701F0FCFC03F08EFB2E
:1078D000E2E703F007FC0124E3E7044693E700BF77
:1078E000001002B8003F00B0B42F002000C001B863
:1078F000044D0020000002B8C146002008B50A4B24
:10790000D3F84C114B1C0DD011F080410AD103204B
:10791000FEF7FEFD4FF08062044B1A6501225A61AA
:1079200002229A6208BD00BF0080E00F001002B87A
:107930004FF40022034B586C03F500535A64C0F314
:10794000C0407047000002B8024B034A00201A6092
:10795000704700BFB82F00208D600108024B5869A6
:1079600000F00100704700BF00C001B808B50D4B22
:107970005A69D10710D518B9BDE8084001F0B0BA6E
:107980005B69DA070DD401F09DFA0323064A1364FC
:10799000A2F58052536404E05B69DB0701D4002840
:1079A000F1D108BD00C001B800A0095030B56FF09A
:1079B0004044114D2040C5F85042104CC4F85002CC
:1079C0004FF0FF30C5F85402C4F8541238210A4071
:1079D000C5F86412C4F8642209490A4A0020C2F8B2
:1079E000C810A2F58052C2F8C8300423C5F864322A
:1079F0000223C4F8643230BD006001B8005001B801
:107A00000000FFFF00E000B890F91030002B0CDA06
:107A10004FF08053064A29B19360A2F58052D3609B
:107A200000207047D3609360FAE70320704700BFDF
:107A3000006001B84FF0806310B1024A5361704793
:107A4000014AFBE7001002B8002002B8202350B121
:107A5000064AC2F8F433064B196C11F0020104D146
:107A6000032002F067BD034AF3E77047001002B835
:107A700000C002B8002002B80F4BDB68C3F30363F9
:107A8000013B0B2B0FD8DFE803F006060C060606B9
:107A900006080A08080802207047042070470520DD
:107AA000704703207047054B5B6913F0060F0CBF4E
:107AB00001200420704700BF000002B800C001B8D8
:107AC000094AD368C3F303630B2B08D06FF49050BB
:107AD000184100F0010080F0010040007047506C38
:107AE00010F48030EDD17047000002B80E4AD36820
:107AF000C3F30363062B07D8042BD8B20FD8C31ED9
:107B00005842584140007047072B0AD1D2F868010B
:107B100020F4C02020F0A0000028E8D17047022007
:107B200070470020704700BF000002B8094BDB68B7
:107B3000C3F303639A1E012A8CBF00220122012B8A
:107B400002701EBF4FF4026222FA03F303F0010336
:107B50000B707047000002B8094AD368C3F303638F
:107B6000032B01D0072B08D1936CDB0605D4D06C16
:107B700080F00800C0F3C00070470020704700BFCD
:107B8000000002B8024B0022196823F0E0BF00BFDA
:107B90004416040810B5FF224FF6FF71044623F087
:107BA000F1FF68B9FF224FF6FF71204623F0FBFF7B
:107BB00030B92046BDE81040FF22024924F005B844
:107BC00010BD00BFCC29040810B55B0743EA02438F
:107BD0009DF8082043EAC163520502F0BC621A43D3
:107BE000064942F4C872044604F0C4F80022204654
:107BF0001146FFF797F9002010BD00BF9007E12D57
:107C000037B50C4605460B4B1A680B4B19680B4BE6
:107C1000186801F01DFD94F828302846009394F868
:107C20002B3094F8292094F82A10FFF7CDFF03B0E9
:107C300030BD00BF68300020643000206C30002070
:107C400008B5FFF789FF90B10A4BDA6911030ED529
:107C50005A6C92030BD4DB6C13F0100F4FF010032F
:107C600003D1054A0020D36408BD044AFAE7022084
:107C7000FAE700BF000002B8001002B8002002B806
:107C8000034610B500B3124AD16909031ED5946C9E
:107C9000C4F38114032C15D0022C17D122460D49B0
:107CA000B1F8C80001F10061801A01F53671014494
:107CB000184622F0F7FF064A0472D26C120A42728A
:107CC000002010BD0822EAE70120FAE70220F8E7C9
:107CD000000002B8003E00B070B50C460546094EE3
:107CE00009480022012C08BF3046084B0849FFF71D
:107CF0005DFE631E5C425C412B7C002064F3C71375
:107D00002B7470BD91D1061990D106190000F62888
:107D10009E0C4B5404292DE9F04104460F462CD803
:107D20004E1EF6B2032E8BBF0025154BA84613F846
:107D300006809CBF134B9D5D23F021FF78B94FF067
:107D400000084FF4603200200F4B6D045A6245EA80
:107D5000C835A3F580535D62A776BDE8F081204663
:107D6000FEF7CAFB80B28428E9D8022EE9D8217C2C
:107D70002046C909FFF7B0FFE3E70120EDE700BFA8
:107D8000C8290408C429040800E000B810B5837CA1
:107D9000022B08D11A4BD3F8981031B9828B272ABD
:107DA0000ED9032002E0042B01D0002010BD144B9B
:107DB000D3F89830002BF8D1828B272AF1D80121F3
:107DC000104B1868104B984214BF31246FF0030415
:107DD0000B4818BF0023A0F8B24008BF012350246D
:107DE0006343282404FB013308491944895CFA31B0
:107DF000A0F8B81006490B449A5C064B1A70D4E7F9
:107E0000003E00B00430002000F04902C42A0408FB
:107E1000D4290408C646002010B5124B0C68C3F8DC
:107E20007842C3F87C42C8B1D0F8C430B3B15B69C2
:107E3000A3B1501EC0B2FD2812D9013404BF6FF0A7
:107E4000010008600868FF2A186007D14A680132FB
:107E500002D16FF001024A604A685A60002010BDEA
:107E6000012AF2E7004001B8F0B585B06D460E4634
:107E70000F4B074614460FCB85E80F000D4BD3F888
:107E800048020090D3F84C2201923EB1631EDBB24F
:107E9000FD2B0AD93060FF2C00D1726022462946A2
:107EA0003846FFF7B9FF05B0F0BD012CF4E700BF7D
:107EB000B42B04080080E00FF0B585B06E460D4B82
:107EC00007460D460FCB86E80F0000F02BF8314631
:107ED00004460246384624F00EF84DB140B9FF2C56
:107EE0001BBF04AB03EB8404009B54F8103C2B60D5
:107EF00005B0F0BDB42B0408FF2818BFC3434FF0F2
:107F0000180108BF1023064A18BFDB00C2F8FC1393
:107F100018BF03F00803A2F58052C2F8FC33704783
:107F2000002002B8024BD3F8F807C0F3C0407047F6
:107F3000000002B84FF03A43D3F81421D2031ED503
:107F40004FF480320E49C1F81421A1F58051C1F8D7
:107F500018215A6DD1B2C2F30722C3F8A410C3F896
:107F6000A4200422C3F8A4200022C3F8A420C3F84C
:107F7000A420C3F8A420C3F8A420C3F8A420704709
:107F8000002000BAF8B54FF03A440D4617460646B1
:107F90001EF083FD012304226363084BE760266122
:107FA0006561C3F814214FF00042054BC3F88021EE
:107FB0001EF077FD0DB102236363F8BD002000BA07
:107FC00000E100E0054B012218604FF03A435A6788
:107FD00040F6FF72D96418651A677047E02F0020D9
:107FE0002DE9F04105460124006800F00700063045
:107FF00004FA00F3A868EC685E1EA04262D000EAB2
:10800000060E6C6810441E430640A3EB0E000EEBF8
:10801000040C8242644618D9D31A0EEB030298B1BD
:10802000431E052B04D94B1CACEB0303022B59D880
:108030000B460844ACEB010E03EB0E0113F8014BA9
:1080400083420C70F8D101466C688AB1531E052B2F
:1080500001F1010302D9E01A022812D80A44611E74
:1080600000E0013313F8010C934201F8010FF8D13D
:108070001EF013FD0223AE60AB62BDE8F0411EF0BE
:1080800010BD0B46204622F0030E8E4453F804CB5D
:10809000734540F804CBF9D122F00303D01A9207BC
:1080A00001EB030C04EB0307E2D0CA5C0128E254A5
:1080B000DED09CF8013002287B70D9D09CF80230C9
:1080C000BB70D5E7042A35D90878043AA861487806
:1080D0000431A86111F8020CA86111F8010CA86123
:1080E000A8688CE70B4620F003070F44ACEB010EA9
:1080F0001C684EF803400433BB42F9D120F003035F
:1081000010F0030F01EB030EA0EB03040CEB0307CD
:1081100028D011F80380012C0CF8038022D09EF89F
:108120000130022C7B7018BF9EF80230084418BF43
:10813000BB7088E7013A032A12D8DFE802F00F1576
:1081400007020B4613F8012B1946AA610A4612F8DA
:10815000013BAB61114611F8013BAB610B78AB61A0
:10816000BDE8F08108446EE70A46F3E738B50B46F0
:10817000154601464FF03A4470B101221048C4F848
:10818000F4201A46FFF72CFF25B14FF03A430422A2
:10819000C3F8F420002038BD73B1D4F8D8209A4237
:1081A00084BF0122C4F8F4204FF03A42C2F8D43020
:1081B0000223C2F8F430E7E70123C4F8F430E3E720
:1081C000CC0000BA10B51EF068FC4FF03A43012213
:1081D0005A67C3F8B420C3F88C20154A1549C3F870
:1081E00090200722C3F8B020134B04461A800023C6
:1081F000124A13804FF4A022C1F81421A1F5805136
:10820000C1F818210E4A13600E4B5B6C5B020AD555
:108210004FF480020C4B18680C4BD8305A6450F85D
:10822000A01C01F0DFFC2046BDE810401EF039BC68
:1082300008140020002000BA4243002040430020E0
:10824000DC2F0020000002B8D8300020002002B847
:1082500007220D4B01211A8000220C4B1A804FF08F
:108260003A43C3F8F410C3F8CC204FF40052C3F8DB
:10827000D000C3F8F020F022054B9A64A022A3F5A9
:1082800080539A64FFF79EBF424300204043002082
:10829000006000B82DE9F041044688B11EF0FDFBF6
:1082A0003E4E3F4A3388032C03F0780105463D4F8C
:1082B00003F07F0C11445ED13C6824B91EF0F1FB41
:1082C0000320BDE8F08124F00104386820F00100AB
:1082D000A04255D100223A6022888C426FEA424285
:1082E0006FEA5242228041D12F4CDFF8D4C0278858
:1082F000ACF180083A46083A92B201F108006045B4
:1083000028BF4046082A04D9B0F800E0BEF5804FE7
:1083100041D2228088780C884FF03A413B449B1A26
:10832000DBB2C4F30C048C653380C1F89830C1F81B
:10833000B0204FF480221D4B00F00700C3F8142139
:108340004FF000421A4BC3F88021FFF7F3FD0428D9
:108350000CD14FF48002174B5B6C174B1868174B0E
:10836000D8305A6450F8A01C01F03CFC28461EF09E
:1083700098FB0020A5E7601E012898BF0C46A4E7E3
:10838000094862440088A21A48BF803208389042E7
:10839000A2DC284692E70146ADE700BF404300203B
:1083A00008140020DC2F002042430020002000BAE7
:1083B00000E100E0000002B8D8300020002002B840
:1083C000881400201349144B0A881B88134813444F
:1083D000083292B20A804FF03A41C1F8B0204FF40F
:1083E00080210F4A073BC2F814114FF0004103F0FF
:1083F0007803034498780B4A00F007000428C2F879
:10840000801103D10849CA681203FCD4074A1360DB
:10841000704700BF42430020404300200814002062
:10842000002000BA00E100E0000002B8DC2F0020CC
:1084300010B5054C206828B1C30701D4FFF72AFF07
:108440000023236010BD00BFDC2F00204FF48033D9
:10845000084AC2F81831A2F58052C2F814314FF020
:108460003A43D3F8AC30C3F30C03782B01D8FFF7B1
:1084700061BD7047002000BA2DE9F84304460E465E
:108480001EF00BFB504B81461A885048504D02F0AD
:108490007801032C2D8802F07F03014417D14D4C45
:1084A00024688CB92A44073A02F0780284180344FD
:1084B000E31A48BF8033AB4210DB48461EF0F1FAA6
:1084C00000242046BDE8F88324F00104EFE7012CE6
:1084D00002D0022CEBD1083D0C46E8E7002E43D039
:1084E0008C4245D14FF03A42D2F858804FF03A4191
:1084F0000127CA6C02F0070206329740D1F8AC207F
:10850000C2F30C029A4246DD2588B5F5804FD4D2DD
:10851000A378C5F30C0503F007037A1EA5EB080545
:108520003A43052B337005EA02052CD82DB2E843F7
:1085300040F23A420421C00F03F04CFF7580E3780B
:10854000254A337412687B1E03EA0803D118B16010
:10855000A9B213FA85F5BD4291BF0023FF1AB78077
:10856000F2609CBFB180F36048461EF09AFAA8E71B
:10857000A4F10802824238BF04F17802B2F8008008
:10858000C8F30C08B2E7154B5B6D003B18BF012325
:10859000A5EBC305CAE74B6D7A1EA3EB08033A436C
:1085A0001A400F4B15B2DB6862B9C3F30363D91EDF
:1085B0004B424B41DB003370094B7280DB6CC3F3E1
:1085C0000723BDE70823F6E74043002008140020F6
:1085D00042430020DC2F0020E02F0020004000B8A4
:1085E000000002B8054BA822D3F84C013121431CEE
:1085F0000CBF0120C0F3807003F0ECBE0080E00FE0
:1086000010B50F4B1C78ACB90E4BD3F8F8375B03A1
:1086100009D490B10F23441EB4FBF3F4103004448A
:10862000E4B2204610BD40F62A023F21204603F066
:10863000D1FEF6E70001C4B2F3E71024F1E700BF72
:1086400088510020000002B838B5294D0446297829
:1086500019B92022274822F05CFB2378264A61883A
:10866000137051804FF2F0022449C1F8C821244A06
:108670004BBBA1F50051D1F8F81711F4002F4FF0C2
:10868000FF011CBF1F48C0F8DC3011704FF0407371
:108690001A4AC2F834311C4BD3F8F83713F480234C
:1086A0000BD14FF47F01C2F830111849C1F83031B5
:1086B00048F2C801164BC3F8F4100723C2F8FC3384
:1086C0000122124B0DE000240E48022BC0F8DC40C2
:1086D0004FF0FF001070D9D107230422C1F8FC33FA
:1086E0000A4BC3F8FC23012300202B7038BD00BFC8
:1086F000C7460020E03F00B088510020002002B8AB
:10870000DE510020004001B8000002B8001002B89D
:10871000003F00B0034B1A6802609B8883800020F2
:10872000704700BF8851002010B5044601F048F89A
:10873000094BD3F8F80734B900F44020B0F54020D5
:1087400018BF012010BD022C0ABF80F400300020A9
:10875000C0F34040F6E700BF000002B82049D1F85E
:10876000FC37FF2B31D01F48C3F303120270D1F83E
:10877000F81703F00F0309035BBFC2EB02120F3BB4
:1087800002F1FF32D2184ABF03EB0213D3B2DBB2BD
:10879000154A164913700978154B1A68E9B1B2F1F8
:1087A000A06F1AD3D3F85012124A134BB1F1FF3F06
:1087B00018BF1346114A136041F66A02104B1B683A
:1087C000B3FBF2F30F4A13607047D1F8F83713F494
:1087D000002F0CBFB4235A23DAE7074BEAE700BFA8
:1087E000000002B8DF510020C9460020DD51002002
:1087F0000080E00F5082E00FC42B0408E42F00201B
:1088000004300020E82F002020B1022804D1034BBF
:1088100018787047024BFBE700207047DF510020BB
:10882000C94600202DE9F74F846C4C22022C38BF3A
:1088300002247849013CCB6CD1F8DC507649C3F373
:108840008213DA400B680646A34290F81071734B0E
:10885000DFF8F0A1DFF8F091DFF8F08102F001021B
:1088600014D11878904211D19AF80000B8420DD175
:10887000F06C58B1A84209D1357E99F800008542C4
:1088800004D1B8F8040003B0BDE8F08F98F80000F8
:108890001A700C60FFF7B8FF0346002A00F08E80C4
:1088A00004234FF07F415E4AC2F8BC305D4BC3F8F1
:1088B000BC10337E1B06C2F8BC30002040F271228F
:1088C000594B19211B68B3FBF2F36343182BB3FB1D
:1088D000F1F14FEA004400F29080002C00F0988003
:1088E000B4FA84F2C2F12002C2F10F03012B38BFA7
:1088F0000123D440A14201D2013B6408421C03F091
:108900001F0152008A40121BDFF830B19208CBF8E9
:10891000B0201A0242EA03121343019300EB002332
:1089200000EB0325414B40F6A40218682B210038C8
:1089300018BF012003F04EFDFA223C4B02FB04F06D
:108940001B6840F6FF72B0FBF3F00A235843384B24
:1089500000F57A74C3F8D820019AA3F58053C3F8C0
:10896000D820344AA3F58053C3F8DC50D2F8F82756
:10897000520308D4D3F8DC3003F47F02C3F303536B
:108980001343CBF8FC30F5642B4D00F6B8302C6067
:1089900001F094FE4FF47A72284BC3F8A400C3F898
:1089A000F8002B68B4FBF2F0B3FBF2F3A8F8043044
:1089B000337E8AF8007089F8003064E7307E984290
:1089C00028BF1846C0B22FB1022F7FF476AFFFF751
:1089D00017FE73E7174BD3F8F8371903F7D450B1E4
:1089E0000F230138B0FBF3F00130154B1B68034433
:1089F00013F8010C62E70120F7E7B1FA81F23CB10C
:108A0000B4FA84F3D21A002A3FF76EAF0F2371E74E
:108A10000F2373E7004001B8204D0020C846002016
:108A2000001002B8002002B804300020E82F002017
:108A3000006001B8000002B8EC2F0020003F00B039
:108A4000E42F0020DC510020DB5100208851002061
:108A500038B5254B05461A78244C0C2A02D1FF2044
:108A6000207038BD104623F02EF901461046FFF75E
:108A7000CBFEA84228BF2846C0B2884238BF08466D
:108A80002378C0B28342ECD020703ABB184BD3F8A5
:108A9000F83713F4002321D14FF2F001154AC2F840
:108AA000C811C8B10F230138C0B2B0FBF3F3591C91
:108AB000C3EB0313C01A431C0D4A1B01D2F8C801B3
:108AC00043EA01330343C2F8C831D2F8C8210A4B44
:108AD000C3F8FC202078C4E70121EDE7074B1868B4
:108AE000FFF7A0FEF6E700BF88510020DE5100200E
:108AF000000002B8002002B8003F00B0D8300020CB
:108B0000014B1870704700BFDD51002010B50446BE
:108B100003F0F6F978B1154B1B786BB964B1144BBF
:108B20001B784BB1134B1B78013B012B04D84FF43E
:108B30000042114B1A6510BD104B1B6D1B04FAD47B
:108B40001DF0ABFF044602F0B5FA4FF400420C4BA7
:108B50002046BDE810401A6502220A4BC3F8D4240F
:108B60000422054B5A641DF09CBF00BFCA4600207A
:108B7000CB460020F02F0020002002B8000002B8F1
:108B8000001002B800D003500122024B00201A70DE
:108B9000FFF7BCBFCA4600200022024B01201A701A
:108BA000FFF7B4BFCA460020054BD3F8843013F05A
:108BB000030F4FF4802314BF024A034A93647047A3
:108BC000004000B8005000B8006000B870B504461E
:108BD00000F0F6FD01213A20EFF726F94C4B00207A
:108BE0001C70FFF793FF4B4A4B4811784B1E012B2B
:108BF00016D90023C0F8D43404B35068002836D105
:108C000003294FF0F80360D04FF6FF71434AC2F8D2
:108C10008410A2F58052C2F8843000223E4B61E0FD
:108C20000125167CD37BB540302606FB030303F5F4
:108C300001531D600023C0F8D434ACB94FF6FF7265
:108C4000364BC3F88420F822A3F58053C3F8842060
:108C50000022314BC3F8D424314B4FF080421A65C7
:108C6000FFF7A2FF002070BD506800283DD02D4BBB
:108C700002291B6803EB5003B3FBF0F303F1FF334E
:108C80004FEA032343F0F80333D003291DD0012911
:108C9000BAD14FF6FF70214943F00203C1F88400B6
:108CA000A1F58051C1F8843007211B4BC3F8D414BF
:108CB00030230120D17B127C59431B4B00FA02F276
:108CC0005A50FFF723FF194BC7E74FF6FF71134ABE
:108CD00043F00503C2F88410A2F58052C2F8843034
:108CE00004220D4BC3F8D424EDE702294FF0F8031A
:108CF000CFD14FF6FF70094943F00103C1F884005A
:108D0000A1F58051C1F884300621034BCEE700BFA6
:108D1000CB460020F02F002000C00350006000B8B8
:108D2000002002B80430002040D00350001002B8E8
:108D3000F8B5214F06463D4604460FCE0FC53368B1
:108D40002B6000F03DFD01213A20EFF76DF8002285
:108D50001A4BC3F8D424A17A627A42EA0142C3F8DA
:108D6000E024217CE27B42EA0142C3F8DC24207B40
:108D7000617B40EA0142C3F8D8243B78032B19D821
:108D8000DFE803F01202060C00230422EFF776FF5F
:108D900000230422217CE07BEFF770FF01230422F3
:108DA000A17A607AEFF76AFF054B1878BDE8F840C2
:108DB000FFF70CBF0120F8BDF02F002000C00350CA
:108DC000CB460020034B1B6D002BBCBF024BC3F8EE
:108DD00088007047000002B8004000B82DE9F04755
:108DE00000F048FD4FF47A762D4BB0FBF6F6186094
:108DF0004FF4FA73734307462A48190E1B021818DA
:108E0000294A4FF0000341F10001FAF793FF274B85
:108E1000A0F5807205461A6320B945222B2103F084
:108E2000D9FA01254FF47A724FF0000A6A4353468B
:108E300050083102FAF77EFF1C4B1D4AB7F57A7FC6
:108E40009A601C4B4FEA056819601B4B8946044623
:108E500018604FEA152505D297222B21504603F0C2
:108E6000B9FA01264FF47A73A8FB030103FB05113D
:108E70007308C01841F1000100233246FAF75AFF87
:108E80000E4B023419600E4B49F10009A40818601A
:108E900044EA8974054B013C9C63BDE8F08700BF40
:108EA0000430002020A1070040420F0000C001B89C
:108EB0000211010014300020103000200C3000207E
:108EC000083000200822044BC3F884215A60012294
:108ED000024BDA60704700BF00E100E000C001B85B
:108EE0000822064BC3F88421C3F88420BFF34F8FB8
:108EF000BFF36F8F0422024BDA60704700E100E09D
:108F000000C001B810B50446A242A2EB0000A3EBDA
:108F1000010104D2034B01399B6B0133184401F06A
:108F2000030110BD00C001B838B501250A4B02018C
:108F30009D504FF480730446084A834053661DF0E9
:108F4000ACFD074AA540137823EA05031370BDE87A
:108F500038401DF0A6BD00BF00E101B800E001B837
:108F6000D44600202DE9F84F164605468A461F468E
:108F70001DF093FD022E00F0918080461DF098FDBB
:108F80005A4B5B4AD3F8209092F865405A6EE4B28F
:108F9000520744BFD3F82090013404F003041DF0BD
:108FA0008DFD4846214600F045FA8446DAF8000077
:108FB000012E04BF01306044ACEB000C08BFCAF8BE
:108FC0000000BCF1804F7DD300F046FA8145A1EB53
:108FD000040188BF454BDFF838C188BF01F1FF317C
:108FE00001F0030188BF9B6BA0EB090E0CF8051084
:108FF000A1B1F90742BF41F61F723E4B5A67BA074B
:1090000042BF3C4B3C4A5A677B0742BF0022374B6A
:109010009A673C0742BF0022344B9A6511244FF0F7
:10902000010A324B05F11002120103EB051BCBF8CC
:109030000C0132499C501A6A0AFA05F4586E0B78F2
:10904000A2EB0902E4B2234372450B7025D34FF41F
:109050008073AB40034220D11CF80520002A40D188
:109060000EB3274AF807536607D541F61F7140F241
:109070000110204B596750675967B90706D51D4B3A
:109080001D4A1F491F485A6748675A677A0742BFF7
:1090900001221D4B1A613B071AD440461DF001FD09
:1090A0000120BDE8F88F194A2D0142F805A042F8C9
:1090B0009C3C1DF0F2FC11490B7823EA04030B7071
:1090C0001DF0EFFC40461DF0ECFC0020BDE8F88FE1
:1090D0002120FFF777FE4FF48032044B4046DA60E0
:1090E000DCE7074A40465366D8E700BF00C001B836
:1090F000003E00B000E001B800001F1FD446002071
:1091000000D001B800000101000002B800E101B880
:10911000CC460020024B1878003818BF0120704759
:10912000D4460020034B10300001185800F0010015
:10913000704700BF00C001B8044B01F0F07110305F
:1091400041F0030100011950704700BF00C001B891
:1091500070B50646FEF702FC044608B1FFF7C0FEF4
:1091600000230A4D3046AB61EB612B6200F074F9CD
:10917000074BC9B283F8651028622CB1FFF7A2FE35
:109180004FF08062034B5A64002070BD00C001B8EC
:10919000003E00B0002002B82DE9F0419DF8188093
:1091A0000D46B8F1000F08BF0022214EB5F5803FF3
:1091B000B168074621F4700141F4A001B1609DF847
:1091C00020409DF81C104FEA042444EA016444EA5C
:1091D000031444EA084444EA02044FF0180140F240
:1091E000D5222CBF00200120746503F0F3F835640C
:1091F000B8F1000F1AD00F4BBC68D3F8B8306F2C01
:1092000038BF6F245B0606D500F010FC18B10A4B7E
:10921000B3FBF0F31C44204600F01EF901308542F8
:1092200038BF0022024B34BF5A645864BDE8F08155
:1092300000C001B800C000B800093D0038B51A4BA5
:109240005D6C2DBB10242020FFF7BCFD174B9C60EC
:1092500002F006FD164BC3F8844101F06FFE48B1E1
:109260002A4600200821FDF73DF8124B5C66A3F565
:1092700080531C67104AD36803F07063B3F1807F9A
:10928000F9D9094B0D4A5A6741F201429A6738BD34
:1092900001F054FE0028F4D0094B064A5366A2F5AB
:1092A00080521367EDE700BF00C001B8001002B89C
:1092B00000E100E000E001B8000002B8011B011865
:1092C0001000002008B52120FFF77CFD4FF480320C
:1092D000014BDA6008BD00BF00C001B808B522200C
:1092E000FFF770FD4FF48022014BDA6008BD00BF2C
:1092F00000C001B8F8B5174D0446EB6BDB0124D56F
:1093000000F046FCA0FB0446E86B070A050C10F0D1
:10931000FF0005D140F255422B2103F05BF80120FC
:10932000EDB2AD01B5FBF0F0FBB210EB831005D14F
:1093300040F25A422B2103F04DF80120024600234F
:1093400020463146FAF7F6FCF8BD00F06FFBA0FBB3
:109350000401F9E700C000B80246012030B50B4C0B
:10936000A0F12003C0F1200524FA05F504FA03F367
:109370002B4304FA00F595428B4100D330BD0F28F2
:1093800001D00130ECE7FF20F8E700BF40420F00BA
:1093900010B50C46FFF7AEFFC30943EA4163C01A9C
:1093A00061EBD111FFF7D8FFFF2814D00F220C4B2F
:1093B00040F01000C3F8B820A3F58053C3F8B800FC
:1093C000A3F580535B6ADBB2802B06D02046BDE854
:1093D000104000F0C9BB012010BD0220FCE700BF17
:1093E00000E000B838B51DF063FB084B084A1D6A61
:1093F00092F865405A6EE4B2520744BF1D6A0134C8
:109400001DF05CFB284604F0030138BD00C001B824
:10941000003E00B00346064A103302EB00111B0168
:10942000D1F80C01D158C1F3400122F066BC00BF55
:1094300000C001B8064B1B68434303EB8171054B29
:109440001B68A3FB003013F1004341EB00007047A1
:109450000C300020083000200C4A20F04043014628
:1094600010B5002014684FF00042E4FB0320084AC6
:10947000890F126802FB0300064B9B6B984204D9CC
:1094800001330131C01A01F0030110BD103000207A
:109490001430002000C001B840B1836833B10649E0
:1094A000C268096803F13043032A00D8704743F8C3
:1094B000041B043AF8E700BF4830002070B5164698
:1094C000054600B3F9B1F2B14268104B00680332AF
:1094D0001B68920800F130409847044688B9EA6852
:1094E000A86803323146920800F1304022F01EFC99
:1094F000044630B9D5E90402214600F1304021F09C
:1095000008FC204670BD0124FBE700BF244D00206D
:1095100070B50C68651C15D0C4F302669E42C4F396
:10952000074530D1A4B294422DD804EB8506B2424F
:1095300029D2141BA50824F003040E59340F04D0BB
:10954000012C09D00022012303E06B1C51F82320D9
:1095500000230260037170BD0D4C34F8133042EAF1
:1095600003431A686B1C51F8234001EB83014B68DD
:1095700022405E4036F07044EAD11B0F032B04BF3B
:109580008B681A43E4E7013501EB8501C1E700BFB1
:10959000D82B040807B501A8EFF7D2FC254B2649C4
:1095A000D3F86022D2B2FF2A1DBFD1F8780113028E
:1095B00043EA0213D1F878311CBF20F47F621343D1
:1095C000C1F8F8331C4BD3F8F837190354BF0920FE
:1095D0000C20EFF727FBC822184B42F201015A6515
:1095E0004FF4C02203F51043C3F868214FF48032D2
:1095F000C3F86C21124AC2F8701202F52042D2F868
:10960000F827120308D44FF470610E4AC2F8A01074
:109610004FF42062C3F8A02001220B4BC3F80024B2
:1096200003F53043D3F86821084B1A6003B05DF8A6
:1096300004FB00BF0080E00F000002B8008001B80A
:10964000006001B8002002B8005001B8D82F0020F7
:10965000836810B4074C03F1304324681B689C42B4
:1096600003D15DF8044BFFF729BF00205DF8044BE0
:10967000704700BF48300020134B1B78002B20D0D0
:10968000124B134A00201A60124B134A1A60134BF4
:10969000134A1A60134B1A68134B1A60134B144A7F
:1096A0001A60144B144A1A60144B154A1A60154B71
:1096B000154A1A60154B164A1A60164B164A1A605C
:1096C00070470220704700BFD5460020543000206C
:1096D000EC3404084C300020342C040850300020B6
:1096E000682C0408384D0020483000206C300020E1
:1096F0001C2C040864300020F42F0408683000207B
:10970000642C040860300020042C04085830002029
:109710006C2C04085C3000204C2C040838B5002365
:109720001F4C012163643A20A364E364EEF77CFBE1
:1097300001221C4B5A6102229A62E368C3F303635D
:109740000D2B01D0002BF8D11123E3630124164D1A
:109750002C701DF048FB00232B70144D40F25B72FF
:1097600028685421C01A18BF012002F033FE104BA4
:1097700028681A680F4B1968FFF7A0FE01F0BEF8C1
:109780000D4B1868FFF788FE0C4B1868FFF784FE36
:109790004FF08062034B5A6103F580535C6138BD22
:1097A000000002B8001002B8D54600204C3000205E
:1097B00050300020543000206C30002060300020F9
:1097C00001230D4A0D49C2F8803291660C4A53605C
:1097D0000C4A53600C4A5360A2F580425360A2F5D4
:1097E0004042536002F5C032536002F5804253603C
:1097F000A2F500425360704700900050FF0B001626
:1098000000D000B8001000BA005001B838B50324E9
:10981000FFF7D6FF114A124B124D1A65FFF7BAFE39
:10982000114BC3F8104101232B6500F06DFE4FF47E
:1098300060736B614FF400732B65FEF773FB0021BF
:10984000FEF75AFB4022094B1C64A3F580535C646D
:10985000074BC3F884215A6038BD00BF0048F000B0
:10986000000002B8001002B8005001B800A0095072
:1098700000E100E008B5EDF72FFC044B1B6FC3F3CC
:1098800000430133B0FBF3F008BD00BF008000507F
:1098900070B5044698B1B1B13A4A52F8043B8342DC
:1098A00013D10023384A116CC907FCD4374800EBA8
:1098B000830022F044FA364B106001221A6470BD16
:1098C00001330C2B02D1334D2CE0012352F8041B41
:1098D000A142F5D1304A32F81330E3E7C2F3016315
:1098E00035F81300110C93B211F0FE0F43EA004358
:1098F000606820D00434CAB2022A216808D9D4E9A9
:109900000160033AC3E9001698600C340C33F3E7A6
:1099100004D16268C3E90012083403E0012A01D1CE
:10992000043419602268531CD8D10022164B1A60E7
:1099300003F58053C1E7120F072AEDD8DFE802F0E4
:109940000704090D1013181DC04303F500531860D8
:10995000E2E71A6842401A60DEE703F58053F6E753
:1099600022F0C0F9D8E7012203F580538240F2E7E4
:10997000012203F500538240EDE71A6830EA020243
:10998000FBD1C9E71830002000C002B8404000B049
:1099900000D002B8D82B0408424300200122014B1A
:1099A0001A657047001002B80122014B1A65704712
:1099B000002002B84022014B1A657047002002B80F
:1099C0004022014B1A657047001002B80B4B1B6810
:1099D000D3F8C83023B11A68022A01D9186A70472F
:1099E000074B9A6E90B238B1064BC2F307421B6820
:1099F000DB085343B3FBF0F0704700BFD8300020C2
:109A0000004001B804300020064BDB68C3F3036359
:109A1000984206D1044A936E23F0F00343EA011101
:109A200091667047000002B8003F00B0054B1B680C
:109A3000D3F8C83013B11A680A2A01D8FFF7C6BF95
:109A4000186C7047D830002008B50146FFF7BEFFFC
:109A50000F4AD2F868311B040E4B48BF40089B6C7C
:109A600003F4C053B3F5805F0ABF536EC1F3011313
:109A7000C3F34163012B02D0022B02D008BD400882
:109A8000FCE7C1F3C4210131B0FBF1F0F6E700BF00
:109A9000004001B8004000B82DE9F3470F4622F01E
:109AA0001AF900258046DFF8B890DFF8B8A01CF05E
:109AB000F4FF0DF1070106460DF10600FEF736F83A
:109AC0009DF806308BB9791C2CD022F004F9A0EB5C
:109AD000080530461CF0E5FF9DF8063013B99DF8E7
:109AE000073053B3AF42E2D827E0D9F80C3013F473
:109AF000603FE8D0D9F818301A04C3F389141ED493
:109B0000013701D022F0E7F830461CF0CAFF24B23A
:109B10006FF4FF73A4F1C8009842B8BF184602B0B2
:109B2000BDE8F08730461CF0BCFF9DF80630002BE6
:109B3000BDD19DF80730002BB9D10848EFE77B1C59
:109B400044EA0A0403D022F0C6F8A0EB0805304628
:109B50001CF0A7FF14F5007FBED0D9E700FEFFFF81
:109B600000C000B800FCFFFF10F1800F04D04D28AA
:109B7000CEBF7F20323040B2FF22044BC0B25A62C7
:109B8000A3F5805358620020704700BF00E000B882
:109B90000B4A10B5136F0B4C116F03F00703E35C16
:109BA000C1F3CD0101FB0333126F0748C2F34542F5
:109BB00002FB033300688001B0FBF3F010BD00BF6F
:109BC000004001B8D02B040804300020044BD3F827
:109BD000B03010B1C3F30332027003F00F007047CE
:109BE000000002B8064B01F080015B6C03F48003B7
:109BF0000B4302BF4FF40012024BDA64704700BF00
:109C0000000002B8006001B80F4B1B788BB1012B2C
:109C100011D10E4A012102F580528B4291600FD87A
:109C20000A4A0B49002B08BF0A4693689B07FCD4DD
:109C30007047074AEEE700224FF480539A60FFDE38
:109C400000239B68FBE700BFD6460020004003B816
:109C5000000003B838B50B4B0B4C002818BF1C464E
:109C6000A569E3691D4007D0084B1B682BB1284646
:109C7000984704F50054A56138BD6B05F9D5FFF789
:109C8000C3FFF6E7004003B8000003B870300020BF
:109C9000124B197809BB124AD06C5860D2F8880070
:109CA0009860526FDA600F4AD0681861D06B5861C3
:109CB000D2F808019861D2F80C01D861106B1862D3
:109CC000506B5862926B9A6201221A70064B074AD7
:109CD000D3F8BC0E1060C3F8BC1E7047783000206B
:109CE000004001B8004000B8003000B074300020DF
:109CF000164B1A784AB35968154AD1649968C2F864
:109D00008810D96851671969A2F58032D160596904
:109D1000D1639969C2F80811D969C2F80C11196A9E
:109D20001163596A5163996A9163012102F50052E6
:109D300091641021A2F58052C2F8841000221A709A
:109D4000044B1A68044BC3F8BC2E704778300020CF
:109D5000004001B874300020003000B0194A38B516
:109D6000D36C03F4E071C02921D003F0C003802B31
:109D700023D1154B154A01255A67302203F580532C
:109D80005A670522A3F59033DA6003F580539D648A
:109D90001CF083FE04460E4B29461D610D4B00202E
:109DA0005B6898472046BDE838401CF07ABE23F433
:109DB000E07343F08003D364DBE70023C2F888300C
:109DC000D7E700BF004001B8005001B80F00FFFF07
:109DD000000002B8044D0020012838B501D0042845
:109DE00031D11D4BD3F8082122F48042C3F8082159
:109DF000D3F80C2122F48042C3F80C210122DA634B
:109E000024221A634FF480725A634FF49C729A634F
:109E1000102203F50053C3F88420052201250E4BC0
:109E2000DA6003F580539D641CF037FE04460B4B4B
:109E300029461D610A4B00205B6898472046BDE813
:109E400038401CF02EBE3F22064B5A67064AA3F547
:109E500080535A67E1E700BF004000B8000002B835
:109E6000044D0020006001B81200FFFF2DE9F04F03
:109E70000A460C4685B00021814620F04AFF304B4F
:109E80005D6915F0010504D00024204605B0BDE849
:109E9000F08F02F0B3F80028F6D04FF06051294E51
:109EA000294B2A4AD3F84C80D6F88C30D1644FF035
:109EB0000061A2F58052D16424220421C6F88C20CE
:109EC000234A4FF4804B91604FF480522F46DFF8C5
:109ED0008CA0CAF868B0F262A74213D304211D4ACD
:109EE0009160A2F5F032C2F88C304FF06052174BFF
:109EF000DA6408EA0203184AD3644FF48042174B2D
:109F00009A66C2E7B26E5104FCD5B268D205F9D5A3
:109F1000CAF868B0D6F890200135012D0392DBD93C
:109F2000E21B042AA8BF042209EB070003A901933E
:109F3000009220F0B7FE009A019B3A4497B2CBE71B
:109F4000000002B8004000B8004001B8006001B84D
:109F5000001002B8002002B8005001B8006000B83C
:109F60004FF604014FF60502044B01201B6C9BB217
:109F70008B4208BF1346024A136670470080E00F09
:109F800000C001B82DE9F74F81460F464FF0FF356D
:109F9000FFF728FA002601908A462C463046DFF863
:109FA000D8B006F110031B015BF8033003F003087F
:109FB000B8F1010F15D13046FFF72CFA02460B46D7
:109FC00001985146FEF79EFFDBF8643006F1080267
:109FD000D340DB0739D5002F40D000252C463E600A
:109FE00040460136082EDCD160B3234A0027D2F860
:109FF00008C0916B0CF440330131A4FB014164199A
:10A0000041F10001B3F5003F30D1536B0CF4405CDB
:10A01000013347F10006BCF5805F22D1156B15F5C1
:10A02000807505FB06F647F1000203FB0266A5FBFF
:10A0300003323244594304FB0212A3FB0434144498
:10A04000C9E9003403B0BDE8F08FA84271EB040306
:10A05000C6D207B13E6005460C46C1E73D463C46C8
:10A06000BEE7320242EA13621B02E3E7136B13F509
:10A07000807347F10002DDE700C001B8034B1A6EA0
:10A08000596E03F500530A401A66704700800A5063
:10A090002DE9F34105460F4668461146FFF772FF6A
:10A0A0000646B0B1AFB1DDE900321B0A43EA0263F4
:10A0B000A5FB0384094B120A05FB02441A6812B976
:10A0C000FFF7D8FB0246002340462146F9F732FE4F
:10A0D0003860304602B0BDE8F08100BF0430002097
:10A0E000F8B50B46002213F8044B944225D91D689D
:10A0F000854224D106245A791D79124B88181E688E
:10A1000004FB0503104F33F8063C7B43B3420ED9E2
:10A1100000238A5A7A43964202D804FB0300F8BD12
:10A120009D42FAD9013304FB03F2825AF2E740F26E
:10A1300043423D21002002F04DF90020EFE70833B3
:10A140000132D2E7A830002040420F002DE9F04F45
:10A150004FF0000EA2FB016BDFF8F4C2DFF8F482CF
:10A1600016EB0C0C1F466BF10003E0457EEB03037E
:10A1700083B009D240F23D220E21704602F02AF946
:10A18000022003B0BDE8F08FD7F814A00C461546A6
:10A190008146BAF1000F04D0DAF80030032B00F248
:10A1A0009A809E4B9E4A9B6BD2F8FCA0C3F3140886
:10A1B0009C4B1B6F5A074EBF4FF440039B0503F0A7
:10A1C000E07348EA0308984BD3F8EC305B0048BFD3
:10A1D00048F0807848EA4568ECF7AEFF012D02466A
:10A1E000CED10028CCD0914B984200F0858003F569
:10A1F000122303F5F863984200F090808C4B98424C
:10A2000000F0EB80002501902B4600204FF00071FC
:10A21000F9F790FD2B46019A013006FB03F300FB92
:10A220000B33A6FB00600344C8F31300A0FB02211C
:10A23000203300FB05119B093B607E4BD20C1C6058
:10A2400042EA41317C4B18F4801F08BF4942196033
:10A250007A4B0C441C60BAF1000F5BD000237B608A
:10A26000BB60DAF81C5018F0807F18BF6408002D1E
:10A2700046D099F81220093A012A41D9694ED6F8F8
:10A280003C21D0027FD4DAF80000002C00F0A98035
:10A29000B4FA84F1072900F3A480C1F1080325FA78
:10A2A00003F304FA01F10133B1FBF3F14B004FEA80
:10A2B000442C0133E40D01E002330131A5FB0362BC
:10A2C000B44574EB0202F7D2C1F30E031B0343F053
:10A2D0000063BB6016E0042BDAF828807FF47CAFC3
:10A2E00018F0807F14BF4FF4400308F0E07328F0AB
:10A2F000E07848EA03086FE7002351481D468CE7E1
:10A30000DAF8000000230628FB603B6102D9DAF886
:10A3100030303BB9002003B0BDE8F08F002349483E
:10A320001D467AE7ECF708FFDAF83010FFF7D8FEA1
:10A33000044610B18378002B56D1ECF7C1FEDAF851
:10A340003010FFF7CDFE04460028E3D08378002BC1
:10A35000E0D0407940F26F52003818BF01203D2113
:10A3600002F038F820794FF4AE6200384FF03D012A
:10A3700018BF012002F02EF8237962791B0243EA0C
:10A3800002133B61C6E781EAE172A2EBE1722E495A
:10A39000C8F3815811F808C019464FEA8C6C600860
:10A3A000CCFB02012246F9F7C5FC0346DAF80000AF
:10A3B0000E280ED9194A916BB26CD6F83C61D206C0
:10A3C00007D501F4801106F40016314308BFC3F528
:10A3D0008013C3F313037B6057E700231B481D461C
:10A3E0001BE72B4621025FE7407940F254520038C8
:10A3F00018BF01203D2101F0EDFF207940F25552B8
:10A40000003818BF01203D2101F0E4FF2379627973
:10A410001B0243EA0213FB608FE700BF008001B814
:10A42000004F00B0004001B8000002B800F049023F
:10A43000005A6202B0300020AC300020A83000206A
:10A440000A3BB2DF313641DCE02B0408D694BFD69C
:10A45000006CCA88807C814A10B5044686B059B920
:10A46000214B4168D3F8FC30827A2048059300687C
:10A470006B46FFF76BFE69461D4B0A685A631A4B21
:10A48000D3F8FC3033B34B6843B11A4B1A4AC3F8C4
:10A490003C214A68A3F58053C3F83C218B6843B143
:10A4A000144B164AC3F81C218A68A3F58053C3F8DD
:10A4B0001C21134AC868D2F8983123F4EE63034391
:10A4C000C2F89831D2F89031096923F4EE630B4356
:10A4D000C2F89031002022890A4B9A6203F5A0331A
:10A4E000186406B010BD00BF004F00B0D830002087
:10A4F000008001B8006001B8FFFF0F0000F0FF0FFF
:10A50000000002B8004000B8074BD3F88022D20701
:10A5100007D55B6E002B4FF48043B4BF034A044A57
:10A5200013650020704700BF00800050002002B873
:10A53000001002B8064B1A6C9207FCD4022240EAC3
:10A5400001205860034B1A640122034B1A707047B4
:10A5500000C002B800D002B8D74600202DE9F04173
:10A56000184F0546FB68C3F30363022B19D121F092
:10A57000B2FB0646DFF85880BC6A14F4802413D17D
:10A58000284621F0FCFA28B10F4B93F8D8200AB1E5
:10A5900083F8D94000220D4B83F884208022094B98
:10A5A0001A610020BDE8F08121F095FB801B404539
:10A5B0004FF07E024FF047018CBF0020012001F0D8
:10A5C00009FFD9E7000002B8003E00B0003F00B02C
:10A5D0003F420F0040B10368012B05D90069034BCE
:10A5E000002808BF1846704700487047E82B040849
:10A5F00010B590B10468012C0FD902696AB11168D5
:10A60000094B102C196051685960916888BFD26855
:10A61000996094BFD960DA6010BD10220021024811
:10A6200020F077FBF8E700BFB83000201E4B2DE983
:10A63000F0410D4616461C6888B34FF47A734343C5
:10A640008A68A3F6AC539B1A4A689B1A174A92F879
:10A650006820D20701D5A3F6B833154AD817116878
:10A66000144FA1FB033201FB002213F1807342F16E
:10A6700000025B0E43EAC213803B33620E4BD3F8F9
:10A68000C43073623B686BB1204621F078FA48B160
:10A69000324629463B68E06FBDE8F04118474AF66C
:10A6A000C873DAE7BDE8F081D8300020003E00B082
:10A6B000C8300020B4300020003F00B0084BC11764
:10A6C0001A68A2FB000302FB013310F1807043F112
:10A6D0000003400E40EAC310803820EAE070704763
:10A6E000C83000200722194B70B51A64184B194A5C
:10A6F0001D68194BEC08E005C0184FEA153141F10F
:10A7000000010023F9F716FB144B154E186015488D
:10A71000FFF7D4FF4042C6F8DC0049F65800FFF7C7
:10A72000CDFFC6F8A8001048FEF796FE024660B1BD
:10A73000E301500818184FEA15714FF0000341F17A
:10A740000001F9F7F7FAC6F8B40070BD000002B8CE
:10A750000430002065CD1D00B2E60E00C830002098
:10A76000003F00B07011010040420F0098B14FF45B
:10A770007A735843094BA0F6B830DB681844084B8D
:10A7800093F86830DB075ABFA0F59C500838A0F654
:10A79000AC50FFF793BF47F23050FAE7B8300020D3
:10A7A000003E00B010B5044698B10B4BD3F8FC0046
:10A7B000FFF71EFF4FF47A7303FB04F0074BA0F67C
:10A7C000AC50DA689B681044C01ABDE81040FFF72F
:10A7D00075BF4AF6C870F8E7004F00B0B8300020E7
:10A7E000F8B50446084615461E46FFF701FF9CB122
:10A7F00006F0020716F004060FD16FB14FF47A701D
:10A8000063685843002B4BD1FFF758FF28636069FA
:10A81000FFF7ACFFE8623EBBF8BD2069002839D0E5
:10A820004FF47A735843254BA0F6AC509B68C01A7E
:10A83000FFF744FFA862A08B78B34FF47A735843B4
:10A840001E4BA0F6AC509B68C01AFFF737FFE861BB
:10A850002A461A49E068FFF7E9FE0021A069FFF7E0
:10A86000A1FF6863002FC9D1A06800BB47F2305038
:10A87000FFF724FF68614FF47A70236858432BB1C7
:10A880000E4B1B6803F51C5310331844FFF716FFDB
:10A89000A861C1E74AF6C870CAE74AF6C870D4E7AB
:10A8A000064B1B6803F51C5310331844ACE74FF4F8
:10A8B0007A735843A0F5FA50DAE700BFB8300020A9
:10A8C00010B508461C4621F029FA094B0246D3F878
:10A8D000FC00FFF77FFE4368A018002B054AA8BFC5
:10A8E0004FF4FA721A44044B92FBF3F2104410BD79
:10A8F000004F00B00CFEFFFF18FCFFFF70B588B0E2
:10A900006D46194C0FCC0FC594E80F0085E80F0079
:10A910004FF480720021154820F0FBF9B02200218D
:10A92000134820F0F6F920220021124820F0F1F916
:10A9300021F088FA104B1B783BB16D460A4E0FCDC3
:10A940000FC695E80F0084E80F000C4A0C4B106806
:10A95000516803C3906818600A4BD3F878210A4BFA
:10A960005A6608B070BD00BFE03F00B0503E00B076
:10A97000503F00B0E04F00B0C7460020F82B04085D
:10A98000AC3E00B0000002B8003F00B00A4B19789E
:10A9900001F0FF0229B10021197008499202C1F8A3
:10A9A0000821597801F0FF0229B100215970930262
:10A9B000024AC2F80C317047D8460020005000B857
:10A9C000064BD3F8EC0E064B9B6C1A0103D4054BD7
:10A9D0009B6E1B0401D500F580707047003000B0FD
:10A9E000000002B8004000B808B51CF056F80E4B45
:10A9F0001A78A2B90D4A126812F4843F0FD10C4A9A
:10AA0000102111651B7863B9084B1B68DB0508D45E
:10AA1000074B20221A65BDE808401CF042B8054AE1
:10AA2000EEE7044BF5E700BFDC4600208814002069
:10AA3000002002B8001002B810B51CF02EF80E214C
:10AA400004460320FEF7E0FF40F20122034B2046BC
:10AA5000BDE81040DA621CF024B800BF004000B826
:10AA6000054B00201B681B7CDB0902BF0322034B44
:10AA7000C3F85022FBF7F4BDD8300020006001B8C5
:10AA80000022044B1A70044B197811B11A70FFF7A9
:10AA9000ABBF7047DB460020DC46002008B51BF04A
:10AAA000FCFF4FF08042264BC3F88020BFF34F8F4E
:10AAB000BFF36F8F4FF00042C3F88020BFF34F8F7A
:10AAC000BFF36F8F0122C3F88420BFF34F8FBFF312
:10AAD0006F8F0222C3F88420BFF34F8FBFF36F8FB5
:10AAE0000422C3F88420BFF34F8FBFF36F8F4FF062
:10AAF0000052C3F88020BFF34F8FBFF36F8F08223F
:10AB0000C3F88420BFF34F8FBFF36F8F1022C3F8B9
:10AB10008420BFF34F8FBFF36F8F2022C3F88420B0
:10AB2000BFF34F8FBFF36F8F8022C3F88420BFF332
:10AB30004F8FBFF36F8FBDE808401BF0B2BF00BF5F
:10AB400000E100E008B51BF0A8FF4FF080420C4B7D
:10AB50001A604FF000421A6002225A6004225A60C2
:10AB60004FF000521A6008225A6010225A602022C8
:10AB70005A6080225A60BDE808401BF092BF00BFB7
:10AB800000E100E0012370B5074C2370074B1E68FD
:10AB9000074B3240D3E9005319402840FBF7A2FB92
:10ABA0000023237070BD00BFDA460020D0300020A3
:10ABB000881400202DE9F047DDF820A003EA010801
:10ABC000099B06460D4602EA000703EA0A09BAF1A4
:10ABD000000F40F05981031F0B4300F01981052835
:10ABE00071F1000380F0EF8050EA010300F06F8103
:10ABF000431E0B4300F02F81FFF750FFB54AD2E907
:10AC0000004323EA050324EA06043C4343EA080719
:10AC1000B14BC2E900471E6826EA0A0646EA090661
:10AC20001E60FFF7E1FE14F02A4F14BF48F2020342
:10AC30004FF40043A94AB007D26EA94848BF43F475
:10AC4000005383EA020122EA0302C266A54A0B40CE
:10AC50008166D366C4F380421203210348BF42F4E5
:10AC60008072E30648BF42F400529F4BA50648BFDE
:10AC700042F40072600648BF42F480622106D9683F
:10AC800048BF42F4006282EA010323F080539748F0
:10AC900019401A40C1608360954BDA60BA0507F429
:10ACA000007300F11081934A1D46D2F8A41002F5FA
:10ACB0000052C2F8A410C2F8A0104FF05022C2F8FF
:10ACC000A4308D4ADFF86C8282F88830E30448BFF4
:10ACD00045F48035A00348BF45F48015A10748BF5F
:10ACE00045F4001514F4001F06D0D8F8000021F038
:10ACF000FFF908B945F40025E20248BF45F40035E4
:10AD0000FB067E4B48BF45F480051A6A7C4985EAFC
:10AD1000020323F001031A400A621D40CB61794B04
:10AD200016F0010F1D62784B784A18BF1A46784B0F
:10AD30007D071B6F48BF42F00062764882EA03013C
:10AD400023EA02030367744B0A4041661A67734A99
:10AD500004F00103D16CA0F5803081EA030221EAFE
:10AD60000301C16482641A406D4B2002DA64D8F892
:10AD7000002048BF6B4B92F8292158BF6A4B6107EE
:10AD800048BF43F4806322B114F4C06F18BF43F48A
:10AD9000807332074FF03A42BDE8F047D2F81811FD
:10ADA00048BF43F0004383EA010222F4A0225F4837
:10ADB0001140C0F818111340C0F814215C4AC2F8C1
:10ADC0001831FFF7BFBEA0F580630B4306D020F417
:10ADD0008063A3F500730B437FF40EAF1BF05DFEA1
:10ADE0003C49D1E9003223EA060322EA050242EA9D
:10ADF00008023B43C1E900324E4A126892F8291119
:10AE00004A4A09B313F4C06F1ED04FF4807311E0A7
:10AE10001BF043FE2F4AD2E9003123F004033B43E9
:10AE200041EA080157EA0807C2E900314FF480639C
:10AE30003E4A0BD0C2F81431A2F58052C2F8183144
:10AE4000BDE8F0471BF02DBE4FF48073C2F81831F7
:10AE5000C2F81431F4E71BF020FE1E4AD2E900319B
:10AE600023F001033B4341EA0801C2E90031012319
:10AE7000314A57EA08071BBF9364A2F58052D36496
:10AE8000D36408BF9364DBE750EA01037FF4B4AEF8
:10AE9000BAF1010F7FF4B0AE1BF0FFFD0E4A13684C
:10AEA00023F0010343EA090313604FF48063194A56
:10AEB000B9F1000F04D05366A2F580521367BFE7C3
:10AEC00013675366BCE701234FF48025F9E6BDE81C
:10AED000F08700BF88140020D0300020004000B868
:10AEE000006000B8005000B8004001B8006001B830
:10AEF000005001B800400050003F00B0000002B810
:10AF0000002002B8001002B8041C0003041800035B
:10AF100000C001B800E001B800D001B800C000B81E
:10AF200000D000B80D0A0A09090A0A09002000BA6F
:10AF3000001000BAD830002000E000B8024B58687A
:10AF4000C0F3C000704700BF88140020024B18688F
:10AF500000F00100704700BF88140020024B5868C1
:10AF6000C0F3C030704700BF8814002010B50446FD
:10AF7000FEF74CFCFFF792FD04F18000FDF768F945
:10AF8000FEF7CCFBFDF72AFFFDF79CFFFFF7AAFBBE
:10AF900013490723134AD1F8FC1004F1D800FFF736
:10AFA0001FFC4FF080710020FEF7C6F84FF00072D2
:10AFB0000D4B4FF400110120C3F80021FEF7BCF83F
:10AFC000FEF7CEFF20B940F22132142101F002FA3F
:10AFD00020F036FFBDE810400120FDF7F7BD00BFAF
:10AFE000004F00B0A43F00B000D001B88022074B52
:10AFF0005A64082203F580535A64054AD2F8BC3ECD
:10B0000023F02003C2F8BC3E704700BF001002B816
:10B01000003000B010B51BF040FD01210446FFF7E1
:10B02000E5FF054B00201961044B5B6898472046FB
:10B03000BDE810401BF035BD000002B8044D0020F3
:10B04000F8B5194C0546207840F25E42B0FA80F01F
:10B050003E21400901F0BEF955B9607840F25E42E8
:10B06000BDE8F840B0FA80F03E21400901F0B2B9E5
:10B070004FF440660D4F0E4DD7F8083140F25E4256
:10B08000C3F381232370C5F8086160783E21B0FACC
:10B0900080F0400901F09EF9D7F80C31C3F3812309
:10B0A0006370C5F80C61F8BDD8460020004000B8B8
:10B0B000006000B8F8B5084C084D636C0423084FD5
:10B0C0006B64636C5B0300D4F8BD042602207E64CD
:10B0D00020F008FE6E64F4E7000002B8001002B829
:10B0E000002002B8A82238B51A4B5D6C03F5005356
:10B0F0005A6410229A60A3F5804302F100521A6745
:10B100005A66FFF743FC144B1B7813B90320FDF775
:10B110000BFF0024114B9C67FFF7CCFF104A114B2B
:10B12000D2F8EC1E0B40C2F8EC3E04220E4B5A64DF
:10B130000E4BAA06C3F8C44008D503F580739B6F75
:10B14000B3F5817F22BF8022024B1A61BDE83840EF
:10B15000FCF724BA000002B8DF46002000C001B8A6
:10B16000003000B0DF0000FF002002B8003E00B059
:10B1700010B551B920B3154BDB681B0E13F00E0F41
:10B180001ED1134B1B6CD9071AD4FFF755FC0F4C7B
:10B190000020FEF71BFD032801D0092805D1A36A72
:10B1A000DA07F5D4A36CDB03F2D4FFF783FF0122A7
:10B1B000084B5A6102229A62042203F580535A64B2
:10B1C0004FF4C062044B9A6510BD00BF000002B886
:10B1D00000C002B8001002B8006001B808B5032131
:10B1E0000920FEF711FC2022014B1A6108BD00BFA7
:10B1F000000002B80D4A10B5D2F8A030D2F8A41061
:10B200000B40B3F1804F0CD34FF040400849094C3C
:10B21000C1F8A400D467C1F8A0004FF48021064A09
:10B22000D161034AC2F8A03010BD00BF00400050F9
:10B23000006000500000FF01001002B838B505465C
:10B240001BF02BFC0446FCF7BDFF35B1FFF718FCE3
:10B250002046BDE838401BF024BC084B1B78002B6F
:10B26000F6D0074B1D78002DF2D1FFF709FC2A46D6
:10B270004FF480400021FFF785FCE9E7DB46002022
:10B28000DA4600202DE9F84F594B06460D46144684
:10B290005B6C002A40F0A98013F0A00F14BF4FF0A0
:10B2A00001094FF00009FCF779F9A0234FF0000ADB
:10B2B000DFF858810320C8F84430FDF735FE04203C
:10B2C000FDF732FE4B4FFFF7DBFB4B4B4FF0040B10
:10B2D0007B67C7F878A0FFF7EDFE484B4FF480710D
:10B2E000D3F8BC2E42F02002C3F8BC2EFF22C8F8CF
:10B2F00008203F4A1161D3F8EC2E41491140C3F8B0
:10B30000EC1EC8F844B0C3F8C4AE7B6913F0060F56
:10B3100004D0FDF7E3FF5846FDF706FEB9F1000F34
:10B3200008D04FF40062374B5A644FF40042A3F543
:10B33000E0339A6666B1344BDB6C180701D4FFF733
:10B340007BFBFFF74BFF0420FDF7EEFDFFF71EFB35
:10B35000274B5A69D10746D5DA6812F0706FFBD1D6
:10B360002A4B2B4A5A642B4A936E23F0F0039366C0
:10B3700015B12046FFF762FF274BD3F84C315A1C1A
:10B3800001D05B0002D50122204B5A615CB31E4BF9
:10B39000DA6E03F500539A6603F5D0331B6A1B4A35
:10B3A00023F00103D3611D4BD96803F50053996065
:10B3B00003F50053D3F8841003F5005399674FF059
:10B3C0003A43D3F8181103F50053C3F81411144B82
:10B3D000D96C03F500539964124903F5803359661B
:10B3E0004FF608435364BDE8F88F4FF000095AE761
:10B3F000000002B800C001B800000101003000B038
:10B40000DF0000FF001002B8004000B8002002B8C2
:10B4100010003000003F00B00080E00F004001B895
:10B4200000C000B85000002F9E4B2DE9F04F9A6EDF
:10B43000DB6E85B002EA03089B4BC3F868804FF0CF
:10B440003A43D3F81461D3F818311E40974BC3F830
:10B450001461974B9A68DB6802EA030A954BC3F8BC
:10B4600008A003F52043DA691B6A02EA0309924B3C
:10B4700009F47702DA61914BD3F80422110706D45C
:10B48000D3F804311A07C3F3C00740F1E9801BF079
:10B4900004FB8B4B5A695F6E1B6F12F0060F07EAB5
:10B4A0000307884A27F0007323F4006314BF4FF0AA
:10B4B000010B4FF0000B53667B0706D5824A92F8CA
:10B4C00065300133DBB282F865301BF0EAFAB8F17F
:10B4D000000F00F0E38018F400442BD01BF0DDFADD
:10B4E0000146FFF76DFA0446784D2B6818681A6814
:10B4F0009042FCD018689042FCD0FFF761FAA0425D
:10B5000040F0B08008461BF0CCFA714B1C60714BC8
:10B510005D6C15F4E05240F0A78024F07F4424F0E5
:10B52000DF040CB9FFF7DEFD6B4B01201B68984769
:10B530004FF0807418F0020F4FF0000514D0654BE7
:10B540005D495B6C03F460424A64002A00F0A0800D
:10B550001D0400F1A08013F4005F0CBF4FF00053F6
:10B560004FF0006300251C43C8F340384FEA4808F9
:10B570005A4B3340002B4BD016F4206F0AD040F6C4
:10B58000DF020621002000F025FF0020FFF756FE15
:10B5900026F48026F00506D5FF22474B44F4C0640C
:10B5A0009A60FFF749FA16F0090F0BD040F6F40243
:10B5B0000821002000F00EFFFFF710FE4FF03A4385
:10B5C00001225A6316F0106F0CD040F6FD020921DB
:10B5D000002000F0FFFEFFF701FE0022114610469A
:10B5E000FCF7C4FD16F4202F0AD040F605120721FF
:10B5F000002000F0EFFE0020FFF720FE26F480265A
:10B60000F10301D5FCF722FF002EB8BF48F008086F
:10B6100072070ED54FF03A431B6B13F4005F4FF4E3
:10B62000005317BF214A2E4A136344F4000408BF95
:10B630001363730548BF44F0040416F48023019398
:10B6400000F0B480FCF7BEFE013806284AD8DFE8D7
:10B6500010F038013B0138013E0141014401440131
:10B66000BB4634E7044640E70192FFF73BFD124B2F
:10B67000019A5A6415F4805307D115F4806F0CBFFA
:10B680004FF080544FF0806454E74FF0804451E70E
:10B690004FF0007366E74FF0004363E744464546CA
:10B6A00066E700BF004000B8006000B8002000BAA4
:10B6B000004001B8006001B8002002B800E100E0DD
:10B6C00000C001B800E001B8003E00B0184D0020F5
:10B6D000CC300020000002B81C4D0020090B0B8963
:10B6E000001000BA40F636120321002000F072FE6E
:10B6F0004FF03A420121D2F88C30D2F8AC0003F07E
:10B700000703063301FA03F3C0F30C001B1A9BB2C4
:10B71000072B12D97D4B5B6C58020ED47C48D36C3E
:10B72000D26E406D58B103F0070306339940C2F35F
:10B730000C03C91A89B2072901D844F40074754B67
:10B740001B78002B32D04FF03A43D3F8143113F466
:10B75000A02F2BD1704B714A1B7893B9FB0410D4E6
:10B76000137873B1E3086E4943EA457383F001032C
:10B77000D1F8EC1E03F001035B0021FA03F39807F4
:10B7800014D10420FDF7D0FB664B67495967FFF7DA
:10B7900077F9624A13782BB9644B654A1B682340DA
:10B7A000134201D144F4804427F48057BAF1000FCA
:10B7B00027D01AF4805F18BF44F480241AF4807FE5
:10B7C00018BF44F400241AF4005F18BF44F01004BA
:10B7D0001AF4007F18BF44F020041AF4806F18BFD9
:10B7E00044F040041AF4006F18BF44F080041AF0CB
:10B7F000805F06D04F4B0021186845F48055FCF758
:10B8000003F9B9F1000F3ED019F4802F18BF45F4A9
:10B81000007519F4803F05D0474B03201B6844F4A2
:10B820008054984719F4801F18BF44F4003419F469
:10B83000001F18BF44F0020419F4003F18BF44F47D
:10B84000801419F4800F18BF45F0100519F4002F6B
:10B8500019D0334BD3F8BC3E13F0C00F13D02B4A92
:10B86000D368C3F30363032B01D0072B05D1936C7B
:10B87000D90602D4D36C1A0736D54FF400222F4BC9
:10B8800029F40029DA61002F00F018813B0540F10E
:10B890008F802B49DFF88CA0CB782A4A002B57D019
:10B8A0004FF40060013BDBB25066CB7033B9264BDE
:10B8B0001B78E3B140F60142244B5A670023002273
:10B8C00074E044F4803413E744F4006410E744F473
:10B8D00080640DE744F480740AE7174B02201B686C
:10B8E00044F00804984703E744F40014CBE7DAF87F
:10B8F000783013F4A05F15BF4FF4807340F6014316
:10B90000CAF85830CAF87830D8E700BF000002B84B
:10B91000004000B8DC460020DB460020DD46002069
:10B92000003000B000C001B8000001018814002000
:10B93000088D0100D83000201C4D0020002002B8E6
:10B94000CC46002000E001B8DF46002000D001B85E
:10B950000320FDF7E9FADAF81430AA4813F0060FCD
:10B9600004BF41F61F73A84AA84908BF53674FF4A4
:10B970000062A54B5A66DAF8143013F0060308BFCC
:10B98000CAF87830B0F8623013F400625CD023F467
:10B990000063A0F862300B7803F0FF0A002B57D148
:10B9A000FDF79CFCFFF79EFB534620221C431543EA
:10B9B000B80009D52E20FDF705FA4FF00052924B42
:10B9C00045F008051A675A66F90606D52B20FDF7DB
:10B9D000F9F910228C4B1A675A6617F0306F05D1AF
:10B9E000FA045FD5BBF1000F00F0B3803B0111D525
:10B9F0002920FDF7E7F9FFF7A1FA48B1844B854903
:10BA0000814A53660B6701F54051C968480422D446
:10BA100045F0040517F0007B28D00420FDF784FAD8
:10BA20002720FDF7CFF9FFF75DFB4FF00072764B53
:10BA30005A66794BD3F8EC2E520674D40222774B17
:10BA40009A6045F0020528E00B784FF40053ADE70B
:10BA50004FF4004333E7136720205366FDF7B2F934
:10BA60002D2045F00C05FDF7ADF9D3E717F0807FE9
:10BA7000DFF8ACA142D00420FDF756FA2820FDF7EC
:10BA8000A1F9DAF87830002B35D1FFF72BFB5E4BAC
:10BA90005F4A45F001051A675A66FEF7E1FF00228A
:10BAA0005F4B9A657B0509D55E4A9378002B00F0C1
:10BAB000A380013B9370002348EA030842462046D6
:10BAC0002946FFF75FF8019B0BB1FCF7B1FC4FF083
:10BAD0000042554B06F00436C3F81461534B19F479
:10BAE000002FC3F880211EBF4FF400224B4BDA61B8
:10BAF00005B0BDE8F08FCAF878B0C8E7F904CED534
:10BB00000420FDF711FA4A4BCAF87430FDF7E6FB42
:10BB1000DAF8643013F0407FC1D12A20FDF752F9E2
:10BB2000FFF7E0FA85E7D3F8BC3E9B0689D40222F2
:10BB3000404B9A60404B1B685B7CD80781D5314BEA
:10BB400093F8D830002B3FF47CAF80223B4B1A6136
:10BB500077E7344A13794BB1013BDBB2137113B968
:10BB60002C4B374A5A6700231C439BE70420FDF700
:10BB7000DBF90320FDF7D8F9294B2D4A5A671AF053
:10BB80008CFF82460DF10F00FEF720F82D4B834607
:10BB90001B780BB1FEF750FFBBF1030F0ED1DFF89E
:10BBA0009CB00020FEF712F8032807D1DBF82830FC
:10BBB000D907F6D4DBF84830DA03F2D49DF80F3019
:10BBC000032B06D10122204B50461A701AF069FF50
:10BBD000C9E74FF03A43D3F8143113F4A02FF1D151
:10BBE000FEF74EFF50461AF05CFF184B03201B680F
:10BBF00098474FF48043B7E70220FDF795F90123FA
:10BC00005AE700BF003E00B000E001B8DF46002068
:10BC10001000002000D001B8003000B0002002B8B1
:10BC200000C001B8CC460020002000BA00E100E0CE
:10BC300000000101001002B8D8300020000002B856
:10BC40000000010DDE460020DB4600201C4D0020D8
:10BC50000122024B1A62DA61704700BF002002B86D
:10BC6000084A08B5D369116A0B40074923F47F00DD
:10BC7000DB07C86104D5D068C0F30360FFF7E8FFB5
:10BC800008BD00BF000002B8002002B80C4A08B589
:10BC9000936CD26C13400B4A9364DB070FD50A4BAD
:10BCA0004FF438621878122100F0010000F092FB86
:10BCB000BDE80840002201200021FEF763BF08BD57
:10BCC00000C000B800E000B888140020164B10B582
:10BCD0001C6C5A6C1440154A24F002011164E207EE
:10BCE00005D540F6DF320020196800F073FBA3078A
:10BCF00018D502220D4B1A640D4AA3F5005314689F
:10BD00005B687CB1DBB2042B07D100220121094B17
:10BD100018682346BDE810401847052B02D10022C1
:10BD20001146F4E710BD00BF0080095000A0095083
:10BD3000D42F0020D830002038B50B4C0B4DD4F850
:10BD40008430DB0706D4A36FD4F884201340084A5C
:10BD5000936738BDD5F804315A06F0D5FFF7B6FF22
:10BD60004023C5F88431EAE7008001B800E100E033
:10BD700000A001B870B514460D461AF08EFE064BB1
:10BD8000D3F8BC6E74402C407440C3F8BC4E1AF01B
:10BD900088FE06EA050070BD003000B0034BD3F802
:10BDA000BC3E99430CBF012000207047003000B01A
:10BDB0002DE9F04117460A43012A1D469DF8184017
:10BDC0009DF81C60DDF8208029D8B44227D2082EC7
:10BDD00025D8032B23D8B8F1000F20D00A46002124
:10BDE000FBF730FBFF21EB009940C943DFF834C07B
:10BDF00008F1FF38FF00E2B2964202D80020BDE809
:10BE0000F0813D190CEB8505D5F8F42018F8010FE9
:10BE10000A4098401043C5F8F4000134EBE70120D4
:10BE2000EDE700BF003E00B0174BD3F8BC2E12F078
:10BE3000010312D0154B93F84830154A43F0807334
:10BE4000C2F8D0304FF4801302F50052C2F8B4307B
:10BE5000A2F58052C2F8B83070471106EDD40D4BF0
:10BE600093F8471121B1D20602D593F84431E4E7A3
:10BE70004FF480120020084B0549C3F8B820C1F8E0
:10BE8000D000C3F8B4207047003000B0003F00B0CD
:10BE9000004000B8003E00B0006000B8034B1868D6
:10BEA000034B002808BF1846704700BFD43000205D
:10BEB000E8680408F8B50D4610B900242046F8BD1E
:10BEC0000E4F3E68002EF8D100F03AF804460028E4
:10BED000F3D0386000F080F8204620F02CF838B11C
:10BEE00030463E6000F078F8204620F01FF8E4E786
:10BEF000002DE3D02046A847E0E700BFD83000205F
:10BF0000024B1868003818BF01207047D830002055
:10BF1000002108B5024B08465B689847002008BD21
:10BF2000044D0020431E033306D8044B984228BF1B
:10BF30001846642838BF6420704700BF40420F0095
:10BF4000F8B505461AF0A9FD07460F4B1E6826B93D
:10BF500038461AF0A6FD344611E0B4688CB194F866
:10BF600010C01CF0010F0CD14CF0010C95E80F0033
:10BF700084F810C084E80F0038461AF092FD20467D
:10BF8000F8BD3668E3E700BF404D002038B50546F0
:10BF90000C4641B10B6833B11B68013303D0CB6849
:10BFA0000BB18B684BB91FF084FEBDE838404FF4ED
:10BFB00086724121002000F00DBA0846FCF712FB02
:10BFC0000023044A85F81C31C5E93043C2E9003337
:10BFD00038BD00BF9014002010B5044618B9054BB9
:10BFE000054A136010BDFAF755FAD4F8CC30002B8F
:10BFF000F6D1F4E715BF03083C4D0020014B18684B
:10C00000704700BF9014002008B502460868FFF78B
:10C0100089FF08604868FFF785FF48608868FFF778
:10C0200081FF8860C868FFF77DFF0B69C860581CF6
:10C0300003D00B48834228BF03460B614B69581C51
:10C0400003D00748834228BF034688694B61FFF746
:10C0500069FFBDE8084088611046FBF719BA00BFC8
:10C0600040420F002DE9F84FD0F8C43006460F4685
:10C0700013B1838B8B4244D0D6F8C0B0BBF1000F14
:10C0800042D0DBF80830002B3ED0DBF80C10002942
:10C090003AD0D6F8D4A0BAF1000F38D04FF000094A
:10C0A0004D46C84601E0DBF8083005EBC50203EB5E
:10C0B0008204E3890135BB4214D8238ABB4211D3E1
:10C0C000B4F91220B6F92830934250DD304696F884
:10C0D0001011EDF7CFF8F37D81468342A04606D9D3
:10C0E000DBF80C108D42DED3B8F1000F39D00023FD
:10C0F000424630461946D047B783C6F8C48086F812
:10C1000019910020BDE8F88F0320BDE8F88FD146D3
:10C1100047F6FF755446524604EBC40803EB880803
:10C12000B8F80E30BB4216D8B8F81030BB4212D364
:10C13000B8F91220AA4202D14FF0FF09DCE73046DD
:10C1400096F81011EDF796F8F37D81468342D3D926
:10C150004246DBF80C100134A14204D9DBF8083068
:10C16000DAE70120CEE7002AFBD09046C4E7A046DC
:10C17000BDE700BF2DE9F04782B004460F461646E2
:10C18000FBF7D6FB002856D1474D2B68D4F8C0A04A
:10C19000D4F8C4800BB1534567D04FF00009AF60AD
:10C1A000FBF76AFC0128074656D120461FF0E7FC42
:10C1B000002844D12B68DAF80010D8F8002013B119
:10C1C000186888425CD020461FF092FCC5E900A8A0
:10C1D000D4F8D4508DF80760002D58D000222046A6
:10C1E00011460DF10703A8472046FAF787FD0546DB
:10C1F000B9F1000F0CD05EB9012F05D025B12B4B42
:10C20000002103205B689847284602B0BDE8F0870C
:10C21000B5FA85F040F2DB323321400900F0DAF85C
:10C2200031462046FAF7B4FF214B054641462046E9
:10C230001B689847E0E700231B4D6B60A5E7637C14
:10C24000DA07B7D5A36B5B05B4D51A4B01220021E1
:10C2500020461B689847ADE700210120FAF758F9FE
:10C26000FBF70AFC0128FBD19FE76B68002B94D0F9
:10C27000434592D1AB689F4214D04FF001098EE73D
:10C28000696811B109689142A0D059689BE7E17DC6
:10C2900094F819313246994228BF19462046FAF7D8
:10C2A000B3FCA1E70025AFE790140020044D002067
:10C2B0003C4D0020D42F0020F8B50D4607461AF05B
:10C2C000ECFB294606463846FFF7CCFE0446F0B1A3
:10C2D00038461FF054FC30B17B7C13F0010307D1CA
:10C2E000104A82F8D83030461AF0DBFB2046F8BD01
:10C2F000BA6B12F4806213D0B7F80A21AA42EFD0C9
:10C30000B7F80C315B1BB3FA83F35B09E8E7FBF783
:10C31000F5FA224629463846FFF72CFF0446D7E7B0
:10C320001346DDE7003E00B0F8B51B4B05461B6821
:10C330000E4603B1984731462846FFF727FED5F849
:10C34000C0305BB15B694BB1144A4221106840F2C6
:10C350005312C31A5842584100F03CF800224FF6DD
:10C36000FF734FF0240CF768D0B2874208D81C4600
:10C3700021462846FFF7A0FF1FF0A3FC2046F8BD8A
:10C38000B1680CFB0011CC899C4202D2002CEFD08A
:10C3900023460132E8E700BFD02F00200430002000
:10C3A0004FF4007307B50A490DF10602ADF80630E7
:10C3B0001FF074FEBDF80630B3F5007F05D10228EA
:10C3C00008BF002003B05DF804FB0120FAE700BFBE
:10C3D000DC30002008B550B90548064B01601A60F2
:10C3E000054B1A68054B1A60186805F019F808BD66
:10C3F000444D0020E0320020D8300020DC32002004
:10C4000070B506460D461446EEF72CFD0022044B8F
:10C410001E80044B1D60044B1C60044B1A6070BDF1
:10C420005C430020EC320020E8320020E43200209F
:10C43000054B10B51968054C054B226818681BF0B0
:10C4400013FB00B9206010BDEC320020E432002064
:10C45000544C00202DE9F84F0E4614460AB34FF015
:10C46000000BDFF84480DFF84490DFF844A0D8F8F0
:10C470000070D9F80050DAF80000ED1BA54228BF83
:10C48000254638442A4631461EF029FC2F44641BB9
:10C49000C8F8007004D0FFF7CBFF2E448346E6E7D0
:10C4A0005C462046BDE8F88FE4320020E8320020E8
:10C4B000EC3200200FB400B50B4BA3B01B786BB16E
:10C4C0008022022002A9FFF79BFF25AB0021249ABE
:10C4D00006480193F0F748FBFFF7AAFF23B05DF889
:10C4E00004EB04B0704700BFE046002007C2030819
:10C4F0000022024B1A605A609A6070475E43002027
:10C500000122024B1A70FFF7F3BF00BFE046002084
:10C5100008B5054806F060FABDE808401022FF2182
:10C5200002481EF0F6BB00BF684D0020F03200202C
:10C5300070B50D4D2B68A3B9BDE870400B4806F0EF
:10C540004BBA00F037FE01343378E0B28342F8D8BA
:10C550004FF47A712B6805485943BDE8704006F0E6
:10C560009FB90024024EEFE7844C0020484D002084
:10C57000F74500202DE9F3470F4600219846234B4D
:10C5800081461B881646118023B90024204602B03C
:10C59000BDE8F0871E4821F041FA0446DFF870A09C
:10C5A00009F10405002CF0D0204605F03DFF011DE7
:10C5B000284620F091F810B3002514232A4621467E
:10C5C0004846009521F060FB204605F049FF1428FD
:10C5D0000BD82B463580002FD8D000222146009260
:10C5E0003846142221F050FBD0E7204605F038FFF2
:10C5F000A0F11405ABB243453380C7D8EBE7214621
:10C60000504621F061FA0446CCE700BF6A4300209F
:10C610006C4300200023024A1380024A13807047B3
:10C620006C4300206A4300202DE9FF4100238DF870
:10C630000C304FF0FF33061D304601A9019320F066
:10C640004BF8054618B1FFF7E5FF01250AE0144F46
:10C650003B883BB10146134821F0E0F90446DFF87E
:10C6600044801CB9284604B0BDE8F081204605F09E
:10C67000DBFE011D304620F02FF850B1002221468C
:10C68000084821F05CFA3B88002BDED0013B3B8060
:10C69000DBE72146404621F017FA0446E1E700BFF8
:10C6A0006A4300206C4300202DE9F7430D461646EF
:10C6B000074620B90024204603B0BDE8F083FFF709
:10C6C000B3FFDFF86C80184BB8F800201B889A4243
:10C6D000F0D23DB306F1140189B20022104621F0D8
:10C6E00086F904460028E5D04FF0010901461423DD
:10C6F00000223846CDF8009021F0C6FA3DB133460D
:10C70000142221462846CDF8009021F0BDFA0022DF
:10C710002146064821F088F9B8F800300133A8F81E
:10C720000030C8E71421D8E78E5100206C43002068
:10C730006A43002008B500F0C7FE094B1B6853B1DF
:10C740004FF47A710748594306F0AAF8064B074A96
:10C7500000201A6008BD034806F03EF9F6E700BF66
:10C76000844C0020484D0020803400201C690408BF
:10C7700008B5044805F07EFCBDE80840024805F015
:10C7800079BC00BF6C4300206E43002037B5124BCC
:10C79000124D1B780446F32B2A88114B14D11149F2
:10C7A0000978032910D10021019301230846009341
:10C7B000022321F0C9F808B100232B80204603B0E2
:10C7C000BDE8304006F008B901930123009300232F
:10C7D00019461846EDE700BFE14600206E430020F1
:10C7E0000DD00108064700202DE9F041214F86B009
:10C7F0008DF80F303B88BDF83060BBBB1FF0C6FE24
:10C80000ADF8160005F02CFE012304461A460DF182
:10C810000F010DF1160005F05DFF38BBBDF81600E5
:10C8200005F01EFE0546304605F01AFE291889B2AD
:10C830000DF1160021F00FFA0546B8B93046BDF8E3
:10C84000168005F00DFE611C2B4632460090C9B2E1
:10C85000404621F04EFABDF816309DF80F203B807F
:10C86000054B142105481A7006F01AF806B0BDE809
:10C87000F08100BF6E430020E14600201426002016
:10C88000F8B50446002859D10020F8BD928AA2428A
:10C8900052D0482202FB035292F82C20022A11D1D6
:10C8A00048224FF6FF7C02FB0352118E614507D1EF
:10C8B00092F83800022814D1928F39E00846EFE749
:10C8C0008C4239D0482202FB035292F838100229D8
:10C8D00006D14FF6FF71928F8A4202D094422BD03C
:10C8E00040B1482000FB035008301FF01EFFA0425B
:10C8F00022D0012001363A78F3B29A42C4D94821B5
:10C9000059436A18695C0129F4D1D2F804C01CF0BB
:10C91000800FBED01CF4005FB8D192F82C00022822
:10C92000CCD092F838100229DBD14FF6FF71928FEC
:10C930008A42D6D09442D4D10120A6E70026024FE5
:10C940003046024DD7E700BFCA510020FC2000202E
:10C9500037B505460C4699B1FFF792FF80B1FF222B
:10C960000821204621F0F6FA034648B96A460549EF
:10C970000868496803C26A461946284612F0F4FB63
:10C9800003B030BDC82704082DE9F04F144698467F
:10C990004FF0FF33B5B005460022894620460621F8
:10C9A00011939DF8F8A01FF0D5FC002206210E90EF
:10C9B00020461FF0CFFC00220A2100F480462046CA
:10C9C0001FF0C8FC042DC3B20D9300F03C81052D6F
:10C9D00000F05A81012D5FD11BA8F4F7FDFA09235D
:10C9E00016AA17468DF86C300DF5887C40AB1546BD
:10C9F00018685968083303C563452A46F7D1394694
:10CA00001BA81CF093FB1BA8F4F712FE98F8083043
:10CA100012AD022B03BF2B46D8F80000D8F8041043
:10CA2000D8F800300CBF03C3CDE91233449B0A2170
:10CA3000149305230DF1420220468DF854301FF067
:10CA400089FC06210DF1410220461FF083FC0C21D8
:10CA50000DF1430220461FF07DFCAAF1030C11AB3F
:10CA60001190DCF10000CDE9005340EB0C002146B1
:10CA70009DF842309DF8412022F040FC002800F053
:10CA8000DF80BAF1030F0AD04822944B449902FB8D
:10CA900009339A698A420CD335B0BDE8F08F002281
:10CAA0000A2120461FF056FC00F0F000F028EBD1E0
:10CAB000F2E74FF0000B449A9A6100220A212046C7
:10CAC0001FF048FCC3B20D9300220A2120461FF03C
:10CAD00041FCC0B2E02840F0DE8000220621204662
:10CAE0001FF038FC400640F1DF800121204605F0B0
:10CAF00025FD002800F0E9800121204605F01EFDFB
:10CB000005460121204605F019FD002800F0DF80D0
:10CB10000121204605F012FD07460B211BAA2046E5
:10CB20001FF018FC384605F09BFC00220746062142
:10CB300020461FF00FFC9DF86C30C0F30030FF1A48
:10CB40000B21A7EB800716AA20461FF003FC002349
:10CB5000FFB2009329463B469DF858201BA821F0C0
:10CB600093F8B9F1FF0F16D0482303FB09F35B4993
:10CB7000CA18CB5CFF2B0ED05368BAF1000F03D15B
:10CB8000590408D4927D32B94821544A43F4C06311
:10CB900001FB0922536016A813F076FA504B514A54
:10CBA00093F9003010780F9321F054FD02280F9B69
:10CBB00040F28F80042840F28E8006288CBF00252A
:10CBC0000125AD016FF06C029342B8BF1346082BEC
:10CBD000A8BF08236E3343F34603002201212046F9
:10CBE0001D441FF0B7FB002E14BF01230023EDB23C
:10CBF000C2B208D03C490E883C4909888E4294BF95
:10CC000000260126760016A90A911BA93343CDE917
:10CC10000871119903930E9B06910D99C3F380132C
:10CC20000591029344999DF8FC300491CDE900A34D
:10CC3000294643465846CDF81C901CF031F82BE7A6
:10CC40004FF0070B39E7BAF1000F14D1B9F1FF0F1C
:10CC50000ED04823214D03FB09556B685F0407D4B0
:10CC6000AB7D2BB95246012120461FF073FBA86112
:10CC70004FF0060B28E700220C2120461FF06AFB2C
:10CC80004FF0030B11901FE7002E3FF405AF404615
:10CC90001FF0CDFC00E700220A2120461FF05AFBBE
:10CCA000C0B2E2283FF419AF0022062120461FF04F
:10CCB00051FB00F0030001283FF417AF002E3FF4B2
:10CCC00014AF40461FF0B3FC0FE7254619E727468F
:10CCD00023E7C02576E7802574E700BFFC2000200D
:10CCE00022470020234700208E5100206A43002065
:10CCF0002DE9F04F8DB080460F4615469946BDF898
:10CD000058A000F0E5F90446002F39D108AE3946A5
:10CD1000102230461DF0FDFFFF2C02AF22D048222A
:10CD2000374B02FB04335A68500401D49B7DCBB1CE
:10CD300000220A2150461FF00DFBC0B2E02811D09E
:10CD4000CDF8189096E80F0087E80F0000235246B0
:10CD500000932146434602200195FFF715FE0DB0D2
:10CD6000BDE8F08FCDF8189096E80F0087E80F0027
:10CD70000023019500934346524621460420ECE7E8
:10CD8000BB1E012BEBD8FF2808AE0DF1080B29D0F4
:10CD9000314600F0D9FB4822194B02FB04339B7D3E
:10CDA000D906C3F3820201D4072A16D1BDB103F01C
:10CDB00003039F420ABF4FF0010C4FF0040C1546CD
:10CDC000CDF8189096E80F008BE80F0043465246C6
:10CDD00021466046CDE90075BFE7002DE7D04FF052
:10CDE000040CEDE71022002130461DF092FFCDF833
:10CDF000189096E80F008BE80F00CDE90075BAE7B0
:10CE0000FC2000202DE9F043002287B00D210446CC
:10CE10001FF0A0FA002800F0998000220621204689
:10CE20001FF098FAC0F3072515F0050640F08E8034
:10CE30003246062120461FF08DFA070400F1868055
:10CE40003246062120461FF085FA400477D400229E
:10CE5000012120461FF07EFA05F0070507468DF8F0
:10CE60001450002D75D12A46072120461FF072FA72
:10CE70000390644EFFB2337BB146BB420AD19DF8AA
:10CE80001420337A934205D1002B7CD13368039A66
:10CE90009A425BD00DF10C0898E8070089E807007A
:10CEA0004FF4FA615848377305F0FAFC0022062166
:10CEB00020461FF04FFA00F0030001284FF0000257
:10CEC0006CD10A2120461FF045FA00F0F000F0284E
:10CED0003CD00022062120461FF03CFA10F4C05F2F
:10CEE000C0F3C12232D1062120461FF033FA0206D8
:10CEF0002CD45DBB2A46062120461FF02BFA4306A0
:10CF000002D440461FF093FB0022062120461FF06A
:10CF100021FA00220546062120461FF01BFA0022B6
:10CF20000646092120461FF015FA00940346C6F371
:10CF300040324046C5F3C121FFF7DAFE06E0062184
:10CF4000324620461FF006FA410680D507B0BDE8FC
:10CF5000F083022DFAD105210DF10B0220461FF0BE
:10CF6000F9F9204605F060FA9DF80B1008220144FB
:10CF700003A81DF0B4FE0022082120461FF0EAF9A4
:10CF80008DF8150075E7022B84D10822314603A8DD
:10CF90001DF095FE00287FF47DAFD7E706212046DF
:10CFA0001FF0D8F910F00305D0D12A4606212046FB
:10CFB0001FF0D0F910F4C05F11D100220A212046E1
:10CFC0001FF0C8F900F0F000F028BFD000220A21BD
:10CFD00020461FF0BFF9C0B2E32895D1B6E72A4634
:10CFE000062120461FF0B6F9C0F3C1200228E4D084
:10CFF0002A46062120461FF0ADF9C0F3C1200328C0
:10D0000082D0A3E7F0320020684D0020002108B54F
:10D01000024B084619801BF060FD08BD6E430020DE
:10D0200008B5204A0B461278824239D91E4900EBD6
:10D03000C000482201EBC00118461DF050FE0278E6
:10D040000346012A02BF426842F018024260827D14
:10D050001AB1426842F4804242605A6803F11800F3
:10D06000110619465CBF42F480525A6091F82C2098
:10D07000022A0BD0032A0FD01AB95A6842F4803220
:10D080005A600C318842F1D1002008BD5A6822F460
:10D09000805242F48072F3E75A6842F04002EFE7B0
:10D0A0002720F2E7CA510020FC200020064B1B7805
:10D0B000834207D948235843044B185C431E584207
:10D0C0005841704700207047CA510020FC200020C2
:10D0D0002DE9F843064600254FF048080C4FDFF8CD
:10D0E00034903B78ECB2A34201D8FF240DE02046F7
:10D0F000FFF7DCFF08B90135F3E708FB0491304680
:10D1000008311FF0E9FA0028F5D02046BDE8F88381
:10D11000CA510020FC20002030B5084B48211A7865
:10D120000023074CD8B2824201D8FF2005E001332A
:10D1300001FB03F5655DFF2DF4D130BDCA51002020
:10D14000B4200020F8B50546FFF7C2FFFF280446CB
:10D1500006462AD1FFF7E0FFFF28044625D003B298
:10D1600003EBC303124FDB002868696803F1080270
:10D170003A4403C2A8681C33106031461022F818E4
:10D180001DF0C7FD482200214FF6FF706243BB1817
:10D19000996183F844609882287A58600120B854D5
:10D1A000997583F82C6083F838602046F8BD00BF7D
:10D1B000FC20002013B5144B04461B78834220D971
:10D1C000124B1B7883421CD9FFF770FF60B14822D5
:10D1D0000F4B02FB04339B69009304236A462146EC
:10D1E00020201AF01EFF0CE0042322460DEB030062
:10D1F00020211AF00DFF4FF0FF330093019B013304
:10D20000EBD102B010BD00BFF7450020CA5100208D
:10D21000FC20002070B54C4B04461B7896B083422E
:10D2200070D96E463422FF2109A81DF072FD10222C
:10D23000FF2130461DF06DFD2046FFF737FF002827
:10D2400049D048226243414DAB18AA5C8DF8242096
:10D250005A680A921A7C002A56D19B680B9348237D
:10D2600003FB04539A7D12F01C0F18BF1C338DF87A
:10D2700035201CBF0FCB86E80F00482303FB045169
:10D2800091F82C20032A8DF8462048D103FB045343
:10D29000D3F82E00D3F8321012AA03C2D3F83A0002
:10D2A000D3F83E1003C2482101FB045292F83830F3
:10D2B000032B8DF8473001D0002B3BD101FB0455E7
:10D2C000D5F82E00D5F8321012AB03C3D5F83A00CA
:10D2D000D5F83E1003C33423214609AA1F201AF0B3
:10D2E000A0FE2046FFF766FF04A8F3F775FE0723AC
:10D2F000314604A88DF810308DF811401BF016FF50
:10D30000EEF7BAFE16B070BD022AA8D1D9689868A7
:10D310000BAA82E803005B7C8DF834309FE7002A7B
:10D32000B4D0022A01BF0B8EADF84830CB8DADF8DA
:10D330004A30B8E7022B01BF938FADF85030538FBE
:10D34000ADF85230C7E700BFCA510020FC200020D2
:10D350002DE9F0430027DFF82481474C97B098F877
:10D360000030FDB2AB4202D817B0BDE8F0832A46C8
:10D3700034231F2109A81AF04BFEE94604A8F3F74D
:10D380002BFE0723494604A88DF810308DF8115064
:10D390001BF0EBFE48239DF824206B43FF2A02D1AB
:10D3A000E2540137DBE7E254DDF828C0E618C6F89E
:10D3B00004C09DF8353006F11C0EB37599E80F00D6
:10D3C0008EE80F001CF0020206F108033BD0DDE9F5
:10D3D0000B0183E80300022333749DF83430737427
:10D3E00048236B432CF4C062E1184A609DF8462044
:10D3F000032A81F82C202AD112AA03CA482203F159
:10D400002E0604EB060CA051CCF804104FF6FD716B
:10D4100002FB0542D186482202FB05429DF84710D7
:10D42000032982F8381000D0E1B93A3314AA03CAAC
:10D43000E618E05048234FF6FD7203FB0543716088
:10D44000A3F84220ADE70B9B3274B360C8E7002A13
:10D45000D2D0022A01BFBDF848200A86BDF84A2072
:10D46000CA85D8E7022901BFBDF850309387BDF8BF
:10D470005230538795E700BFFC200020CA5100209E
:10D48000F7B5FFF765FF00240C4E0D4D0D4F3378B7
:10D49000A34202D92B78A34201D803B0F0BD0423E4
:10D4A00022460DEB030020211AF0B2FD482303FBB6
:10D4B0000473019A01349A61E4B2E8E7F745002069
:10D4C000CA510020FC20002030B4084B48201978B5
:10D4D000FF250023064CDAB2914202D830BCFFF798
:10D4E000CFBF00FB03F20133A554F4E7CA5100207B
:10D4F000FC200020F0B40B46114905460978814212
:10D500001CD948241C2114FB00140E4E03F1100CEE
:10D510003444274618685968083303C763453C46B6
:10D52000F7D1482303FB0566B37D284623F01C038F
:10D5300043EA8202B275F0BCFFF76CBEF0BC7047E4
:10D54000CA510020FC200020034630B40E4A084691
:10D5500012789A4204D830BC102200211DF0D9BBA9
:10D5600048221C2112FB0312084B1A44034602F105
:10D570001005144603CCAC4218605960224603F1F2
:10D580000803F6D130BC7047CA510020FC200020AF
:10D590002DE9F84F04461E464D4B88461B789146B0
:10D5A000A342BDF82800BDF82C103FD9B8F1000FF8
:10D5B00002D0B8F1030F4FD1B9F1000F36D04FF0C0
:10D5C000480B444F04EBC4050BFB047B9BF82CA0D9
:10D5D000ED00BAF1FF0F05D19BF83830FF2B0DD1CC
:10D5E000002026E005F12E000822494638441DF0AF
:10D5F00066FBA0B19BF83830FF2B19D005F13A003B
:10D600000822494638441DF05AFB38B1BAF1FF0FE1
:10D61000E6D02046BDE8F84FFFF7FCBD01204823C7
:10D620000C22634302FB00303844C686BDE8F88F05
:10D6300001200C234FF0480A58430AFB040A2E35F8
:10D64000BA442844082249468AF82C8038441DF000
:10D6500046FBAAF83660DCE7B8F1020FD9D14823BF
:10D660001C4A03FB042393F82C60022E0BD1DD8DA2
:10D67000854223D093F83850022D11D15B8F83421D
:10D68000C7D101201BE093F83850022D06D15B8FE3
:10D690008342F6D0FF2EBCD1002504E0FF2EFBD044
:10D6A000FF2DB6D1012548230C26634306FB053325
:10D6B00013440222D88583F82C2006E0002048235A
:10D6C0000C25634305FB003313441986A1E700BF13
:10D6D000CA510020FC2000202DE9F0471F4B0546D1
:10D6E0001B7889468342924635D900273E46DFF8AB
:10D6F000708000EBC00408EBC40494F82C30032BBA
:10D7000007D8013B012B16D8DFE803F006200627D7
:10D71000F3E7FF2B18BF0126062F04F10C04F6D106
:10D7200026B94823FF226B4308F803202846BDE8AA
:10D73000F047FFF76FBD0822494604F12E001DF0A7
:10D74000BEFA30B9FF2384F82C30E5E7E38D53456A
:10D75000F8D00126E0E7BDE8F08700BFCA510020FD
:10D76000FC200020064A03461278824206D948224D
:10D77000FF215343034AD154FFF74CBD704700BF0C
:10D78000CA510020FC2000202DE9F04F04464FF63E
:10D79000FF7585B0174614F48032BDF83C600292E4
:10D7A00008BF2E46E2060846BDF838909DF84C802A
:10D7B00007D5FFF78DFCFFF7D5FF002005B0BDE8CA
:10D7C000F08F210771D514F4004BC4F3C22A04D0A2
:10D7D0009F2222FA0AF2D207EFD50393FFF7B2FC99
:10D7E0003D4A05461278039B8242E6D93946CDE987
:10D7F0000096109AFFF7CCFEBBF1000F04D0524602
:10D8000028461199FFF776FE14F4C06F334BC4F32A
:10D81000412E04F480702DD1482202FB053268B1FC
:10D8200012999161917D21F003019175482202FBCB
:10D830000532516841F02001516004E0917D906112
:10D8400021F003019175482214F4003F08BF4FF006
:10D85000000802FB0533012F83F8448005D10299AB
:10D860005A68E9B942F080025A602846FFF7D2FCB4
:10D870000120A3E7AEF10202012A9FBF482202FB6A
:10D88000053212999161482202FB053292F816C0C6
:10D890002CF0030C4EEA0C0191750028D3D0C5E79B
:10D8A00042F402525A609E82DFE7FFF711FC0A4BF6
:10D8B0001B78834281D9012F08D14822074B02FBF4
:10D8C00000335A689D8222F402525A6033464A4617
:10D8D0001099FFF701FFCBE7CA510020FC20002080
:10D8E00044235843024B185C431E5842584170472A
:10D8F000B82000202DE9F843064600254FF04408E3
:10D900000C4FDFF834903B78ECB2A34201D8FF24EF
:10D910000DE02046FFF7E4FF08B90135F3E708FB07
:10D920000491304604311EF0D7FE0028F5D0204681
:10D93000BDE8F883F5450020B82000204422024BC2
:10D9400002FB003319637047B820002030B5002275
:10D950004424084B084D1978D0B2814201D8FF20E9
:10D9600007E004FB02F3EB5C0132013BDBB2FD2B71
:10D97000F2D930BDF5450020B8200020F8B50546A5
:10D98000FFF7B8FFFF280446064628D1FFF7DEFF61
:10D99000FF28044623D003B203EB0313114F9B006F
:10D9A000286869681A1D3A4403C2A86834331060B5
:10D9B00031461022F8181DF0ACF9442200214FF630
:10D9C000FF706243BB18196383F82C605885287A6E
:10D9D00058800120B85483F82D109E749E772046FD
:10D9E000F8BD00BFB820002010B50D4B02461B78D3
:10D9F0000C4683420ED9FFF773FF68B171B1094934
:10DA000002EB021001EB8001442220461DF067F971
:10DA1000002010BD2720FCE72D20FAE70120F8E7C1
:10DA2000F5450020B820002000210A4610B5074B1C
:10DA30001C78C8B2844201D8104610BDFFF750FFD1
:10DA400008B10132D2B20131F3E700BFF545002041
:10DA500013B5124B04461B7883421CD9FFF740FFD5
:10DA600060B144220E4B02FB04331B6B0093042372
:10DA70006A46214622201AF0D4FA0CE004232246FA
:10DA80000DEB030022211AF0C3FA4FF0FF3300938D
:10DA9000019B0133EBD102B010BD00BFF545002062
:10DAA000B820002070B50D4D2B68A3B9BDE87040BB
:10DAB0000B4804F091BFFFF7CBFF01343378E0B29D
:10DAC0008342F8D84FF47A712B6805485943BDE872
:10DAD000704004F0E5BE0024024EEFE7804C0020C9
:10DAE000884D0020F645002070B53B4B04461B785E
:10DAF00096B0834263D93022FF210AA801AE1DF0FF
:10DB000008F91022FF2130461DF003F92046FFF7E7
:10DB1000E7FE00283CD044226243304DAB18AA5C9B
:10DB20008DF828205A88ADF82A201A7B002A48D17F
:10DB30005B680B93442303FB045393F82D208DF86B
:10DB40003520D2061EBF34330FCB86E80F004423A6
:10DB500003FB0452917C03FB04538DF84610022909
:10DB600004BF526912929A7F022A08BF1B6A8DF87D
:10DB7000472008BF1393442303FB04556B8DADF876
:10DB800054302B7C8DF8563095F82C308DF857306A
:10DB9000302321460AAA21201AF043FA2046FFF733
:10DBA00057FF05A8F3F718FA0823314605A88DF8A2
:10DBB00014308DF815401BF0B9FAEEF75DFA16B087
:10DBC00070BD022AB6D1D3E901010BAA82E8030095
:10DBD0005B7B8DF83430ADE7F5450020B8200020A0
:10DBE000F8B500244427074D074E2B78E0B2834256
:10DBF00000D8F8BDFF2207FB00F3F254FFF774FFD3
:10DC00000134F2E7F5450020B8200020064A03461B
:10DC10001278824206D94422FF215343034AD15449
:10DC2000FFF762BF704700BFF5450020B820002015
:10DC300038B50D4A04461278824212D90B4D41B9CB
:10DC40004423FF224343EA542046FFF74DFF0020C0
:10DC500038BD00EB0010442205EB80001DF03FF8BA
:10DC6000F2E72720F4E700BFF5450020B8200020A8
:10DC70002DE9F0430026334F334D97B03B785FFAE0
:10DC800086F8434502D817B0BDE8F08342463023FA
:10DC900021210AA81AF0BCF905A8F3F79DF9082379
:10DCA0000DF10409494605A88DF814308DF815804A
:10DCB0001BF05BFA44239DF8282003FB08F3FF2A9E
:10DCC00004D1EA54EEF7D8F90136D7E7EA54BDF8A3
:10DCD0002AC0EC18A4F802C09DF8353004F1340EC7
:10DCE00084F82D301CF0020C99E80F008EE80F002C
:10DCF00004F1040320D0DDE90B0183E803000223D3
:10DD000023739DF834306373442202FB08529DF85C
:10DD100046309374129B53619DF847309377139B61
:10DD20001362BDF8543053859DF8563013749DF836
:10DD3000573082F82C30C5E70B9B84F80CC0636029
:10DD4000E2E700BFF5450020B8200020F7B500232A
:10DD50004420FF261B4D1C4C2978DAB2914216D87C
:10DD6000FFF786FF0024194E174F3378A34202D9DC
:10DD70002B78A34210D8164B1B68E3B14FF47A718D
:10DD80005943144803B0BDE8F04004F089BD00FBDE
:10DD900003F20133A654E0E7042322460DEB03000F
:10DDA00022211AF035F9442303FB0473019A01344C
:10DDB0001A63E4B2D9E7074803B0BDE8F04004F0C5
:10DDC0000BBE00BFF5450020B8200020F64500201E
:10DDD000804C0020884D00200028024808BF002009
:10DDE00000F042B861C7030810B500240122084BB7
:10DDF00020465C70074B1A7003F07CFB204603F052
:10DE000093FB21462046BDE8104003F023B800BF35
:10DE1000F5510020F746002070B5124D04462B68DE
:10DE2000A0B0E3B11FF087FD7F2828BF7F208DF8C9
:10DE3000000020461FF07AFD9DF8002001460DF1FC
:10DE400001001CF02FFF20462E681FF0FBFC05464A
:10DE500020461FF0FCFC294602466846B04720B029
:10DE600070BD00BF0833002070B5124D04462E78F7
:10DE700016B10124204670BD20F004FB0028F8D024
:10DE80000D4B1C60EEF7F8F80C4B30465A780C4BF3
:10DE90000C491A700C4A03F043FC04460028E9D1EF
:10DEA0002B78012B02D1EEF7E7F8E3E7002003F02F
:10DEB00045FFF5E7F746002008330020F551002024
:10DEC000E2460020E9DD010819DE010870B5104EB8
:10DED0003378012B01D0042B18D118F0E9FD002470
:10DEE00005460C4B01201C60347003F003FB01203D
:10DEF00003F01AFB284618F0E1FD074B2046BDE869
:10DF000070401A78054B5A7003F0C2BE012070BDF4
:10DF1000F746002008330020E2460020F55100209B
:10DF200010B5064C2378012B06D100201FF07CFB96
:10DF300002230020237010BD0120FCE7F7460020DB
:10DF400038B5064D01242B78022B05D100201FF097
:10DF50006EFB00202C7038BD2046FCE7F746002001
:10DF600010B5064C2378012B06D100201FF059FB79
:10DF700003230020237010BD0120FCE7F74600209A
:10DF800038B5064D01242B78032B05D1002003F072
:10DF90008DFA00202C7038BD2046FCE7F7460020A3
:10DFA0002DE9F843830704460D4604D040F23121A1
:10DFB0001A48EDF79FFE1A4B1B78012B0BD1002658
:10DFC000DFF86090DFF8608018F072FD07460020EF
:10DFD00002F030FF08B9012013E00020214699F833
:10DFE000012002F0CFFD384618F068FD002002F055
:10DFF00021FF40B10136EEF73FF8B3B2AB42E3D9AF
:10E000000020BDE8F88302F0FDFD40461FF04FFF01
:10E010000028EBD0404603F0C5F8E7E72269040882
:10E02000F7460020F5510020E44E0020064B014643
:10E030001B78012B05D1054B83F85800002002F016
:10E0400049BF0120704700BFF7460020A4330020DD
:10E0500010B50A4B0C461B78012B0BD11FF0E9FAC7
:10E06000034640B9064B214683F85A40BDE81040AC
:10E0700002F002BF0123184610BD00BFF746002082
:10E08000A4330020074B1B78012B07D1012807D8A8
:10E09000054B00F0010058700020704701207047C8
:10E0A00021207047F7460020F5510020034B1B78D4
:10E0B000012B06BF024B587800207047F74600201E
:10E0C000F5510020FF2838B504461AD80F4B1D78AB
:10E0D000012D01D0012038BD1AF036FE2A4600215C
:10E0E0001DF0DDFE78B9204619F065FF084B1C686D
:10E0F000FFF7ECFE0028EDD12046BDE83840FFF7E1
:10E10000B3BE2120E7E70320E5E700BFF746002084
:10E1100008330020F8B5204B05461B882D2B28D846
:10E120002A2B28D901F05CFF1C4B1D4A1B680646B0
:10E13000053300211B4813601FF070FC0446194F83
:10E14000CCB1032120461FF0E7FD312814D1122164
:10E15000204604F063FBB04205D140F60F401EF0AC
:10E1600094FF00232B70214638461FF0ADFC044677
:10E17000E6E7382BD6D0F8BD3228F4D10521204669
:10E1800004F04CFBB042EED140F60F401EF07DFF94
:10E1900000232B70EFE700BF7243002034200020E3
:10E1A000043300207443002070B500210546114857
:10E1B0001FF034FC04460F4E0CB9204670BD0321FD
:10E1C00020461FF0A9FD3F2805D0214630461FF00C
:10E1D0007BFC0446F0E70921204604F01FFB0228DF
:10E1E000F3D10A21204604F019FBA842EDD1012009
:10E1F000E4E700BF74430020F8B500210546194844
:10E200001FF00CFC0446174F04B9F8BD032120464B
:10E210001FF082FD45281ED11B21204604F0FEFA86
:10E22000A84218D10521204604F0F8FA831EDBB27B
:10E23000012B0BD821460B481FF046FC0646214611
:10E24000002208481FF07BFC3446DDE7FF221B213B
:10E25000204604F0F7FA214638461FF035FC044604
:10E26000D2E700BF74430020F0B589B00446F2F74E
:10E27000ADF9334B06461B78112B1FD1607801A9ED
:10E280001EF0AFFD20BB0027F2F7A0F9FEB2B042AE
:10E290001CD9304603A921F0E2FB9DF80C50013750
:10E2A000002DF1D12146304610F054F818B340F655
:10E2B0000445A84214BF8C258D251CE0122B05D1E6
:10E2C000618860781EF01AFE0028D7D18C2512E0F4
:10E2D00040F20913BDF804209A42D4D16388B3F503
:10E2E000006FD0D1601D1AF061FD0E28CBD0002840
:10E2F0000CBF00258D2503A831211BF0ADF9238823
:10E30000618804A8ADF80E301BF0A6F9237912211C
:10E310008DF81230D4F8053003A8CDF81330D4F8B6
:10E3200009308DF81C60CDF81730637B8DF81D50D7
:10E330008DF81B301EF057FE284609B0F0BD00BF17
:10E34000E051002037B5144B05461B78113B012BDB
:10E350000FD98D24684632211BF07EF907216846CB
:10E360008DF802508DF803401EF03DFE204603B0AC
:10E3700030BDFFF719FF0028EBD128460FF0C2FF90
:10E38000044618B92846FFF737FFE3E740F6044391
:10E390009842DED08824DDE7E051002003787BB985
:10E3A0004378012B0CD1074B1B88562B064B15BF0E
:10E3B000027A1B781A7003720023436001230370F2
:10E3C000704700BF72430020E051002070B505780F
:10E3D000044665B94378042B09D10C4B1B88522B9A
:10E3E00006D1F2F7F3F8656020810123237070BD38
:10E3F0000689F2F7EBF8864202D921236360F4E73D
:10E40000207A6560F2F7DCF8EFE700BF7243002086
:10E41000037810B504466BB90121194A436012888C
:10E420000170417839B9174B562A0BBF1B88027A05
:10E4300003721A8010BD05290FD1562A05D1F2F7B3
:10E44000DDF840F050002072F4E7007A00F00F0091
:10E450002072BDE81040F2F7D7B806290ED1562A2F
:10E4600004D1F2F7D7F840F06000ECE7007A00F052
:10E470000F002072BDE81040F2F7D2B80370D9E760
:10E480007243002036430020037810B50446CBB910
:10E490000122436043780270242B14D006D80D2B40
:10E4A00009D01E2B0BD0002323700BE0362BFAD1A2
:10E4B000F2F7C8F801E004F0D1FB208102E0034B41
:10E4C0001B78238110BD024BFAE700BFC251002028
:10E4D000A4450020037863B90122436043780270A9
:10E4E000242B19D006D80D2B09D01E2B0AD00023BF
:10E4F00003707047362BFAD10089F2F7A9B8007A79
:10E5000004F0B2BB074B02891978914202D2212351
:10E51000436070471A70704703890A2BF7D8024A84
:10E5200013707047C2510020A44500202DE9F0432C
:10E53000164693B00C461D4607461AF04EFB1AF0DD
:10E540004AFB02A80EF0A2FE012EDFF8CC8045D0D7
:10E55000032E0ED04FF003091FF0B9FDA84213D0CF
:10E560002946384616F056FC21463846F2F760FA3E
:10E570000AE018B9BDF808309B07EBD4B8F80030B2
:10E58000980746D44FF00209CDF8049098F800306F
:10E5900032462146009338462B461AF07BF88046D7
:10E5A00024210DA81BF058F839460DF136001BF058
:10E5B00053F8206861680EAB03C329460DF1420091
:10E5C0008DF840608DF841801BF046F810210DA8B1
:10E5D0001EF009FD404613B0BDE8F083B8F80030E6
:10E5E000D907CFD5DA0603D413F0200FB2D10BE050
:10E5F00009AB204605AA0DA91AF020FFB8F8003093
:10E600009B06A7D40028BDD1B8F80090C9F38009B3
:10E61000A2E713F0080FE9E7364300202DE9F043A5
:10E6200087B01746DDE911841A469DF840300E9DEB
:10E630007D2BBDF83CE030D8DFF86890B9F8009049
:10E64000B9F1360F13D0B9F1380F1AD0B9F1340F30
:10E6500025D100932A467346CDE901840CF0A2FD32
:10E6600010B90CB1AB7A237007B0BDE8F083CDE9E7
:10E6700001E300902B463846CDE903840CF00EFDF3
:10E68000EEE7CDE901E300923B460A46CDE903847B
:10E69000014628460CF042FDE2E73820E4E701207D
:10E6A000E2E700BF7243002010B4084C2478202C0D
:10E6B00003D1B1F90640002C03DA5DF8044B0CF0ED
:10E6C00019BE02205DF8044B704700BFE2510020E4
:10E6D0001FB503780446EBB901224360037A027444
:10E6E000142B02700ED8142B0ED8DFE803F02F1075
:10E6F0001B0D0D0D0D0D150D0D0D0D180D0D0D0D29
:10E700000D2528003D2B1DD00023237002E005F0CD
:10E71000C1F8607404B010BD06F066FEF9E710F0B1
:10E72000EBFEF6E705F0C2F8014604F111001AF01D
:10E7300093FF02232374EDE706F094FEE9E715F05A
:10E7400089F9E6E7144B1B784374E3E710230722AB
:10E750006946012004F0BAF9BDF8001004F1110077
:10E760001AF07AFF9DF80230BDF80610E3749DF8A8
:10E77000033004F1170023759DF8043063759DF88C
:10E780000530A3751AF068FF02AB03CB1023C4F861
:10E790001900C4F81D10CDE7045200202DE9FF47F1
:10E7A00002780446002A40F0118101230370037AA5
:10E7B000292B2DD8292B31D8DFE813F033005C004A
:10E7C0006300300030006C006C003000A200850057
:10E7D000AB00B100F70030003000FC00300030002A
:10E7E00030003000300030003000300030003000A9
:10E7F0003000300030003000300030003000300099
:10E8000030000B010B011C01300030003000F5001E
:10E81000342B00F0F6803D2B00F0FB8000232370AA
:10E82000D4E0057C102D6BD111301AF013FFE37C7E
:10E83000ADF800008DF80230237D04F117008DF84B
:10E840000330637D8DF80430A37D8DF805301AF018
:10E8500001FFD4F81D10ADF80600D4F8190002AA83
:10E8600003C22B4607226946002004F02FF900233B
:10E870006360ABE0037C012B42D1407C05F010F8D3
:10E88000F5E7037C022B3BD111301AF0E3FE05F0D3
:10E8900013F8ECE7037C022B32D111301AF0DAFEC8
:10E8A000237A052B4FF6FF7307BFADF80000ADF8D4
:10E8B0000230ADF80200ADF8003068468DF8043043
:10E8C00010F05CFED3E7564A037C12785E08B2EB88
:10E8D000530F15D9534F00F11105B8460FFA86F9B9
:10E8E00005EB460A55450DD14FF4004531464D48DC
:10E8F00028F8195004F0A2FF0028B8D0A8F800505A
:10E900002123B5E728461AF0A5FE023527F8020BA9
:10E91000E8E711301AF09EFE0EF096FCA7E71130E2
:10E920001AF098FE404B05461B7833B94FF6F77343
:10E93000984233D81FF0D7FB99E74FF6F672431E83
:10E940009BB293422AD805F05FFD38BB6946284642
:10E9500004F0FAFD10B3284621F085FBF0B92846F3
:10E960001FF0CBFED0B928460BF0B4FBB0B9284657
:10E9700021F0F2F990B92846FDF782FF70B92846D8
:10E980001FF0B1FB40F607431322032027491DF077
:10E990003CFC40F607401AF0CFF968E71FF097FB00
:10E9A000A8423FF464AF022362E74FF0FF330093C5
:10E9B000437C82E7457C12301AF04CFE6A46ADF883
:10E9C0000000294601201EF031FA606004B0BDE865
:10E9D000F087037C042B93D100F1110101201AF080
:10E9E0004DFE237A232B02D120F04DF9EDE720F0E4
:10E9F000DBFDEAE7407CC31E012B81D806F0F6FF61
:10EA000035E7437C0A49003B18BF012342600B7085
:10EA1000DCE7407C08F0BEF800283FF428AF6FE741
:10EA2000B55100209A3600206C460020FA200408D8
:10EA3000F3510020144B027810B51B8804466AB9C4
:10EA400042604278032A0AD1562B104B02D11B7820
:10EA5000237201E0227A1A700123237010BD022A6A
:10EA600002D1562B0A4BF1E7092AF7D1562B03D1D5
:10EA700007F0C8FF2072EFE7007A003818BF0120C6
:10EA800007F0A8FFE8E700BF72430020E151002033
:10EA9000E251002038B50378044673BB01220270AE
:10EAA000427843601F2A25D00DD8122A1FD0182A79
:10EAB00017D0052A0ED0174DD9B2685CFF281FD198
:10EAC0000023237019E0382A18D0402AF3D1F1F737
:10EAD000ADFD11E0104B114A1B7812789B1A23816F
:10EAE0000BE00F4B1B78B3FA83F35B09F7E70D4B91
:10EAF0001B88F4E7F1F75EFD208138BD0A4BF7E78C
:10EB0000824203F10103D7D1084B53F821301B781F
:10EB1000E5E700BF80690408C65100207046002068
:10EB2000D35100207A510020965100202C6904080E
:10EB30000278034630B4002A3CD1012101704178AB
:10EB40004260192923D00DD8122935D018292BD08D
:10EB5000052911D0324DD4B2285DFF2843D10022BF
:10EB60001A7027E0382933D0402935D01F29F1D138
:10EB700030BC0089F1F718BD2A4A007A11782A4C76
:10EB800042182478A2420ADD19225A6012E0274A6C
:10EB9000017A1078234A1278801AC0B2EFE7234B2B
:10EBA0001A7030BCF1F736BF0389214AB3FA83F3F8
:10EBB0005B09137030BC704747F2305200899042B5
:10EBC00001D92122E1E71B4B30BC188011F06CBC4D
:10EBD0000289194B1A80EDE700890228F1D830BC70
:10EBE000C0B2F1F729BD814202F10102B3D1134A4B
:10EBF000082C188952F8242001D934290DD1117814
:10EC00008142C1D310705A68002AD3D15A78112A90
:10EC1000D0D130BC187AF1F7DFBC1070CAE700BF62
:10EC20008069040870460020C5510020C6510020AC
:10EC3000D35100207A510020965100202C690408FD
:10EC40002DE9F0438DB0DDF85080B2F80090CDF89A
:10EC5000008007460C4616461D4619F053FD002855
:10EC600045D1452103A81AF0F7FC21880DF10F00CA
:10EC70008DF80E701AF0F0FC61880DF111001AF099
:10EC8000EBFC2379E1888DF8133063790DF11500E1
:10EC90008DF814301AF0E0FC21890DF117001AF0FC
:10ECA000DBFCA37A0DF11A0130468DF819301DF006
:10ECB00051FF48468DF82C5016F0BCF98DF80B002A
:10ECC000003818BF01200DF10B030190009342465C
:10ECD0002B46212103A801F0E5F818B1054B1B785C
:10ECE000212B04D1044A137843F0040313700DB0B0
:10ECF000BDE8F083E2510020424700202DE9F043B7
:10ED00000D46064691461C4689B0014628469DF8A8
:10ED10004480129F15F0E0FE02A83F211AF09CFCEF
:10ED200032460DF10A0101201AF09AFC49460DF114
:10ED30000F008DF80E501AF08FFC21880DF1110094
:10ED40001AF08AFC61880DF113001AF085FC237912
:10ED5000E1888DF8153063790DF117008DF81630C4
:10ED60001AF07AFC21890DF119001AF075FCA37ACA
:10ED7000BDF8401007A88DF81B301AF06DFC0B4B46
:10ED800017211B7802A8402B08BF00274FF0000373
:10ED900008BFB846CDE900333A4643468DF81E8099
:10EDA00001F080F809B0BDE8F08300BFE351002016
:10EDB0007FB504460D4616467D2168461AF04CFC88
:10EDC00021460DF102001AF047FC2868696801AB82
:10EDD00003C30D2168468DF80C601EF004F9044B46
:10EDE000196811B12046F1F723FE04B070BD00BFD1
:10EDF000C83400202DE9F04705460F461948002188
:10EE0000164698461EF00AFE4FF0000A0446DFF848
:10EE10005490BCB1D5B15FFA8AF080450AF1010A7D
:10EE200019D1204603F01CFB411E89B2204603F095
:10EE3000F5FC0FB1C30705D5FF2E04D0C0F3410088
:10EE4000864200D000242046BDE8F08729462046AF
:10EE500003F0E4FCE1E7214648461EF035FE044697
:10EE6000D7E700BF70430020014803F003B900BF9B
:10EE7000704300207FB5ADF8060003F0D5FA0546D3
:10EE80008479C67919F0A5FE0021400040F0010008
:10EE90008DF80F00FF2208462B78FFF7ABFF10B16B
:10EEA000002004B070BDBDF8060003F0D9FA344468
:10EEB0006400083404F0FE048442F1D101230DF112
:10EEC0000F011A460DF1060003F004FC024600286B
:10EED000E6D10548BDF806101EF0A6FD034A012044
:10EEE000137801331370DCE770430020E446002000
:10EEF00010B50D4B04461B7883420DD919F06DFEF9
:10EF00000121024623460846FFF774FF50B1BDE8D1
:10EF10001040002103F082BCC01AC0B2BDE810400E
:10EF200019F08ABBFF2010BDE4460020034B18787F
:10EF3000034B1B781844C0B2704700BFE446002062
:10EF4000E346002070B50A4D00EB4004A60005EB37
:10EF5000840419F040FE09F059FE08B119F09AFE38
:10EF6000A279A188A859BDE870401EF004B800BF7E
:10EF7000A84D002013B5044619F02FFE114A00B227
:10EF800000EB400002EB8002D4B13F2C18D0137A82
:10EF90000133DBB2D179137299420FD80023432198
:10EFA000137268461AF058FB01200DF10201224647
:10EFB0001AF056FB062168461EF015F802B010BD87
:10EFC0000023E7E7A84D002037B50B4B05461B781B
:10EFD0000C46312B0ED1442168461AF03DFB2946E0
:10EFE0000DF102001AF038FB052168468DF8044047
:10EFF0001DF0F9FF03B030BDE151002038B5030426
:10F0000015D4032913D80B4B0B4D1B7803EB43038B
:10F0100005EB8304A171E271A0800A46014655F810
:10F0200023001DF0A8FFBDE8384009F0EFBD022025
:10F0300038BD00BFE7460020A84D002010B50C4C9D
:10F04000237843B1EDF736FD28B140F2022018F0E5
:10F05000CFFF00232370F1F73BF808B100F040FB2D
:10F06000044B187818B9BDE8104000F00FB910BD76
:10F07000E5460020E84600202DE9F041234BDFF86B
:10F080009C8005461868D8F800300E46C01A83B236
:10F09000CA2B174631D9CA20F1F780F882241C4BBD
:10F0A0001A7812B1002282241A701A4B1A781AB1F7
:10F0B000002244F001041A7000F07AFF08B144F015
:10F0C000040417B1F6B144F00804D8F800305C70BD
:10F0D0006B1EDBB2012B04D800F06AFF002818BFBA
:10F0E00000250D4B1D7000F063FF08B919F0B4FA4C
:10F0F0003046BDE8F041F1F71FB8C0B2F1F74EF865
:10F100008024CCE744F01004DFE700BF0033002088
:10F11000EA460020ED460020E6460020342000208C
:10F12000144B027810B51B880446BAB94260427885
:10F13000072A14D1562B07D10BF07AFD012814BFF2
:10F1400063236223237207E0007AA0F1620358422E
:10F1500058410BF073FD60600123237010BD042A39
:10F16000FCD1562B044B01D11B78EBE7027A1A70C5
:10F17000F2E700BF72430020E3510020037810B58E
:10F18000044653BB4360012303704378342B27D0DC
:10F190000FD8172B22D006D8012B17D00C2B11D04B
:10F1A0000023237019E02D2BFAD1104B1B782381FB
:10F1B00013E0412B16D0422B16D0392BF0D11DF085
:10F1C00026FB01E004F02EFA208106E0084B1B68C4
:10F1D000B3F5803FEBD31D23436010BD054BE5E73E
:10F1E000054BE3E7054BE1E7054BDFE7CE51002098
:10F1F000B4270408E9460020CC510020CA51002061
:10F20000F5450020037810B50446B3B901224360E8
:10F2100043780270342B27D008D8172B1BD02D2B06
:10F220000CD00C2B12D00023237006E0392B21D0F8
:10F23000413B012BF7D80223636010BD0389022BE9
:10F2400001D92123F8E70E4A1370F6E7007ABDE8EA
:10F25000104004F0EDB9008919F072FD0028F0D1DA
:10F260002289084B1A70E8E7074B02891978914206
:10F27000E7D3F7E70089FEF725FF6060DDE700BF11
:10F28000CE510020E9460020CC51002038B505467B
:10F2900000F08EFE10B90024204638BDF0F796FF2E
:10F2A00004460028F7D0034B012229461878FFF7BF
:10F2B000E3FEF1E7E646002038B503780446002B6C
:10F2C00040F09B804360012303740370037A472B53
:10F2D0000AD8102B0BD8042B00F0E380072B00F08A
:10F2E000C680032B00F0B8800023237085E0113B1B
:10F2F000362BF9D801A252F823F000BFD9F3010848
:10F30000E9F20108E9F20108E9F2010875F40108DF
:10F31000E9F20108E9F20108E9F20108E9F201085D
:10F32000E9F20108E9F20108E9F20108E9F201084D
:10F33000E9F20108E9F20108E9F20108E9F201083D
:10F34000E9F20108E9F20108E9F20108E9F201082D
:10F35000E9F20108E9F20108E9F20108E9F201081D
:10F36000E9F20108E9F20108E9F20108E9F201080D
:10F37000E9F20108E9F20108FDF3010811F40108BE
:10F3800017F40108E9F20108E9F2010835F401086F
:10F3900053F401082FF401080BF401088BF4010861
:10F3A000E9F20108E9F201087BF40108E9F2010839
:10F3B000E9F2010885F40108E9F2010805F4010801
:10F3C00097F401089DF40108ABF4010891F40108D9
:10F3D000B1F40108B7F401080723384D03742988F4
:10F3E00011301AF039F9AB78E374EB7823752B7987
:10F3F00063756B79A375AB79E37538BD17F0E3FCE2
:10F400006074FAE7F3F7E8FFFAE717F0D3FCF7E7E1
:10F4100017F0BFFCF4E70423037417F0B0FC0246B6
:10F4200004F111010120BDE838401AF019B917F0B4
:10F43000BDFCE5E70323037417F0AFFC30B102789D
:10F44000437880786274A374E074D6E7034602467A
:10F45000F8E717F09AFCD3E70223037402F0ACFD3F
:10F46000014604F11100BDE838401AF0F5B803F088
:10F470009DFBC5E702F082F8C2E7042303741DF088
:10F4800077FDCCE708F016F9BAE707F0E5FAB7E739
:10F4900007F0D6FAB4E705F0D3FFB1E7084B1988B7
:10F4A000DFE7084B1B784374A7E71AF006F8A7E7D5
:10F4B00004F0C4F8A4E70EF05FFEA1E7206B040897
:10F4C00080510020E846002038B503780446002B20
:10F4D0003DD101230370037A043B432B00F2B78034
:10F4E000DFE803F022B5B530B5B5B5B5B5B539B57A
:10F4F000B58CB5B5B578B57D8689B5B5B5B5B5B5B5
:10F50000B5B5B5B5B5B5B5B5B5B5B5B5B5B5B5B5AB
:10F510006E4452B5B5644B5D738E9AB59EB5A1A786
:10F52000B5B5B5ABB592B5B1037C012B1BD1437C0E
:10F53000484A003B18BF01230020137019F08CF8D3
:10F54000002311E0437C1BB103F0F8FA606038BD82
:10F5500003F008FBFAE7407C003818BF012017F0E1
:10F560001EFC0028ECD021236360F0E7407C0038CB
:10F5700018BF012017F00BFCF3E7037C012BF2D13D
:10F58000407C17F000FCECE7037C042BEBD100F18E
:10F59000110101201AF072F817F0F3FBE1E7037C88
:10F5A000012BE0D1407C17F0FCFBDAE7037C032B56
:10F5B000D9D1C37C827C0021407C17F0ECFBD0E7E2
:10F5C00090F9110017F001FCCBE790F9110017F04A
:10F5D000F3FBC6E790F9110001F0ACFCB0E7457C05
:10F5E00012301AF037F801462846F0F7B5FFA7E7C2
:10F5F000F0F7A8FFA4E7F0F79BFFA1E70223B3E72A
:10F60000407C07F00FFAA1E7407CBDE838400038A5
:10F6100018BF012007F01ABA407C01F03DFF95E7C2
:10F620001DF0A8FC93E711301AF014F808F02EF83A
:10F6300086E7407C08F030F882E711301AF00AF8CB
:10F64000054B18807CE7407C0EF09CFD78E700239A
:10F6500003707CE7E84600208051002038B504465E
:10F66000EFF79EFA10B10125284638BD2046EFF786
:10F6700021FD0028F7D12046F0F71EFA0028F2D12C
:10F68000204618F079FF0028EDD12046F0F708FC5D
:10F690000028E8D12046EFF79FF90028E3D1204663
:10F6A00018F003FF0028DED1204618F08EFE002857
:10F6B000D9D12046F0F7A0FB0028D4D1204618F07D
:10F6C000BDFF0028CFD1204618F0BDFF0546002819
:10F6D000C9D121460148FCF7EDFEC5E7976904084A
:10F6E0002DE9F04FB5B0F0F71BFDF0F74DFDDFF859
:10F6F00044830646D8F80030C84D9A78DFF838932E
:10F7000002F0030101290BBF05200320B3F801100B
:10F71000597808BFB3F8032001F003042A80059448
:10F720001C780344BE48DFF814B303604FF00000B8
:10F73000C9F80030BB4B0CBF4FF0000A4FF0010A74
:10F7400009068BF80040187005D5582332202B800D
:10F7500000F064FC2CE1B44F397821B91AB1582378
:10F7600030202B80F4E718F0C9FF18B95823422045
:10F770002B80EDE74FF001030FA88DF83C301BF014
:10F7800015FA9DF83C20002A00F012812C88562C96
:10F7900000F2B280462C31D8272C57D92046FFF7EB
:10F7A0005DFF002840F00481582331202B80CFE7F3
:10F7B000A4F18F030E2BF1D801A252F823F000BF61
:10F7C0008FFD0108ABFD010829FE01089DF7010826
:10F7D0009DF70108E9FD01089DF701089DF7010863
:10F7E0009DF701089DF701089DF701089DF70108A5
:10F7F0009DF701089DF7010845FD0108A4F14702A6
:10F800000F2ACBD801A151F822F000BF5FFD0108FB
:10F810009DF7010849FC01089DF701089DF70108C3
:10F820009DF701089DF70108B9FC010889FD010851
:10F830009DF701089DF70108E9F9010841FA01085F
:10F840009DF701089BFA0108B9FA0108272CA5D8F1
:10F8500001A252F824F000BF8BF901084FFD010806
:10F8600077FA010821FB01089DF701080FF901084B
:10F870003FFB01089DF701089DF7010851FB0108B6
:10F8800051FB01085FFB01085FFB01089DF70108C0
:10F890006BFC01089DF701089DF701089DF7010821
:10F8A0009DF7010859FD01089DF701089DF7010822
:10F8B0009DF7010875FD01089DF701089DF70108F6
:10F8C0009DF701089DF701089DF701089DF70108C4
:10F8D0009DF701089DF701089DF701089DF70108B4
:10F8E0009DF701089DF701089DF701089DF70108A4
:10F8F00065FD01086FFD01089D2C11D88E2C3FF687
:10F9000057AF652C00F0FB81812C7FF447AF052EAB
:10F910004ED9D9F80030053E3344C9F8003047E0ED
:10F92000F12C00F0EC811ED8AA2C00F0DB80AB2C6F
:10F930007FF434AF942200210FA81BF0EAF913AB37
:10F940000DF14D02019301203849009211AA00F0F7
:10F950008BFB0FA81BF0DDF89DF83C30002B40F02E
:10F960008680212084E0FC2C00F00B8240F20513FD
:10F970009C427FF413AF00F033FB044600F030FBF1
:10F980000146204605F086FA72E000F029FB0446A5
:10F99000102000F043FB022000F040FB48F2300052
:10F9A0001DF05FFB3A781AB9102C01D101223A7090
:10F9B000D8F800309BF800201A70D8F8002093780F
:10F9C000002B40F03D82BAF1000F00F039822B8805
:10F9D000937001212A880598D31F5A425A4135B0A5
:10F9E000BDE8F04FFFF748BB0023CDE90F3311937B
:10F9F00000F0F6FA8DF83D000FA81BF0ADF89DF869
:10FA00003C301BB92122ADF844301092084911ABAB
:10FA100010AA002000F028FBCAE700BF72430020B4
:10FA200004330020E7460020EB460020C4690408A8
:10FA3000B16904083420002000330020EC46002087
:10FA40003878012801D0022012E00023B449CDE922
:10FA50000F3311930DF13D0211AB00F005FB0FA820
:10FA60001BF08FF89DF83C300BB9212310931098B0
:10FA70001DF00BFB9CE73B78012BE4D1711F0520A7
:10FA8000C9B2F0F76BFB30B1FFF7F4F900280CBFF7
:10FA900021200020ECE71920EAE700230120CDE92E
:10FAA0000F3311939F4911AB0DF13D0200F0DCFAC9
:10FAB0000FA81BF04FF8D5E70023CDE90F331193C2
:10FAC00000F08EFA8DF83D000FA81BF031F89DF87C
:10FAD0003C301BB921228DF844301092924911AB71
:10FAE00010AA96E7942200210FA81BF012F900F04B
:10FAF00077FA8DF844000FA81AF0FAFF9DF83C3011
:10FB00001BB921228DF84C3010920DF14D0213AB30
:10FB1000009200208549019310AA00F0A5FA47E75A
:10FB2000942200210FA81BF0F4F80120804912ABA9
:10FB300011AA00F099FA0FA81AF0E9FFDEE70120F8
:10FB4000FFF7A4FB002840F0828107232B802FE7DA
:10FB5000A4F109025042504118F072FD28E700F06C
:10FB60003FFA0628074616D10C2C3FF46CAF002450
:10FB7000282000F053FA6F4B1E88E2B20223314670
:10FB80000FA818F045FA0134BDF83C001DF069FAE1
:10FB9000142CF2D10CE7082804D10C2C3FF453AFFD
:10FBA000002065E70B28F8D00C2C02D109283FF47F
:10FBB0004AAF4FF00009604E3378BB4225D10C2C80
:10FBC00002D0707800F02AFA7168002273780988F0
:10FBD0000FA818F01DFA0C2C29D100F001FA0346E9
:10FBE000707883427FF4BDAE00230FAAD9B2884259
:10FBF00016D80FA900F0FCF97368727818880FA95D
:10FC000018F01CFA00201DF040FA09F10109B9F1C1
:10FC10000B0F06F10806CFD10C2CC1D1272027E706
:10FC200012F8011B0133FF29E0D03B2020E7092F08
:10FC300005D1152200210DF182001BF06AF87078C1
:10FC40000FA900F0FBF9B3E601210FA819F000F8A5
:10FC500030B91DF01AFABDF83C001DF002FAA7E613
:10FC600021201DF012FA0020F7E700F0B9F9044650
:10FC70001DF001FA814600F0B3F9074600F0B0F933
:10FC800019F4004F06467FF4DEAE032F3FF6DBAEDD
:10FC9000012C3FF6D8AE294823B200EBC3043A4604
:10FCA000494650F833001DF066F9002E18BF3E4655
:10FCB000A4F80490A67173E700F092F900230128DC
:10FCC000ADF83C308DF82C3017D81C4B00B203EB4C
:10FCD000C0040BAA53F830000FA91DF068F9A379EE
:10FCE0001C1E18BF0124BDF83C001DF0BAF99DF898
:10FCF0002C0000F093F920462AE51C46F3E729245E
:10FD00000F4E36F8020B013C1DF0ABF914F0FF0466
:10FD1000F7D12B88652B7FF44BAEF0F709FC47E653
:10FD2000B4690408B7690408BA690408BD6904081D
:10FD3000C169040822260408D0690408584E00202E
:10FD4000483600201DF097F9F0F75EFA30E600F033
:10FD500047F902F033FFFBE418F0DFFC28E618F067
:10FD6000D3FC25E603F082FC0146082069E71EF07B
:10FD7000AEF972E70FA81DF064FA0FA806F012FAA8
:10FD800076E61EF02EF9E3E418F06BFFE0E41DF0D8
:10FD9000D8F84FF6FF73984205D000F021F92D4BAB
:10FDA00018700020D4E40120D2E408230BAA8DF8B7
:10FDB0001B3007ABCDE9013203930DF11B0301208A
:10FDC000254900930DF11A020FAB00F04DF99DF893
:10FDD0001A000B9B003818BF01209DF81C200FA9AA
:10FDE0001EF056FAC0B2B3E4102007A900F000F9E3
:10FDF0000BA9102000F0FCF80FA8F1F7EDF809238B
:10FE00000FA88DF83C30F1F7F3F80BA90FA819F003
:10FE10008DF90FA8F1F70CFC07AA11460120F1F7A4
:10FE20009DFC102007A90CE71DF08BF81DF019F9B7
:10FE3000042000F0F3F8182000F0F0F80F2087E419
:10FE40002B88D370D8F800201B0A1371C1E535B098
:10FE5000BDE8F08FE5460020C869040813B50446E4
:10FE60000A4B03EBC0018A7953F8300089881DF0F2
:10FE700082F801A80F2119F0EFFB032101A88DF8EA
:10FE800006401DF0B0F802B010BD00BF584E002073
:10FE900008B503481DF0BDFD80F00100C0B208BDEB
:10FEA000744300202DE9F04782460F4691461C46D8
:10FEB0009DF8248018F024FC00283CD008F10300B1
:10FEC00020440021384402F075FB054620B9012288
:10FED0001A4B1A70BDE8F08702F0A6FA184B0646D6
:10FEE0001B783A4603708023437001235146837088
:10FEF00003301AF0D7FE2CB1F81C22464946304494
:10FF00001AF0D0FEB8F1000F06D003343C4442464C
:10FF1000089930191AF0C6FE012018F09DFB094A15
:10FF2000294613780848013B012B9CBF002313701E
:10FF300000221DF079FD0120CCE700BFED46002036
:10FF4000EC460020E64600207443002013B504462A
:10FF50001921684619F080FB22460DF102010120AB
:10FF600019F07EFB062168461DF03DF8152C02BFF6
:10FF70000222024B1A7002B010BD00BFEB460020F7
:10FF800013B50A4B04461B78022B0DD10D2101A895
:10FF900019F062FB21460DF1060019F05DFB04210A
:10FFA0000DEB01001DF01FF802B010BD6C460020E3
:10FFB00008B503481DF02DFD80F00100C0B208BD5A
:10FFC0007443002008B5054802F054F8FEF74CFFD2
:10FFD000ECF726F9BDE8084018F03BBB744300205D
:10FFE000024A1368591C11601878704704330020C6
:10FFF00038B50446044D0846224629681AF06FFEBB
:020000040802F0
:100000002B6823442B6038BD043300200346024A8A
:10001000106803441360704704330020054B064A00
:10002000196812688A1AC92AD8BF08701A6801327A
:100030001A607047003300203420002038B5044691
:10004000074D084B28681B68C31A2344CA2B02DCDF
:1000500022461AF044FE2B6823442B6038BD00BFB3
:1000600000330020342000200EB477B5054607ABDE
:1000700053F8046B0193013E16F8013F23B903B016
:10008000BDE8704003B07047019A622B02F1040191
:100090001468019133D0703BD9B20729ECD8072BF3
:1000A000EAD801A151F823F01901020879000208E9
:1000B00079000208C900020879000208C900020894
:1000C000DB000208ED0002081DB1FFF789FF207078
:1000D000D2E72078FFF7A2FFCEE71DB11CF0CBFFDF
:1000E0002080C9E720881CF0BCFFC5E71DB11CF0CB
:1000F000D6FF2060C0E720681CF0C7FFBCE702F114
:100100000803019353682146187815B1FFF770FF73
:10011000B2E7FFF793FFAFE702F108030193002D69
:10012000AAD00448536801681B780B44036021601F
:10013000A2E700BF0433002038B50D46044616F090
:10014000B7FC064A13889BB22DB123431380BDE848
:10015000384016F0B3BC23EA0403F7E778430020E5
:100160000022034B01214FF480701A70FFF7E4BFA7
:10017000F446002008B5054B18681BF08EFE00F011
:100180000300C31E5842584108BD00BF2033002061
:100190000023F0B585B0CDE901330393124B134D25
:1001A0001B78134E8DF8043016F082FC2A783378D1
:1001B00004469A420F4F0CD03178386801AA297052
:1001C0001BF092FE50B140F6A1110B48EBF792FDE7
:1001D00004E038681BF061FE0128EDD0204616F0DF
:1001E0006DFC05B0F0BD00BFF0510020ED510020C6
:1001F000EE51002020330020286A040838B5044658
:100200001AF06DFC0C4B05461978987881420FD096
:10021000631E082B0CD8DFE803F0050D0B0D0B0D4A
:100220000D0D0D0000220146044B18681BF033FE33
:10023000284638BD0022F7E7F05100202033002087
:10024000F8B52D4B1B7823B140F683312B48EBF7E3
:1002500051FD16F02DFC2A4B07461C8814F00604AD
:1002600009D001214FF48070FFF766FF3846BDE8E2
:10027000F84016F023BC21464FF48070FFF75CFF76
:10028000204601F065FC02280AD180221D4B802106
:1002900018681BF002FA17F065FEFFF779FFE5E733
:1002A000204601F055FC054638B1012807D040F63C
:1002B000C5311248EBF71EFDD8E70246E6E7FF22FC
:1002C000104E114B30681A70FBF722FE30681BF09D
:1002D000E4FD01280CD02A46294630681BF0DFFDDA
:1002E00021462C20FFF78AFF21460A20FFF786FFD0
:1002F00017F039FEBAE700BFF4460020286A040868
:100300007843002020330020ED51002038B54FF015
:10031000FF300C461BF09BFA0A4B054618681BF091
:1003200096FA641B241A20B210F1630F06DB10F159
:10033000240F05DA64308000C0B238BD0020FCE72D
:10034000FF20FAE72033002010B50E4C236823B9B4
:1003500040F634410C48EBF7CDFC2068013019F031
:1003600079F900F0070003280AD124680922012145
:10037000204601F055F9205C031F5842584110BD3A
:100380000020FCE710330020286A040808B5134B4E
:100390001B78062B04D040F2E5711148EBF7AAFC5C
:1003A000104B1B881B0704D440F2E6710C48EBF796
:1003B000A1FC0D4B2A201978FFF720FF002108200F
:1003C000FFF7BAFE0222094B1A70094B1868FBF7B7
:1003D0009FFDBDE8084018F049B900BFF446002071
:1003E000286A040878430020F1460020EB510020E1
:1003F000203300200021014802F052BAE44E0020D0
:100400007F2837B5044612D14FF6FF7318490246CC
:10041000ADF80630098802230DF1060017F005FE3D
:10042000BDF80640E2054CBF6FF04A0464B216F016
:100430003FFB104B05461C700F4B1B88DB0710D58C
:100440000E4B1B78002B0E4B0CBF21466FF07F012B
:1004500018681BF045F920B140F60A610948EBF72E
:1004600049FC284603B0BDE8304016F027BB00BF6A
:1004700020260408E451002078430020F54600209F
:1004800020330020286A040808B50A4B1B88DB06C5
:1004900004D440F608010848EBF72CFC002110209A
:1004A000FFF74AFE002001F0B5FABDE8084018F059
:1004B000DDB800BF78430020286A040810B5044660
:1004C00016F081FC034628B116F07BFC012814BF0E
:1004D00010230823044905482246BDE81040097846
:1004E00000681BF0FABC00BFEE5100202033002052
:1004F000F7B5124CD4E9006586EA020C85EA0307D9
:100500000CEA000C0F405CEA070E15D086EA0C06D8
:100510007D40C4E90065CDE900230B460849024649
:1005200008681BF06EFD38B140F2F511054803B0C4
:10053000BDE8F040EBF7DEBB03B0F0BD381600209D
:1005400020330020286A040810B516F022FC60B1A0
:1005500016F02EFC0B4A80B141F20D03BDE81040AD
:1005600041F20D010748FFF7C3BF074B1A789B788C
:100570009A4204D100220023F0E70D23EEE7034A5C
:10058000F9E700BF400D0300F0510020488D010045
:1005900038B5264B04461B889B0741D50128244BC0
:1005A0002DD1197859B30139C9B2197011B9202068
:1005B000FFF7C2FD00210220FFF7BEFD04221D4B04
:1005C00000211D481A7002F06BF91C4C20680130A4
:1005D00019F040F800F44060B0F5006F23D12468B2
:1005E00001210422204601F01BF8204419F032F8C2
:1005F0000146BDE838400022202018F0F0BA002162
:100600000F4D02201970FFF797FD2B78FF2B04D0B8
:1006100040F256610B48EBF76DFB2C7018F026F892
:10062000012CD2D038BD4FF6FF71E2E778430020AD
:10063000F3460020F4460020C44E00201033002072
:10064000EC510020286A040838B5124C054623886E
:10065000580709D5FFF78EFD01460720FFF7CEFDAD
:1006600000210420FFF768FD238899070AD50A4B6B
:10067000284619788A1F51425141FFF7BFFD0120DA
:10068000FFF786FF23881B0703D5BDE83840FFF737
:100690007DBE38BD78430020F44600202DE9F04FA0
:1006A0005706804614461D4691B005D5FFF762FDFA
:1006B00001460120FFF7A2FDEE0403D500212D2005
:1006C000FFF79CFDA00223D540461BF0E3FC01464A
:1006D000F0B94020FFF730FD40460AA91BF0E3F8CF
:1006E000B0B99DF83030022B6DD1BDF8280010F064
:1006F00005FAFF2808D140461BF0D3F840B9012184
:100700004020FFF719FD03E010F030FA0028F2D185
:10071000A10305D5FFF72EFD01460320FFF76EFD6F
:10072000E20104F0807354D5AD4B1B889F072FD591
:10073000AC4E30681BF041F850BBAB4BAB4F187060
:100740003B78FF2B04D040F21461A948EBF7D2FAB2
:100750004FF0000900210220FFF7EEFC87F800901F
:10076000A44F3B78062B07D101210820FFF7E4FCBA
:1007700049462820FFF742FD3B78052B06D1002192
:100780002B20FFF73BFD3068FBF7C2FB17F06EFF35
:10079000260740F1C180934F0321386805AA1BF05A
:1007A0007FFC064620B940F286619148EBF7A2FA39
:1007B0009DF81430072B49D0FFF7DCFC01460420DC
:1007C000FFF71CFDA8E0032BA2D10AA81FF074FAC2
:1007D0009CE705F0020213430BD0864B26201978C4
:1007E0008E1F71427141FFF709FD0120FFF7D0FE16
:1007F000CEE704F080531A4309D07E4B1978881F46
:10080000414241412620FFF7F9FC0220EEE704F0C7
:1008100088410B4306D0774B272019788A1F514215
:100820005141F0E705F008030B4302D02320FFF706
:10083000E5FC6B0703D500212420FFF7DFFCEF0761
:10084000A6D500212520FFF7D9FCA1E7314638685D
:100850000AAA1BF02DFC20B140F28D616448EBF731
:1008600049FABDF81610386802310AAA89B21BF09D
:1008700021FC20B140F29C615D48EBF73BFA00237C
:10088000009331460423386804AA1BF02AFC04288C
:1008900004D040F2A2615648EBF72CFADFF86091E1
:1008A00099F80030002B40F0AD800DF1110018F0E8
:1008B000D1FE00F00700022840F0A480FFF75AFCA8
:1008C00001460920FFF79AFC4A4B1B78062B23D1DF
:1008D000494B9DF813201B789A421DD19DF8353065
:1008E00023B94FF4D7614248EBF704FA0DF1110038
:1008F00018F0B0FEC0F3001631462920FFF77EFC49
:1009000000210820FFF718FC3C4B1E70FFF71CFD70
:1009100010B93868FBF7FCFAE20505D5FFF72AFCA9
:1009200001460420FFF76AFC14F4863F05D0FFF768
:1009300021FC01460220FFF761FCA30111D5FFF75E
:1009400019FC01460820FFF759FC00210420FFF79D
:10095000F3FB284B1B78012B03D1224B1868FBF7C4
:10096000D7FA14F0084F09D0FFF704FC014607201E
:10097000FFF744FC00210420FFF7DEFBA70009D5A8
:10098000FFF7F8FB01460620FFF738FC00210420A2
:10099000FFF7D2FBA60705D5114B1B881C0701D515
:1009A000FFF7F4FC680603D500210A20FFF726FCB8
:1009B000290602D501201CF023FEEA0540F1C08083
:1009C00040461BF066FA052800F2B0800138042882
:1009D00000F2B680DFE800F0B1C1B1B1B10000BFF4
:1009E0007843002020330020F3460020EC51002003
:1009F000286A0408F4460020EF460020EB5100204E
:100A0000F7460020BDF816000121083080B201F041
:100A1000D1FD039000283FF4CFAE01F005FD07990A
:100A2000BDF8182006461AF03DF9089941B1BDF805
:100A30001800BDF81620121A92B230441AF032F99A
:100A400099F800A0BAF1000F20D106F1010B584629
:100A500018F000FE800658D538681BF01BFB0746CF
:100A6000FFF788FB05370146F8B2FFF7C7FB58468A
:100A700018F0F0FD00F0070003283D4F2DD00121B4
:100A80000420FFF759FB1AF0E7FE386000223949CD
:100A9000BDF816300978F718F1549DF83630BB7060
:100AA0009DF83730FB700A9B190E3971190C79715A
:100AB000FB71190A99F80030B97123B9737892B3B0
:100AC00043F020037370002001F0D2F9787003988E
:100AD00001F0D6FD17F0CAFD1EE7012109223046BC
:100AE00000F09EFD305C01210428C9D1FFF724FBF2
:100AF0001AF0B2FE204B38601B885906C6D5514605
:100B00004020FFF719FB0122C1E7FFF733FB014645
:100B10000920FFF773FB194B1B78012BB6D13868FE
:100B2000FBF7F6F9B2E723F02003CBE7342804D033
:100B30000FD8142801D0242811D12620FFF784FDD6
:100B4000AB0512D50121802011B0BDE8F04FFFF7B1
:100B5000F3BA00F0EF004428EEE72720EEE740F676
:100B6000A4010748EBF7C6F8EAE711B0BDE8F08F3B
:100B70000C330020ED51002078430020F446002083
:100B8000286A0408F8B5164E0D46337802F00104C1
:100B900023B140F292311348EBF7ACF8124B134FEC
:100BA0001D60134DA4B1134B997801B10121202090
:100BB000FFF7C2FA2B783B700F4B1C780F4B0021CC
:100BC0001C70042333700E48BDE8F84001F068BE85
:100BD00021462020FFF7B0FA2B783B70EEE700BFEC
:100BE000F4460020286A040810330020F146002053
:100BF000EF51002014330020F2460020F34600207D
:100C0000E44E00202DE9F84315F052FFDFF8A081F3
:100C10000546B8F80030614C13F4807F03D0237888
:100C200073BBFFF70DFB00210846FFF7E7FA5C4BAB
:100C30001A78FF2A13D01A7802F0FF0632BBFF227F
:100C40001A702378052B0AD100232846237015F04B
:100C500035FF30461CF0C7FC15F02AFF0546237807
:100C6000504E062B09D13378FF2B06D03378022B58
:100C700015D100214C4801F013FEFF2333702BE007
:100C800000214FF48070FFF757FACCE71A78012A59
:100C90004FF0FF0214BF33264C261A70D4E7337886
:100CA00013B13378012B22D1FFF74EFB07463E48A4
:100CB00096F8009001F090FEFF235FFA89F93370F7
:100CC00077B1B9F1010F44D16421374884F800901D
:100CD00001F0E6FDFFF75CFA284615F0EFFE06E0AE
:100CE0002846277015F0EAFE38461CF07CFCB8F860
:100CF00000301B0605D500218020FFF71DFA18F0F3
:100D000019F801F0CFFC294E308000B32778012F6D
:100D100042D101F089FB054610B3013018F09AFC6E
:100D200000F44060B0F5006F1AD10422394628461D
:100D300000F076FC284418F08DFC4FF6FF739842C3
:100D40000ED10020318800F0B9FD00233380BDE8CA
:100D5000F88300232846237015F0B0FE3F20C4E737
:100D6000114801F039FE002108462170012500F0EC
:100D700057FD23780BB9FFF763FA0020318800F0A4
:100D80009DFD00233380002DE1D020780028DED1A6
:100D9000BDE8F8431CF0D5BD0025EAE7F446002085
:100DA000EC510020EB510020E44E0020764300205F
:100DB00078430020074B1A7842705A7882709B78EB
:100DC0001A1E18BF01220370034B02711B78C370F7
:100DD000704700BF14330020EF51002008B51346C0
:100DE0000A461946064B18681AF041FD30B1BDE8B5
:100DF000084040F2B6410348EAF77CBF08BD00BF97
:100E000020330020286A040808B513460A4619460C
:100E1000064B18681AF025FD30B1BDE8084040F2D5
:100E2000BD410348EAF766BF08BD00BF203300207C
:100E3000286A0408024B1878B0FA80F0400970471D
:100E4000F4460020024B1878431E58425841704720
:100E5000F446002008B5064B1B7823B140F2E6416A
:100E60000448EAF747FFFFF7EBF9002008BD00BF91
:100E7000F4460020286A040808B5064B01EB8101FE
:100E8000186849001AF07AFC002814BF21200020BD
:100E900008BD00BF2033002008B5044B1868F4F7E4
:100EA00093FE0A2390FBF3F040B208BD20330020EC
:100EB000014B1878704700BFEE51002008B5044B75
:100EC00018681BF05BF8B0FA80F0400908BD00BF5D
:100ED0002033002038B5124D0C462B78012B04D955
:100EE00040F207510F48EAF705FF21460020FFF7BF
:100EF000E5FF90B10C4B1C702B785BB9FFF7A0F9A4
:100F00000A4B93F900100A4BC90118681BF07BF8D3
:100F1000002038BDFFF73CF9F2E72120F9E700BFD8
:100F2000F4460020286A0408EE510020F64600200E
:100F300020330020014BD870704700BF14330020CD
:100F400008B5054B012118681AF0D2FF0028B8BF78
:100F5000033040F3870008BD2033002008B5074B5D
:100F600018681BF005F830B1054BB3FBF0F083B205
:100F70000BB1184608BD0120FCE700BF203300205C
:100F800040420F0008B5074B18681AF0F5FF30B162
:100F9000054BB3FBF0F083B20BB1184608BD01203E
:100FA000FCE700BF2033002040420F002DE9F3474B
:100FB000534F012016F0D8FF3B88990704D440F620
:100FC000D3315048EAF796FEDFF85C8198F800309C
:100FD000053B012B04D940F6D5314A48EAF78AFE91
:100FE000494E336823B940F6D8314648EAF782FEC5
:100FF0003C8814F020045CD001212220FFF7FEF889
:101000004FF47A74FFF7BEFF33681B78093343430C
:1010100004EBC30498F80030A5B2062B0BD1FFF700
:101020009DFF0446FFF7AEFF602358430C2303FBEC
:101030000400284485B2D6F80090344B99F800801B
:101040001C7808F1FF38324E1FFA88F8002C3FD187
:101050003B885A0532D57378DFF8C8A026468AF84F
:101060000030CAF8085015F0AEFE30B115F0A9FEF8
:10107000012814BF102308231E43264D8023494610
:10108000424628681BF008F8234B1978234B197047
:101090003B889B061FD5CDF800A03246204B286820
:1010A0001AF019FF10BB002002B0BDE8F04716F09F
:1010B0005BBF21462220FFF7A1F8A3E709F1010059
:1010C00018F0C8FA10F020047378C5D00124C3E7E3
:1010D00000247378C0E73246124B28681AF0F9FEF4
:1010E000014618B92520FFF789F8DCE721462620BC
:1010F000FFF784F840F67B310248EAF7FBFDD2E7C0
:1011000078430020286A040810330020F7460020A6
:10111000F051002020330020EE510020ED5100203E
:1011200014330020A84E0020F446002008B5174BC9
:101130001B889B0704D440F638611548EAF7DAFDAE
:10114000144B1B78053B012B04D940F6396110483C
:10115000EAF7D0FD104B1B6823B940F63B610C4801
:10116000EAF7C8FD00220D4B21200D491A70FFF748
:1011700045F818B9BDE80840FFF718BF022803D1A9
:10118000BDE80840FFF704BA08BD00BF784300205F
:10119000286A0408F446002010330020EE460020A0
:1011A0003D130208F8B5594C23889A0704D540F23C
:1011B000DE215748EAF79EFD564801F00DFC15F078
:1011C00077FC238805465B070BD51AF045FB524B8D
:1011D0001B68C01AB0F5717F03D900210420FEF707
:1011E000ABFF28464D4D15F069FC2B78042B32D10E
:1011F00015F05EFC238806465F0708D545480021A8
:1012000001F04EFB3046BDE8F84015F057BC15F034
:1012100055FC15F04DFC424B06461B78414F13B967
:10122000238859050FD50523012102202B70FEF7D5
:1012300083FFFFF77BFF304615F040FC3B68DA7810
:10124000394B1A70F8BD3868013018F003FA82067D
:10125000E9D50623E8E7062B4DD1344B1B78FF2B4D
:10126000F0D1334E15F0B6FD3378002B3DD015F09C
:101270001FFC238805465B0705D52648002101F0A1
:101280000FFB2846BFE715F019FC3378013B33709C
:1012900015F00EFC044601210220FEF74DFFFFF77A
:1012A00045FF20461F4C15F009FC2068013018F05E
:1012B000D1F900F44060B0F5006F13D1246801212A
:1012C0000422204600F0ACF9204418F0C3F901468E
:1012D000184B04201A783378D21AD2B2BDE8F840FD
:1012E00017F07DBC4FF6FF71F2E740202B70BDE890
:1012F000F8401CF078B9012BA4D100232B700E4BC1
:101300001868FAF705FE3F20F1E700BF7843002098
:10131000286A0408E44E00200C330020F446002024
:10132000F746002010330020EF460020EB5100204C
:10133000F1460020EF5100202033002008B50A4B71
:101340001A7882B9012210281A7004D040F62F6151
:101350000648EAF7CFFC00212020FEF7EDFEBDE8AD
:101360000840FFF723BE08BDEE460020286A0408A7
:1013700038B510200C460121FEF7DEFE064B1D6835
:10138000FFF7ECFD012200FB04F1044B28461AF0A4
:101390008BFD002038BD00BF2033002089040208E7
:1013A00008B5094B1B88DB0604D440F27D51074881
:1013B000EAF7A0FC10200021FEF7BEFE044B1868DF
:1013C000BDE808401AF07EBD78430020286A040872
:1013D0002033002010B5064C20681AF013FAC3071A
:1013E00004D52068BDE810401AF00EBA10BD00BF49
:1013F00020330020012208B5084B114618681AF066
:101400004EFD00212C20FEF7F9FE00210A20FEF7F8
:10141000F5FEBDE8084016F0A6BD00BF2033002051
:101420000148EAF767BC00BF426A0408014B400864
:10143000185C7047E751002008B513460A46194664
:10144000064B18681AF019FA30B1BDE8084040F6AA
:1014500079410348EAF74EBC08BD00BF20330020A5
:10146000286A040808B5044B18681AF016FD0138FC
:1014700018BF012008BD00BF20330020054B10B568
:101480004C002246014618681AF01AF9031B58420C
:10149000584110BD2033002003289DBF024B187017
:1014A00000202120704700BFF24600201FB5002316
:1014B000CDE9013303930B4B0B4C1B7820688DF85F
:1014C00004301AF00CFD094B2068197801AA1AF0B3
:1014D0000BFD20B140F66F510548EAF70BFC04B054
:1014E00010BD00BFF051002020330020EE5100203D
:1014F000286A0408094B10B51B880446DB070BD586
:10150000B0FA80F1064B490918681AF0BCF9003CA2
:1015100018BF0124034B1C7010BD00BF784300208E
:1015200020330020E651002070B5054615F0C0FAC2
:101530000E4B0F4E1B880446DA07357008D50D4B4D
:101540000D4D1B78012B08D9012128681AF0A0FD48
:101550002046BDE8704015F0B1BA1BB115F00FFC84
:10156000C305F1D4317881F00101EEE77843002022
:10157000E5510020F54600202033002010B5054C31
:1015800094F900007F2801D1FEF73AFF94F900009A
:1015900010BD00BFE45100200C4B10B51B88044661
:1015A000DB0711D5FEF7D0FF094B84F001020821BB
:1015B0001868D2001AF071F830B1BDE8104040F65A
:1015C000C7610448EAF796BB10BD00BF784300200E
:1015D00020330020286A040808B5044B0146186827
:1015E0001AF064F9003818BF012008BD203300202C
:1015F00010B50A4C23787BB1FFF7FCFE00210420D4
:10160000FEF79AFD00210220FEF796FD00232370CD
:10161000BDE81040FEF714BE10BD00BFF446002028
:10162000032A134601D91CF006B8014AD05C704762
:101630004C6A040838B5094800F01CFD0024084D28
:1016400095F84430E0B2834200D838BD05EBC000C5
:10165000043000F00FFD0134F2E700BF44340020F5
:10166000A433002008B510460249482219F01AFB9D
:10167000002008BDFC33002008B505481CF017FC0D
:10168000014620B9BDE80840014801F009B908BD8C
:10169000044F0020002238B51B4B15461C461A701B
:1016A0000132082A5D609D8043F8085FF8D1482226
:1016B0000021164819F02DFB4FF6FE73A4F8683090
:1016C0006FF480337F2200211148E36519F021FB7C
:1016D000104BC4E91255C4E9283584F8445084F805
:1016E0005050656584F8A850EAF762FCFF220A4B67
:1016F00001211870094B00201A70E5F755F90020F8
:10170000FFF7BAFF002038BDA4330020FC330020CF
:10171000243300200000FFFFF84600204A47002045
:1017200010B5AC24084B04FB0030836C53B990F81F
:1017300050403CB931B1C0E912122046FFF79CFF7E
:10174000204610BD2120FCE7A4330020AC2370B557
:1017500003FB00F5094E731993F850405CB920461D
:1017600011F0FEFD735D204643F002037355FFF751
:1017700083FF204670BD0120FCE700BFA43300209A
:10178000AC235843024A135C23F0030313547047FD
:10179000A433002070B516461F4A04461278C2BB17
:1017A000AC211E4D01FB00518A6C92BB91F8502078
:1017B0003AB1022B2DD191F84410072907D91C20EA
:1017C00026E091F844100729F9D8012B08D0AC2065
:1017D00000FB0450CA00011D0C3019F080FA0021F2
:1017E000AC2303FB04F000249DF8143000EBC1018E
:1017F0002944CB71049B8E808B602B1893F8442076
:10180000204601328C7183F84420FFF735FF2046D3
:1018100070BD0120FCE700BFF7460020A433002084
:10182000F8B5234B04461B780F46002B3ED1AC2362
:10183000204D03FB0053B3F8A03023B94FF44E7191
:101840001D48EAF757FAAC2202FB0452D2F8A46012
:1018500036B192F8A33039460020B2F8A020B04744
:10186000AC2300216343EA18A2F8A010C2F8A41028
:10187000482192F8A82001FB02322A44D2F898208D
:10188000964213D0EB5C9B070CD5AC226243AB5C59
:10189000204623F0020343F00103AB54BDE8F840B7
:1018A000FFF7EABE11F07EFD0028EED1F8BD00BFC3
:1018B000F7460020A4330020A76B04082DE9F04F61
:1018C00089B0059008460D4600F0AEFD044618B9F3
:1018D000212009B0BDE8F08F284600F0C1FDC0B25C
:1018E0000838221892F802B092F803A05268215CDE
:1018F000029200222778B4F80130ADF81E20424A47
:10190000049192F80090B9F1000F09D03F4B1B6889
:1019100023B1514620464FFA8BF298470020D8E772
:1019200003F00703022B6DD00134092249462046FB
:10193000FFF776FE023F3F1A3B0606465FFA87F83E
:10194000C6D4334FD7F890303BBB00210DF11E09B0
:10195000434622460846CDF8009011F039FCC3B248
:101960000546002B4AD1BDF81E001BF0E3FED8B996
:10197000BDF81E001BF0DAFF0390BDF81E001BF03F
:10198000D9FEE8B906EB080201232146484692B287
:1019900000F0A0FEC8B119209BE74A460121284665
:1019A00098470028D1D193E7D7F89430BDF81E00AE
:1019B000002BDDD0A11998470028D9D1022088E753
:1019C00042460398A11919F06DF9BDF81E0000F008
:1019D0002BFD049B059A8372029B80F808A01BBA1A
:1019E000C360AC2303FB027393F8502080F809B066
:1019F000BDF81E0022B1DB6C03B19847E8B268E77E
:101A0000BB6FF9E7012064E7F746002008330020A8
:101A1000A4330020AC2370B5094C054603FB0043FA
:101A20005E6D26B940F2EF310648EAF763F9AC2360
:101A300003FB0544002363653346BDE87040184747
:101A4000A4330020A76B04082DE9F84308460F468D
:101A5000164602F101091BF06EFF804638461BF066
:101A600062FE042856D138461BF081FE48F6610517
:101A70004FF6FF7248F64103294C904208BF1D46BD
:101A8000B4F85C10301D17F0E7FD38461BF06FFE10
:101A90000146B01D17F0E0FDB4F85E1006F1080035
:101AA00017F0DAFD06F10A0438460EF021FE10B1F7
:101AB00045F01005ADB22946484617F0CDFD384631
:101AC0001BF034FF42460146204619F0EBF8384639
:101AD000012100F033FD4444074660B100F0C0FC32
:101AE0000546384600F0A0FCEDB201462A462046E5
:101AF00019F0D8F82C440B4AA41B13780134591C54
:101B00001170F37034703046BDE8F84309220121AA
:101B1000FFF786BD484617F09DFD4C460546C3E7D6
:101B2000A4330020F846002010B40C461146AC2225
:101B3000064B02FB0033586D20B95C655DF8044B21
:101B4000FFF716BC02205DF8044B7047A433002059
:101B5000AC2210B548245043094B1A1892F8A8102B
:101B600004FB0100034493F87700022806D092F8A2
:101B700050301BB9032818BF012010BD0020FCE71E
:101B8000A433002070B508B1012070BD234C94F837
:101B9000A850002DF8D12946B4F85C20FFF734F99D
:101BA00029462846B4F85E20FFF718F9294628464A
:101BB00004F16002FFF740FC94F87730002BE3D08B
:101BC000284694F85860FFF773F9864215D1002033
:101BD00094F95A50FFF760F9854216D10020FFF7BB
:101BE000B7FF04460020FFF725F90028CDD0214695
:101BF000BDE870400020FFF72DB9284694F8581032
:101C0000FFF768F90028E2D0BFE7002094F95A10E6
:101C1000FFF732F90028E1D0B7E700BFA433002076
:101C20000346AC2010B51446164A00FB032292F876
:101C3000770002280CD1E07F022809D141B1124976
:101C40000978012913D992F85810227891420ED1BF
:101C500018462178FFF732F990B1482221460B4807
:101C600019F020F80020FFF7E5F808B9002010BDB2
:101C7000044B93F8A8000028F8D1FFF783FFF5E79D
:101C80002120F4E7A4330020B9510020FC330020C8
:101C9000AC2208B5084B02FB003300205A6DD86413
:101CA00083F8500012B15865FFF77AFB0020FFF768
:101CB00069FF002008BD00BFA43300207FB51C4C85
:101CC00094F8A83023B1002084F8A800FFF75AFF49
:101CD00094F85A30B4F8A0508DF80F3025B94FF46D
:101CE0003C711448EAF706F8134A29460020FFF72A
:101CF000ABFEE66F0246104C9EB10DF10F0301934F
:101D00000023214628460093B0470246247854B960
:101D100020462146FFF784FD2046FFF7ADFC04B0C6
:101D200070BD0122F2E700200349FEF72BFFF6E722
:101D3000A4330020A76B04082433002038B5494B96
:101D40001C78002C58D1484800F046FE2046FFF78A
:101D500071F8002850D0454C2378D90733D594F832
:101D600050201AB123F00303237045E023F0010350
:101D7000237011F0FFFA237805469A0701D511F078
:101D8000EFFA2946002011F005F840B923782846DB
:101D900043F001032370BDE8384011F0E1BA00239D
:101DA000482284F8A33094F8A83084F8A25002FBAB
:101DB0000343D3F89830A4F8A000C4F8A430BDE8D9
:101DC0003840FFF77BBF94F84400B0B104F1A003A2
:101DD000251D95E8030083E80300FFF76FFF94F8E3
:101DE00044202846D20004F10C0118F078FF94F842
:101DF0004430013B84F8443038BDA26C62B99B0783
:101E000011D52378002023F0020343F0010323704F
:101E1000BDE83840FFF730BC0123A06484F850309F
:101E2000904723789EE711F0BDFA0028E9D194F895
:101E3000A83073B1EEF73AFD94F85030002BDBD1A7
:101E4000FF2818BF84F8A800BDE838400020FFF73D
:101E500099BED4F88C30002BECD098470028CBD119
:101E6000E8E700BFF7460020044F0020A43300201D
:101E7000AC22034B02FB003393F8A800704700BF6D
:101E8000A433002070B504460020FEF7D3FFAC2336
:101E90005C430B4E351995F850300BB1002070BDE6
:101EA0000028FBD007481CF002F80028F6D1335D6B
:101EB000002BF3D195F84400B0FA80F04009EEE72A
:101EC000A4330020044F002028B1034B1B68C01A24
:101ED0004010013080B270476834002030B1044BAC
:101EE00000F100401B68013803EB4000704700BF61
:101EF0006834002010B5084A03461BF045FD1468FD
:101F00004FF6FF7203EB40039C42184603D9018849
:101F100002339142F8D010BD603400202DE9F04723
:101F2000204F05463B88A3B3B0F90230002B30DBCD
:101F3000DFF87C801C49D8F8000018F0A9FE20B911
:101F400040F2C3111948E9F7D5FE0026DFF85CA07E
:101F5000DFF860903A88B3B29A4204D840F2C511D3
:101F60005046E9F7C7FED9F80030B2B253F8320054
:101F7000D8F8001003EBC20468B943F83210A38804
:101F800028460133A3801BF0FFFCE38803EB4003EA
:101F9000E380BDE8F08718F07BFE01360028D9D138
:101FA000EDE700BF7A430020506A04085A6A04082B
:101FB000244F00205434002038B5094C094D2268C4
:101FC0002B689A4204D94FF481710748E9F792FED1
:101FD00028682368C01A20F0010080B238BD00BF15
:101FE00060340020643400205A6A040838B5124C6A
:101FF000124D21462846EEF7B7FA23680BB12B683D
:102000001BB9D2210E48E9F775FE2A680D4B0E491F
:102010001A60236823F0010313440B600B4B1A6012
:102020002AB9BDE83840EC210548E9F763BEFFF75F
:10203000C3FF6428F5D938BD583400205C34002033
:102040005A6A040868340020643400206034002098
:10205000064B1B68834206D8054B1B68834294BF1E
:102060000020012070470020704700BF6834002026
:10207000603400202DE9F0411D4B04461B78012BF4
:1020800024D10088FFF72AFF0546D8B10426DFF8DF
:1020900064802C4614F00CFD07462046FFF73EFFF7
:1020A000638843EA08036380A05BFFF717FF0446D9
:1020B000384614F003FD1CB1B4F90230002BE9DA04
:1020C000062E01D1BDE8F0810626E2E7022BF9D108
:1020D00014F0EEFC02462088FFF700FF18B10388D9
:1020E000C3F30E0323801046BDE8F04114F0E6BCB4
:1020F000F94600200080FFFF2DE9F04F0024BA4B85
:1021000097B006461C8014F0D3FC0123DFF8EC8264
:10211000B64F3B70B8F80030A8F80040ADF8163064
:10212000B34B1B68019314F0C9FCB24B21461A88CB
:10213000B14BD200186818F0ECFD0DF11600FFF756
:1021400099FF002E3CD1DFF8B8924FF0000B01252B
:10215000D9F80040019B9C4239D3BBF1000F39D123
:10216000002DF2D0D9F80040DFF898A2254622468B
:10217000019B9A4273D302230DF116003B70FFF7C7
:1021800079FF002E40F08F80D9F800603246AA42D5
:1021900080F0A2809088FFF7A1FE18B10388C3F3F6
:1021A0000E039380D088FFF799FE18B10388C3F31C
:1021B0000E03D3801046FFF79DFE0246E7E79847DF
:1021C000E3B256F823300134002BF8D1BBE7BBF162
:1021D000000F3ED00BF1FF335FFA83FB16AB03EB2E
:1021E0008B0252F8402CB2F9020051880028B1DA73
:1021F0004B04AFD4924641F48040931D2AF8020F5D
:1022000002933AF8020FFFF769FEF0B1B0F902E06D
:10221000B0F802C0BEF1000F17DB6FEA4C4C6FEA5A
:102220005C4CA0F802C00390FFF778FEBBF10F0FE3
:102230008FBF002516AB039A03EB8B009EBF0BF1FB
:10224000010340F8402C5FFA83FB029B9A45D8D1EA
:1022500080E72046FFF74EFE22460446C3E71046BD
:102260001BF092FB8346B2F90200118800280AEAAB
:10227000010108DA2046FFF727FE084381B204EB8C
:102280004B0402EB4B0510461180FFF733FE02466C
:102290006EE798475FFA8AF356F823300AF1010A8D
:1022A000002BF6D170E74FF0000AF3E73046FFF756
:1022B00021FE82467EB1B6F902307188002B0ADA1F
:1022C0003088C0F30E00FFF709FE864203462DD189
:1022D000C1F30D0171805646AE42E7D3DFF81CA171
:1022E00014F0E6FB0021064650461BF009FCFFF700
:1022F000F5FD0546002800F08780304614F0DEFB2F
:1023000028461BF041FB06462046FFF7DDFD8146CF
:10231000760032462946204618F0E1FC0022494664
:102320000DF116001BF080FB3444D9E71BD9304671
:102330001BF02AFBC1F30D014200718018463146A3
:1023400092B218F0CCFCC6E75046FFF7D3FDD14659
:10235000854203D9B0F90230002B01DA824603E04E
:10236000FFF7C8FDF4E7B146554507D9BAF80000B4
:10237000C0F30E00FFF7B2FD8245E5D3B9F1000FBF
:1023800030D0B9F80000C0F30E00FFF7A7FD0346F8
:1023900038B93346CB46994513D8B1459BD0D94679
:1023A000ECE748461BF0F0FAB9F802204946C2F3C0
:1023B0000D02A9F80220420092B2184618F08FFCD4
:1023C000E7E718460193FFF795FD019B9B46854281
:1023D00003D9B0F90230002B01DA0346DBE7FFF73F
:1023E00089FDF4E7CB46DAE77C430020F94600207C
:1023F000603400207A430020543400207E430020C3
:10240000683400200080FFFFBDF816303870A8F84F
:102410000030044B30461C6014F050FB17B0BDE890
:10242000F08F00BF6034002010B5044608B90020CA
:1024300010BD1BF0BAFA20B940F2BA410748E9F7DB
:1024400059FC2046FFF74AFD0028F0D00388DB0B3B
:1024500014BFD0F80A000830EAE700BF5A6A04083F
:1024600010B508B9002010BDFFF738FD04461BF079
:1024700093FA20B940F2D4410648E9F73BFC002C1E
:10248000F0D02388DB0B0ABF60882089C0F30C00E2
:10249000E9E700BF5A6A04082DE9F0410546FFF755
:1024A0001DFD0F460446D8B11BF076FA20B940F264
:1024B000E7412048E9F71EFC2846FFF7D1FF054613
:1024C0002046FFF717FDBD42064609D004D840F26A
:1024D000EF411848E9F70EFC2588ED0B02D0278163
:1024E000BDE8F081678020461BF04EFA074604EBFA
:1024F000400814F0DDFA104B1A68B2420AD1C3F852
:10250000008014F0DBFA2A464046BDE8F041FF2186
:1025100018F0FFBBA6EB0806B5B214F0CFFA072DF2
:10252000F1D90023083D44F81730C8F80430A8F862
:102530000250D5E75A6A04086034002038B5FFF726
:10254000CDFC0D46044650B11BF026FA20B940F2EE
:102550002C510348E9F7CEFB023534F8150038BD9D
:102560005A6A040870B5FFF7B9FC0C4616460546D2
:10257000B0B11BF011FA20B940F237510C48E9F71D
:10258000B9FB3046FFF7AAFC1BF006FA20B94FF45E
:10259000A7610748E9F7AEFB023425F8146070BD67
:1025A00040F23C51BDE870400148E9F7A3BB00BFD1
:1025B0005A6A04082DE9F8430746884616F080F861
:1025C00020B940F277512A48E9F794FBFC1CA40893
:1025D000284B64000434B7F5005F1E68A4B204D32E
:1025E00040F27E512248E9F785FB14F061FA224956
:1025F00081460B687BB9214B1D68761BC6F34F06DD
:10260000B44227D90025484614F058FA2846BDE8B8
:10261000F843FFF759BCB8F1000F11D0174A1568FD
:102620005A1BC2F34F029442ECD81448620005EBE7
:1026300044040460B8F1000F0FD113440B600CE0A8
:10264000F61AC6F34F0676B940F28F510848E9F7FB
:1026500051FBD7E705EB44041C6000236F80AB807F
:10266000EB802B80CFE7B442CCD8044A1568DCE776
:102670005A6A04086434002050340020603400207A
:1026800038B5054614F014FA0446294604480022D9
:102690001BF0CAF92046BDE8384014F00FBA00BF5D
:1026A0007E43002038B514F003FA002105460448A3
:1026B0001BF026FA0446284614F000FA204638BDDE
:1026C0007E430020024B1888B0FA80F04009704722
:1026D0007E4300202DE9F74F044600881F46FFF790
:1026E000FDFB8846154606461BF056F920B940F218
:1026F000E6613F48E9F7FEFA3388DB0B009306D02A
:1027000033892B443381002003B0BDE8F08F20884B
:10271000FFF7A6FE82463046FFF7ECFB019014F06F
:10272000C7F9DFF8D0B0019BDBF8002081469A4260
:102730001DD1FFF741FCA84204D2484614F0BEF96F
:102740001A20E1E70AEB050373803FB12088FFF709
:102750006BFE2A464146504418F0A4FA3046FFF773
:10276000C9FBCBF80000484614F0A8F9CBE714F0F9
:10277000A5F92088FFF774FE2844009980B2FFF77E
:1027800019FF06460028DBD0FFF74EFE8146208861
:10279000FFF74AFE82462088FFF762FE5146024656
:1027A000484618F07FFA3046AFB1FFF73DFE0746C6
:1027B0002088FFF755FE2A464146384418F072FA41
:1027C00001212088FFF7BAFE012102463046FFF7BB
:1027D000C9FE268097E7FFF727FE80462088FFF78F
:1027E0003FFE2A463946404418F093FAE8E700BF16
:1027F0005A6A04086034002038B50C460546FFF7D5
:102800002FFEA04203D82B210348E9F773FA28468C
:10281000FFF70AFE204438BD6E6A040870B506460C
:102820000D46FFF701FE044648B13046FFF718FE9B
:10283000A84203D833210248E9F75CFA605D70BD15
:102840006E6A040870B50C4606461546FFF708FE8A
:10285000A04203D83C210448E9F74CFA3046FFF780
:10286000E3FD00B1055570BD6E6A040833210148CF
:10287000E9F740BA856A0408036910B55BB182685C
:10288000064B9A4201D1002010BD446915F056FB59
:10289000201AF9D5F7E74FF0FF30F5E76D28020869
:1028A00082684B4B2DE9F0419A4204460E4605687A
:1028B00015D121B140F20F114648E9F71BFA14F087
:1028C000F7F823691BB92B682BB924612C60BDE88C
:1028D000F04114F0F3B81A6922611C61F6E715F0B3
:1028E0002DFB8046E4F770FB20B14FF4937139481B
:1028F000E9F700FA6FF000439E4221694BD22B7B2F
:1029000008EB0602002B4DD0AB6893424AD1531C12
:10291000002949D06169994242D01EB9521AB2F1D8
:10292000004F3DD9636123696E689C4203D19A21AF
:102930002848E9F7DFF92F460023B4420BD0002BDB
:1029400041D172696169891AB1F1004F32D8326997
:10295000374694422CD12269BD420CBF6A603A616D
:102960007BB92669B44203D1B5211A48E9F7C2F907
:102970003B46012E05D062697169521AB2F1004FCF
:1029800023D99D420BBF6B681A69236122610CBF7A
:102990006C601C6104E0434431B162699342C1D16F
:1029A000BDE8F0811346B3E76A6822616C60B9E75D
:1029B0001646C6E7A8EB0202B2F1004FC7D93B4664
:1029C00037463669B9E71F46F9E733463669D0E737
:1029D0006D280208856A040882681C4B70B59A420B
:1029E0000446056819D114F063F8236923B1A342A2
:1029F00006D100222A601A61BDE8704014F05EB86A
:102A00001A4611461269A242FBD12A68A24208BFA7
:102A100029600B6100232361EEE7036993B19842BB
:102A20006E6803D19A210A48E9F764F92B46B4424B
:102A300009D122699D4218BF1A614FF0000308BFF7
:102A40006A60236170BD33463669F0E76D2802087D
:102A5000856A04082DE9F04306460025164FDFF885
:102A60005C808BB0BC7814B90BB0BDE8F083B7F8CC
:102A700000908EB9009623462A46B8F8001003A8A5
:102A80001BF002F923463146484603AA15F0C9FA5D
:102A90002544EDB20437E5E72346494603A8002262
:102AA00015F0B6FA012300932A462346B8F8001021
:102AB00003A81BF0E9F8EBE7946A040880430020C0
:102AC0000148FFF7D7BA00BF80430020F7B515468D
:102AD000174A04460846118811B1164A1278CAB13D
:102AE000D4B10022294603B0BDE8F04015F090BAF9
:102AF0003A44D2B20436B778002FF1D0B6F800C00D
:102B0000AC45F5D184F001043B4600941BF0BCF8C1
:102B100003B0F0BD084EEEE702462146284615F008
:102B200080FA284603B0BDE8F04016F007B900BFB0
:102B300080430020F4510020946A040810B5074C2B
:102B4000238843B10020FFF785FF0020FF22044BBC
:102B500020801A7010BD0220FCE700BF80430020D7
:102B6000F451002038B50E4D2B78FF2B14D10021E5
:102B70000C4B9C7864B9224620461AF038FF0A4B69
:102B8000188058B101202C70FFF764FF204638BD33
:102B90002144C9B20433ECE70220F8E71920F6E734
:102BA000F4510020946A040880430020024B1888E6
:102BB000B0FA80F04009704780430020142810B517
:102BC00018D8082805D116F0E2F8C401E4B220466E
:102BD00010BD0E2802D116F0DDF8F6E7064B53F8CB
:102BE0002040002CF3D00A282478F0D108F020F8F7
:102BF0000443EBE7FF24EAE7BC6A04080823064A1B
:102C000012F8011B814205D0013B13F0FF03F7D1FD
:102C10001846704701207047186B04080823064ABD
:102C200012F8011B814205D0013B13F0FF03F7D1DD
:102C30001846704701207047106B0408014BB3F829
:102C400068007047A4330020004870470E3400200D
:102C5000014B1878704700BF65460020014B18787B
:102C6000704700BF68460020014B1870704700BFD6
:102C700068460020204B022810B5204C187002D066
:102C80000438012822D82378042B0BD000211C48BB
:102C9000FFF706FE2378033B012B03D900211948D7
:102CA000FFF7FEFD184B1B689A0022D513F0805FDA
:102CB00040F6114418BF4FF44164204612F09AFACE
:102CC000C8B92046BDE8104016F036B80C48FFF7EA
:102CD00083FE0C48FFF780FE1BF0D7FB2378033BF5
:102CE000012B03D811F062FB1624E6E70EF0E0FC9E
:102CF000FAE71524E1E710BD6C4600206D46002080
:102D0000484F00209426002028270020024B1878E6
:102D100000F00F00704700BF6C460020034B18788E
:102D200000F00F00831E5842584170476C46002047
:102D300008B51BF095FBA8B11BF0AEFB90B10A489B
:102D40001AF067FE70B109481AF063FE50B116F030
:102D500026F838B112F060FA20B9BDE808400448FE
:102D60001BF0AAB8002008BD82430020B243002017
:102D70006C34002030B505460C4693B081B910B9CB
:102D8000002013B030BD1023072269460120FFF751
:102D90009DFE9DF805305A1E052A28D91720F0E718
:102DA00018220021204617F0B4FF002DEBD1FFF7C9
:102DB000B5FF30B315F00DFF6A4601460020FEF75F
:102DC00051FCBDF80430204623819DF80230A372E7
:102DD0009DF80030E3721BF064FD002304F1140140
:102DE000237304F110001BF0F0FDE081C8E7084AEE
:102DF0009DF8041012789142D0D12B70002CD6D1BE
:102E0000BEE7044B1B78033B022BD3D9C6E700BFB8
:102E1000A54500206C46002030B593B005460C4611
:102E2000FFF77CFF20B90C4B1B78033B022B10D81B
:102E300015F0CFFE6A4601462846FEF713FC002037
:102E40009DF80230607023709DF80030A37013B0BD
:102E500030BD1720FBE700BF6C460020054B1878FB
:102E6000012805D000F0FD00A0F13103584258417F
:102E7000704700BF6C46002010B508220749044681
:102E800017F01DFFB0FA80F04FF6FF73228940095A
:102E900040009A4208BF40F0010010BD286B0408B2
:102EA0002DE9F3410E46002105461AF0B7FD002337
:102EB000124FADF806002B800DF106001AF0A9FDA7
:102EC000044610B102B0BDE8F08121460DF10600C4
:102ED0001AF016FE8046FFF7A7FA438AB34207D9D5
:102EE0009B1B43822246414628461AF09DFDE3E79C
:102EF00043895B07E0D53B88F3E700BF80510020A2
:102F000008B50A48FFF768FD09484FF47A71FFF7E2
:102F1000C7FF07481AF07DFD30B9BDE808404FF4FF
:102F20007A710248FFF7BCBC08BD00BF284F0020E3
:102F30009051002030B504460D4685B002B9084ACC
:102F40001068516801AB03C301AB03CB206020467E
:102F5000ADF80C501B886160238105B030BD00BF07
:102F6000C82704081FB50146002201A8FFF7E2FFA9
:102F7000064801A91BF070F820B1FFF755FA408907
:102F8000C0F3400005B05DF804FB00BF9051002085
:102F900030B585B00D460022014601A8FFF7CAFFF3
:102FA000084801A91BF058F850B1FFF73DFA044654
:102FB00001460822284617F092FE6089C0F34000BF
:102FC00005B030BD9051002010B5044C20461AF0D9
:102FD00085FD6388181A80B210BD00BF9051002093
:102FE000F8B50546F8B100210F481AF017FD044660
:102FF000A8B10D4F2046FFF717FA0646FFF73CFF32
:10300000830705D408222946304617F058FE38B108
:10301000214638461AF058FD04460028EAD100241B
:10302000201E18BF0120F8BD9051002010B50C469D
:10303000014606481BF010F830B1FFF7F5F9438957
:103040001C4214BF0120002010BD00BF9051002081
:103050001FB51446024601A8FFF76CFF074801A9F7
:103060001AF0FAFF40B134B1FFF7DEF9142201463D
:10307000204617F034FE012004B010BD905100200E
:103080001FB50146002201A8FFF754FF094801A916
:103090001AF0E2FF58B1FFF7C7F94389024613F06F
:1030A000020004D0507B80F00800C0F3C00005B0DF
:1030B0005DF804FB90510020014601481AF0F1BF71
:1030C00090510020F8B504460E4614200021FFF769
:1030D00071FA054620461AF001FD6388834225D91E
:1030E00025B3314620461AF0DCFF08BB2846FFF71F
:1030F0009BF907460A22314617F0F1FD082206F136
:103100000A0107F10A0017F0EAFD0A4B1B887B82CF
:10311000238823B94FF47A710748FFF7C1FB204693
:10312000002229461AF080FC0020F8BD1C20FCE794
:103130002E20FAE780510020284F002010B50446C9
:1031400086B0B0B1FFF798FE10F0020011D1CDF8B3
:103150000E006168CDF81200ADF81600206801ABD2
:1031600003C32289044801A91A80FFF7ABFF06B008
:1031700010BD2120FBE700BF90510020F8B50D469F
:1031800016461F46044648B3FFF776FE30BB20467E
:10319000FFF792FFE0B1214611481AF05DFFFFF7FB
:1031A00043F9438905734673877343F0020321890A
:1031B0004381204601F0C0FCFF28044606D001F000
:1031C000C1FB18B10022074B43F82420002004E083
:1031D0002046FFF7B3FF0028DDD0F8BD2120FCE733
:1031E0009051002064220020F7B59DF824400D4640
:1031F00001949DF82040064600941F460EF076F993
:103200004FF6FF718842044610D0BB0711D4284600
:1032100001F010FA20460DF071FCFF281FBF084A8C
:1032200032F8103023F4804322F81030204603B0E7
:10323000F0BD0246294630461AF03AFFEAE700BFE1
:10324000F242002073B50E46014614481AF004FFFE
:103250000546D8B1FFF7E8F843890446334012D059
:103260009B0736B20BD5002E09DAA17B437B02897E
:10327000007B0191012100912146FFF7B5FF638991
:1032800023EA06036381628912B1012002B070BD96
:10329000294602481AF053FCF7E700BF905100207E
:1032A0000148FEF7E7BE00BF905100201FB50C4655
:1032B0000B4A014601A8FFF73DFE01A8FFF7FCFEFF
:1032C00060B101A907481AF0C7FEFFF7ADF803681F
:1032D000236043680020636004B010BD2D20FBE72D
:1032E000286B04089051002010B5FEF77FFE14F003
:1032F0003FFE1020FFF762FC04060DD50020FFF70B
:103300005DFC000608D5274B1A6A12F0020F12D195
:1033100040F61544204610BD1020FFF74FFC010673
:103320000CD40020FFF74AFC020607D51D4B1A6A91
:1033300012F0010FEBE7DB699B07E9D51A4818F09B
:10334000F3FD01201AF06CF9E8F74EFE0446002860
:10335000E0D100F079F915481AF083FD00F016FA73
:10336000E8F7E2F914F001FE0BF004F90BF056F95E
:10337000EDF780F9EDF734FAEDF74EFA05F0E6F8DF
:1033800015F007FD15F008FD12F0E6FB08480DF0FA
:1033900061F808F091FA16F0D2F80028BAD016F0C9
:1033A000D0F8B7E70080E00F690345EC6C340020EB
:1033B000652F020810B51BF065F870B301F0FEFE32
:1033C00080F00104E4B20020FEF74CF844EA8004E7
:1033D00024B21BF045F810BB0220044316481AF033
:1033E00066FD44EA401415481AF061FD24B244EA2F
:1033F000001413481AF05BFD24B244EA801411480B
:103400001AF055FD24B244EA40240F481AF04FFD4B
:1034100024B244EAC02080B210BD0124D3E70B4897
:103420001AF0F7FA0028D7D009481AF0F2FA80F01B
:103430000100C0B24000D0E7884F00206C5000204F
:1034400050510020EC4F00204C50002082430020BF
:10345000B243002008B501F075FC0EF015FEFDF733
:10346000D1FB15481AF0D5FA08B906F095FD1348B6
:103470001AF0CFFA08B908F009FA04F027F80DF0AD
:10348000A1F90F481AF024FD0E4B1B78043B022BC8
:1034900009D80D481AF00BFD28B1FFF78BFF102853
:1034A00001D109F0BBFD15F07CFC1AF00EFEBDE861
:1034B00008400648FEF720BE82430020B2430020A9
:1034C0006C3400206D4600206C500020446B0408D2
:1034D00008B51AF0D7FF20B940F291110348E8F778
:1034E00009FCBDE808401AF0D4BF00BF326B0408E5
:1034F000014B1868704700BF20330020F8B54FF625
:10350000FF77104B06461B780C46033B012B0F80C0
:1035100009D830460BF0E6F84FF6FF73984220804A
:103520000ED000200DE00DF097FAB842054620803D
:10353000F7D1304600F048FFA8422080F1D1E8E7FB
:103540002D20F8BD6D4600204FF6F77370B59842F8
:1035500004460D4686B05AD81AF0B9FDA04207D1EC
:1035600008222C49284617F0BAFB002006B070BD8F
:10357000294EB6F86830A3420AD10022082106F18C
:103580006A001AF0E7FC18B9082206F16A01E9E7B7
:10359000ACB1224B1B78033B012B1AD8002301222C
:1035A0001946204600930AF047FFFF2823D12946F9
:1035B00020460BF0EBF880F00100C0B2D6E7184BC4
:1035C0001B689B07E5D4284608F01AFE0028E0D0C7
:1035D000CBE7204601F048FAFF2806D129462046CD
:1035E000FFF764FE0028D9D1BFE7294601F05EFA53
:1035F0000028F3D0B9E702A91CF031FA0028D6D18F
:10360000DDF80D302B60DDF811306B60ADE7012087
:10361000ACE700BFFA460020A43300206D4600202E
:1036200028270020014B1878704700BFA5450020CF
:10363000014B1870704700BFA5450020014B18785A
:10364000704700BFB851002010B50649064C08234A
:1036500020467F22098814F0E8FC2046EDF7B6F9F1
:1036600010BD00BF12260408FA460020004870472B
:10367000FA460020082208B5034917F020FBB0FAEB
:1036800080F0400908BD00BFFA460020F0B51F4693
:1036900001F44043B3F5004F05460C4616468BB087
:1036A0001DD01AF014FD104B00220692BDF85020D8
:1036B000ADF826000592BDF84C20214604929DF8F5
:1036C000482028460392119A0292BDF84020CDE985
:1036D00000323B4632461CF081FD0BB0F0BD1AF0C3
:1036E000F6FC0DF12603DFE7FA460020014B1870C7
:1036F000704700BF60460020074B44F6FF701A7801
:1037000040F6FF73012A18BF1846044B1B780BB113
:1037100040F40040704700BF6D4600206046002026
:10372000F7B50D46044616461F460021284602F00E
:10373000E5FA0B4B002183F859402A4633462046D0
:1037400000970FF0E5FA014630B10222204603B09F
:10375000BDE8F04000F006B8012003B0F0BD00BFA6
:10376000A433002013B513460C461AB1022A0CBF2D
:10377000134601230021044A019100922246FEF7DC
:1037800009F802B010BD00BF77E5030800B50020BE
:1037900093B0FDF77FFF1D4B18880CF061FE1C4BAA
:1037A0001C491A7800200FF059FC34220021684689
:1037B00017F0AFFA0B238DF800306FF480330193CC
:1037C0004FF6FE73ADF81030134B144A0793144BA9
:1037D00010680893134B51680993134B6A460D9375
:1037E000124B0E93124B0F93124B1093124B1193DB
:1037F00002AB03C300210846FEF712FA6A46012114
:103800000020FEF70DFA13B05DF804FB7A5100209A
:10381000D5510020B827040800030001FA46002013
:10382000E93F02080FE30308297C020891410208DE
:103830009193020877E50308FD75020837B5144B2C
:103840000A4600934FF400430146ADF80430E0B956
:1038500001200FF003FC30B104E031F81300013413
:10386000A84203D1212003B030BD002402ADE0B254
:1038700005EB400030F8085C30F9080C0028ECDA61
:103880000133D8B29042F0D3E2E70023F9E700BF5A
:1038900099008900014B1878704700BF024700204B
:1038A000014B1870704700BF02470020014B188879
:1038B000704700BF94510020014B1880704700BF33
:1038C000945100202DE9F84F06460846884615F029
:1038D000C1FEDFF85891054699F8003043B9504BC6
:1038E0001B682BB94F4B1B6813B9FF20BDE8F88F3D
:1038F00015F4406A05F040071AD197BBB5F5804F23
:103900005FD24FF480740023DFF81CC1002B62D11A
:103910008025434A126862457CD1002299F80070E4
:103920004149D0B287425ED80133032BEED1DCE7A8
:1039300008F1030015F08EFE4FF6FF73984214BF96
:103940000124022487B1052705F44043B3F5004F55
:1039500044F0080424D0B5F5804F23D244F4807499
:1039600020E054460327EFE7B5F5804F4FF00507F9
:10397000F4D3BAF5406F14BF022008203844404405
:1039800015F068FE83461AF0BFFB05F44045584524
:103990000CBF44F0080444F00404B5F5004F01D115
:1039A00044F08004BAF5006F0FD108EB070015F062
:1039B00051FE05461AF08BFBA842A4D144F0100436
:1039C000A1E7544603270220D8E7BAF5406F08BFA5
:1039D00044F0200497E7012B03D1124A40251268D6
:1039E00099E7102599E731F802EB0132A64598D105
:1039F000002E3FF47BAF357078E7A64501F1010159
:103A0000F6D0C8B2CFB232F817E032F91770002FF3
:103A1000F3DA89E7002A87D000200146F2E700BFE9
:103A20007C34002080340020DC4300204747002005
:103A3000034B1A78022A04BF09221A70704700BF8C
:103A400006470020044B1888044B1978044B1B6868
:103A500003B1184715F064B98443002004470020DF
:103A6000903400200C22034B1A211A7003200022EC
:103A700002F018BC064700200C2208B5054B1A219D
:103A80001A700022104602F00DFC0022024B1A6050
:103A900008BD00BF064700208C3400200C2270B502
:103AA0000D4B05461E781A7030B93046BDE870409F
:103AB00000221A2102F0F6BB084B1C78E1B21A2949
:103AC000F3D825FA04F3DB0703D54422304602F08D
:103AD000E9FB0134F2E700BF06470020FD5100205A
:103AE0000C22024B1A7011F0B9BE00BF064700202D
:103AF000F0B50C8805460E468BB0E4B94FF6FF775B
:103B0000ADF8247012F0FEF810B902200BB0F0BD31
:103B1000CDE90340CDE90544134A0294B2F85C3084
:103B20006032019300923B464CF60101FF2009AA46
:103B30001CF054FB308028461AF0F3FC0B4C70B19B
:103B4000237863B1013BDBB2284623701AF0E9FC0D
:103B500038B12078B0FA80F04009C0B2D6E705232A
:103B6000F2E70120F9E700BFA4330020FC51002058
:103B7000034B11461B6803B1184715F0C9B800BFC5
:103B80008C3400200C22024B1A700BF093B800BF4B
:103B900006470020F8B50D4B05461B78012B13D1C5
:103BA00000244FF6FF770A4E3088FEF73DFC2B8845
:103BB000025B9A4203D13088FEF736FC0753023489
:103BC000202CF1D10120F8BD0020FCE705470020A2
:103BD000864300202DE9F047174B80461B78154699
:103BE000012B26D100246FF07F092746134E308821
:103BF000FEF71AFC00EB440090F901304FEA440A4A
:103C00004B4506DD3088FEF70FFC504490F90190DB
:103C1000E7B20134102CEAD14D450ADA3088FEF7BC
:103C200003FC00F817803088FEF7FEFB7C00204480
:103C30004570BDE8F08700BF05470020864300209F
:103C40000148FEF717BA00BF864300202DE9F04770
:103C500005460E4690460FF0D5FC044638BB01469B
:103C60002020FEF7A7FC134F388000B30122124B2F
:103C7000A1461A70114BC3F800804FF07F083888B6
:103C8000FEF7D2FB00F804903888FEF7CDFB204405
:103C90000234202C80F80180F1D1094B31461D609F
:103CA0002846BDE8F047074B074A0FF0BBBC012090
:103CB000BDE8F087864300200547002090340020AF
:103CC00084340020813D0208D53B0208F0B585B060
:103CD00004460D4617461E460FF094FC90B90A4B59
:103CE0001F600127094B1F701AF05DF9084A03464F
:103CF000009229462046CDE90167064A0FF0C6FC2E
:103D000005B0F0BD4D20FBE78834002006470020B9
:103D1000E93F02085DE503082DE9F041144F002555
:103D20003C784FF6FD781F2C91BF0024C4F341145A
:103D30001C34E406202D0CD101203B78032103F034
:103D40001F03984020430B4B0B4ABDE8F041FFF79F
:103D5000BDBF14F07BFF431E9BB243450646F8D817
:103D6000064B1888FEF760FB46530235E2E700BFBA
:103D700004470020313E0208953B0208864300209C
:103D8000F8B5284D02262888FEF74EFB90F9014031
:103D90002888FEF749FB304490F90130A34205DA48
:103DA0002888FEF741FB304490F901400236202E6E
:103DB000EED10027662CDABF193466B27F263C4666
:103DC0002888FEF731FB384490F901300237B342BE
:103DD000BCBF0134E4B2202FF2D114B9124B1C70D5
:103DE000F8BD14F033FFB0FBF4F3002703FB14001D
:103DF000C4B22888FEF718FB384490F90130B3426A
:103E00000CDA4CB92888FEF70FFB084BC25D1A701C
:103E1000BDE8F840FFF780BF013CE4B20237202F35
:103E2000E7D1F5E78643002005470020044700203E
:103E300070B5154B1B78012B1ED100244FF6FF7671
:103E4000124D2888FEF7F0FA035BB34215D028889C
:103E5000FEF7EAFA035B83B12888FEF7E5FA0C4B1C
:103E6000025B0C481A8001210B4B0C4A0068FFF7DB
:103E70002DFF00220A4B1A6070BD0234202CE0D1C5
:103E8000BDE87040FFF748BF05470020864300208B
:103E90008443002084340020453A02081BE50308CF
:103EA000883400207FB505460C4616460FF0AAFB65
:103EB00000286ED1062D03D85223EB40DB071AD41D
:103EC000B4F1006F05D3E30E1C3B032B18D94F2030
:103ED00031E00022314B1A60314B1D701AF063F84B
:103EE00003460A2D57D8DFE805F0301B414C1B284C
:103EF0001B565644390002F0F9FDB4F1006FE2D2CE
:103F00000021264B042D1960254B1D70E6D1254854
:103F1000FEF730FF022001F069FD1AF044F8034675
:103F200001220292204A0192204A0092204A314600
:103F300020460FF0ABFB04B070BD314620461D4A51
:103F400004B0BDE870400FF089BB314620461A4BE3
:103F50001A4A04B0BDE870400FF064BB0022029220
:103F6000174A0192114A0092164AE0E702220C4BCE
:103F70001A7000221046144904B0BDE87040FDF7E5
:103F8000CFBB00220292114A0192084A0092104AC5
:103F9000CDE74D20CFE70120CDE700BF8C340020D6
:103FA00006470020034700209D3A0208E93F020827
:103FB0005DE50308853B0208793A0208713B020877
:103FC000E13A0208F13A0208313A0208653A020879
:103FD0001FE5030808B50FF089FB0C22014B0020F8
:103FE0001A7008BD06470020F0B585B0ADF8060090
:103FF00018B975216448E7F77DFEBDF8060019F091
:1040000092FB0446BDF8060019F08DFB082846D047
:104010000C2CBDF8060042D119F088FC074615F0BB
:1040200019FB0DF10F010646BDF806001CF0E7FB79
:10403000002879D0092200213846FDF7F1FA9DF8D1
:104040000F301033C518BDF80600FEF709FAEDB2BF
:10405000854269D22946BDF80600FEF7DFFB06F46B
:104060004C4416F44066054614D0F81C15F0F2FADC
:104070004FF6FF73984208BF44F04004B6F5006F56
:1040800008D1781D15F0E6FA4FF6FF73984208BF85
:1040900044F010049DF80F305BB3072D44D1BDF8F8
:1040A000060019F036FB0446BDF8060019F03BFB8C
:1040B000082817D0A30615D524F0200189B2BDF831
:1040C000060019F011FBBDF8060019F02FFC0021C5
:1040D0000922FDF7A5FA00F1100189B20DF10600E1
:1040E00019F0B9FD0022BDF80610284819F09CFC13
:1040F0001AE0082D16D8BDB1013D072D14D801A333
:1041000053F825F0614102086D4102082941020877
:104110002D41020829410208794102089F40020806
:104120007F4102087C2D24D005B0F0BD24F48844E2
:10413000A4B2B4F5084FF7D1BDF8060019F0EEFAB5
:10414000BDF806100CF02CFA0028A8D0BDF8060027
:1041500019F04FFB00220146022014F040FDE3E776
:1041600024F48064A4B2B4F5484F97E7B4F54C4FFB
:1041700094E7B4F54C4F92D04CF6500301E04CF666
:1041800040439C428AE700BFA06B040882430020A2
:104190002DE9F0410F4690460646FEF745F90446E4
:1041A0003046FEF75DF9C5B2083D2C44E178084B76
:1041B000A2781970074B31461A70002043463A46E0
:1041C00014F0F7FA003818BF0120BDE8F08100BFF5
:1041D000234700202247002037B5144600221D4601
:1041E00019F005FC024648B10021054B0846CDE90F
:1041F0000053234619F0A8FB03B030BD1920FBE79C
:1042000077E50308002270B50A4B1C780A4BD5B23B
:10421000AC4202D800200C7008E01E8801328642B1
:1042200005D30D701B881B1A5842584170BD1233BC
:10423000EDE700BF664600208A3F00202DE9F04FE1
:10424000DFF84081DFF8409198F8002099F80030BD
:1042500006469A4285B004D34FF48A714248E7F784
:1042600049FD30460DF10F01FFF7CCFF20B140F2C0
:1042700017113D48E7F73EFD98F800709DF80F4094
:104280003D1B15F0FF0530D04FF0FF3C374B0121AF
:104290001B78A140184699F800304FF6FF790CFAC8
:1042A00003FC0023324A01F1FF3E0193C1F1000AF1
:1042B0009DF80430984243D8122004FB00002D4B97
:1042C000A0F1120105EBC5025200194404F10109E5
:1042D000184416F004FD4FEA89092748A9F10401A2
:1042E0000144AA00484416F0FAFC224904EBC40237
:1042F00001EB420321F81260204A013712784FF691
:10430000FF71DA731A745A7412025A801C4A0D2013
:1043100012781A7110225A7100229A73C3F806207B
:10432000C3F80A20144B43F8242088F8007014F0D6
:1043300056FC0EB909F046F9204605B0BDE8F08FED
:1043400013884B450AD053680AEA030B03EA0E03AD
:104350000B4403EB4B0343EA0C035360019B08320D
:1043600001330193A4E700BFB36B0408CF510020D1
:10437000502300208A3F0020642200202347002091
:104380000747002066460020CD5100202DE9F0416E
:10439000074600250A4B0B4E93F80080ECB2A0456F
:1043A00003D8FF242046BDE8F08108223846B11D1D
:1043B00016F085FC01350028F4D01236EEE700BF78
:1043C000664600208A3F002008B5FFF7DFFFFF2880
:1043D0001DBF00B2044B00EBC0004FF6FF7018BFCA
:1043E00033F8100008BD00BF8A3F002008B5044B19
:1043F000B3F868001AF0E2F8024B53F8200008BD49
:10440000A43300206422002007B50DF10701FFF757
:10441000F9FE30B19DF80730034803EBC30300EB0E
:10442000430003B05DF804FB8A3F00202DE9F84308
:10443000294E044633785D1E2D1A8342EDB204D80E
:1044400040F23F112548E7F755FC0123A3404FF008
:10445000FF305F1E3B4400214FF6FF7E6FEA0308EA
:104460001F4A92F800C01F4A127890401E4ACBB2F1
:104470009C4523D8BDB127B204EBC4041B4864009B
:1044800005EBC50204F1120101445200204416F06C
:1044900026FCBF001648AA00391D014402F0FC02A8
:1044A000384416F01CFC33780022013B33704FF681
:1044B000FF71BDE8F8430E2014F091BB13887345DB
:1044C00007D0536808EA03093B4003EB5903034351
:1044D000536008320131CAE766460020B36B040816
:1044E000CF510020CD510020502300208A3F0020D2
:1044F0006422002010B50A4C207858B9094B1B786B
:104500001A2B03D994210848E7F7F4FB0322074B41
:104510001A7010BD0138C0B2FFF788FFECE700BF8A
:1045200066460020CD510020B36B0408624600208F
:104530002DE9F04705461AF041F8FF28044624D13A
:10454000DFF884901E4B99F800201B789A422BD2FA
:104550002846BDE8F047FFF771BE38883B795045E3
:1045600018D86F2B4FEA131214D85B0710D01237EC
:1045700008F1010899F800105FFA88F6B142ECD80A
:104580000023104ADEB28E4214D32046BDE8F087E5
:10459000022AECD90DF0B4FC0028E8D129463046B7
:1045A000BDE8F0471AF017B84FF000084FF6F77A59
:1045B000044FDFE7107901338F28EFD81232E1E79B
:1045C000CD5100208A3F0020664600204FF6F77349
:1045D000984210B514D8FFF7ABFFFF2810D0134C4A
:1045E00000B200EBC00004EB400414F051F8104995
:1045F00038B962880B7802EB0313A3EB12136380C4
:1046000010BD227C637C09789A42E2732374617442
:1046100007D98B4203D213468B4228BF0B461B029D
:10462000EDE78A42F8D31346F9E700BF8A3F00203E
:10463000234700202DE9F04106460F4600240E4D89
:10464000DFF8388098F80030A34201D8BDE8F08147
:1046500008222946304616F032FB40B935F8063CB0
:10466000BB4204D02046FFF7E1FE013CE4B2013436
:10467000E4B21235E6E700BF903F00206646002016
:10468000F8B5054608460E46FFF780FEFF2830D0F5
:104690001D4B294653F820703046FFF7CBFF2846C4
:1046A000FFF746FFFF28044625D10CF049FBFF2801
:1046B0000AD1164C207838B114F0C8FA2378B0FB30
:1046C000F3F202FB1300C0B2294619F084FF04463E
:1046D00023B20F4D03EBC30305EB4305082231461C
:1046E000A81D16F0FCFA2B79204603F00F032B715E
:1046F000F8BD0027D3E7074B1B78002B18BF002716
:10470000014B43F82070E3E764220020CD510020E4
:104710008A3F0020FE5100200A2330B585B01A469A
:10472000054601A90120FEF7D1F94FF6FF73BDF848
:104730000C209A4202D1012005B030BD0822FF2191
:1047400001A819F007FC04460028F4D1BDF80C00BC
:1047500001A9FFF795FF024B43F820502046EBE7F5
:104760006422002038B50B4B04461B780D4683426B
:1047700004D840F25B210848E7F7BCFA074804EB8D
:10478000C40400EB44002946BDE838400822063046
:1047900016F0A5BACD510020B36B04088A3F002063
:1047A00070B5044608460E4619F008FFFF28054676
:1047B00010D02046FFF7EAFDFF2807D0084B1B78F2
:1047C00023B9084B53F8202043F8252021462846DA
:1047D000FFF7C8FF31462046BDE87040FFF72ABF0B
:1047E000FE510020642200202DE9F8430026804677
:1047F00001273446114DDFF84C9099F80030A34260
:1048000010D83E430134E4B21A2C4FEA470705F1B1
:104810001205F2D14FF0FF30094B1B78984030431E
:10482000BDE8F8832B884345EBD0284619F02BFFD1
:104830000328E6D82B796F2BE3D8E3E78A3F0020E3
:10484000CD5100206646002010B5084C00EBC0009A
:1048500004EB400423795B0707D1204619F013FFCE
:10486000237923F007031843207110BD8A3F0020ED
:10487000044B1B78033B012B86BF034B18780020A9
:10488000704700BF6D4600206646002038B5144BC7
:104890000C461B78834220D9124B1B78033B012B1B
:1048A0001BD9114B00EBC00003EB400533F810306F
:1048B00028460B806B881B0A8B7019F0E4FEE070B1
:1048C0002B79A91D03F007021B09227163710822CD
:1048D000A01D16F004FA002038BD0120FCE700BF3F
:1048E000664600206D4600208A3F0020072805D834
:1048F000C30703D5024B1870002070472120704772
:10490000FF510020014B1878704700BFFF51002075
:1049100018B1072805D8C30703D5034B187000202A
:1049200070472120704700BF07470020014B1878CF
:10493000704700BF07470020014B1870704700BF49
:10494000FE510020014B1878704700BFFE51002037
:1049500070B51A48FEF740F8194B1B78033B012B42
:1049600028D805F0DFFC03F075FCBDE870404FF47B
:104970007A511248FDF794BF23798F2B4FEA131118
:1049800011D80131204619F0AEFE062901D80329BD
:1049900009D12379002223F007034FF6FF710F207E
:1049A000237114F01CF9123401353278EBB29A42BB
:1049B000E2D8D6E70025034C034EF6E7484F002027
:1049C0006D4600208A3F0020664600200022084BEA
:1049D0001878084BD1B2884203F1120300D870470F
:1049E00013F80D1C013221F0100103F80D1CF1E742
:1049F000664600208A3F00202DE9F0470226122754
:104A0000DFF85C90DFF85C8099F8004000250CE04E
:104A100007FB05F338F803A00021504619F048FEC3
:104A200010B15CB1013CE4B2013599F80030EAB252
:104A30009342EDD8A34204D14FF6FF7A5046BDE829
:104A4000F08714F003F999F80030012EA3EB04036A
:104A500090FBF3F202FB1300C4B2EDD00126D5E7C0
:104A6000664600208A3F002010B5044619F0A6FDD6
:104A7000FF2808D120460CF041F8FF281FBF024B49
:104A80001B78C018C0B210BDCD510020044B0021CE
:104A90001A78044B04481B781A44920016F039B96E
:104AA000CD510020D45100206422002010B5134BBA
:104AB0000C461B7886B0834212D9114900EBC00026
:104AC00001EB400108222046063116F008F90022C9
:104AD0000821204619F03EFA80F00100C0B206E03D
:104AE000C01A01A9C0B20CF05FFC10B1002006B0E2
:104AF00010BD01AB03CB20606160E8E7CD51002021
:104B00008A3F002008B5074B024653F820308B42FD
:104B100006D915204FF6FF7114F061F8002008BD8A
:104B20000120FCE764220020024B013143F82010F1
:104B3000704700BF642200202DE9F34781460C46F0
:104B400000272A4EDFF8ACA09AF80030FDB2AB4245
:104B500010D8694620461BF0C4F8C0B30822694645
:104B6000484616F0ACF890B3494620461AF0BFF814
:104B7000FE2537E006F1060808224146484616F0B1
:104B80009EF890B94FF6FF739C422BD03388A34216
:104B900028D020460BF0B2FFFF2814D1494620460A
:104BA00002B0BDE8F047FFF76BBD14B9123601370C
:104BB000CAE73388A342F9D100220821404619F000
:104BC000C9F90028F2D12846FFF730FCCCE7494666
:104BD00000200BF063FFFF28054603D0044B1B7831
:104BE0000344DDB2284602B0BDE8F0878A3F0020CA
:104BF000CD5100206646002008B5FFF7E7FE054BC3
:104C00001B78013B012B03D8BDE808400CF0B8BB72
:104C100008BD00BF6D4600200F4B1B7883420CD8A7
:104C2000C01A0E4AC0B232F81030D90411D443F47D
:104C3000805322F8103001207047094B00EBC00070
:104C400003EB40035A79D10603D442F010025A71A3
:104C5000F1E70020704700BFCD510020F242002054
:104C60008A3F002038B505460C46FFF78FFBFF282A
:104C70000ED1294600200BF011FFFF280CD0074B66
:104C8000074A1B78034452F823300020236038BDC4
:104C9000034B53F82030F8E72D20F8E7CD510020E2
:104CA0006422002038B505460C46FFF76FFBFF284D
:104CB0000DD1294600200BF0F1FEFF280BD0074B49
:104CC000074A1B78034442F82340002038BD044BB8
:104CD00043F82040F9E72D20F8E700BFCD51002030
:104CE00064220020F0B5134B06461B78FBB100256B
:104CF0001148DFF84CC090F800E0104807781F44D6
:104D0000E8B2864501D80020F0BD7C1B94FBF3F08F
:104D100003FB10440CEBC4003CF83440B44204D113
:104D2000002AF1D184788C42EED00135E8E71846AC
:104D3000EAE700BFCF51002014270020644600207E
:104D40005023002070B513F0FDF814250F49104EC4
:104D50000B78328830809B1A03449BB2B3FBF5F486
:104D600005FB14330B700B49E2B20B78934292BFF0
:104D700000239B1ADBB2032A0B7088BF002306496D
:104D80009EBFD2000B68D3400B6070BD0A47002065
:104D9000884300206346002014270020084B186831
:104DA000084BC2B21B789A4208D2074BC0F30720C7
:104DB0001B78984234BF00200120704701207047C3
:104DC00014270020CF51002009470020F8B50546E0
:104DD0001746FFF7E3FF064610B9184B1A783AB9A1
:104DE000212001224FF6FF7113F0F9FE0020F8BDDB
:104DF0001348DFF854C003780133B3FBF2F402FB2D
:104E0000143303700F48DCF8002000EBC30420F8D3
:104E1000335002F10132A1703846CCF80020FFF780
:104E2000E3FCE670606019F052F9A84201D101205C
:104E3000DDE7E3780133E370F9E700BFCF510020ED
:104E400064460020502300201427002010B50B4C8E
:104E50000B4A2378063B137013F074F80022094BB9
:104E6000FF211880084B09481A602278D20015F0FB
:104E700050FF0422064B1A7010BD00BFCF51002016
:104E800009470020884300201427002050230020D9
:104E90006346002004289FBF034B1870034B00207B
:104EA00094BF19702120704708470020005200204D
:104EB00048B139B1044B1B780B70044B1B7803705D
:104EC0000120704708467047084700200052002024
:104ED0002DE9F843074613F031F805461B4818F052
:104EE000E6FF1B4B60B31C683C1B2C44A4B20022A1
:104EF000184BDFF868901B78174D03EB830399F884
:104F0000006005EB43055FFA82F846450AD9AB8895
:104F100005F10A00A34216D90A23B21A29465A43B8
:104F200015F0DDFE013689F80060AC80B8F1000FA5
:104F300003D139460548FDF7B3FC2846BDE8F883A0
:104F40003C461D60D3E705460132DCE7684F002090
:104F5000943400200C470020EA3E00200D4700203A
:104F60002DE9F74F002412F0E9FFDFF8BC80A246DC
:104F700098F800E0A3467246DFF8B0901FFA80FC74
:104F80000746264EB9F800003178ACEB00039BB21F
:104F9000234D0093A0EB0C0001EB810305EB4303D1
:104FA00001905FFA84FCF4451AD3BAF1000F00D0E7
:104FB0003170724504D2002088F80020FCF75CFBB9
:104FC00098F800303BB30A223378164802FB0355A9
:104FD000A988C9F8007003B0BDE8F04FFDF760BCC8
:104FE000B3F804C00098844510D84FF0010A93F834
:104FF00002C001310CF1FF3C013AA3F804B083F880
:1050000002C0C9B2D2B20A330134CAE7019884445B
:10501000A3F804C0F7E703B0BDE8F08F0C47002009
:10502000EA3E0020684F00200D4700209434002005
:1050300030B51E4A1E4C137885B0013BDBB21370AD
:105040002068616801AA03C2218920461180194A9B
:1050500004F10A01127813440A225A4315F03FFE64
:105060009DF8064014F00F050FD1BDF80C000EF0AE
:105070008FFD24092A460CBF01210021BDF8040040
:1050800005B0BDE8304003F0EFBDBDF80800FFF704
:105090001FFF03468288ADF8082001AA03CA1288C0
:1050A000186059601A8105B030BD00BF0C47002060
:1050B000EA3E00200D470020F8B50024084D094FB6
:1050C000094E3B783178E2B20B449A4204F1010474
:1050D00000DBF8BD2846FCF7CDFF0A35F1E700BF3D
:1050E000EA3E00200D4700200C47002070B5124B0F
:1050F00006460D46104611491A78114B09781B785F
:105100000B44934206DB1F204FF6FF7113F067FD3F
:10511000002070BDFFF7DCFE013506808570044677
:1051200012F007FFE0800EF039FD20810020FCF72F
:10513000A3FA0120EDE700BFCC5100200D4700206D
:105140000C470020844600230A222DE9F047DFF8AF
:105150006480DFF8649098F8007099F80050134963
:1051600007EB050EDCB274451DDA02FB04F631F8DC
:1051700006A00133E24501EB0600F3D1631CAEEB60
:1051800003030A365A43314415F0A9FDA5428BBFEB
:1051900005F1FF3507F1FF3789F8005088F80070F6
:1051A0000CB9034B1C70BDE8F08700BFEA3E00203D
:1051B0000B4700200D4700200C470020044B054AF8
:1051C0001B781278D3420CBF01200020704700BF2B
:1051D0000C4700200D470020024B1878003818BFFC
:1051E000012070470C470020002108B5094B0A48F0
:1051F00019700A4B19700A4B19700A4B1A7802EB96
:105200008202520015F085FDBDE808400648FDF712
:10521000E3BB00BF0D470020EA3E00200C47002002
:105220000B470020CC510020684F002010B50B4CDC
:1052300023784BB10A4803F0A3FE58B1084B012173
:10524000188819F015F908B9002010BD0122054B86
:105250001A70FAE7FFF7ECFEEAE700BF0C47002000
:10526000EA3E00200B47002010B50E4B1B78B3B16F
:105270000D4C238883424FF0000310D10B4A13706A
:1052800049B9A3781033A37019F064FC18B9A37856
:1052900023F00F03A370FFF7CBFE012010BD1846CB
:1052A000FCE700BF0C470020EA3E00200B4700202F
:1052B00070B592B00C46064613F08BFCE17A0546B9
:1052C0000020FBF7FBFD28B394F90A0018F050FE0C
:1052D00010BB134BE27A294683F85820A27A83F850
:1052E0005A206A46FCF7BEF94FF6FE739E420CBF89
:1052F0004FF6FF7323896A4629460020ADF8066001
:10530000ADF80430FCF78CFC40B92289054B5A807B
:1053100012B070BD5520FBE75620F9E72120F7E7D2
:10532000A43300209834002010B50446014608221A
:10533000094815F0D4FC237B022B0AD8002B14BF9C
:105340003122012205490B7017234B61044B1A705F
:1053500010BD00230122F5E79C3400209834002082
:105360006C460020014B5861704700BF9834002004
:10537000014B1878704700BF9834002010B5054CD9
:105380002378112B03D0D6210348E6F7B3FC412341
:10539000237010BD6C460020BE6B0408064B01460E
:1053A0001B78042B04D1054A137E0533137670470E
:1053B0000348FDF775BA00BF6D4600209834002001
:1053C000884F002008B50648FCF754FE0548FCF756
:1053D00051FE0FF009F8BDE8084001F0A3BB00BF83
:1053E00082430020B2430020064B1878332806D0B1
:1053F00000F0EF00A0F143035842584170470120EC
:10540000704700BF6C460020002208B5074B4FF6DE
:10541000FE701A7018F067FE4FF6FF7018F080FEED
:10542000034B5869BDE8084013F086BC6C46002069
:1054300098340020014B1878704700BF6146002067
:1054400008B5064B187838B10548FDF715FA4FF442
:105450007A73B0FBF3F0C0B208BD00BF6146002014
:10546000D4260020014B187C704700BF98340020E0
:105470002DE9F0438BB00746154698460E469DF839
:10548000489049B9104605AC0BF038FB21460BF0AB
:105490008BFF172818BF2646B9F1000F0AD1124B0F
:1054A0001B781BB928461AF041FCD0B92846FDF7F5
:1054B000E7FD02E028461AF039FC80F00104E4B26E
:1054C0009DF850302A4602939DF84C303146CDE984
:1054D000009338464346039419F04CF90BB0BDE8ED
:1054E000F0834C46ECE700BF684600202DE9F04F02
:1054F00097B099469DF88830BDF880B0219D0893FB
:105500009DF88C300E4658460FA9049207931AF066
:10551000F5FF05B3002800F0208195F801A00FAC3D
:10552000CAF3400A8E4B19F0800F1B7814BF4F4608
:1055300049F08007022B17D04FF6FF78002D40F07E
:1055400087810225584618F0E9F82B464246214645
:1055500018F08CFEBCE0584618F061F904460028AB
:1055600000F0FB80AA46DDE71EB97E4B1B78002BBE
:10557000E2D00DF13A012046FDF7C0FF584618F081
:1055800061F9012838BF0120C3B2059395B3281DE6
:1055900014F060F8804609F002032046069318F0E4
:1055A00071FD21460990814600200BF077FA069A9A
:1055B000099B12BBFF2820D1EBF714F86A4A127836
:1055C000824200F032814FF6FF72099B934214D160
:1055D000FDF7FAFC002800F028814FF6F773984594
:1055E00023D919F054FB11A98146FDF7ADFF00281E
:1055F000F7D02EE0BDF83A80CDE74FF6F772904530
:1056000020D8934211D898450FD0194622460AA8AF
:10561000FDF790FC0A980B9913AB03C3BDF830203B
:10562000022113A81A80FDF70DFE404611A9FDF7CF
:105630008BFF024628B9082111A818F08BFC00281E
:1056400066D0C1464FF6F67209F1FF339BB2934222
:10565000C7D8BAF1000F03D1444B1B78002B60D19F
:10566000584618F05BF8059B4A46019301232146F2
:1056700000933B46FDF7B8FD4FF6FF739842804616
:1056800000F0D380014600220AA8FDF753FC0A98D7
:105690000B9913AB03C3BDF83020022113A81A8065
:1056A000FDF7D0FD002D3FF44DAF002E40F0D2802D
:1056B00045460123C7F3C0074246CDE901632146B1
:1056C0002B4604980397CDF800A019F053F8A8468C
:1056D000BAF1000F0FD04FF6FF7398450BD040463C
:1056E0000BF00CFAFF281FBF214A32F8103023F4C8
:1056F000804322F81030089B7BB318F0E8FC249B11
:10570000014600934246234607980DF00BF824E02B
:105710000822204611A915F0D2FA00287FF461AFC3
:105720008FE7002D64D0134B1B68980727D5049B87
:105730000F2B21D0281D13F08DFF02230121CDE96D
:1057400001310023C7F3C0070246009321464FF6FC
:10575000FF730498039719F00DF817B0BDE8F08FA8
:105760006C46002061460020654600206846002007
:10577000F242002028270020079B012BDAD1281DA8
:1057800013F068FF80460BF0B9F90990404618F015
:1057900015FF4FF6FF71BDF83A208A4256D04245B8
:1057A000099B53D1FF2B4AD018461AF008FB7840CA
:1057B00010F0EF0F14BF01230023BDF83A00099346
:1057C0000BF09CF90690BDF83A0018F0F7FE099B23
:1057D00066B14FF6FF7CBDF83A10614506D04145F1
:1057E00004D0069A0240D2B2FF2AA3D1002BA1D145
:1057F000224649460AA8FDF79DFB0A980B9913AB70
:1058000003C3BDF8302058461A8017F087FF3A4688
:105810000146059B13A8FDF7B1FC30B94FF6FF73A5
:10582000BDF8548098457FF43DAF4FF6FF789DB1A9
:105830000126281D13F00EFF4546804639E7FF2854
:1058400004D0069BB3FA83F35B09B6E70023B4E701
:105850000226EEE70026ECE7012573E60022014B65
:105860001A7670479834002008B50B4B1B78022B32
:1058700010D10A4B1B78033B012B0BD9084B18782E
:1058800000F00100FDF732FF0023064AC2E90133B0
:10589000538008BD0020F3E76C4600206D460020D1
:1058A000614600209834002038B5174D2B78033B13
:1058B000012B1CD8154BB3F868204FF6FF739A42A2
:1058C00015D10320FDF7D6F902F0B6FCFFF7CCFFA7
:1058D0002B78033B012B01D909F0F2F90020FBF7EB
:1058E000A9FA78B1BDE83840002018F048B8FDF7B3
:1058F000ABF90446FDF7A2F90146204608F04EFC3C
:105900000220DFE738BD00BF6D460020A433002031
:1059100008B5114A114B58611378032B1BD0D3B132
:10592000332B01D0432B10D10D4B1B78033B012BA4
:1059300005D803231370BDE8084013F0FDB913F038
:10594000FBF9BDE80840FFF7AFBF21231370BDE8A6
:10595000084002F069BA08BD6C4600209834002067
:105960006D46002038B504461348FDF735F8134B53
:105970001B78013B012B1DD8114D5CB92B7823B14D
:1059800040F619402C7013F0D7F90024FFF76CFF94
:10599000204638BDFF2C05D04FF47A71064861438C
:1059A000FCF77EFF2B78002BEFD1012340F6184047
:1059B0002B70E8E70224E9E7D42600206D4600209A
:1059C0006146002038B504460D46FDF79FF928B121
:1059D0003DB1204619F027F8002038BD024B1C705D
:1059E000FAE70220F9E700BF1047002038B5114D53
:1059F00004462B78834218BF28700FF075FD80B1E4
:105A000024B920460FF06AFD02220DE001200FF0BC
:105A100065FD2B781A1F012A05D9062BF4D1032224
:105A200002E0002CF5D10122BDE8384000210846F3
:105A300018F0A9BD6D46002030B5044685B0684613
:105A40000D4618F081FE94B100212846144A18F042
:105A5000DBFF144B20681B7861688DF80430124B13
:105A60001B788DF8053002AB03C306F09FFB0F4B8C
:105A700093F8582093F85A308DF803208DF80230AF
:105A800018F042FBADF8000018F021FB1023ADF830
:105A90000600072269460020FDF718F805B030BD62
:105AA00000F8FF07A54500206D460020A433002024
:105AB00010B5144B04461A78134B002083F8582075
:105AC000FBF7B8F910B1002017F059FF0021084684
:105AD000FFF7B2FF0D4B1B78033B012B0ED80EF0E6
:105AE00065FC2046FCF7D4F840F6174013F024F983
:105AF0000023074A1380074A138010BD0BF0D8FD1E
:105B0000EFE700BF0E470020A43300206D460020C1
:105B10003E4300203C43002010B5014604460020CF
:105B2000FBF7CCF990B10C4B1B78023B032B0FD841
:105B30000A4B1C700DF066FD60B9094A0949FBF774
:105B4000EFFD003818BF0120800010BD5520FCE794
:105B50000220FAE74D20F8E76C4600200E470020AF
:105B600039940208B15A0208F8B506460DF04AFD0C
:105B7000044668B9FBF75EF950B1064D204695F82A
:105B8000587085F8586017F0FAFE10B185F8587013
:105B90004D20F8BDA43300202DE9F0418046184681
:105BA000033B012B0E46174602D918B121243CE0D5
:105BB000FFF71CFF294B1B78012B4CD0284B1D787D
:105BC000022D08D0032D46D1B8F1000F03D1254B8B
:105BD0001B689B073FD43320FDF74CF801F07CFD98
:105BE000B6F1006F34BF204B052231464FF006005E
:105BF00038BF1A78FEF756F9044628BB1B4D2873A8
:105C0000012000F0C7FF18F07FFA68802846B8F13D
:105C1000000F0DD0022300F8043B18F042FE6C7315
:105C20002F613946304613F01FF82046BDE8F08159
:105C3000012300F8043B18F034FE6C732F613946E1
:105C4000304613F010F8F0E72846FDF713F8B8F1E6
:105C5000000FF4D0E5E70224E7E700BF6D4600201F
:105C60006C46002028270020015200209834002094
:105C7000034B187818B9034B034A1B78D05C704764
:105C80006B4600206D460020AC6C040838B5174BFD
:105C900004461B78033B012B06D8437BDB0703D567
:105CA00090F909000EF0CCFA0025114B83F85950F9
:105CB0002079FFF759FFFFF7DBFF6188248803464F
:105CC00022462846FDF72CFD044620B11720FFF799
:105CD0001FFE204638BD1723064DC82106486B61BC
:105CE000FCF7DEFD03232B76F3E700BF6D460020B3
:105CF000A433002098340020884F0020F0B51A4DBE
:105D000006460C4693B0A5F8680005F16A0729BB62
:105D1000C5F86A10796012F05CFF6A4601460020FF
:105D2000FBF7A0FCD5F86A30ADF81060CDF8123062
:105D30007B68CDF8163012F04CFF6A460146002011
:105D4000FBF76EFF4FF6FF73B5F86800984203D07B
:105D500014B1064912F08BFF13B0F0BD082238468B
:105D600014F0BDFFD7E700BFA43300200E3400209D
:105D70002DE9F041DFF8B8801F4698F8003005465D
:105D80000C4616461BB102252846BDE8F081531E7D
:105D9000052BF8D80DF036FC0028F4D13B7B032B03
:105DA00014D14FF6FE739C4212D1012E09D0022E5F
:105DB000E9D118F08CF94FF6FB73984203D818F02C
:105DC00086F9044604E018F062FFFAE7012EDAD003
:105DD000EDB939462046FFF76BFA05460028D3D1C6
:105DE00098F80030332B03D0532B1CBF0E4B186197
:105DF0003046FFF7FBFD00214FF6FF70FFF77EFFF7
:105E00000A4B1B78002BBFD00BF026FCBCE7397B7C
:105E1000721ECB1E594259415042504107F058FA68
:105E200005460028D5D0AFE7983400200252002064
:105E30006C460020F0B50C461E46184B074687B04E
:105E400001F1140051F8045B814243F8045BF9D17D
:105E50006D4609881980D4F80E00D4F812102388F2
:105E600003C5ADF8083023798DF80A208DF80B3082
:105E700000233A468DF80C304FF6FE716B46012038
:105E8000FFF776FF40B96846FFF74EFA2046FFF766
:105E9000FDFE08B9024B1E7007B0F0BD8A4300201A
:105EA0000F4700201FB5144B04461B88DB0707D49F
:105EB0004FF6FF700021FFF721FF002004B010BD56
:105EC0000A2301201A4601A9FCF700FE4FF6FF73D2
:105ED000BDF80C209A42EBD00822FF2101A818F04F
:105EE00039F80028E4D10CB90120E7E7BDF80C002F
:105EF00001A9FFF703FFF7E7A243002038B50C46DE
:105F0000154618F0F0F804F0B5F829462046FFF7DA
:105F1000F5FE00F039FE48B1074BDB790E2B28BFA8
:105F20000E230133DBB2054A137038BD044B1B78D6
:105F3000013B18BF0123F6E78A43002027470020D2
:105F40006D46002038B500220821044618F002F8FA
:105F50000546C8B918F0BBF82A464FF6FF71FFF79F
:105F6000CDFF2046217CFFF767FD6269E189207C37
:105F700018F04AFD054B1B78012B01D107F012FBED
:105F8000FFF792FC002038BD0120FCE76D460020A1
:105F900038B5274B04461B780BB1022038BD4FF6AD
:105FA000FF7302899A42F8D00DF02CFB0028F4D13F
:105FB000204D2B6813F0020007D018F088F84FF638
:105FC000FE73984201D118F062FE2146FFF770F986
:105FD0000028E3D12B689B074CBF02200120FFF76C
:105FE00005FD0021012007F073F90028D6D1124BDE
:105FF0001B780BB10BF030FB00220821204617F074
:10600000A9FF58B90D4B20461B7823740C4B6361D4
:106010000023E381BDE83840FFF794BF0421204608
:1060200012F016FE0028EDD040F61240B6E700BF91
:106030006C46002028270020025200201047002034
:1060400000F8FF0770B5264B05461B780E4613B1C6
:106050000224204670BD4FF6FF7302899A42F7D0A2
:106060000DF0D0FA0028F3D118F031F84FF6FE7396
:10607000984201D118F00BFE2946FFF719F90446A2
:106080000028E6D1EEB10520FFF7B0FC0121002089
:1060900007F01EF904460028DBD1024608212846F5
:1060A00017F058FF78B90F4B28461B782B740E4B0E
:1060B0006B610023EB81FFF745FF044666B90520BD
:1060C0000BE00620E0E70421284612F0C1FD00287D
:1060D000E9D040F61244BCE70420FCF7CBFDB8E75A
:1060E0006C4600201047002000F8FF0738B51D4619
:1060F000FFF73EFE0446C8B92B7B2846032B03D18D
:10610000BDE83840FFF71EBFFFF70EF9084B2546E4
:106110009C8117F056FF0121064B81401A7806201A
:10612000FDF7C0FE044608B1034B1D70204638BD84
:1061300098340020015200206C46002030B5012028
:1061400087B0FFF7AFFE6B460446144A10685168EB
:1061500003C384B906F038F802A818F0F5FA4FF630
:10616000FF752246BDF80E002946FFF7C7FEF7F778
:1061700087F907B030BD6B46094AD2F86A00D2F8F9
:106180006E10B2F8685003C306F01EF802A818F0AB
:10619000DBFA6A46BDF80E00E6E700BFC827040830
:1061A000A433002073B53A4B04461B781BB102247C
:1061B000204602B070BD0DF025FA0028F7D100F09E
:1061C000F3FC14B12288334B1A8000210DF1070033
:1061D000FCF7D0FD002856D118F054FB04460028E7
:1061E000E6D12D4D9DF80700FFF700FC2B785A1ED5
:1061F000012A1FD8FFF7A2FF2B78033B012B01D800
:1062000001F010FAFFF750FB012017F0A1FE034642
:1062100000283AD12A78033A012AC9D81D4A1088A1
:1062200010F0020521D0052201201C49FFF7B4FC23
:106230000446BDE7033B012B04D82046FFF732FE9E
:106240000028D7D12B78053B012BB1D8FFF776FF7B
:10625000FFF72AFB2B78052B0CBF04200520FCF749
:1062600009FD012017F074FEE2E70D4E02230B2218
:1062700031460120FCF72AFC33885B0798D5284675
:1062800001F0E4F994E7172492E7044690E700BF91
:106290006C460020A24300206D46002000F8FF0756
:1062A0003A43002001232DE9F347614D0746884614
:1062B0000020604914466B7300F03AFC0FF0CEFAF0
:1062C0005C4E38B9012F01D9042F10D12146404628
:1062D00012F024FD102000210AF016FD002800F025
:1062E0009E80002002B0BDE8F047FBF7C5B9002C46
:1062F000F0D1514B1B78212B03D0062B01D0532B0F
:1063000002D101F091FDE5E7FCF7A8FD0028E1D0FE
:1063100000F03AFC28B9287BC0F11800FFF7F8FA22
:10632000D8E7464B31462046019300F001FC20B1EE
:1063300040F2F5714248E5F7DDFC3D49307B01AAAA
:1063400013F00EF995F80090B9F1000F03D1394818
:10635000FFF79CFCBEE7DDF804A017F0B8FEDFF8FD
:10636000EC80044698F80030033B012B06D8737B81
:10637000DB0703D596F909000DF062FF3079FFF7CE
:10638000F3FB00217088FFF7B9FCFCF767FD2D4F88
:1063900060B14FF6F672631E9BB2934206D918F0B5
:1063A00076FCB7F8683004468342F8D0204617F0F0
:1063B0009AFE308817F0B4FE4946B7F86800D04717
:1063C000044608B91920A9E7B7F8681017F0E5F9ED
:1063D000002387F859302B7803F0FB03022B02D0FF
:1063E000204618F0B7F9002220461146FEF77EFE3F
:1063F00098B117236B6198F80030042B06D1C8219F
:106400001148FCF74DFA03232B7663E74FF416711E
:106410000D48FCF745FA0023F6E717207EE7FEF764
:10642000DBFE00287FF45DAF02B0BDE8F08700BF5F
:10643000983400208A4300206C460020B9E8030805
:10644000BE6B0408A4330020884F00206D46002056
:106450007FB50024184E194D3278E3B29A4201D824
:1064600004B070BD4FF6FF73B5F868209A421AD099
:10647000134B1B88DB0714D5124AB5F86830106837
:106480005168ADF80C3001AB03C30A2300201A4653
:1064900001A9FCF71BFB02230B2200200A49FCF791
:1064A00015FB0134D8E700220821064817F052FDF9
:1064B0000028F6D1DCE700BFCE510020A433002035
:1064C000A24300200E3400203A43002010B501F012
:1064D00003F902F07DF8D8B10E48FCF77DFA0E48BA
:1064E0000E4C017A0E30FFF7A7FA23781BB100F0AB
:1064F000FDFA002323700022094B1A73FFF7D4F929
:1065000008F0F6FD01F072F9BDE81040FFF7A0BFFA
:1065100010BD00BF884F00208A4300200F47002095
:106520009834002010B51B48FCF756FA02F050F8DA
:1065300030B1194B1B781BB9BDE81040FFF7C6BF3F
:1065400002F046F878B1154C237E83B1C82111487A
:10655000FCF7A6F90021237E0846013B2376BDE81F
:106560001040FBF7F3B8FCF779FC0028EBD1FCF7FF
:1065700075FC38B90A4B1B78112B03D003F0FD03CF
:10658000412B05D1BDE81040044B5869FFF7C0B955
:1065900010BD00BF884F00206846002098340020BE
:1065A0006C4600202DE9F04F0F4685B002AD044641
:1065B00029463846914619F0A1FF4FF0000B82465C
:1065C0003846CDF804B017F0B1F94678022C804671
:1065D00006F0020609D85CB1FCF740FC044600282E
:1065E00048D1754B01241B7865E0043C022C3AD954
:1065F000FCF734FC384617F012F900240546A04693
:10660000DFF8D8A1384617F091F950F809300DF1AC
:106610000500019313F01EF89DF807B00746B8F186
:10662000000F4DD1BBF1000F5BD0DFF88C9199F8D2
:1066300000300BB1002E63D0002C61D05F4B1B7873
:10664000022B5DD1BBF1000F53D1384617F04BFD43
:1066500058465946FFF7F0F908F04AFD40F6074062
:1066600012F06AFB34E018F0BDF8FCF7F7FB0446C3
:10667000F8B15C464EB1524B1B78012B02D0043B63
:10668000012B0BD805B0BDE8F08F4B4B1B782BB11D
:106690004B4B1B7803F0FB03022BF3D0BAF1000F36
:1066A000404608BF002519F01CFF4FF00108824644
:1066B000A8E7414B1B78002BF0D0002EEED1E1E78C
:1066C000BAF1000FAED05046FCF7D4FF0028A9D194
:1066D0000020FAF7AFFB0028D4D0002017F04FF9C4
:1066E000D0E74FF6F7739F429FD91720FFF710F9B5
:1066F000EEE7FCF7B3FB48B13248FCF76DF9F4E77D
:10670000FCF7ACFB10B1BBF1000FF5D1FCF7A6FB19
:106710000028DDD02846FDF739FEFF28DFF89CA0D1
:10672000294C03D09AF80030012B04D12946B4F843
:106730006800FDF7A5FFFEF787F82A463846B4F84B
:106740006810FFF7DBFB214B214A93F906301B024F
:1067500013809AF80030012B19D0312B14BF43233A
:1067600011238AF800301B4B16481968FCF798F87B
:1067700000F058FF0023124C99F80010237641B91D
:106780001048FCF78DF840F61B436361A0E7112326
:10679000E7E7B8F1000F03D016B1FFF797FEF2E775
:1067A0000D4B1B78042BEED105210648FCF778F839
:1067B00009232376E7E700BF684600206C460020E7
:1067C00098340020884F0020A43300208A43002002
:1067D000A0430020A84F00206D460020FA4600206C
:1067E0002DE9F043084693B00D4617F09FF80922B3
:1067F00000218046FAF714FF0446284617F00FF8E8
:10680000052207460DF1090328460AA90EF038F8BB
:10681000022881461CD09DF8093029461C44E4B268
:1068200004F1100200230120D2B218F8046011F024
:10683000C0FF68B1072E09D856B1013E062E07D811
:10684000DFE806F00918068A062541007C2E45D0AF
:1068500013B0BDE8F0835B4B1B78013B012BF7D8ED
:10686000284616F05BFF00232A461946009417F0CD
:10687000BDFFEDE7544B1B78012BE9D1534B187842
:106880000028E5D122462946FFF78CFEE0E74D4B74
:106890001B78013B012BDBD838460AF0DDF84FF6B8
:1068A000FF739842044606D0284616F037FF22466A
:1068B000394617F0CAFC444B1B78022BC8D1384626
:1068C00012F02AFAC4E73F4B1B78013B012BBFD8DB
:1068D000494628460AAA00F079F9B9E7394B1B78EE
:1068E000013B012BB4D8A04498F8012098F802305D
:1068F000652AADD16D2BABD12846FBF7B1FD133422
:10690000E4B28442A4D20822394603A814F0E7F97D
:10691000214628460DF10A0219F032FD002897D1D0
:10692000BDF80A30002B93D005A809F0ADFB012378
:10693000274DBDF80A002B70FBF792FD0446BDF809
:106940000A00FBF771FDE2B2034605A903A812F0A5
:1069500097F900232B707BE71A4B1B78013B012B27
:106960003FF676AF062200214046FAF759FE404432
:1069700012F070FE0746FCF7F5FA044600287FF493
:1069800067AF284616F0C5FEC3047FF561AF46F237
:1069900004030121ADF8143038460223CDE9004448
:1069A00005AA19F03CFD064600283FF451AF3946D0
:1069B00016F0F3FE284616F0B1FE22463146FCF7EB
:1069C000D1FE45E76D4600206C460020983400203B
:1069D0004247002008B5084B187050B1074B1B8880
:1069E0003BB14FF47A7106485943FBF759FF002039
:1069F00008BD0120FCE700BF5F4600209651002043
:106A0000D4250020014B1878704700BF5F46002056
:106A100008B5FBF7E1FF0022014B1A7008BD00BF6B
:106A20005F460020022881BF4FF47A735843034B1E
:106A300018608CBF00202120704700BFA84F0020A5
:106A4000014B1878704700BF11470020014B1870A8
:106A5000704700BF11470020034B18684FF47A734A
:106A6000B0FBF3F0C0B27047A84F002010B50B4B3D
:106A70000B4AB3F9004092F9001053884CB1B1EBC6
:106A8000242F06DD43F04003538001704380002033
:106A900010BD23F040039BB2F6E700BFA0430020E7
:106AA0009851002007B5074B8DF8070018700D228C
:106AB000012300200DF10701FCF708F803B05DF891
:106AC00004FB00BF9851002038B5074D044695F9E6
:106AD000003090F90000834201D0FFF7E3FF6388A4
:106AE00000206B8038BD00BF9851002010B50024F5
:106AF000044B05481C80054B1C70FBF76DFF2046BE
:106B000010BD00BFA4430020AC4F00201B47002055
:106B100008B50348FBF760FFBDE80840FFF7E6BF94
:106B2000AC4F00200148FBF7A5BA00BFA4430020EA
:106B3000F7B5134B04461B780E46EBB183421DD9C3
:106B40000021104816F06AFF002501460D4F09B9D3
:106B5000012009E0A54209D100241623224630462F
:106B6000009417F091F8204603B0F0BD384616F0B7
:106B7000ABFF01350146EAE71820F5E72720F3E7E8
:106B80001B470020A4430020014B1878704700BF2A
:106B90001B47002025289DBF024B18700020212094
:106BA000704700BF04520020012307B518460D228C
:106BB0000DF10701FBF78AFF9DF80720024B1A70C1
:106BC00003B05DF804FB00BF98510020F8B50746FC
:106BD0000E46144616F023FE1A4B05461B78022B70
:106BE0002FD1194817F063F958BB28460DF060FD06
:106BF00038B32246314638460DF07AFD08B312F01C
:106C000025F80446384616F089FD104B012E1A78F7
:106C10004FF00F0303FA02F39BB2B4FBF3F203FB52
:106C2000124404F10104A1B206D1094B094A1E70B5
:106C30002B6813606B6853600348BDE8F840FBF7AE
:106C40002FBEF8BD6C460020F42600200352002021
:106C50001A4700201247002084B010B502AC84E827
:106C60000F00082227480DF11601089C14F027F8A0
:106C700008BB9DF815309A0705D4234B1B7803F009
:106C8000FD03312B1DD121496378097803F00F02F0
:106C90008A4203D0012922D1022A12D1227882B954
:106CA0001B09022B0DD11A4BA0781B78022B1AD18D
:106CB000C0F3800006E000220821124817F04AF9CC
:106CC00020B90020BDE8104004B07047114BBDF85A
:106CD00008205B889A42CCD0002BCAD0F1E7022969
:106CE000EFD1012AD9E7030609D40B4BB3F868208A
:106CF000BDF80A309A42E4D1FEF776FBE2E70120C4
:106D0000E0E700BF9C3400206C460020A545002031
:106D10006D46002098340020A4330020284BF0B5A5
:106D20005D88002387B08DF80830264B0DF10B00ED
:106D30001B7805F0010743F020038DF8093017F0A8
:106D4000B0FD6FF07F43ADF813308DF8153017F0BC
:106D500050FE1D4B8DF816001B7805F01006DB0069
:106D6000DCB2E9F73FFC194B1B7883422CBF44F09F
:106D7000040344F084032FB1A9061ED426B143F0C6
:106D8000020301E0AA07F9D4002108468DF80A3071
:106D9000FBF710FCADF8060058B101230F2202A941
:106DA0000DF10600FBF796FC18B90DF1060012F084
:106DB000D4FBBDF8060007B0F0BD43F00103DDE7EA
:106DC00098510020A5450020274700206546002057
:106DD0001FB50C4A01AB10685168127A03C3002139
:106DE00009201A70FBF7E6FB044640B1FBF71CFBD9
:106DF000034601AA03CA1278186059601A72204625
:106E000004B010BDCC6B040810B5FBF7E5FD0A4BD0
:106E10001B78022B0CD1094B1B78033B012B07D9A4
:106E2000074C207828B1002019F0B5FC002323700E
:106E300010BD17F0E0F9F9E76C4600206D46002020
:106E40001A47002084B02DE9F04788B010AC84E8E0
:106E50000F00DFF824A1454BBAF802209DF84590B9
:106E600012F0010E9DF94A409DF85D809DF95E107B
:106E70009DF860509DF962609DF946C09DF848708C
:106E80001B7834D09DF86500C0F34002C0F3800049
:106E9000002B48D0364B1B78022B09D1B44242DB81
:106EA00023D1E81BC0B280288CBF0020012015E050
:106EB000304B1B78012B00D1BAB178B19AF8003071
:106EC0001E335BB29942D4BF002101219C45D4BF3F
:106ED000002301238B4206D1B442E1DA08B0BDE8B9
:106EE000F04704B070470846F8E70020F6E792073D
:106EF00018D5C3B1760814BF01200020640814BF60
:106F0000012300238342E9D1EB1BDBB2802B0AD99A
:106F1000BD42EAD18C4506DB25D1C1452CBF0020FE
:106F20000120DBE70BB90120D8E7BD4204D18C4535
:106F3000F9DB01D1C145F6D302AC16AE0FCE0FC4BA
:106F400096E8030044F8040B2180DDE9140110AB3E
:106F50000090ADF804100FCB12F0F9FA0028E2D13E
:106F6000BD429ED1BAE77046B8E700BF1B4700207C
:106F70006D4600206C4600209851002084B02DE919
:106F8000F04F8FB06A4E18AC08AD84E80F0016229F
:106F90000021284613F0BDFE33783BB90024654B31
:106FA00032781B789A4239D2002726E000216248C5
:106FB00016F034FD00270446B846DFF87C91002C1B
:106FC00045D13FB1224639465B4816F0B8FD3378CB
:106FD000013B33703378002BE0D0002156484FF04E
:106FE000000916F01BFD4F468046CA46DFF848B13F
:106FF000B8F1000F6CD1002FD1D01621002218A8B3
:1070000016F0F5FC014648B1002F00F08B802246B7
:10701000494816F030FD337801333370454B3278F0
:107020001B789A4207D944480022018816F087FD50
:107030003378013B33703378012B03D13F4940480B
:10704000FBF72EFC0FB0BDE8F04F04B070470022F4
:10705000214616232846CDF8008016F015FE16228C
:10706000294618A813F02BFE0028EBD09DF86420C9
:107070009DF824309A4225D1BDF86020BDF820301B
:107080009A421FD108220DF12E010DF16E0013F06E
:1070900016FEB8B902AF0DF1600CBCE80F000FC7C7
:1070A0009CE8030047F8040B39800EAB13E903009A
:1070B0000090ADF8041095E80F00FFF7C3FE00281C
:1070C000C0D027462146484616F0FEFC044676E727
:1070D0001623002241462846CDF800A016F0D4FD24
:1070E00002AF0DF1600CBCE80F000FC79CE8030075
:1070F00047F8040B39800EAB13E903000090ADF89C
:10710000041095E80F00FFF79DFE074620B1B9F186
:10711000000F04BF444681464146584616F0D4FC51
:10712000804665E73A46044816F07EFC73E700BFE8
:107130001B47002004520020A443002020BF02006F
:10714000AC4F00202DE9F04F002104469FB00DF117
:107150004008162240460E91CDE90C11CDF83B10A7
:1071600013F0D7FD052220460DF11F0316A90DF0DF
:1071700087FB0228074600F0F680204616F0D6FB73
:10718000064612F067FA8146F01C12F063FAADF879
:107190004000701D12F05EFA012FADF8420020464B
:1071A00040F0E48016F0C2FB05462046FBF73CF9B0
:1071B0000D352D1A434621460820EAB211F0F9FA9E
:1071C000002800F0D080204616F0B5FB012F834642
:1071D0009DF84D3040F0E38000252F4643F0010339
:1071E0008DF84D3016AE3388022B4DD1F178204604
:1071F0000231FBF713FB1B2846D1F17820460331FF
:10720000FBF70CFB19283FD1F17820460431FBF73E
:1072100005FB4A2838D14FF0050AF17820460131A4
:107220005144FBF7FBFAF178059051442046FBF7F7
:10723000F5FA059B00EB032083B200F03F02932B8D
:10724000059240F09B800023F7782146023757448F
:10725000FFB23A4600930CA80F2316F015FD07F174
:107260000F01204616F058FD07F111010546204692
:1072700016F052FDADF84200059B023353445FFA0D
:1072800083FA33795345C8D806360DF17603B342F5
:10729000A9D19DF84D20C5F3C03363F341022046C8
:1072A0008DF84D2016F0D9FA8DF84400204616F0DE
:1072B000C9FA8DF84500204616F0C9FA9DF832301B
:1072C000BBF1190FC3F3C3028DF84720DDF833205B
:1072D0008DF84600CDF84E20DDF83720CDF852204D
:1072E00094BF00229DF83E208DF8482003F0030251
:1072F0008DF84A206E4A1278022A9DF84D200CBF64
:10730000C3F38003DB0963F382026A4B8DF84D20DF
:107310001B78022B57D1BDF8406016F0F5FE86426F
:1073200051D108A817F0BDFABBF1190F48D90822AE
:107330000DF14E0108A813F0C2FC00283DD1B9F5AB
:10734000004F02D0B9F5624F0DD140F6FF7325F41E
:1073500040459D4207D1002208210DF14E0016F054
:10736000F9FD00283FD01FB0BDE8F08F16F0DEFA1F
:1073700005462046FBF758F807351AE7412B7FF4FE
:107380007BAFF178204602315144FBF747FA4A4B74
:107390001B78C3F1B30318448DF849006CE76FF311
:1073A0000003F01D8DF84D3012F054F90CA905467C
:1073B000204617F0C4FA00276BE700F0F1FFBEE7A4
:1073C00000F0EEFFCFE7B9F5004F02D0B9F5624FFC
:1073D000C9D140F6FF7325F440459D42C3D1BBF1AE
:1073E000190FC0D9B7E7BBF11A0F06D007F11F017B
:1073F00042462046C9B212F0B2F8304C304D637BA1
:10740000DBB12B78012B1DD1012323730CAB02932D
:1074100014AC94E803000090ADF8041098E80F0055
:10742000FFF71AFC90B194E803000090ADF8041047
:1074300098E80F00FFF7A2FD08E0FBF70FFD00281A
:10744000DFD0E1E703F0FD03042BDDD02B78012B27
:1074500001D0042B87D11B4BDDF84E001B78DDF8E3
:1074600052108DF82230BDF84030ADF820309DF834
:107470004D30C3F340038DF823309DF8313003F0D5
:107480000F038DF82C309DF848308DF82D3009AB66
:1074900003C30D4B1B681BB1414608A8984762E720
:1074A0009DF946209DF8451008A811F033FC5AE7D5
:1074B0006D4600206C4600202247002098340020B2
:1074C0000647002021470020883400202DE9F043A2
:1074D000424B434C1B7885B0033B012B22D810F064
:1074E0002DFD2378022B31D13E4A1468A0422DD0C5
:1074F0003D4910600A68121B10443C4A086012782B
:1075000072B1013A93403C2253434FF47A72534391
:1075100098421BD9032005B0BDE8F043FBF7AABB96
:107520000A23F2E710F00AFD2378022B0ED12D4A30
:107530001568A8420AD00027DFF8BC802C4E1060E6
:10754000451B98F80030FCB2A34202D805B0BDE854
:10755000F08356F8243020462B4446F8243009F0B6
:107560005DFBC3074FF0000910D5204609F024FB4E
:1075700070B156F82430242B08D91022002320465D
:10758000CDF8009009F068FB46F824900137D8E761
:10759000184B1B5D13F00F031FBF03F1FF320223D3
:1075A00093403C220CBF0A2353434FF47A72534357
:1075B00056F824209A42E9D9204609F01DFA02A97A
:1075C00018F08FFB28B1204609F016FA02A911F035
:1075D0004FFB204618F04BFCD8E700BF6D4600205B
:1075E0006C460020202700201C270020BB510020D3
:1075F00050250020AA450020D4510020064B1B88AE
:10760000DB0708D50022054B43F82020044A135C11
:1076100063F00F0313547047A64300205025002049
:10762000AA45002008B510F089FC0022024B186022
:10763000024B1A6008BD00BF202700201C27002035
:10764000014B1868704700BF1C27002008B50C4884
:10765000FBF7C2F9FBF762FB80B10A4B0322B3F8D8
:10766000681001200CF0B2FD4FF47A71064B04480B
:107670001B885943BDE80840FBF712B908BD00BF9D
:10768000CC4F0020A433002078510020014B1880FB
:10769000002070479C510020044A054B1870138845
:1076A00023F003031843108000207047A6430020F6
:1076B000BC510020024B188800F00300704700BF47
:1076C000A6430020034B1888C0F30E00003818BFF3
:1076D000012070473A43002008B5FFF7F3FF30B1AF
:1076E0000020044902230B220880FBF7EFF9002059
:1076F00008BD00BF3A430020024B1888C0F30E00BB
:10770000704700BF3A4300200023084A012013704D
:10771000074A08491370084B084A1B7843F00403D2
:10772000138002230B22FBF7D1B900BF1E470020B4
:107730001D4700203A430020BC510020A6430020F2
:1077400013B514468DF80710CAB9CAB20E2A16D856
:107750000D4B1B881341DB0711D509F0CFF9FF282A
:1077600001460ED09DF80720084B1A5401231B2018
:107770000DF1070210F055FC204602B010BD0124A7
:10778000FAE70224F8E700BF9C510020AA45002038
:1077900030B5012100240B2385B0104D01940091D8
:1077A0008DF80C308DF80D000323B5F8680003AA9E
:1077B0008DF80E4018F033FE68B1B5F8681017F078
:1077C000C6F940B10522064B64211A70054B0648E4
:1077D0001C70FBF765F805B030BD00BFA433002076
:1077E0001D4700201E470020EC4F0020064B1B7851
:1077F000033B012B06D8054B1B781BB9044B1878AB
:10780000FFF7C6BF704700BF6D4600201C47002031
:10781000BB51002010B51548FBF7DEF8144B197862
:10782000F9B9144A13787BB1013B1370124B1B78E2
:10783000042B02D10846F9F789FFBDE810404FF448
:1078400096710A48FBF72CB80C4A128802F0030222
:10785000022A0AD1BDE81040032201200849FEF7A0
:107860009BB9BDE81040FFF7C1BF10BDEC4F002031
:107870001E4700201D4700206D4600203A4300208F
:1078800000F8FF071FB50C238DF80C300B4B0C468E
:107890001B88012123F004038DF80E3000238DF89E
:1078A0000D00CDE900132046032303AA18F0B7FD0D
:1078B00010B1214617F04BF904B010BDA6430020CB
:1078C000F8B5064615F095FF0546304618F0CBFD95
:1078D000411C044689B23046FAF7A0FF023407463D
:1078E000A1B23046FAF79AFF394602462846FFF71A
:1078F00027FF022816D02946FFF7C4FF0A4B1B8832
:1079000003F00303022B0DD1284609F0F7F8FF28F6
:1079100008D00022054B43F82020054A135C63F091
:107920000F031354F8BD00BFA643002050250020CC
:10793000AA450020084B1A785AB10223013A934015
:107940004EF66022534303210448B3FBF1F1FAF7EA
:10795000A7BF42F21073F6E7BB510020EC4F0020A6
:1079600070B505461748FBF737F80122164B284635
:107970001A7018F078FD411C044689B22846FAF7BF
:107980004DFFA11C064689B22846FAF747FF0F4C67
:10799000022320800B2221460020FBF797F886B9AE
:1079A000238803F00303022B03D1FFF73BFEFFF70D
:1079B000C1FF23885B0704D5BDE870400448FFF78A
:1079C00045BE70BDEC4F00201E4700203A4300200A
:1079D000CC4F00202DE9F043204C89B02388002BA8
:1079E00035D01F4D00214FF4807009F0F5FB2B7846
:1079F000DB072AD501212088FAF7A0FD064620885A
:107A000015F094FF023011F025FE05A9804620886C
:107A100018F030FE2B78304613F0020F114B40F671
:107A20000247B3F8009018BF0027FAF719FD054682
:107A30003046FAF7F9FCEDB202904246062138468C
:107A4000CDE9009505AB11F053F9002323800648DA
:107A500009B0BDE8F043FAF7BFBF00BFAE43002056
:107A60001F470020AA4300200C5000202DE9F047BA
:107A7000304F80463D880E4614469946ADB31046B9
:107A800015F062FEB0F5006F2FD1204615F06FFEA5
:107A9000824609F033F8FF2827D02EB1264A32F863
:107AA00010302B4322F81030B5F5007F36D0B5F5F5
:107AB000806F33D0B5F5807F17D1204B1B88A34250
:107AC0001CD14FF6FF718A450FD0204615F065FE98
:107AD000284609F0AFFB50B91948FFF77BFF002398
:107AE000184A1380184A3B801370BDE8F0870220C3
:107AF000002109F009F90028EED1F0E7114D2B889B
:107B0000A342F2D14FF6FF718A45EED024B1204650
:107B100015F043FE00232B800023E3E700230A4AED
:107B20003B80137031464B4622464046BDE8F04745
:107B300016F021BDA8430020F2420020AE430020F1
:107B40000C500020AC4300200B47002010B508F07B
:107B5000D5FFFF28044601D1172010BD09F05EF8BB
:107B6000C107F9D5204609F059F8820700F0020351
:107B7000F2D40449184631F8142042F0100221F8DA
:107B80001420EAE7F242002010B508F0B7FFFF2802
:107B9000044601D1172010BD09F040F8C107F9D5FE
:107BA000204609F03BF8820700F00203F2D40449B2
:107BB000184631F8142022F0100221F81420EAE7C8
:107BC000F242002010B504460C48FFF703FF0121E4
:107BD0004FF4807009F000FB78B10022084B1C8044
:107BE000084B1A700BF0DAFFBDE81040064B188006
:107BF000064B02481988FAF753BE10BD0C500020FE
:107C0000AE4300201F470020AA4300207A510020E5
:107C1000044A137818B943F001031370704743F016
:107C20000303FAE71F4700202DE9F04FDFF84C91DE
:107C300087B099F80060002E40F08C80DFF840B1EA
:107C4000DFF840A19BF80030F4B2A34207D800222D
:107C5000424B1A8007B0BDE8F04FFDF7E7BA204667
:107C60003AF8145008F0A8FF8046002860D020465B
:107C700008F0C2FE15F40071074645D001464FF6E4
:107C8000FF720E2017F086F80546002850D03946BE
:107C900015F083FD4FF400730027304E20463380EB
:107CA0003AF8142022EA03032AF8143010220023A1
:107CB000009708F0D1FF2A4B1B88DB0707D5294B1B
:107CC000294A43F82470135D63F00F0313551820FD
:107CD00000216043254B264C0093019101232A4645
:107CE000205CF9F757FD002814BF0123002389F811
:107CF000003005D13388B3F5807F01D11D4B18804A
:107D0000404607B0BDE8F08F680513D5059116F021
:107D1000BEFF012205990346009207203A46CDE9AD
:107D20000111FDF7A5FB4FF480630546002DB3D18B
:107D3000013687E7104B18880028F9D0EA05F7D5F7
:107D4000394615F02AFD0C4B1D880A4B1D804FF457
:107D50008073EBE74FF00008D2E700BFA843002094
:107D6000A643002050250020AA4500206D7A020875
:107D7000F0100020AC430020AE4300200B47002051
:107D8000D4510020F2420020042230B501F040031B
:107D900087B0002B054614BF012400248DF80C2069
:107DA0008DF80D1004D004A917F09BFF38B304AB75
:107DB000CDE9004301210223284603AA18F02FFB36
:107DC0000446F0B1104B1B78033B012B04D80F4B3A
:107DD000B3F8681015F0E1FC4FF6F7739D4209D92E
:107DE000322202212046FDF781F980F00100C0B265
:107DF00007B030BD2946204616F0A9FEF5E7012060
:107E0000F6E71920F4E700BF6D460020A4330020F8
:107E100010B1034B1B880380024B1878704700BFDA
:107E20009E5100202047002010B5FFF755FC04F0BC
:107E3000FFFF16F087FC002017F04AFF0BF0E2FB73
:107E400008B1FCF7C7F8204C2378532B12D1032339
:107E500023700023FF2219460120FDF79DFE00201C
:107E6000F8F7E8FF10B1002015F089FDBDE81040DB
:107E70000CF09CBA062B01D0212BF0D1012016F07A
:107E8000E2FC4FF6FE7016F02EF94FF6FF7016F07A
:107E900047F90020FDF766FD0020FDF7A7FDFDF77F
:107EA000E3FC00F07BFB0DF029FE2378212B02D1AF
:107EB000FDF7AAFAD3E70020FAF7DCFE00214FF421
:107EC000004017F0A3FCCAE76C46002010B50A4C2E
:107ED0000A48FAF781FD2378062B02D1012016F01B
:107EE000B2FC2378062B01D0532B03D1BDE8104000
:107EF000FFF79ABF10BD00BF6C4600202C50002039
:107F00002DE9F84FDFF8CC8004460E461746FFF700
:107F1000E3FB98F8005015B90220BDE8F88F212D39
:107F2000FAD0DFF8B49099F80030012B01D1A30604
:107F3000F2D4274815F0BBFF0028EDD114F020043F
:107F400039463046DFF894B0DFF894A005F00F050D
:107F50001BD010F08BFE012D8BF80070AAF800608A
:107F600033D1212388F80030FFF75EFF0020D4E7EB
:107F7000212388F80030FFF757FF00214FF6FE70ED
:107F8000FDF7BCFEFEF764FAF0E710F06EFE012D7F
:107F90008BF80070AAF80060EAD0062321464FF65D
:107FA000FD7088F80030FFF7EFFE40F6020240F265
:107FB000262199F800300648033B012B88BF114663
:107FC000FAF76EFC002CD1D1D7E75323E6E700BFC8
:107FD0002C5000206C4600206D46002020470020D9
:107FE0009E5100202DE9FF410F460546511C3846A1
:107FF000FAF714FC0446384615F098FC06460230A1
:1080000011F028FB424B80461B7804F04002022B03
:1080100002D0043B012B06D83E4B1B68580205D505
:10802000A10603D452B304B0BDE8F08132B33A4A9A
:108030001278D11E012917D8384BB3F86830AB42FB
:10804000F1D17378180714D5304618F04AFAFBF7C7
:1080500011FB0028E7D00122294604F0200004B0DB
:10806000BDE8F041FFF74CBF022ADCD1DF01DAD4D2
:10807000E7E716F02CF84045D5D1ECE7264B1B7806
:10808000013B012BCFD87378D906CCD502A938464D
:1080900018F034FA002002A908F000FDFF28064677
:1080A0000BD0A20601D416F075FC304608F0A4FCF3
:1080B00004F0E0FE304617F0DAFE284616F07EFAAD
:1080C000FF280DD0FCF7B2F914F0200608D115F006
:1080D000FEFF28B133460222284602A905F0FEFF22
:1080E00015F0F5FF00289ED1A3069CD402A94FF6F7
:1080F000FF730222284610F038FB4FF6FF7203464A
:1081000000922846022202A910F022FE8BE700BF4F
:108110006C460020282700206D460020A433002054
:1081200038B504460D4608F0E9FCFF28034615D093
:108130000B4A127842B10B4A32F81020520403D590
:1081400017F095FE002038BD184616F023FC204697
:1081500045F04001BDE83840FFF716BE0120F2E7C8
:1081600068460020F242002038B50C4B04461B78CC
:108170000D46022B01D0022038BD15F0A8FFA04209
:10818000F9D029462046FFF7CBFF0028F4D020463F
:1081900045F04001BDE83840FFF7F6BD6C460020D1
:1081A00038B5054615F0C2FB0446284618F05BF9C1
:1081B000411C89B22846FAF731FB42060DD5637897
:1081C0001B070FD5204618F08CF90146002008F057
:1081D00065FCBDE8384017F04ABE0348BDE83840AA
:1081E000FFF774BE38BD00BF2C50002038B54FF6E5
:1081F000FF75A842044617D015F086FFA04213D0A1
:108200004FF6FD72094B198891420DD9084A128820
:10821000AA4201D0A24207D11C804FF47A71BDE876
:1082200038400448FAF73CBB38BD00BF82510020FB
:10823000A0510020B426002008B50448FAF7CCFB72
:108240004FF6FF72024B1A8008BD00BFB426002013
:1082500082510020024A13780BB1013B1370704722
:108260005B46002008B515F05BFF00214FF6FF725A
:10827000054B08461A80FDF7DFFBBDE8084040F6D5
:10828000164010F059BD00BF8251002008B5FAF722
:10829000A3FB0A4B1B78023B032B08D84FF6FE7357
:1082A000074A108898424FF6FF7301D1138008BD2A
:1082B0009842FCD0BDE80840FFF7D4BF6C460020D0
:1082C0008251002010B5084B1B78042B0AD015F002
:1082D000FEFE00210446084616F077FB231A58429A
:1082E000584110BD0020FCE76D460020F0B5002687
:1082F00089B00546CDE90566ADF81C6018F0B3F805
:108300000A23024604462946009605A815F0BCFC3F
:108310009DF815309DF814701F2B27D803A816F070
:10832000C0FA08220DF1160103A812F0C8FC064697
:10833000E0B9092F1CD1FFF7C5FFB8B1144B1B786A
:10834000A3B1144B1A884FF6FD739A420ED9124C02
:10835000124A23780433DBB223701278013AB3EB6C
:10836000820F03DD58B210F0C6FB267009B0F0BDD5
:108370000A34E4B221462846FAF750FA16F053FBC5
:10838000611C284615F0C8FCFFF730FFEEE700BF80
:10839000D6510020825100205B460020BA510020B7
:1083A00038B5134B1B78033B012B20D9114B4FF6EB
:1083B000FF711B78ABB1104D2B888B4217D115F094
:1083C000A3FE4EF6602104460C48FAF769FA4FF610
:1083D000FE7322462B800021BDE83840092016F0AC
:1083E00030BB074A13888B421CBF0133138038BD52
:1083F0006D460020D651002082510020B426002076
:108400003443002010B5044661B1FF2115F02FFA66
:108410000021204615F031FA15F000F901462046FA
:1084200015F031FA2146BDE810400022014815F050
:10843000FBBA00BFB24300202DE9F0410D461746BC
:10844000044615F073FA06782846FAF78BFD29469C
:108450008046204615F0A1F915F039FEA84206D154
:1084600020460121FFF7CEFF0120BDE8F08128461C
:10847000B8F1000F0AD0FAF703FE50B9144B3A4690
:108480002046BDE8F0411978FCF730BE17F04EFCED
:10849000F3E706F00306012E08D015F018FE0023BE
:1084A0002246294602F054FF0028D9D1204615F073
:1084B00030F9430505D52046BDE8F041002115F00F
:1084C000D7BF204617F0F5FBB0FA80F04009CCE7A3
:1084D000B851002010B586B0044617F0C4FF104B09
:1084E0000246186819790290D3F805005B7A0132C8
:1084F0008DF8143000238DF80C1004902146009361
:1085000092B2052304A815F0BFFB052204A902A816
:1085100012F0D5FBB0FA80F0400906B010BD00BFE4
:10852000D56B040808B50748FAF756FA064B1B78CE
:10853000033B012B05D8BDE8084000210846F9F7A8
:1085400005B908BD4C5000206D46002008B5114803
:1085500015F08CFC104B1B78012B06D8FF2009F07E
:1085600027FDFCF773FC08F0BBFDFBF7C3FF02F02F
:108570009FF9FFF7C9F818F0B3F90CF031FBFCF7DD
:1085800033FE0BF08BFBF4F7D5F8BDE8084003F0A1
:10859000CDB900BF6C340020B951002008B5E8F710
:1085A00085F9FF2803D0094B1B78012B06D9002041
:1085B00009F0FEFCFCF74AFC08F092FDFBF79AFF7D
:1085C00002F076F9BDE8084003F0B0B9B9510020D7
:1085D000064B1878112806D000F0FD00A0F14103E9
:1085E0005842584170470120704700BF6C46002038
:1085F0002DE9F0410446FCF7D1FB18B100263046C6
:10860000BDE8F0811D4B1B78033B012B09D81C4BA7
:10861000B3F868104FF6FF739942EFD0204615F07B
:10862000BCF8184B022120461A88FCF75FFD06466D
:108630000028E3D0204615F079F990F80780054628
:10864000043011F007F8074615F041FD4146024697
:108650003846FCF7BBFBA81C10F0FCFF4FF6FF737D
:10866000984202D12046FFF7ADFA2B789B07C6D17E
:1086700001212046FFF7C6FEC1E700BF6D4600207E
:10868000A4330020B04300202DE9F04F002585B031
:108690000746039515F04AF90646043010F0DAFF54
:1086A0008046B01C10F0D6FF337804464046009355
:1086B00008F024FA82464046FAF754FC3378BAF1BF
:1086C000FF0F0CBF83464FF0010B9A070AD115F03C
:1086D000FEFC404514BFD9464FF00109B3791BB9E0
:1086E0000320B8E0A946F9E715F0F1FCA04205D156
:1086F00015F0EDFC0446994B1B7836E0984B1B783F
:10870000052BF8D0033B012B03D8964BB3F86840F8
:10871000F1E7204617F020FB737840B313F0040212
:10872000DFF838820BD198F800301A4421463846D9
:10873000D2B2FFF781FE0028D2D000208BE038466D
:1087400017F053FE014605463846FAF767F8421C13
:1087500052002946384602F0FE0216F0B8F9737846
:1087600023F00403737098F800300022DDE75B0704
:1087700026D5384617F039FE014606463846FAF740
:108780004DF8824606F101091FFA89F94946384633
:10879000FAF744F8DFF8C481BAF1000F01D0FF28DE
:1087A00005D1002249463846FAF74CF8DBE7B11C00
:1087B00001EB4001C9B2384615F0AEFA0446D2E7E3
:1087C000204603AA02A917F05EFC0546B9F1000F86
:1087D00049D0009B03F0C003802B0ED1FF2320461D
:1087E0008DF809300CF014FAFF281BD00DF10902A6
:1087F0000DF10A010CF00CFC14E0402B33D19DF874
:10880000083083B3FF2320468DF809300CF000FABE
:10881000FF2807D00DF109020DF10A010CF0F8FB59
:108820002D281BD13378404603F03F03337017F0F7
:1088300093FA10B915F04BFC8046424600212046C1
:1088400008F07AFF00283FF44BAFC82207213846D2
:108850000BF05CFA012005B0BDE8F08F9DF80930FF
:10886000FF2BDFD12546039838B99DF80820002A50
:1088700062D13A4B2C461B7857E709F05DFB039A0F
:10888000FF280346127908D1CDE900204FF4E071AA
:108890003548E3F72FFADDE90023B9F1000FE4D002
:1088A00002F03002102A0AD0202ADED1BBF1000FDC
:1088B00024D05146184609F06FFD0028D5D1DFF8C5
:1088C000AC9099F80030012B45D0204610F049FEBD
:1088D00028B92A4621464046F37917F057FBA542AE
:1088E00012D1039A137923F00C0313719DF8083009
:1088F000ABB92C46194B1B78302216E7039B1B792A
:1089000013F00C0FDBD1B0E799F80030022BE8D060
:10891000039A137923F00C0343F00403E5E70121E4
:10892000204615F0C5FE20B920460CF071F9FF284D
:108930000FD00A4B1B78DFE70121204615F0B8FE67
:1089400000287FF4D8AE20460CF062F9FF287FF4AF
:10895000D2AE02207FE7A542D9E700BFB043002096
:108960006D460020A4330020E06C0408244700205A
:1089700010F0FD0303BF024A107018462120704713
:108980000652002038B50D4B04461B780D46033BBC
:10899000012B0FD900F108039BB2012B0CD815F065
:1089A00096FB29460246204608F0C6FE80F00100EC
:1089B000C0B238BD0120FCE70220FAE76D46002076
:1089C0002DE9F041064610460D4617F04CFDA0F18A
:1089D0001004E7B256FA84F42146EA1B04F10E00B3
:1089E00012F07DF92823DFF84480F35598F8003021
:1089F000637301F06FFF611C0246012010F030FE2E
:108A000008220949601D12F06AF998F8000016F072
:108A1000BEFF05F10E0130463B460022C9B202F00E
:108A200005F81220BDE8F081FA46002067460020D4
:108A30002DE9F04F89B0044614F078FF0546204632
:108A400014F0D7FE0746281D10F004FE8146A81C2E
:108A500010F000FE0390384695F807A017F07CF957
:108A60002B780490990761D12146042002F0EEF89A
:108A700000285BD0204617F0F6FC01462046F9F7A7
:108A8000CDFE820752D1204617F0EDFC014620466C
:108A9000F9F7C4FE10F00303059347D12046FFF712
:108AA00019FD002842D0204617F0D3FD461C204671
:108AB000F9F7D6FCF6B206F10A0B834580F29D80E9
:108AC0004F4A06AB1068516803C3711C2046F9F782
:108AD000A5FE314680462046F9F7A0FE594600EB38
:108AE00008282046F9F79AFE8346059B2146B21CCA
:108AF000009306A8082315F0C7F81FFA88F8204647
:108B000014F077FE5A4641460DF008F8012240461F
:108B100006A901F0B1FB00286FD102200BF0C0FFC5
:108B2000013003D1404606A9E7F782FF15F0CFFADE
:108B300048453A46514608D115F0E8FD00285CD179
:108B400009B0BDE8F04F01F08DBB484615F0DEFDE1
:108B5000002852D12B4B1B781BB93946484615F0DB
:108B6000D0FF3A4651464846FCF730F9002844D039
:108B7000297811F0030102D12046FFF743FCAB79BD
:108B8000002B3AD0204B1B78033B012B35D96B7857
:108B9000DB070DD503982E7A16F0A0FF10B3F3086B
:108BA00003F01C0326F01F06334343F001032B722E
:108BB0004FF6FF71204614F0F0FD049BDBB910F076
:108BC00045F800F03F0202212046FCF78FFA4FF6ED
:108BD000FF73039A9A4210D1204609B0BDE8F04FC6
:108BE000FEF7F0BF06F01C031C2BE1D0042B04D9C8
:108BF000043E2E72DCE70022E5E709B0BDE8F08F05
:108C0000C8270408634600206D46002038B5144D7F
:108C10002B78023B012B20D8124B1B78033B012BF6
:108C200001D9022038BD0CF0DDFA04460028F8D145
:108C3000FEF74CFC2B78032B07D12346FF2221465D
:108C40000120FCF7A9FF0120ECE721462046F8F7B8
:108C50007DFD003818BF0120E4E71720E2E700BFE0
:108C60006C4600206D4600202DE9F04385B0044697
:108C70000E46174614F057FD0C2820467BD114F001
:108C800055FE09220021F8F7CBFC00F11005EDB2EA
:108C900029462046F9F7C2FD042853D006D80128FA
:108CA00015D0022822D005B0BDE8F0837C28FAD187
:108CB0002046F9F7D5FB05462046F9F7B5FB0246F5
:108CC0003046E9B205B0BDE8F0430FF0D7BF46B972
:108CD0001321204615F020F805B0BDE8F04315F04B
:108CE0001FBA05B0BDE8F043FCF7B8BD9D4B1B783B
:108CF000013B012BD7D82046E91CF9F78FFD074629
:108D000086B978B9691C204615F006F80546214653
:108D100016F0ECFD3A462946102005B0BDE8F043B8
:108D20000FF05DBF002508232146152200950DEBAD
:108D3000030014F0A9FF284602A907F0AFFE17F0C0
:108D400096F8B0E7884B1B78022BACD146B9FEF7FA
:108D5000D3FCC2070AD5FEF765FC002F08BF3F26EB
:108D6000304605B0BDE8F0430FF094BFFEF7AAFC13
:108D70000028F0D0F1E714F0D9FD8046043010F05F
:108D800069FC074608F1020010F064FC4FF6F77327
:108D9000984205460CD8754A138801339BB213805C
:108DA0000BB9734A13801EB1714A138801331380C3
:108DB00098F8009009F00309B9F1010F40F08380A1
:108DC000204617F050FB01462046F9F727FD0438EE
:108DD00009283FF668AF01A353F820F0058E02087A
:108DE000A78C0208A78C0208298E0208A78C02080B
:108DF000A78C0208A78C0208118E0208A78C020813
:108E0000118E0208204605B0BDE8F043FFF7C8B94F
:108E1000544B1B78042B7FF446AF0021084605B065
:108E2000BDE8F043F8F792BC4E4B1B78013B012B99
:108E30003FF639AF404617F054FB00274D4B014633
:108E40005B898DF80A70ADF8083000283FF42BAF2D
:108E5000384607F023FE0546204617F004FB421C67
:108E600003232146009792B202A814F00DFF9DF84B
:108E70000A30E6B93C4A1278022A18D1BBB9FF2D54
:108E8000BDF808400AD03C4A214632F81530284641
:108E900023F4806322F8153016F0C9FF204617F03E
:108EA000D3F80022214610200FF099FEFBE6022B9A
:108EB0003FF4F9AE2BB9304B33F815305B053FF575
:108EC000F2AE28463BE7B9F1000F7FF4ECAE314635
:108ED000204604F0B9F8002E3FF4E5AE4FF6F773E4
:108EE0009D423FF6E0AE98F80160284616F0040671
:108EF00020D117F0F6F8044628467CB116F016FF8C
:108F00000346F0B90C2200902946384615F057FF69
:108F10000C22002339462846009308E016F006FF8D
:108F20000346B8B9154A009012782946384615F01C
:108F300046FFB8E616F0FAFE034678B90B22009019
:108F4000F3E70622334629463846009615F037FFE8
:108F50000622DEE7234600940622E6E74B46CDF8DC
:108F60000090F9E76D4600206C4600203E4300204B
:108F70003C430020D56B0408F2420020065200203A
:108F80002DE9F04F05888BB00446284614F0CEFC3E
:108F90008046043010F05EFB074608F1020010F036
:108FA00059FB05A90190284617F0A8FA284617F0A2
:108FB0005AFA014606462846F9F730FC98F8003080
:108FC000029003F00303012B0CBF82464FF0FF0A0F
:108FD0000EF0AFFFB4F806B0814615F078F898F8B7
:108FE000073000903846039301F074F8002838D118
:108FF000019801F06FF8002849D1FCF7B9F9A9EB05
:109000000B0B1FFA8BFB8146F9F728FF002844D190
:10901000FFF7DEFA002840D1A14B1B78033B012B60
:1090200042D8BAF1060F00F0BE80BAF1040F00F08A
:10903000BA80FFF7CDFA20B1029B03F00303012BA6
:1090400032D0F9F76BFE28B9964B1B7803F00F036B
:10905000062B6FD1944B2846B3F8681014F09DFB93
:1090600022E0284614F062FC023010F0F3FA4FF6CA
:10907000F773984206D9039B23B92846FFF72AFACB
:109080000028B5D1A37823F00F03A37054E0019812
:1090900016F062FE0028B0D1F4E7A9F104095FFAE6
:1090A00089F9B9F1020FB7D8BAF1010F40F0A280E7
:1090B000284614F05CFB4FF6FF7398426AD10023F8
:1090C0003146284607AA16F022FF80460028D9D04C
:1090D00042799DF82530934209D9711D284689B2FD
:1090E000F9F7B0FBA37823F00F030233A3700FF05E
:1090F000ADFD7E23B0FBF3F202FB130303F5807397
:10910000A3809DF8263013F0180F0BD0A378190711
:1091100008D1009BBB4205D0384698F8052005A928
:109120000FF0DCFD9DF82700003818BF01200BB0C0
:10913000BDE8F08F2823A3800020F8E7584B1B7868
:10914000033B012B5FD940F6B8339B459AD80FF00B
:109150007DFDFF238DF81330002300F03F00C0F5A4
:10916000FA70A08007A90DF113008DF81C30FBF7F1
:109170009FFE054698F80710384615F0BBFA002DFB
:1091800080D09DF81C20013A032A7BD8DFE802F04A
:10919000807A697D4FF6F773019A9A4224D898F83D
:1091A0000130DA0720D4284614F0E1FA14F01BFF4E
:1091B000012808BF3D4BA27809BF1B78FA2303EBB7
:1091C000830303EB830302BF9B00FA339BB21209B4
:1091D0007FF458AF5B45FFF455AF0FF037FD00F05B
:1091E0001F001030A08053E02D4B1B78033B012B58
:1091F000A9D8D8E74FF6F773019A9A429ED898F803
:109200000130DB079AD4BAF1020F53D10123314662
:1092100007AA284616F07BFE074614F058FFBDF853
:109220002230984236D1002F3FF42CAF01227B88A8
:109230003146284608F004FC1D4A13780133DBB29E
:1092400088F8073013707B88BDF81E209A421FBF34
:10925000A37823F00F030233A3704FF4C873A380E5
:1092600016E0009BBB4213D000283FF40BAF4268CE
:1092700001323FF407AFC2789DF813309A42BFF431
:1092800001AF05E0009BBB4202D0A2781209EBD1EE
:1092900001204CE7184616F05FFD0028C3D182E795
:1092A0006D4600206C460020A4330020CC510020E5
:1092B0006A460020BAF1030F7FF475AF009BBB42F2
:1092C0007FF471AF711C284689B2F9F7A7FA0C2810
:1092D0007FF469AFFBF790FB4FF6FF7398420146AE
:1092E0003FF461AF284614F058FA5CE72DE9F341EA
:1092F0000446008814F01AFB0546043010F0AAF961
:109300000646A81C10F0A6F907460EF012FE054608
:109310003046B4F8068000F0DDFE064648B938460F
:1093200000F0D8FE58B9194AA3781278033A012AF6
:109330000BD8A378002623F00F03A37021E0384652
:1093400016F00AFD0028EED1F3E71B09F1D1A5EBD9
:109350000805ADB2B5F5C86FEBD80DF1030138467D
:1093600001AA019316F08FFE9DF80350014645B9FE
:109370004FF6FF73984204D00126208814F00DFAAE
:10938000A580304602B0BDE8F08100BF6D460020E8
:109390002DE9F04105460C4614F0C5F9082802D124
:1093A0000120BDE8F081201D10F054F90646284642
:1093B00094F8078014F01DFA0746284614F0A9F91E
:1093C000010612D5184B1B78042B0ED1174B1B78B6
:1093D000022B0AD1164BB3F868204FF6FF739A425E
:1093E00003D000210846F8F7B1F9124B1B78002B87
:1093F000D6D1A01C10F02EF94FF6F773984202D880
:109400006378DA070DD523789B070AD13A4641469F
:10941000304615F07BF980F00100C0B200F0010089
:10942000BFE70120FAE700BF6D4600206C46002030
:10943000A4330020264700202DE9F04F9BB00446BE
:1094400014F071F90546204614F06DF9082851D141
:1094500010220021204615F03AFB2046F8F7E4FFE1
:1094600005462046F8F7FCFFC1B2284615F017F86C
:10947000ADF84A408DF8490048B92046F8F7D4FFC6
:1094800001460DF14900FAF71DFA8DF8480048F23F
:109490000103BDF848209A4202D12046F3F7B2FCFE
:1094A0009DF84930402B05D12046F3F7ABFC1BB0AB
:1094B000BDE8F08F802B17D015A806F0E5FDBDF8AC
:1094C0004A009DF848509DF84960F8F7C9FF0446E6
:1094D000BDF84A00F8F7A8FF31460090E3B22846ED
:1094E00015AA0FF01FFCE2E712A80CF045FD0028BA
:1094F000E2D0DCE7204614F069F9B0F5006F40F0E7
:109500000081204614F075F90646042D40F0FC80D9
:10951000204614F0FEF880F40060C0F3C020002262
:10952000314640000FF05BFB924B1A78022A0DD0B7
:10953000FFF74EF850B902F0FD03312B06D0043A84
:10954000012A03D98C4B1B78002BB0D02146022076
:1095500001F07CFB04900028A9D02046ADF83E40E5
:1095600014F0E4F90446BDF83E0014F042F9054653
:10957000201D10F06FF8A31C83461846029310F0CC
:1095800069F810A90746BDF83E0016F0B7FF6378EA
:109590000590BDF83E0094F80080079316F063FF35
:1095A0006378064608F0030828460A93F9F7DAFCC0
:1095B000B8F1010F0CBF032302230C936F4B08BFBC
:1095C0004FF00B091D80237818BF4FF00A0903F0F4
:1095D0003C03082B0B907FF46AAFBDF83E00F8F710
:1095E0003FFFB0427FF663AFB8F1010F03D023789D
:1095F00098077FF45CAF624BB3F86830AB420DD193
:10960000604A614BB2F9001093F90030002900F074
:10961000A08001EB0313A3EB21131380A6F1100329
:10962000DBB206938DF83D3010224846BDF83E105F
:109630000DF13D030FF0BDF800283FF438AF079B54
:1096400013F00203089300F00981504B1B78002BA4
:109650003FF42DAFBDF83E90484616F004FF0023BE
:1096600082464846CDE915331793ADF8603014F0C3
:10967000C0F80AF10E01029089B2484616F0C6FE03
:10968000002870D0002352464946009315A80E23A7
:1096900014F0FAFA01200DF155010FF0EFFF9DF8DB
:1096A0006130099003939DF85430282B5BD10DF164
:1096B0005900F9F7DFFF0D90002854D1039816F0F8
:1096C00066F90D9B002867D1314B039A1B78D31A9A
:1096D000190648D404F050FD01283CD10EF02EFCB0
:1096E0002C4E0546346824B104F052FD2C1B8442F4
:1096F00039D30023FF2219461846FCF74DFA35608E
:1097000031E04FF6FD7600E74FF6FF70301A18BFD4
:1097100001200022314640000FF061FA0C2D0DD1DE
:109720002146012001F092FA00283FF4C0AE214604
:1097300000201BB0BDE8F04FFDF752B82DB9204610
:109740001BB0BDE8F04FFDF7FDBC042D7FF4AFAEBC
:10975000EAE61B0261E704F00FFD022803D104F0E2
:10976000EDFC0028BAD00022192002990FF037FA38
:109770009DE600BF6C46002026470020CE43002017
:10978000A4330020A0430020224700206846002088
:1097900067460020BC340020012210210092484678
:1097A000524615F001FE0028DDD0BD4B039A1B7810
:1097B000934240F0A88002990DF1590212A8F9F7DE
:1097C000B9FB012112A8F9F731FC824648F20301E6
:1097D00012A8F9F737FDBAF1000F03D0082112A83B
:1097E0000FF0A2FE484616F05CFE02990DF15900FA
:1097F000FBF7A2F9FE288246B5D0FF280AD10298CD
:1098000014F0DCFEFF28824600F085800DF159013E
:10981000FAF7A8FFA24B039A1B78934200F0A180AD
:1098200050460999FBF76EF900283FF440AE5046C8
:109830000999FBF779F923789A070FD1484616F072
:1098400012FE01464846F8F7E9FF00F00300012840
:1098500004D102980DF15901E7F7EAF8BDF83E008E
:1098600013F057FF030440F1838020460FF0F2FE0F
:1098700040F4007189B220460FF0EEFE00224FF452
:109880000041BDF83E0013F035FFDDF810901022C6
:10989000BDF83E100C980DF13D030EF08AFF002834
:1098A0003FF405AE032866D120460FF0D3FE40F406
:1098B000007189B220460FF0CFFE284616F04CFA10
:1098C000002840F0B780DDF81090B8F1010F40F0AB
:1098D000B7800320BDF83E1001F0B8F9002840F031
:1098E000AF803146BDF83E00F8F798FF0F280146DB
:1098F0007FF6DDAD4FF6F7739F423FF6D8AD2846B1
:1099000015F049F9D3E50120039903F05FFD002824
:109910007FF451AF27E7237803F00303012B08D12D
:10992000484616F0A0FD01464846F8F777FF08289C
:1099300094D05C4B1A785C4B1B789A4209D20DF19B
:1099400059010298FAF79CFE029814F037FE8246FD
:1099500060E7A01C0FF07EFE4FF6F7739842EED939
:1099600001E75046FBF758F900283FF459AF5EE78E
:109970004FF000098BE7284616F0EEF90028A4D036
:10998000089B002B58D1B9F1000F53D1B8F1010F4A
:10999000BDF83E009DD03146F8F740FF8246DFF823
:1099A000189199F80030002B55D014F090FB8742A5
:1099B0007FF47DADB8F1010F40F08680BAF1070F5A
:1099C0007CD8BAF1050F7FF672AD384B1B78022BAD
:1099D00002D0043B012B03D899F80030002B41D072
:1099E0000A9B980640F1BF800B9B002B40F0B7808C
:1099F000284607F083F8FF2840F0B1805D457FF4EA
:109A000056AD059B002B00F0A88010AB46F2040277
:109A10000124ADF8542001932146022328460094E6
:109A200015AA16F0FCFC00283FF441AD214614F0C5
:109A30001FFD3CE5DDF81090284607F05BFE44E78B
:109A40003146BDF83E00F8F7E9FE089B824613B99F
:109A5000B9F1000FA3D0154B1B78022B02D0043BA9
:109A6000012BBDD8284600F035FB814600287FF445
:109A70001EAD14F02CFB854230D10D4B1B78033BFF
:109A8000012B27D80B4BB3F8684014F020FB4B4652
:109A900001460D222046CDF8009015F090F906E51C
:109AA0006746002066460020CD5100206C4600200D
:109AB0006D460020A433002068460020AAF10E0362
:109AC000DBB2012B81D9F2E40AF00303012B7FF40E
:109AD000EEAC7AE7012000F09BFBE8E4284616F0A4
:109AE0003BF958B914F010FB4FF6FF73984205D0BC
:109AF00009F088FD10B92846FAF768FD284616F0E7
:109B00002BF988B114F000FB4FF6FF7398420BD08D
:109B100009F078FD40B9B8F1010F02D1BAF1060F92
:109B200002D0284607F03EFB059BA3B91946012247
:109B3000584600F0A1FB814600287FF4B8AC2046CF
:109B400016F0CFFC4A460146384600F095FB002847
:109B50003FF446AFABE410A9E9E7059B56E763780D
:109B600023F0200363704FF6FC739F4275D1B94B0D
:109B70001B78033B012B7FF69AACA3790BB1013B19
:109B8000A3716378590727D50023584615AA12A94F
:109B9000159316F078FA1598F0B108F0CDF98146D2
:109BA000384606F0ABFF159A0146137903F03000F2
:109BB000102806D003F00C0008281CBF23F00C036B
:109BC0001371137903F03303202B05D1FF2903D040
:109BD0000122484608F0A8FB284606F08FFFFF2820
:109BE0001EBF00229C4B43F82020079B03F0010975
:109BF0004FF6F7739F4200F20781B9F1000F40F072
:109C0000DD802946584614F07CFF14F060FA874244
:109C100000F00881384616F09FF800284AD0B8F1C5
:109C2000010F30D1BAF1010F20D14A463146BDF8BB
:109C30003E0007F061FF384616F08EF8874B1B7820
:109C4000002B6DD1584616F087F8002865D13846AC
:109C500016F082F8002860D129E44FF6FD739F4288
:109C60008BD17C4B1B78042B87D120E4384616F02F
:109C700073F850B3BAF1030F27D13146BDF83E0057
:109C800015F0D5F813E4384616F066F8384616F0A5
:109C90004DF800283DD0002339465846BDF83E20F7
:109CA00001F056FBA8B30021BDF83E00FEF7AAFB69
:109CB000FFF7FDBB384616F04FF818B1B8F1010FA9
:109CC000D8D0E3E7B8F1010FE0D1644B1B78002B4B
:109CD000B8D0BAF1050F23D114F0F9F98DF854007A
:109CE00014F0F5F9000A8DF855000123022215A998
:109CF0000DF13E00F8F7EEFC00287FF4D8AB711CA4
:109D0000BDF83E0089B2F8F777FD037801330370A0
:109D100006E0524B1B78002B94D0B8F1010FD8D03D
:109D200063785A070CD5BDF83E40204616F05DFB1F
:109D3000411C89B22046F8F75FFD0378013B0370B0
:109D4000444B1B78033B012B30D8B8F1010F06D1EF
:109D5000BAF1050F1FD114F0BAF9834522D1BDF82D
:109D60003E00FEF791FC02281CD10021584615AA9E
:109D700008F02EFA30B10379458003F03C0343F03C
:109D8000400303710023364A00933946584612783F
:109D900015F015F806E0BDF83E00FEF775FCBAF1C7
:109DA000030FE0D1002239461C20DFE4BDF83E005D
:109DB000FEF76AFCB8F1010FD5D1F0E7B8F1010F59
:109DC00040F0BE800AF1FF330C2B00F2AD8001A2FF
:109DD00052F823F02F9E02082F9E02087B9C020857
:109DE000459E0208659E0208899E0208AB9E0208F5
:109DF000D79E0208ED9E0208ED9E0208F99E020819
:109E0000119F02081D9F0208B8F1010F00F09F800A
:109E1000B9F1000F40F09480BDF83E00FEF708FE57
:109E2000FFF745BBB8F1010F7FF43DAFCAE7AAF1D8
:109E300002035A423146BDF83E005A4107F05CFE2B
:109E4000FFF735BB32465846BDF83E10FEF7CAF85C
:109E5000FFF72DBB6D46002050250020D351002078
:109E600006520020711CBDF83E0089B2F8F7D6FCFE
:109E70000236F6B20246BDF83E305846009610A9AA
:109E80000BF016F8FFF713BB424B1B78013B012B7D
:109E90003FF60DAB069B0121009300202346BDF841
:109EA0003E2014F0A3FCFFF702BB3A4B1B785A1E6E
:109EB000012A07D90120069ABDF83E10FCF772FB73
:109EC000FFF7F5BA022B7FF4F2AAF8F7C7FF0028D4
:109ED000F0D1FFF7ECBABDF83E0006F067FFFFF7E0
:109EE000E6BABDF83E00FEF701FA95E7BDF83E0080
:109EF000FEF7FCF9FFF7DBBA264B1B78013B012B81
:109F00003FF6D5AABDF83E00FDF7DAFCFFF7CFBA61
:109F1000BDF83E00FDF724FDFFF7C9BABDF83E00CD
:109F20000AF0CAF9FFF7C3BA334622465046BDF8D5
:109F30003E100FF00AFB00287FF4B9AA5146DEE478
:109F4000237A03F00303012B7FF4B1AA64E70AF13B
:109F5000FF330C2B3FF6ABAA01A252F823F000BF4F
:109F60002F9E02082F9E02087B9C0208459E020835
:109F7000659E0208899E0208AB9E0208D79E0208D1
:109F8000E39E0208E39E0208F99E0208119F020860
:109F90001D9F02086D46002010B50021114813F0E6
:109FA000AFFD0446E8B113F04DFC0F4B187020468E
:109FB00013F04DFC0D4B1870204613F04EFC0C4B6B
:109FC0001870204613F04EFC0A4B186001200DF06B
:109FD000CBFF2046FFF730FABDE8104000200DF01F
:109FE000C3BF10BD8243002023470020224700202A
:109FF00021470020B4340020014B1860704700BF97
:10A00000B834002070B5164E044633680D46E3B1EF
:10A0100013F089FB0C2818D1204613F087FC092285
:10A0200000210446F7F7FCFA235C042B0DD10D4BFD
:10A030001B78033B012B08D80B4C25B10B4B227826
:10A040001B789A4203D300232370002070BD084878
:10A050003168F8F725FC2378012001332370F5E7F8
:10A06000B83400206D46002025470020055200200E
:10A070004C50002070B50024124D2C70E6F7B2FA57
:10A08000E6B2B04212D8104B1B78013B012B04D82A
:10A0900000214FF6FF70FBF731FE00220B4B1A70C8
:10A0A0000B4B198801B11A80012070BD304606F0B3
:10A0B000B5FDC30748BF2B7804F1010444BF013349
:10A0C0002B70DBE7654600206D4600205C460020D3
:10A0D0003843002038B50B4B05461B7873B101336C
:10A0E0005C08094B1888F8F79FF9002330F8132013
:10A0F000AA4205D00133DAB2A242F7D3002038BD1C
:10A100000120FCE75C4600203843002030B50546BE
:10A1100085B008460C4615F0E0FDFF280CD014F081
:10A12000B6FD012200210346CDE90112009221462D
:10A130002A460720FBF79CF9284606F0DFFCFF289B
:10A1400004460FD006F06AFDC2070DD5204606F082
:10A1500065FD830708D40B4A32F8143043F480635A
:10A1600022F8143005B030BD14F091FD0122002119
:10A170000346CDE90112009207202A46FBF778F941
:10A18000F0E700BFF24200204FF6FA72431E9BB286
:10A19000934270B504462AD8FFF79CFF38BB194B91
:10A1A0001B78042B23D0204614F008FAFF2801D096
:10A1B000FAF73CF9204615F03FFF08B107F0D2FE50
:10A1C0002046114E04F058FA20460EF085FD3178F5
:10A1D0000E4D69B12888F8F727F9054601461E2279
:10A1E000023010F07CFD2C8033781E2B07D970BD17
:10A1F0002020F8F7DFF928800028EBD1F7E70233B9
:10A200003370F4E76D4600205C46002038430020A0
:10A2100037B5134B05461B78022B1FD113F057FFA0
:10A22000044613F054FFFFF7AFFF14F030FD13F0B6
:10A230005AFF002014F007FB40F607400EF07CFDAB
:10A240003DB100230D2221464FF6FD70009314F01E
:10A25000B6FD03B0BDE8304004F04ABF03B030BDE6
:10A260006D460020034B1B7813B90120FFF7D0BFC8
:10A27000704700BF63460020F7B504460D461746F9
:10A2800013F025FF0646002D47D04FF6FB739C4286
:10A2900043D82046FFF71EFF30B1A64204D1204B21
:10A2A0001B78033B012B38D92046FFF713FF10B171
:10A2B000012003B0F0BD2046F2F7E2FAC0B1A64299
:10A2C000F6D00CB369462046F9F73EF90246D8B9F4
:10A2D0000821684613F03EFEB0B9082269462846B8
:10A2E00010F0EDFC80B12946204614F000FDDFE7B8
:10A2F000A642E6D12846F9F7BDF928B90120FFF7B3
:10A3000087FF06F0DFFED3E73FB121462846FAF784
:10A3100047FA2146284604F0CBF90020C9E700BFE0
:10A320006D460020044A13782BB1013BDBB2137059
:10A330000BB9024A138070475C4600203843002066
:10A340000148F7F797BE00BF384300202DE9F047DA
:10A35000804617460D468CB061B903AE00211B48FC
:10A3600013F05CFB4FF000090446DFF860A01CB955
:10A3700020461DE00E46F1E7002221462423304608
:10A38000CDF8009013F080FC08224146304610F0D2
:10A3900096FCA8B9337C9BB96FB945B92A462146CA
:10A3A0000A4813F0CCFB0A4A1388013B13800120B2
:10A3B0000CB0BDE8F0873B88B28953405B06ECD512
:10A3C0002146504613F080FB0446D0E7B6430020F8
:10A3D000B4430020024B1888003818BF0120704792
:10A3E000B443002070B500252C460D4B8EB01E885E
:10A3F000EBB2B34201D30EB070BD09A8E6F7ECFD95
:10A40000204605AB01AA09A90FF03AF828B9322174
:10A410000AA814F0B5FE0135EAE70134E4B2FAE720
:10A42000B443002040232DE9F04397B0074611A81C
:10A430008946ADF80E30E6F7CFFD02238DF84430A3
:10A44000002304AE3146384604937360F9F77CF874
:10A450000546002840F08A8038460FF082F8804692
:10A4600013F035FE0446002840F0B08099F8013022
:10A47000042B40F0AE80E6F7C1F8022879D1E6F768
:10A48000BDF8022840F0818096E8030003238DF890
:10A49000443012AB83E803009DF85130002143F0B3
:10A4A000060310220DA88DF8513010F032FC0DA9D2
:10A4B00011A80EF05AFEBDF8463009A943F0040376
:10A4C00011A8ADF846300EF0AFFE102209F10A01D6
:10A4D00009A810F0F4FB0546002872D1E6F78EF8C3
:10A4E000022806D13146FF200DAA0EF06BFE00288F
:10A4F0006AD134240025E6F781F8022808D19DF8B6
:10A5000051301B0704D430460DF10E0114F00FFE3C
:10A510002146304614F034FE10238DF81830042301
:10A520008DF81A303346002203CBCDF81B00CDF84E
:10A530001F1006A80B218DF8195013F058FA024687
:10A5400038B1002D14BF012303233146384603F0F0
:10A5500079F8B8F1000F09D0342C07D106A832469B
:10A560003946F8F7E7FC06A80EF0E1FF17B0BDE8A2
:10A57000F083234621463046009411AA01F06EFE76
:10A5800000283FF47CAFAD25C6E7E6F737F8012891
:10A5900091D1114B1B6803F08403842B8BD196E877
:10A5A000030002238DF844301023ADF8463012AB7F
:10A5B00083E803009DF8513043F002038DF85130D9
:10A5C00079E73324AD2596E7052494E72C46A325A7
:10A5D000A2E7AA25A0E700BF282700202DE9F04325
:10A5E00036488DB0F8F7F8F90DF0A8FC344D2B681B
:10A5F000C41A4FF47A73B4FBF3F4A4B214B10DF09F
:10A600009DFC28602F4F4FF6FF763B88DFF8B8801F
:10A61000ADF80A3000233B8000210DF10A0013F051
:10A620006FFA054658B9284B1B882BB14FF47A7145
:10A6300022487143F8F734F90DB0BDE8F0834FF0CC
:10A64000000924234A462946CDF8009003A813F0B8
:10A650001BFBBDF81A30A34294BFDB1A1B1B9BB235
:10A66000ADF81A30CBB913F032FDBDF8183003F055
:10A670004003184380B218B9322103A80EF058FBEA
:10A68000BDF818301B0602D508980EF01AFCB8F871
:10A690000030013BA8F80030BEE79E4228BF1E46AE
:10A6A00001234A462946009303A8242313F0ECFA19
:10A6B0004A462946384613F0B7F9ADE7342600205C
:10A6C000C0340020B6430020B4430020F0B5044657
:10A6D000304A8DB01068516801AB03C3A378012BD9
:10A6E00054D1162200210DF11A0010F012FBD4F8FB
:10A6F0002110D4F81D0003AB03C32388190644BFFF
:10A7000062680892DA050BD5221D08AE04F1140721
:10A71000354610685168083203C5BA422E46F7D153
:10A72000ADF8183013F0040318BFA3690593E5F7DB
:10A7300089FF0023ADF81A008DF81C3013F0C7FC18
:10A74000E0B906A903A814F0F2FC0022242103A812
:10A7500013F04DF90446D8B10020FFF73FFF002267
:10A7600021460D4813F060F90C4A0020138801338C
:10A770001380FFF733FF00200DB0F0BD082201A9C0
:10A7800003A810F09CFA0028DFD0DAE70220F3E7F4
:10A790001920F1E7C8270408B6430020B44300207D
:10A7A000F7B5044600200E46FFF718FF104B1B8834
:10A7B000A34202D8212003B0F0BD00210D4813F0C0
:10A7C0002DF9002501460B4F0029F3D0A54208D1F1
:10A7D0000024242322463046009413F055FA2046E4
:10A7E000E9E7384613F070F901350146ECE700BFA0
:10A7F000B4430020B64300200148F7F73BBC00BF3C
:10A80000B6430020014B1888704700BFB4430020B6
:10A8100030B5154A8DB051680546106801AB03C3C9
:10A8200007A8E6F7D9FBDDE90101032308AC84E8BA
:10A8300003008DF81C309DF8293003A943F0020372
:10A8400007A88DF829300EF090FC10B12D200DB026
:10A8500030BD23462868696803C303A907A80EF022
:10A8600065FC0028F3D0F1E7C827040870B50C4652
:10A8700011460E4A23781278064613F0200542EA64
:10A880000302227018BF611D082210F028FA002D63
:10A890000CBF05200D20D4F80130B360237833734A
:10A8A00003F01803082B08BF013070BD6846002074
:10A8B000042307B51A460DEB03010120F8F706F94A
:10A8C000019B034A1B03136003B05DF804FB00BF48
:10A8D0001827002010B5064C2368C3F30B0313B9E7
:10A8E00004200DF0A0FB2068431C236010BD00BFB6
:10A8F00018270020014B1868704700BF1827002058
:10A9000007B50020054B0190186004231A460DEB93
:10A910000301F8F7DBF803B05DF804FB182700200B
:10A920007FB511230622012001A9F8F7CFF8084BC3
:10A930009DF814201A70074B1B780BB1052B05D11D
:10A940000EF0BEFA012007B05DF804FB0020FAE724
:10A9500067460020684600202DE9F04F0646CBB040
:10A960008846008801211746F7F7E8FD2E4B3A4646
:10A970003188ADF8160006A814F095FC0DF1280BEF
:10A980005A464146C419308814F017FCE4B208EB6B
:10A990000003A34208BF044605464FF004091CBF4C
:10A9A000A4EB0804E4B223465A460121CDE900098C
:10A9B0000BEB050ACDF808B02D1B06A8E6F7B6FE8E
:10A9C000EDB20BEB04030093019523465A46414632
:10A9D000308814F020FC348839462046F7F71EFFF3
:10A9E000394600F0F8022046F7F72CFF01213088A5
:10A9F000F7F7A4FD01234A46514680B10DF1160038
:10AA0000F7F768FE01210446BDF816203088F7F7F5
:10AA1000A9FDB4FA84F040094BB0BDE8F08F304690
:10AA2000F7F758FE0446F4E7FA4600202DE9F04F08
:10AA3000C9B0044688469246C118224A04A81F4657
:10AA4000FFF714FF4FF00409C519EDB208AB0293EC
:10AA5000A5EB0A0BA8EB0A035FFA8BFBA8EB050634
:10AA6000DBB2F6B204EB0A02009301215B46CDF89B
:10AA7000049004A8E6F75AFE06F590730DEB030266
:10AA80005A44A2F58072136808A844F80830E35DC0
:10AA9000324623F00703E3552C44214610F002F917
:10AAA00008ABCDE9019308AA00230121009604A870
:10AAB000E6F73CFE3246204608A910F0F3F849B00C
:10AAC000BDE8F08FFA460020F8B5064615F0C1FD46
:10AAD000811C054689B2304615F098FCF0B1EDB105
:10AAE00029463046F7F79AFE1228074616D80C4B2F
:10AAF000691C1C5C89B23046F7F790FE2C44052F88
:10AB0000E4B205D1052809D8064B1B5C1C44E4B20D
:10AB100021463046BDE8F84015F078BC0020F8BD6D
:10AB20001A6C0408146C0408F8B5054615F09BFC73
:10AB30000446284612F0FAFEA11C074689B22846B0
:10AB400015F064FC00283ED0002C3CD0214628465D
:10AB5000F7F764FE0646611C284689B2F7F75EFEE9
:10AB60000F2E30D8194B9B5DE118731E89B2092B4B
:10AB70000ED8DFE803F009050D0D120D0D181E1E8D
:10AB8000C40644BF083189B2820601D5083189B2B2
:10AB90002846BDE8F84015F039BC7B78DB0612D5B5
:10ABA00001EB4001F3E700F01F0000EB400001441F
:10ABB000EDE71F2805D8092E0ABF4000022080B209
:10ABC000F5E7C828E4D00020F8BD00BF2D6C0408CC
:10ABD000F8B5064612F0AAFE092200210546F6F74E
:10ABE0001FFD00F1100428460EF034FDE4B20746C4
:10ABF00021463046F7F712FE05463046F7F730FC9F
:10AC0000BA05A0EB0403DBB20AD47C2D0AD0082DD0
:10AC10000AD8064A505D98428CBF00200120F8BD3A
:10AC20001220F8E70320F6E7FF20F4E73E6C040863
:10AC3000014B1878704700BF07520020024B00F00C
:10AC400001001870002070470752002038B5114BE2
:10AC500004461B7808469BB9012038BDA24205F185
:10AC600001050FD103EBC1035B6898470028F3D1BE
:10AC70001E2022464FF6FF710DF0B1FF0020ECE7D9
:10AC80000025054BE9B213F83120002AE6D114461D
:10AC9000EEE700BF07520020E46B0408002313B561
:10ACA000ADF80430134B984221D10B88DA0702D556
:10ACB000232002B010BD9B0744BF4FF47F43ADF883
:10ACC00004300D4B7F221C880DF106000223214623
:10ACD0000DF0ABF94FF6FF73BDF806209A42E7D1AD
:10ACE0002046022201A90DF0A9F90020E1E7212068
:10ACF000DFE700BF1FD1BACA18260408002313B526
:10AD00000D4903807F220223044609880DF10600C5
:10AD10000DF08BF99DF80630BDF806201BB1238895
:10AD200043F0010323800020FF2A82BF238843F0E1
:10AD30000203238002B010BD1826040830B1036856
:10AD4000034A136043680020536070472120704716
:10AD500008520020034B1B78002B14BF44205620C0
:10AD60000E307047684600202DE9F04F8DB0179CDB
:10AD700006468946CDE90223BDF85870D588ADF85E
:10AD800016103CB9EC0605D500970EF006F80DB08C
:10AD9000BDE8F08FC5F380242B054FEA043448BF8B
:10ADA00044F40064A80511D544F080040A2E00F292
:10ADB0006581DFE816F098002F0017003700630167
:10ADC000630137001000980037009C00E90548BF78
:10ADD00044F04004EAE74FF001084FF0020B4FF057
:10ADE000000A14E008A95FFA89F014F038FEDDF8D3
:10ADF0002500DDF8291006AB03C3A24B33F8193048
:10AE0000ADF816304FF00008C3460DF1180A002FB8
:10AE10005CD125E006AA0DF116015FFA89F003F076
:10AE20000BFCEFE74FF6F773994540F2278115F4D5
:10AE3000026F40F02381944B1B78022B03D0043B1C
:10AE4000012B00F21D813FBB032E4FF001080CBF08
:10AE50004FF00C0B4FF0080BBA4624F4C074A4B2A8
:10AE60008A4B18884FF6FF73984206D08849F8F746
:10AE70006BFB10B124F48054A4B2039B38460093BA
:10AE8000BDF81620534644F4027108F027FDADF8D2
:10AE90002000B0BB19207AE73846F7F7E1FA0246FE
:10AEA000FFF758FF032E08BF0138824201DD38202A
:10AEB0006DE7032E4FF001080CBF4FF00C0B4FF065
:10AEC000080B4FF0000A24F4C074A4B2029B1B8844
:10AED00093B91A46394606200DF07FFC0028BFD1F1
:10AEE00040F6014053E74FF00008C34677E74FF0C4
:10AEF00001084FF0030B72E7002339461A4607207A
:10AF0000EAE74FF6FF73614A118899421CD012F0AC
:10AF10000DFD03465D4A0430118803930EF09CFB3F
:10AF20005C49039B097814F4805FD9715849574AEA
:10AF30001FBF086898604868D8604FF6FF73138099
:10AF40004FF0FF330B604B605946029A08A808F097
:10AF500089FD00289ED0504C2378002B3CD1A7B10E
:10AF60003846F7F77DFA0746BDF82000F7F778FA7C
:10AF700023780744002B14BF12220022EB1003F0A9
:10AF8000040317443B44842B91DC15F400570AD08A
:10AF9000BDF82040204612F0BCFB40F4806189B22D
:10AFA000204612F0A1FBA6F10803012B05D80122CF
:10AFB0001021BDF8200012F09DFB179BBDF820402A
:10AFC00043B32046BDF8161012F0E7FBBDF8203061
:10AFD000179A00201380DAE6AA06C0D56B0103F0A9
:10AFE00020030A2E14BF43F0010363F07E03DBB29B
:10AFF000B8F1000F08D000215246009108A800F0D7
:10B00000B5FE0028ABD0C2E61A46514608A814F097
:10B01000CFFAF6E7204615F026FA21460246179B9E
:10B0200004200DF0DAFB00283FF45AAF0A2E18D89E
:10B030004FF4D963F340DB0713D5072E0AD00A2E4D
:10B0400008D0BDF8200013F06CFD80F00100C0B204
:10B0500080009CE608A80EF087FA0028F1D00420B2
:10B0600095E617B125F04005ADB22B463146BDF847
:10B0700020005FFA89F201F029FF88E6012086E6C8
:10B08000162084E64E3B00206C460020A251002092
:10B09000085200203147002068460020F7B50F46CF
:10B0A0009DF828100446DDE90B061D46F1B94FF660
:10B0B000FF739C421CBF174B1C804FF000041CBF49
:10B0C000154B1A70BDF8240008F062FD00232A46D3
:10B0D000CDE90043394606209DF82030FFF744FEB5
:10B0E00010B90EB1AB7A337003B0F0BD78B14FF642
:10B0F000FF739C421FBF074B1C80074B1A70002236
:10B1000012F075FC04460028DCD11920ECE7212060
:10B11000EAE700BFA2510020314700202DE9F047A7
:10B1200088469DF82810074616461D469DF820A023
:10B13000BDF824900B9839B158B3002212F057FC97
:10B14000044610B9192025E00C464FF6FF739D42C6
:10B150001FBF114B1D80114B83F800A04FF6F773F2
:10B160009E4208D80E4B4FF6FD761A784FF6FF73C5
:10B17000002A18BF1E46484608F00AFD00233A463A
:10B18000CDE9084331464346BDE8F0470320FFF7C9
:10B19000EBBD2120BDE8F087A251002031470020FF
:10B1A000A34500202DE9F04786B09DF8386005469C
:10B1B000DDE90FA80C4617469946B6BB374B1B78FE
:10B1C000022B1DD125BB4FF6F7739C4214D80026E5
:10B1D000484608F0DDFC00233A46CDE900632146ED
:10B1E000FF232846FFF7C0FD38B9B8F1000F04D09F
:10B1F000BB7A88F8003000E0012006B0BDE8F08797
:10B20000043B012BDED908460EF0ABF910B31DB399
:10B21000022D31D1E5F7DAF9A042EDD9204B33F810
:10B2200014204FF6FD739A4219E0BAF1000F32D0A4
:10B230001A4B1B78022B05D1FFF78CFDB042E6D2EA
:10B240003820DAE7043B012BF6D908460EF089F9DD
:10B250000028F1D11620D0E74FF6F7739C42CBD8E7
:10B26000002EB4D031460022504612F0C0FB0646F4
:10B270000028ADD11920C0E7012DBDD104AA0DF1E0
:10B280000E01E0B203F0D8F9064B1B78A342B3D904
:10B29000BDF80E20C5E72120AFE700BF6C460020B7
:10B2A0004E3B0020C651002030B5104B87B00546FC
:10B2B0000C461868596803AA03C298680C491060C4
:10B2C0009A88DB8852BA23F04003ADF8123000238D
:10B2D000CDE90043ADF81020FF23098803AA072019
:10B2E000ADF80E50FFF740FD07B030BDC24300205F
:10B2F000CE43002038B50C461146124A124D10803C
:10B3000022682A6062686A60A268AA60E2885006C1
:10B3100016D5EA88520613D561B10022184612F0FC
:10B3200066FB014650B16088FFF7BEFF0522074B60
:10B330001A7038BD084612F02EFDF2E71920F5E725
:10B340000220F6E7CE430020C243002042470020FF
:10B350002DE9F04F074689B0104615461C468A462F
:10B3600015F081F801462846F7F758FA06462846B0
:10B3700012F0DCFA04300EF06DF9804612F0A7FEF0
:10B38000804550D0B2074ED1DFF8AC80284605A9E1
:10B39000B8F800B015F06EF99DF81930A8F80070F3
:10B3A00003BBBDF81430EBB9284612F0BFFA0230E7
:10B3B0000EF050F94FF6F773984294BF4FF0000922
:10B3C0004FF0010901230134E4B22A463846CDF892
:10B3D000009005A9039303F0F9FE039B40B90133E4
:10B3E0009C421ED20020A8F800B009B0BDE8F08F42
:10B3F000022CF8D1012BF6D10C4A0D4BA3F800A07A
:10B400001378591C11700B4A7F3B16F00C01137016
:10B4100007D1BDF81A305B0603D5BDF81600FFF75B
:10B4200043FF0223D1E70020DFE700BF6A46002088
:10B43000A251002031470020CE4300202DE9F04FDB
:10B440008BB00F46ADF81E0012F070FA00F1020A40
:10B45000054650460EF0FEF8BDF81E400646204652
:10B4600015F001F801462046F7F7D8F9814600F0BB
:10B470000308281D0EF0EEF8B54C208012F027FED0
:10B48000B0422DD04FF6F7739E4229D86B78DA0779
:10B4900026D4304614F04AFC30B101233146BDF8C1
:10B4A0001E202088FFF754FF12F011FEA84B1B88C6
:10B4B00083420FD1BDF81E40204614F0D4FF014650
:10B4C0002046F7F7ABF910F00C0103D1BDF81E00D0
:10B4D00001F0BAFD00229F4B1A600BB0BDE8F08F5F
:10B4E0009D49BDF81E0015F0C5F89C49BDF81E0029
:10B4F00015F004F80028994B08BF0023954ABDF8C1
:10B500001E00136012F09EF9954B1870BDF81E00D6
:10B5100012F09DF9934B1870BDF81E0012F0A2F9BD
:10B52000914B186000238DF822305FB38A4BDB8883
:10B530009B0627D512F0CBFD10B38C4B1B689E07E2
:10B540001ED4B8F1010F14BF082318230DF12202F5
:10B55000009200220DF11E00114600F007FC88B198
:10B56000B8F1010FA0D1824B1B78112B9CD114F0A4
:10B57000ACF9002898D140F61D40F9F7F3FE93E7A7
:10B580000823E3E750460EF065F84FF6F77398424C
:10B5900040F2F280B8F1010F00F0FA80B8F1020F2A
:10B5A00000F06381B8F1000F7FF47EAF6A4DBDF803
:10B5B0001E00EB88ADF82400049312F0B7F9BDF833
:10B5C00024600746304614F04EFF01463046F7F738
:10B5D00025F98DF82300B81C7E780EF03BF807465D
:10B5E00012F075FD06F00106B4F8009003906C8827
:10B5F000002E7FF459AF4FF6F77A42464946574539
:10B600008CBF062008200DF0EAFABDF824B0584699
:10B6100014F029FF59460246434604200DF0C9F8AC
:10B62000574583460AD8B5F90620EB88002A05DB82
:10B63000580603D541462046FFF736FEBBF1000F02
:10B640003FF432AF2B88002B58D16B79002B55D1AA
:10B650004FF6F7730DF126019F42BDF8240094BF09
:10B660004FF0000B4FF0010B14F058FADFF8E0A098
:10B6700000F1FF38BAF800301FFA88F10593EB8823
:10B68000BDF826000693F7F7C9F8069B04990190C8
:10B69000009322465B460598C1F34011E6F7A2FAF3
:10B6A00000283FF401AF06202B4BBDF826105FFAAF
:10B6B00088F20DF07EF800283FF4F6AE48F202035F
:10B6C0006A889A4205D1BDF82410BAF8000000F04B
:10B6D000D3FF214D09AA29460DF123000DF04CFF9F
:10B6E000034600287FF4E0AE2104BAF80000BDF85C
:10B6F00024207DD52346294614F025FA9DF82330D1
:10B70000154D03F00C030C2B40F09580288914F0A4
:10B71000E5F900283FF4C8AE039B002029894B457A
:10B7200014BF0226032602F05FFE124B18704FF67C
:10B73000F7739F42BDF8240000F29580A4F138020F
:10B74000534253413246044904F0DCFCACE600BFEE
:10B75000CE430020C8340020C243002029470020E7
:10B760002347002022470020B4340020282700204F
:10B770006C46002041470020B8F1020F75D03E4BC7
:10B78000B3F90630002B26DAB8F1010F7FF40AAFC7
:10B7900012F09DFC238883423FF486AE0520BDF85D
:10B7A0001E10FFF753FA00283FF47EAE324AD388CA
:10B7B0005B0607D50023CDE900330A20FF2321884B
:10B7C000FFF7D2FA3A469DF822302188BDF81E00D4
:10B7D00002F040F968E6BDF81E00F6F741FEA0F160
:10B7E0001001C9B2284600F073F80028CCD05BE6FF
:10B7F0000221DFF8948088F800102946CDF800B0C7
:10B8000003F0E4FC132C3FF479AFEB885D043FF5C3
:10B8100075AF1A4B1B78D80704D598F80020022A78
:10B820003FF46CAF99077FF53FAE98F80030012BDD
:10B830007FF43AAE62E700222B79114800936B79CE
:10B840001146008802F0F8FD0E4B18709DF8233069
:10B8500003F00C03082B7FF46AAF039B4B4514BF26
:10B860000426052663E701236CE74846BDF81E2041
:10B87000014901F05BFB17E6C2430020A64500200A
:10B88000CE430020414700203247002010B5002160
:10B89000084812F035F9044650B101460420FFF77C
:10B8A000D5F928B12046BDE810400121FFF7C6BDFB
:10B8B00010BD00BFB2430020034BFF211A7803489C
:10B8C00092000FF026BA00BFC7510020A42000202C
:10B8D00070B5451804464FF0FF31AC4212D1104B01
:10B8E00010481A7805460023934211DB0E4C20784D
:10B8F000431CB3FBF2F602FB163345F8201023700D
:10B9000000200CE014F8010BDFF768FF0146E4E7C4
:10B9100050F8044BA14201D00133E5E7012070BD8E
:10B92000C7510020A42000203347002007B504237E
:10B9300001220DEB03011046F7F7C8F8019B034AFB
:10B940001B03136003B05DF804FB00BFC434002088
:10B95000014B1868704700BFC4340020014B1868C1
:10B96000704700BFC434002010B5064C2368C3F3F1
:10B970000B0313B901200CF056FB2068431C236015
:10B9800010BD00BFC43400202DE9F04F93B00393E5
:10B990000023DDE91C79069399F8003083460DA851
:10B9A00004930E461546E5F717FB99F8003013F09F
:10B9B00003043ED0039B0DF1250A8DF824300022AC
:10B9C0000821384612F0C6FA002870D0288811F0F5
:10B9D000ADFF99F800301C074CBF043002300DF069
:10B9E00039FE07A98046F7F7D3FA9DF824300446BC
:10B9F000980633D5288806F10D0114F007FDA8B18B
:10BA000000230093384608232988721D12F03CF960
:10BA100099F8003003F01803182B4AD1B8F1000F41
:10BA200047D0A94BB3F86830434542D040F60A43AB
:10BA300027E02888711D14F0E9FC0028F6D0009456
:10BA400005233246298809A812F01EF99DF82430F2
:10BA50000DF1240A03F018030393B0E714BB394631
:10BA60004046F7F771FD0028D2D099F800309907C9
:10BA7000DCD0402322462146404614F012F940F61D
:10BA8000094399F8002012F0030440F0F780288859
:10BA9000039311F0AEFE224601461A200DF09FF8E6
:10BAA000039BEBE007AB03CB38607960B0E74FF660
:10BAB000FF780DF044FD044620B104213846F7F725
:10BAC0008FFA04461E9B002B5AD009231E990DA8FD
:10BAD0008DF834300DF02AFB209B0BB1209B069390
:10BAE000039B002B40F08E800DA8E5F7A1FD99F88F
:10BAF00000309A0700F09880FFF736FF5146024663
:10BB000001200DF0ADFD99F800309B0710D5594686
:10BB1000288814F075FD0BF1090350FA83F35FFADE
:10BB200083FB5946288814F042FD00EB0B06F6B261
:10BB300099F8003013F0C20F0AF104030DD09DF8FC
:10BB40002420624942F020028DF824200A68CAF8B5
:10BB500004204A685A600AF10C03012209A80092E5
:10BB60001B1A324629889BB212F08EF8324659468B
:10BB70002846FEF7F1FE002800F0A48000237DE0B7
:10BB80001F9B5BB19E460DF1340CBEE80F00ACE884
:10BB90000F00DEF80030CCF800309DE7049B5946DA
:10BBA00003F0200328880493F6F738FE10F0030F03
:10BBB0000CBF012300230593049B059A003B18BF8B
:10BBC000012342EA430300930DAA06AB38461F99AE
:10BBD00000F044FB049A034682B1002880D0059B04
:10BBE0000DAA0093384606AB1F9900F037FB0346B9
:10BBF00099F8002022F0200289F80020002B3FF461
:10BC00006FAF3EE7039B102B06D1BDF8363043F0F3
:10BC10000103ADF8363067E7039B182B4FD1BDF811
:10BC2000363043F00203F4E701200DF125010DF059
:10BC300025FD99F80030824613F0040F288821D1A1
:10BC4000069B1BB3002C35D011F0D3FD002201461A
:10BC500016200CF0C4FF84B17FB14FF6FF739845F6
:10BC60000BD000230DA91A4638460DF0B4FB394617
:10BC700040469DF835200DF07AFC0123184613B09C
:10BC8000BDE8F08F002CDFD1104F01E0002CDBD19C
:10BC900000233246009359463B4613F085FB0028AB
:10BCA0003FF4C4AE002C3FF469AF069A0AF10103D9
:10BCB000136063E71B685345C6D80124E8E740F6E4
:10BCC0000A43DBE71923D9E7A4330020FA46002012
:10BCD000002307B5064A0193136004237F21012046
:10BCE0000DEB03020CF09DF903B05DF804FB00BFFF
:10BCF000C434002037B505460C46F7F707F840B3C3
:10BD0000012D03D0032D15D0022011E0154B1B6827
:10BD1000A342F9D8611CF7D0230B0193114B0122E8
:10BD20001C6004230DEB03010020F6F7CFFE00207A
:10BD300003B030BD0C4B1B68A342E5D8621CE3D0B6
:10BD4000230B0193084B1C6004231A460DEB0301DF
:10BD5000EAE7631CD8D0230B012D0193DED0032D1D
:10BD6000F0D0D1E7C4340020182700202DE9F04F8F
:10BD70000446B1B000888DF82F3016468A463A9FA7
:10BD800014F071FB01468146208814F010FC00EB92
:10BD90000908208814F05DFC00239DF82F505FFAFD
:10BDA00088F815F0010B0790ADF8363008D1014640
:10BDB0000DF13602208814F0E3FA08B1ADF836B080
:10BDC00016B9CDE90E660EAEFEF704FB18B145F0CC
:10BDD00020058DF82F500023CDE9033302930DF198
:10BDE0002F03CDE900632246534641464846FFF7FC
:10BDF000CBFD0546002800F0B8809DF82F3013F0E9
:10BE0000010B46D123F020038DF82F3012F05FF99B
:10BE100070B1754A10AB106851685D4603C318468F
:10BE200000F0EEF90890FEF7EDFCABB2984239D87D
:10BE30000FB100233B70BDF83630CBB10121208813
:10BE4000F6F77CFB27880546002800F0BC8001211E
:10BE50003846F6F773FBBDF8367005463846F6F7F8
:10BE6000FFFA002300903A461946284611F041FF98
:10BE70000023CDE9033302930DF12F03CDE90063D5
:10BE80002246534641464846FFF77EFD05460028B8
:10BE90006BD012F01CF9002840F0AC80284631B07D
:10BEA000BDE8F08F18AB14AA26A9E8B20DF0E8FAA5
:10BEB000002875D1082210A927A80EF000FF089BC2
:10BEC0008346002B68D09DF8A53013F0020F09932C
:10BED00062D0082212A927A80EF0F1FE00285BD13B
:10BEE000099B590758D50FB101233B7014AB0DF1D5
:10BEF000740C0FCB8CE80F00BDF83630CBB10121AC
:10BF00002088F6F71BFBB4F800B000284DD00121C3
:10BF10005846F6F713FBBDF83620834610460992C3
:10BF2000F6F79EFA00231946099A0090584611F038
:10BF3000E0FE2E4B22460493002303931DAB029395
:10BF40000DF12F03CDE90063414653464846FFF704
:10BF50001BFD28BB089B002B33D012AA4FF4827123
:10BF60004FF400501DAB00F0D5F812F0B0F888B1D6
:10BF70001F4B1B689A070DD4FEF72CFA50B11A4AD2
:10BF800018AB1068516803C3002226A918A813F043
:10BF900092F818BB002581E727B9BBF1000FA5D0A7
:10BFA000013540E700233B70F7E7BDF836200A90E3
:10BFB00010460992F6F754FADDE909230799009033
:10BFC000B4E7089ACAE7BDF836B05846F6F748FA1B
:10BFD0002B4600905A463846079947E726A918A8E5
:10BFE00013F0A5F8D0E700BFC827040824270020D5
:10BFF000282700209DF82F3003F01103102B7FF429
:10C000004DAF3E4B1B78432B7FF448AF3C4B1B6836
:10C010005B067FF543AF208808F1050114F0F6F9BF
:10C02000834600283FF43AAF41462088F6F7F6FBF6
:10C03000344B10F0200F08BF1E4612A800F0E0F8A5
:10C040000822314612A80EF03AFE002852D031469E
:10C0500012A80DF03BFA012326AE009332460023CE
:10C0600014A912A800F0FAF800287FF417AF12AB59
:10C070000DF12F07CDE9036002900093224653464D
:10C08000414648460197FFF77FFCA8B3BDF89A30B8
:10C09000102043F0080318AA14A9ADF89A3012F042
:10C0A000E7FF00287FF4FAAE12ABCDE90360CDE9DB
:10C0B000017000932246534641464846FFF764FC10
:10C0C000054600287FF4EAAE18AB4FF490710020CB
:10C0D00012AA00F01FF84FF00051002013F096FB59
:10C0E000BBF1000F3FF456AF4FF08051002013F02A
:10C0F0008DFB4FE78346AEE714ABE6E76C460020C6
:10C10000282700200E340020014B1860704700BF24
:10C1100024270020F0B5164691B0074609A80D4621
:10C120001C4613F06DFB3EB1336845F04005CDF879
:10C1300026307368CDF82A301B4B1A6822EA0702B2
:10C1400042EA050119604B040DD5BDF824200B0A05
:10C1500003F4E243C9B222F4E3420B4322F07F022C
:10C160001343ADF824301A230822002009A9F6F75A
:10C17000ADFCB4B104A8E4F72FFF02236A468DF8A2
:10C1800010301546234604F1100614461868596805
:10C19000083303C4B3422246F7D1294604A80CF061
:10C1A000C5FF11B0F0BD00BF2827002047F2FF10E7
:10C1B000044B196841F48042014041F480411A6007
:10C1C00013F024BB2827002000B589B0FEF7A8FB98
:10C1D00001A813F015FB0948BDF8042001681302FB
:10C1E00021F0FF0103F4E2030B43D2B2134343F403
:10C1F0008043036009B05DF804FB00BF28270020DE
:10C2000010B50C4B0446186888B0830706D54FF06C
:10C21000FF3323600120636008B010BD10F04000C0
:10C22000FAD001A813F0ECFADDF806302360DDF84F
:10C230000A30EFE72827002008B5074B02461B68A5
:10C2400013F0400305D118461946FFF763FF01209C
:10C2500008BD0020FCE700BF282700202DE9F0479B
:10C260009EB080460C461D4691469DF898A0A2B10E
:10C2700016463046E4F7B0FE1AF0020F0FD004B9AC
:10C2800017AC22463146404601AB0DF0D7F80DB150
:10C2900000232B601EB0BDE8F0870DAEE9E701ABCF
:10C2A0003146404605AA0DF096F873780AF0010A67
:10C2B000FF2B26D0002840F0B68054B105AA09AF64
:10C2C000134603CBBB42206061601A4604F10804A8
:10C2D000F6D125B17278554B03EB82032B60BAF18E
:10C2E000000F01D10020D5E7BDF80430D906F9D4FC
:10C2F00018204FF6FF7172780CF071FC40F60E407A
:10C30000C8E74B4F3DB111F0E2FE10B13B689A0710
:10C310002BD500232B603B6803F03003102B01D09A
:10C32000202B24D117A813F06BFA082240460DF1F8
:10C330005E010EF0C4FC20B13B6803F04403402BC7
:10C3400015D0BAF1000F15D109A813F077FA02231E
:10C350003370002C4CD1B9F1000FC3D011F0B7FEEF
:10C3600060B3301DFFF74CFFBCE7324BD2E740F61D
:10C370000A408FE73B68DB03E6D509A813F05EFAB5
:10C380000223337074BBB9F1000FB1D011F09FFEDE
:10C39000F0B1301DFFF734FFAAE73B6803F08403D8
:10C3A000842B2CD009AB0DAF1A4603CABA422060C9
:10C3B0006160134604F10804F6D105E025463B68A8
:10C3C00003F08403842B28D0301DFFF719FF26E0EB
:10C3D0003B68012503F08403F4E73B68012503F083
:10C3E0008403DDE711F073FE0028F6D00125D9E7BC
:10C3F00011F06DFE05460028CFD00025D2E712A827
:10C40000E4F7EAFD022312A88DF84830E5F710F9A9
:10C41000224608214046E5F775F810237380002D69
:10C420003FF460AF64E72D2034E700BF70200020A8
:10C43000282700202427002049B9084B197849B142
:10C440004EF66023594328B10548F6F729BA41F260
:10C450008831F8E70248F6F7BFBA00BFA4450020CC
:10C460007426002070B586B0054611F030FE10B974
:10C47000022006B070BDF6F7F1FB0028F8D001A845
:10C48000FFF7BEFE06460028F2D08DB92E4B1C6881
:10C4900014F0020406D02D4B1B78112BE8D12C4B45
:10C4A000B3F868404FF481630221ADF80C3023E00B
:10C4B0002846F7F7DFF80028DAD1234B1C6814F080
:10C4C000020406D0214B1B78112BD1D1204BB3F89D
:10C4D00068400822294601A80EF0F1FB0028E1D0AF
:10C4E0004FF4027300260A21ADF80C302B68CDF80A
:10C4F0000E306B68CDF81230002203A811F077FAE5
:10C50000024608B91920B4E70F4B196801F030034F
:10C51000102B17D0202B14BF01230323490001F057
:10C5200004010B432046002101F08CF80028E9D0DB
:10C5300000210120FFF780FF16B10122054B1A7080
:10C54000002096E70323E9E7282700206C46002017
:10C55000A43300202847002030B5002585B0CDE960
:10C560000055F6F739FA11F0B2FD1E4C60B906F02D
:10C57000CBF90D25002108462170FFF75DFF294604
:10C5800068460CF0D5FB18E023784BB316491748E2
:10C590000A780078904223D90132012B0A700ED11B
:10C5A0002A464FF4A071284602F006FDC0B2B8B981
:10C5B00041F288310E48F6F773F905B030BD022B11
:10C5C00009D1284602A9F6F7BFFF0028EED102A83C
:10C5D000FFF748FFEAE7032B02D101F0E9F9E5E7AD
:10C5E0000425C7E7344700203547002010520020BB
:10C5F0007426002070B51B4A1B4D04465168106814
:10C6000086B02E7801AB03C31EB10224204606B0CB
:10C6100070BDF6F77BFB0228F7D111F058FD00281A
:10C62000F3D003A800F032FE082201A90DF10E009C
:10C630000EF045FBA0B10D4B32464FF4A0713046D1
:10C640001C7002F0B9FC04460028DFD10123084A1F
:10C6500041F2883107482B701370F6F721F9D5E7BE
:10C660002324D3E7476C04083447002010520020ED
:10C670003547002074260020F0B50C4600219BB001
:10C680002B4F0646492207A806910EF042FB3B7845
:10C69000012B34D19EBB0DF10E01204613F03EFA62
:10C6A0000546BDF80E00F5F7DBFE441BE4B2BDF80D
:10C6B0000E1023462A46009606A811F0E5FA3046E9
:10C6C00004A9F6F741FFD0B9CCB19DF81920B2B951
:10C6D000BDF8233003F47E43B3F5285F1ED3B3F5D2
:10C6E000385F0ED31349BDF80E000B6843F4000306
:10C6F0000B6029460CF016FF18B104233B701BB0E9
:10C70000F0BD01220C4B04A81A70FFF7ABFE41F2FA
:10C7100088310A48F6F7C4F80223EFE711463A7069
:10C72000FFF78AFE1E2104A80CF002FBE7E700BF1A
:10C730003447002028270020354700207426002099
:10C74000014B1870704700BF35470020014B187827
:10C75000704700BF34470020014B1870704700BF7E
:10C76000344700202DE9F04F0446408891B00E294F
:10C770008846ADF81A0079D094F80890A77911F09E
:10C78000D5F809A90546BDF81A00E67913F072FF3D
:10C79000BDF81A0010F0BDFF420542BFBDF82A30B7
:10C7A00043F40053ADF82A30E379DB0642BFBDF80D
:10C7B0002A3043F48053ADF82A30BDF82A30980669
:10C7C00013D5022F58D10CA9207A13F048F9DDF8BF
:10C7D0003500DDF8391007AB03C307AA0021042395
:10C7E00000910DF11A00FFF7C1FA0121BDF81A00FE
:10C7F000F5F7A4FE022F82464AD1484B33F8195070
:10C80000B8F1000F7FD0BDF82A2051067BD54FF636
:10C81000FB739D4277D8424B1B78033B012B04D816
:10C82000404BB3F86830AB426DD0D30502D52846F3
:10C8300013F062FBBDF82A30D80464D5002F34D140
:10C84000BDF81A0010F065FFC10664D548F2340344
:10C85000BDF826209A4209D1334E3078FF2805D002
:10C8600003222946FBF74CFBFF2333700023238070
:10C87000638011B0BDE8F08F012F01BF237A2B4AEE
:10C8800003EB430302EB830314BF00229A1CA5E7CA
:10C89000012F05D10C2303FB09F3244AD55AAFE736
:10C8A000A81C0CF0D7FE0546AAE7284601F0E4FED6
:10C8B000BDF81A0010F02DFFC206C7D46389504698
:10C8C0000593F5F7CDFD83465046F5F7ADFD059B85
:10C8D00002905FFA8BF04A46394601900093404639
:10C8E00009AB0CF005FAB8F1000F14BF0B200920BA
:10C8F00016F0030218BF02F1FF32294618BFD2B268
:10C900000CF06DF9A2E7BDF81A0010F002FFC306A3
:10C910009CD4002FD2D1A946D0E700BF4E3B0020C7
:10C920006D460020A4330020145200209E390020C0
:10C9300070B500240C26104B104D2A78A24205D861
:10C94000C2B9BDE870400E48F6F746B8598869B9D3
:10C95000013AD2B2A2422A70EFD0121B184603F15C
:10C960000C0172430EF0BBF90346E6E701340C33C9
:10C97000E4B2E2E770BD00BF9E36002038470020D9
:10C980006C50002070B5194B194A1D780023DCB299
:10C99000A54200D870BD144666880133864202F174
:10C9A0000C02F4D1E379A58803F040028DB9CAB135
:10C9B00023F00403E37110F0B9FF037803F07F0361
:10C9C000037021880029E5D1BDE870400948F5F7DA
:10C9D00067BF00216580A180002AE9D1BDE87040D1
:10C9E000FFF7A6BF2046FFF7BDFEF7E73847002058
:10C9F0009E3600206C5000202DE9F047044686B09A
:10CA000040880F46154610F091FFA3798046082B09
:10CA10004FD8DFE803F0052E184E4E4E4E4E05005F
:10CA200002300CF017FE002D4BD06946F6F78CFD56
:10CA300000283ED1684601F0C9FEB0FA80F04009F6
:10CA400006B0BDE8F08702A9207A13F008F86B461B
:10CA50006E46DDF80D00DDF81110304A03C3237A6D
:10CA600032F813902E4AD05C75B1314613F01BF8A2
:10CA7000E6E7237A2B4903EB430301EB830231F80A
:10CA80002390907A961CEFE74FF6FB7AD14512D9A6
:10CA9000304603F0E1FF4FF6FF739842054612D08F
:10CAA0000146304601F004FE554505D9E379DA0622
:10CAB0000BD40020C4E74D46294608F102000CF0D3
:10CAC000CBFD0120BCE74D46F0E74FF6FC7845452D
:10CAD00011D103F00C030C2B1BD1D7B130464FF60C
:10CAE000FD7101F0E5FD40F602412046FFF73AFEF8
:10CAF000FFF71EFFDDE74FF6FD739D4209D10023CE
:10CB0000304619461A4602F013FB4146304601F002
:10CB1000CFFDE37943F00C03E371CAE74E3B0020FD
:10CB2000CB4500209E39002073B5044640880E4650
:10CB300010F0FCFE02300CF08DFD0CF012FD18B16F
:10CB4000A11C201D0CF012FDE6B1E5790135EDB216
:10CB5000E57115F0400514D0E3F72CFD01220546E0
:10CB600000212046FFF748FF18B1334B1B882B44A8
:10CB70009DB2324B1B78042B01BF2F4B1B885B19D6
:10CB80009DB22580002231462046FFF735FF002860
:10CB900031D0608810F0CAFEE279294922F00C03F6
:10CBA000E3710B7805460133DBB20B70C371254B83
:10CBB000A61C1B780BB3E37998061ED52249097889
:10CBC00061B900220123114630460092FFF7CEF8EA
:10CBD00098B1E37943F00303E3710CE05906F0D513
:10CBE0009207EED500220423114630460092FFF74B
:10CBF000BDF80028E5D002B070BD30460CF0B4FCA2
:10CC00000028F8D16088FBF73FFD50B10128F2D130
:10CC1000E37943F00803E3712B7803F07F032B7073
:10CC2000E9E7E37943F00403E3711B06E3D5074B1F
:10CC30001A78074B1A70DEE77A5100206D46002003
:10CC40006A4600206846002011520020A9450020B5
:10CC5000374700202DE9F74F06460BF06AF95D4B88
:10CC60000546B3F8009018805B4BA0EB09041B78D5
:10CC7000A4B2A34298BF00234FF000084FF6FF77FD
:10CC800088BF1B1B544A88BFDBB21370DFF85CB14E
:10CC9000A9EB00030093514B5FFA88F21978914297
:10CCA0000ED80EB1FFF744FE4FF6FF739F4200F01F
:10CCB0008A8039464A4803B0BDE8F04FF5F7F0BD29
:10CCC000BBF80220002A3CD0464B9BF8072018787E
:10CCD000BBF800A0042818D00020BAF1000F08BF4C
:10CCE000A2462044504523D2BBF80010009B1944B3
:10CCF000ABF80010002E4AD002F04802482A46D174
:10CD000000215846FFF710FF41E00192F6F752FB71
:10CD100030F01003019ADFD1FAF792FC324B019AFE
:10CD2000B3F800C08445D7D9ACEB000080B2D4E79B
:10CD300002F00C00042807D10022ABF800200BF110
:10CD40000C0B08F10108A6E7510602F0030C02F0F3
:10CD500008000AD508B3BCF1030F21D1BEB140F6DB
:10CD600002415846FFF7FEFC11E040B3BCF1010F51
:10CD700025D11206F2D44FF4C862ABF800209BF81C
:10CD8000072022F0030242F002028BF80720BBF8D2
:10CD90000020974228BF1746D1E703208445DDD203
:10CDA00013060ED50C4B1A780AEB0200844208DAFF
:10CDB0004A44521B0AEB0201ABF80010E7E70120DE
:10CDC000ECE701219DE7064803B0BDE8F04FF5F719
:10CDD00003BE00BFB843002037470020384700207B
:10CDE0006C5000206D4600207A5100209E360020B5
:10CDF0002DE9F04100250C270A4EDFF8308033780A
:10CE0000ECB2A34204D8BDE8F0410748F5F732B9C7
:10CE100007FB0484A01CF5F72DF9201DF5F72AF96E
:10CE20000135ECE738470020AE4300209E36002055
:10CE300070B500240C4D0D4E2B78A34208D81B1B57
:10CE4000DBB22B707BB9BDE870400948F5F7C4BD73
:10CE500004EB440040F6024106EB80000134FFF78A
:10CE600081FCE4B2E8E770BD384700209E36002020
:10CE70006C5000202DE9F041002506462F46114C4C
:10CE8000DFF8448098F80020EBB29A4203D8BDE85E
:10CE9000F041FFF74DBD608810F048FD02300CF006
:10CEA000D9FBB0420AD16088F8F74CF900230E2173
:10CEB0001846628803F0C6F9278067800C34013574
:10CEC000E0E700BF9E36002038470020F8B5144E3A
:10CED000DFF854E035789EF800E0124F05EB45048A
:10CEE000AE454FEA840C07EB840416D0002503F40A
:10CEF000835343EA1323A1712272E371608027F800
:10CF00000C50A58006F04AFE337860810133284634
:10CF10003370FFF79FFE2846F8BD40F60340FBE75D
:10CF2000384700209E360020C45100202DE9F04FE4
:10CF3000354B0E461C78174685B05CB9B1F90680B2
:10CF4000DFF8CC90DFF8CCA0DFF8CCB099F8003057
:10CF5000A34202D805B0BDE8F08F04EB44050AEB0C
:10CF60008505A88800B9688801A913F083FBB27A07
:10CF70009DF80E309A4244D1B8F1000F0FDA317AA1
:10CF80009DF80C203389914209D820480078084444
:10CF9000824236DA521A1B0A1341D90731D5384674
:10CFA00013F057FBBDF80A3004469A0602D5F38801
:10CFB0009B06CFD5EB7903F00C03042B08D16888CE
:10CFC000F8F7C0F800236A881946184603F03AF9C2
:10CFD00000212846FFF7C6FBFFF7AAFC3846F5F705
:10CFE0003FFA844208D22B7A01228BF80030314676
:10CFF0000023384603F086F8B8F1000FAADA0024BF
:10D00000A4E70134E4B2A1E736470020C351002071
:10D01000384700209E3600204147002008B50AF01E
:10D0200088FF074B1B88C01A80B2B0F5807F05D9F6
:10D03000BDE8084000210348F5F732BC08BD00BF39
:10D04000B84300206C5000202DE9F04788B004461A
:10D050000D4613F008FA01462046F5F7DFFB10F005
:10D06000030340F0848010F00C0F06D129462046BF
:10D0700008B0BDE8F047FFF785BC204610F049FB3B
:10D08000C10659D4204613F0EEF901462046F5F7C3
:10D09000C5FB0746204610F049FC064602300CF05E
:10D0A000D9FA05A98046204607F00C0796F806A095
:10D0B00013F0E0FA73780C2F0CBF03270627012129
:10D0C00013F0010F204618BF0327F5F737FA2B4B53
:10D0D00081461B78033B012B1DD9BAF1010F1AD9E8
:10D0E0004FF6F773984502D8337A1F2B13D9301DAA
:10D0F0000CF0B0FAF179824611F0FCFA064650467F
:10D10000F7F772FBDEB173685A1C04D0834340F614
:10D11000024308BF1D461A4B1B88A34212D1B5FA21
:10D1200085F04009FAF774FD204610F020FB00223C
:10D13000014607200BF053FD08B0BDE8F08740F62C
:10D140000245E8E706F02AFD82464846F5F788F9E9
:10D1500006464846F5F768F9F6B202904246394667
:10D160002846CDE900A605AB0BF0C2FDDCE7012B9C
:10D17000E2D110F00C0FDFD178E700BF6D46002040
:10D18000AE430020002210B5094B1C78094BD1B2E8
:10D190008C4201D8002010BD197A814202D19979C0
:10D1A000022902D00C330132F1E70120F3E700BF7E
:10D1B000384700209E3600200146002210B5084B5B
:10D1C0001C78084BD0B2844201D8002010BD187AD8
:10D1D000884202D198790128F8D00C330132F1E766
:10D1E000384700209E360020002210B40A4B1C78DD
:10D1F0000A4BD1B28C4203D85DF8044BFFF798BBC1
:10D20000197A814205D19979012902BF002119803B
:10D2100059800C330132ECE7384700209E3600205D
:10D22000024B1878003818BF01207047384700209B
:10D23000044B1B6813F0300F03D02021302012F074
:10D24000E5BA704728270020002310B50446084996
:10D250001A4601EA00414FF07F60FEF75BFFE307EB
:10D2600003D50021302012F0D1FA002010BD00BFFC
:10D2700000007207044B5B8823F4784323F08D038E
:10D2800003800020704700BF2827002008B5002237
:10D290000346C3F80220C3F806200B4A0230126886
:10D2A000D1B212F0200F18BF41F01001198093077E
:10D2B00001D4FEF7A5FF054B1B78023B032B8CBF67
:10D2C0001720002008BD00BF282700206C46002042
:10D2D00038B505460C46FDF723FB98B10E4B187880
:10D2E00078B10E4B1B681A040FD58CB113F0420FA6
:10D2F00000D17DB103F44073B3F5407F0CBF002033
:10D30000232038BD40F60840FBE740F60B40F8E725
:10D310002046F6E72320F4E768460020282700206F
:10D32000F0B504468DB007A80D461646E3F754FE47
:10D330001022002103A80DF0ECFC5CB1234603ACE5
:10D3400003F11007224618685968083303C2BB422C
:10D350001446F7D1012703A986EA070307A88DF829
:10D360001C708DF81D30E4F71DFA80EA070401A84F
:10D37000E4B2E3F705FFB6B101A88DF806500BF053
:10D3800062FF64B1002303A907A88DF81D300BF0DC
:10D39000CDFE0C4B1B78432B01D1F7F777FB0A4BE3
:10D3A0001D700DB0F0BD01A88DF807500BF04BFFBC
:10D3B000002CF6D003A907A88DF81D700BF0B6FE5F
:10D3C000EFE700BF6C46002067460020F0B501255E
:10D3D00093B007460DA80C46E3F7FEFD05A90DA87E
:10D3E000ADF834500BF0C1FE01A8E3F7C9FE09A95E
:10D3F0000DA88DF835509DF806600BF0B6FE0DA80F
:10D400009DF80750E4F788F970BB731BDBB2802BE3
:10D4100028D91FB1A64225D0A54223D105A90DA820
:10D420000BF084FE03A8E3F7ABFE03A88DF80F60B2
:10D430000BF009FF0122294609A8FFF771FFF7F752
:10D44000DBFB01214FF4007003F0C6FEFDF752FA3A
:10D45000B0F1004F01D9FDF753FA044B18780BF0E7
:10D4600065FC012013B0F0BD0020FBE767460020FB
:10D4700070B50E46144605460320FFF76DF946F0D9
:10D480000402294620460BF0B5FE0022014B1A602B
:10D4900070BD00BF24270020F0B587B0078805467F
:10D4A0001022002102A80DF034FC3B4B1B78002B0E
:10D4B0006FD1B80557D407F08403842B5CD0374C68
:10D4C00012F085FA17F4045F276005F102061CD0FC
:10D4D000BA040AD5304605F0E3FB00284AD1236898
:10D4E00023F4005343F480732360304612F07CFA37
:10D4F00000283ED10BF056FC18B9236843F4803362
:10D500002360236843F0200323602268334642F4FB
:10D51000004112F0400218BF05F1230247F2FF104C
:10D520002160FEF7F7FD0DF10600FFF7A3FE23686B
:10D5300013F4805FBDF8063022D043F02003ADF82D
:10D540000630BDF80600FFF77FFE23689B0506D571
:10D55000012295F8221005F11200FFF7E1FE0020EC
:10D560000F4B186006E005F1120012F03DFA00289A
:10D57000A1D0292007B0F0BDB907A0D52320F9E735
:10D5800023F02003ADF80630FDF7BAF9FEF7A0FB53
:10D59000D7E70220EEE700BF6C46002028270020D6
:10D5A0002427002008B5054B1B7833B1FFF740FE58
:10D5B000BDE808400248FEF73FBE08BD68460020AF
:10D5C000FA46002010B5154B1B78D3B1144B1B78CD
:10D5D000033B012B15D9002012F02EFD044698B113
:10D5E000E3F724F8237913F0300F0AD148B101286A
:10D5F00003F0CF0206D0811E4B424B415B01134327
:10D60000237110BD1023FAE7F6F7FEFE0028F8D0CC
:10D6100021462046BDE8104004F08CB96846002041
:10D620006D46002008B510F052FD054B18B918687A
:10D63000C0F3800008BD1868C0F30050FAE700BFCF
:10D64000282700202DE9F04706468946104600218C
:10D6500088B015469846F5F7E1F8102807460AD82D
:10D66000684B0341DB0706D4C8F340049DB9002092
:10D6700008B0BDE8F087644B1C78002CF6D0FFF7AB
:10D68000D1FF00280CBF4FF4F0744FF4D074FC406D
:10D6900004F00104EAE7002318F0010F1A462946B6
:10D6A0004FF005000CBF4FF0080A4FF4027A0BF060
:10D6B00094F80028DBD0C82332460093514600235B
:10D6C000284606F00BF9ADF80E000028CFD018F070
:10D6D000080A4AD14FF6F773A7F10F02D2B29E4261
:10D6E0008CBF09230123012A01D843F04003474A94
:10D6F0008DF810301378591C11708DF81130002CF2
:10D700004FD09DF81030052F43F020038DF81030D6
:10D7100033D03F4B1D78002D5AD04FF6F7730025BC
:10D720009E424FF00F0248D9012304A90DF10E00CB
:10D73000F4F7D0FF00289AD1002C4DD1BAF10001A6
:10D7400033463A4618BF0121BDF80E00CDF80090CF
:10D750000BF011FFADF80E00002888D018F0040F70
:10D760004DD0314611F0F3F982E749460DF10E0034
:10D7700005F058FA0028ADD179E70121BDF80E0077
:10D78000F4F7DCFE0121F5F749F80123834013F09B
:10D79000620F1CD11E4B1B78E3B14FF6F7731825AF
:10D7A000BEE71B4B25461B780222002BBCD04FF650
:10D7B000F7739E42B8D8052FB6D0BAF1000FB3D197
:10D7C0009DF8103043F040038DF81030ACE7102581
:10D7D0000F22A9E71825FBE7BAF1000F0AD00223B0
:10D7E0004A46009029460DF10E00FEF7BFFA0028C8
:10D7F000A4D03CE741235246CDF800A0F2E711F057
:10D8000090F935E79FFEFEFF68460020694600203C
:10D810005A4600202DE9DF431E46144B80461B6804
:10D820000F469B0791460A9C1BD4204614B10BF06F
:10D830008AFEC0B20622CDE902403B460020CDE977
:10D8400000890B4910F000FB024650B10021002E68
:10D850000CBF01230323084604B0BDE8D043FFF703
:10D86000F1BE002004B0BDE8D08300BF282700200F
:10D870004F6C04082DE9F04F8DB081468A461F4653
:10D8800093469DF85C803AB903A8FEF7B9FCB0BB9B
:10D8900000200DB0BDE8F08F154600222321104670
:10D8A00010F0A5F8ADF80A000028F1D0F4F7BCFD9F
:10D8B0000523044618F0100F00F8023B677020D0D3
:10D8C000112200210DF025FA04F11306032F4FF069
:10D8D000080237D1594630460DF001FAC8F38013DB
:10D8E00006F1090533720BF02AFE00283ED0002312
:10D8F0002B706B700123033505F8013C36E003AD56
:10D90000CBE70126102216990DF0E9F906FA07F384
:10D9100013F0620F02D104F11206D7E707A8E3F76C
:10D920005BFB05A88DF81C60E3F72AFC9DF8162028
:10D9300018F0200F9DF8173008BF134604F11306A6
:10D94000A374C3E7514630460DF0C9F9012306F12F
:10D950000802121B28460093BDF80A10082392B251
:10D9600010F092F9042F06F11005BCD02D1BA9B2BE
:10D970000DF10A0010F06FF9002889D118F0040F9A
:10D980000BD0484603F0BAF8FF281FBF074A32F809
:10D99000103023F4804322F8103043465146484665
:10D9A000BDF80A20FFF74EFE73E700BFF2420020E9
:10D9B00070B5032690B08DF8076010F088FB18B999
:10D9C0000224204610B070BDF5F748F90028F7D0C2
:10D9D00002AD2846FEF714FC0028F1D01B4B1C6852
:10D9E00014F00204ECD140F20F43194AADF8243090
:10D9F000136804A8CDF826305368CDF82A30E3F731
:10DA0000EBFA95E8030005AB83E80300062304A8BE
:10DA10008DF81D308DF81060E3F70AFE01210DF13D
:10DA20002E020DF10700E3F76DFD22461A2109A829
:10DA30000FF0DDFF024608B91924C2E70123294689
:10DA40002046FFF7FFFD0028BBD1F5E7282700207F
:10DA5000FA4600202DE9F04F06460F46002199B006
:10DA60001F2210A803930F910DF053F9304612F0C6
:10DA7000FAFC01463046F4F7D1FE8DF81B00304623
:10DA80000FF054FF9DF81B3045788146C5F34005E3
:10DA90009806304648BF45F0020512F0DAFD04460C
:10DAA0003046F4F7DDFC0023001B5FFA80FA009398
:10DAB0005346232B28BF2323224631460FA810F0BC
:10DAC000E3F800283ED19D4B9DF83C801B789DF8E3
:10DAD0003DB0002B39D0FFF7A5FD00280CBF4FF457
:10DAE000F0734FF4D07323FA08F3D9072DD5AA07A2
:10DAF0002BD4B8F1080F22D1BBF1040F22D1FAF7D1
:10DB000067FDF8B92246314605200DF11B030AF0E6
:10DB100050FEB8B1A8F10508B8F10D0F12D8DFE832
:10DB200018F02800A001C701EC01F201110011005A
:10DB300011001100F8019902A502D302D302B8F135
:10DB4000050F08D019B0BDE8F08FB8F1100F05D15E
:10DB5000039B002BF6D0FAF73BFDD3E7FAF738FD2D
:10DB60000028CFD0B8F1050FCCD0B8F1110FC9D033
:10DB7000E8E7BBF1050FE5D830460FF03AFE059017
:10DB800009F102000BF066FD81460DF11E00FFF762
:10DB900071FB01239DF83D70BB4013F062030393BA
:10DBA00005D0BDF81E309B0701D5AE07CAD510F0D1
:10DBB0008EFA0028C6D0FAF70BFD08B9002DC1D0A7
:10DBC0000DF13E0A504611F00FFF039B0490BBB1CC
:10DBD000032F9DF84EB01AD10DF14F0410F077FAD3
:10DBE000814540F01781032DACD19DF85610524667
:10DBF000003918BF01210DF14E000BF0FDFCA1E72B
:10DC0000032FDDF80CB07BD10DF14E04E6E74C4B51
:10DC10001B689C0729D5FF2208210DF1570010F041
:10DC200099F9804608BB034601460DF157020220D0
:10DC3000FEF770FA10F04BFA81450DF157060DF121
:10DC40004F0422D04FF6F773994540F2E880002246
:10DC50000821204610F07EF9002800F0E080002224
:10DC600059465046FFF75CFB6CE70DF157060DF186
:10DC70004F04304611F006FE002846D010F027FA77
:10DC8000814540F0C8804FF000082046F5F7F2FCCF
:10DC9000002800F0C080012F58D0042F7FF452AF2D
:10DCA00011F013FE10B1032D7FF44CAF049B002B39
:10DCB0007FF448AF324602215046FFF7D9FB214B93
:10DCC0001B7863B1FFF774FEFEF740FD022806D112
:10DCD0000120FEF735FD01210846FEF7ADFB1A4B8A
:10DCE0001B78022B1FD1032130460BF021F8FEF7E1
:10DCF0002DFD014600287FF425AFFEF79DFB21E7AF
:10DD00000DF156060DF14E04B3E70F4B1B78432B74
:10DD10007FF418AF012F7FF415AF10F0D8F98145CB
:10DD200079D1B846B1E7412B7FF40CAF044B1B68A7
:10DD300058057FF507AFF8F7C9FB03E768460020F1
:10DD400028270020284700206C460020BB4C237861
:10DD5000022B22D02378412B3FF4F4AE049B33B93D
:10DD6000FAF736FC594602465046FFF7D9FAFAF759
:10DD70002FFC00283FF4E6AE11F0A7FDB04F98B19C
:10DD80003B681A0502D42378432B0DD1AB070BD483
:10DD900040F61A40F7F7E6FAD4E611F096FD0028AF
:10DDA000D8D0A907D6D4CDE6386810F0020002D149
:10DDB000059903F0BFFD2378112B16D13B685C0554
:10DDC00013D50020FEF74EFB044600287FF4BAAEC0
:10DDD00010F008FD40F61C40F7F7C4FA2146204633
:10DDE000FEF72AFBF7F7CAFAACE6A80701D5FFF75A
:10DDF0001FFAB8F1000F9ED00AF0D4FF18B94FF403
:10DE0000803111F003FD00228E4B30461A6011F074
:10DE100030FD90E70026039B002B7FF413AF4FF6F5
:10DE2000FF73204608A9ADF82030F5F767FB20B155
:10DE3000204610F027F9ADF820004FF6FF73BDF82B
:10DE4000200098423FF47EAE049B3246002B0CBF6C
:10DE5000042315232146CDE900A33B46FFF70AFD25
:10DE600070E610F034F900287FF46CAE764B1B7826
:10DE7000002B3FF467AEA90704D4714B1B689A01CD
:10DE80003FF560AEBAF10C0F0DF1450094BF0024D0
:10DE900012AC0BF0DFFB02469DF8470003283FF66B
:10DEA00051AE394600940DF13D0304F03BFC49E6C8
:10DEB0000DF13D00F5F7DEFB28B1022239460020C6
:10DEC000FAF71EF83EE6614B1B78013B012B3FF64B
:10DED00039AE0DF13D0002F0BFFD4FF6FF739842E1
:10DEE000044606D10DF13D0010F0CCF8A0423FF4FD
:10DEF00029AE0021FAF714F924E62A4638460FA97C
:10DF000004F00EFD1EE69DF83D100120FFF75EFABD
:10DF100018E64E4B1B78013B012B3FF613AEEB0787
:10DF20007FF510AE0DF13D0002F096FD4FF6FF7348
:10DF300098420546804673D10DF13D0010F0A2F8DD
:10DF40004045054607466BD10DF13D00F6F73CFA1A
:10DF5000B84205463FF4F6AD3046F4F781FA0022A8
:10DF60000934E4B2071BFFB2394610460FF03FFDFB
:10DF7000ADF81C0000283FF4E5AD4FF00109002387
:10DF80002A460821CDF8009005F0A8FCADF81E0047
:10DF900000283FF4D7AD2146304612F031FB4FF058
:10DFA000000A80461622514609A8CDF820A00CF0A0
:10DFB000B0FE434622463146CDF800A008A80FF037
:10DFC00063FE4B46424608A90DF11E00F4F782FBA2
:10DFD00000287FF4B7ADA7EB0807FFB2394607A8C2
:10DFE0000FF039FE284602F089FDFF2818BF184AB5
:10DFF000444418BF32F81030E4B21CBF23F480430D
:10E0000022F81030BDF81C0023463246002100974C
:10E010000FF06FFE2946BDF81E0010F098FD91E547
:10E02000284602F06BFDFF28074695D0F6F78AFCDC
:10E03000002891D0384603F091F98DE76C46002016
:10E040002827002024270020684600206D46002055
:10E05000F24200201E4B1B78013B012B3FF672ADB4
:10E060002A4638460FA9FCF7DDF96BE5194B1B78FA
:10E07000022B20D1002F7FF465AD08A8FEF7C0F871
:10E0800000283FF45FAD144B1F709DF83D30002B0E
:10E0900014BF64246524FEF759FB032806D13846D3
:10E0A0003946FEF7C9F93846FEF756FB214608A85F
:10E0B0000AF03EFE46E5043B012BDBD938460BF067
:10E0C00050FA0028D6D13DE530460BF04CFA39E540
:10E0D0006D4600206C460020284700202DE9F341C2
:10E0E00005460E461746984611F0EFFB044640B130
:10E0F00001233A4631462846CDF80080FFF78AFBD7
:10E10000044611F0E2FB30B1FFF78CFA78B10A4B0C
:10E110001B689B010BD400233A4631462846CDF8B4
:10E120000080FFF777FB002C0CBF0446012404F0AD
:10E13000010002B0BDE8F0812827002070B58AB048
:10E1400005A8E2F749FF022301AA15468DF814300D
:10E15000084B03F11006144618685968083303C4C5
:10E16000B3422246F7D1294605A8E3F71BFB0AB0C4
:10E1700070BD00BF556C0408014B1878704700BF94
:10E1800012520020014B1870704700BF125200203D
:10E19000014B1888704700BFA45100204FF6FF7351
:10E1A0002DE9F043994280460D4685B00BD00027FB
:10E1B0004FF6FD791C4EE2F709FAFCB2A0420BD8EB
:10E1C0004FF6FF701DE0F5F755FA0028EFD005B0C7
:10E1D000BDE8F0430FF07BBF36F814304B4517D83D
:10E1E0006946204611F004FC082241460DF1050065
:10E1F0000CF065FD4FF6FF7360B99D4204D136F80F
:10E20000140005B0BDE8F08326F8145011F06DFB42
:10E210000137D0E79D42FBD036F81430AB4208BF3F
:10E2200026F81490F4E700BF4E3B00202DE9FF478D
:10E2300006460F4600254FF6FD79DFF83C80DFF8F3
:10E240003CA0E2F7C3F9ECB2A04202D804B0BDE8AA
:10E25000F08738F814304B450CD86946204611F049
:10E26000C7FB082231460DF105000CF028FD08B966
:10E270000AF804700135E4E74E3B0020CB4500204E
:10E28000014B33F8100070474E3B0020F0B50646B6
:10E2900000250D4F85B0E2F799F9ECB2A04201D804
:10E2A00005B0F0BD37F81430B3420BD169462046B3
:10E2B00011F0D5FB9DF80030022B1CBF4FF6FD730B
:10E2C00027F814300135E6E74E3B002030B585B025
:10E2D00004460D46E2F77AF9A0420FD9084B33F80D
:10E2E00014204FF6FD739A4208D86946204611F073
:10E2F000B6FB29460DF10500FFF750FF05B030BD14
:10E300004E3B002030B585B00446E2F75FF9A042ED
:10E3100019D92046FEF736FF0546B0B969462046B2
:10E3200011F066FB9DF800302BB1694620468DF850
:10E33000005011F079FB4FF6FF720020044B23F8D8
:10E34000142005B030BD2820FBE740F60440F8E774
:10E350004E3B00202DE9F0410B7805460E461BB9D7
:10E36000BDE8F041FFF7CEBFE2F730F9A84231D95E
:10E370002846FEF707FF78BB374617F8058B4FF6A0
:10E38000FF713846FFF70AFF0446384600F01EFAD0
:10E39000B0FA80F04009B8F1000F15D0B8F1030FC2
:10E3A00015D04FF6FF724FF6FD73944208BF1C461E
:10E3B0000B4B314623F815400A4B5855284611F0AF
:10E3C00033FB0020BDE8F0814FF6FF74F0E74FF615
:10E3D000FE74EDE72820F5E740F60440F2E700BFC1
:10E3E0004E3B0020CB4500202DE9FF410D46044661
:10E3F0004FF6FE780F4F0E0AE2F7E8F8A04204D875
:10E40000FF24204604B0BDE8F08137F814304345BE
:10E410000CD16946204611F0EBFA9DF80520EBB2CD
:10E420009A4203D19DF80630B342EAD00134E4B2F7
:10E43000E2E700BF4E3B00202DE9F04F0C461746A7
:10E44000984600254FF6FD7B87B09DF840A0DFF889
:10E450005C900190E2F7BAF8EEB2B04201D8FF2624
:10E4600016E039F816205A451ED8304602A911F098
:10E47000BFFA3FB99DF80920424515D19DF80C20FF
:10E48000524511D144B939F81620019B9A420BD15B
:10E49000304607B0BDE8F08F082220460DF10D018F
:10E4A0000CF00DFC0028F3D00135D3E74E3B0020E3
:10E4B00010B5144611F09CFA2046BDE81040082221
:10E4C00001490CF00CBC00BFFA4600202DE9FF47C3
:10E4D000074615460846082224491E460CF0EFFB65
:10E4E000044600283FD14FF6FF7ADFF88490E2F728
:10E4F0006DF85FFA84F840450BD885B338460AF0CA
:10E50000E0F901250C9B18700120357004B0BDE8BE
:10E51000F08739F8183053451FD06946404611F04E
:10E5200067FA7A789DF801309A4216D17A88BDF858
:10E5300002309A4211D13A799DF804309A420CD1B6
:10E5400008220DF10501781D0CF0B9FB28B9002D4A
:10E55000D7D140460AF0CBF9D3E70134C7E7FF2013
:10E560000AF0C5F9CEE70020D0E700BFFA46002048
:10E570004E3B0020F0B50025154E164F85B0E2F752
:10E5800025F8ECB2A04201D805B0F0BD694620469E
:10E5900011F02EFA9DF80030032B06D900236946AE
:10E5A00020468DF8003011F03FFA9DF8002062B14E
:10E5B0004FF6FD734FF6FE71032A08BF0B4626F88F
:10E5C0001430002301353B55D9E74FF6FF73F6E7CA
:10E5D0004E3B0020CB450020F8B50E4604464FF6D2
:10E5E000FF770C4B0C4D1B7803EB430305EB8305C6
:10E5F000A54202D800242046F8BD2388BB4206D09D
:10E6000008223146A01C0CF05AFB0028F3D00C3431
:10E61000EEE700BFC65100209E390020044BFF21C9
:10E620001A78044802EB420292000CF072BB00BF61
:10E63000C65100209E390020F8B504460C4B0D460B
:10E640001B781046A3420DD90C27022117FB041199
:10E650007C43084E082231440CF041FB335B002020
:10E660002B80F8BD0023136053604FF6FF73F6E76D
:10E67000C65100209E39002038B504464FF6FD757E
:10E68000FFF704FE0022084B1878084BD1B28842ED
:10E6900000D838BD33F80C1C0132A14208BF23F862
:10E6A0000C5C0C33F2E700BFC6510020AA390020F1
:10E6B00070B505460E460846FFF7DEFF3146284690
:10E6C000FFF76CFD29460648FFF786FF00B970BDCD
:10E6D000044624F80C6B11F008F929462046F3E7AC
:10E6E0009E39002010B5082286B0234904460CF05C
:10E6F000E6FA20B906B0BDE810400FF0E8BC0822E9
:10E7000020461E490CF0DBFA20B91D4BB3F8680017
:10E7100006B010BD0023012221464FF6FF70009382
:10E72000FFF78AFEFF2806D0164B33F810004FF68D
:10E73000FB739842ECD903A8FEF7A8FD58B9BDF8C1
:10E740000C305B0607D5082221460DF10E000CF0B7
:10E75000B6FA0028DCD021460B48FFF73DFF40B158
:10E760004FF6FB724FF6FF730088904288BF184641
:10E77000CEE74FF6FF70CBE7FA4600200E340020BC
:10E78000A43300204E3B00209E39002070B50022AB
:10E7900004464FF6FB7608460A4B1D780A4BD1B269
:10E7A0008D4201D8002009E01988B14207D8A14262
:10E7B00005D10822991C0CF092FA012070BD0C338F
:10E7C0000132ECE7C65100209E39002037B50146E2
:10E7D00005460E48FFF700FF044640B1807A2946FF
:10E7E00011F061F980F00100C0B203B030BD034602
:10E7F0000090012229464FF6FF70FFF71DFEFF280B
:10E8000016BF034B2046185CE9E700BF9E39002085
:10E81000CB4500202DE9F341224B04461B780F46DF
:10E820008342154638D9FEF7C7FCB8BB4FF6FD73D7
:10E830009D421D4E0ED004EB440326F823504FF6A4
:10E84000FF739D421FD12046FEF7CEFC002002B090
:10E85000BDE8F0810DF106013846F4F74FFE4FF6A2
:10E86000FF72BDF806303846934218BF1D460C2390
:10E870006343F55206EB0308FFF7A8FFB0FA80F0F8
:10E88000400988F80A000C2303FB0460082239467B
:10E8900002300CF024FAD9E72820D8E740F60540EA
:10E8A000D5E700BFC65100209E39002038B5044688
:10E8B0000D46FFF7BBFC21460448FFF78DFE00B96B
:10E8C00038BD857221460C30F7E700BF9E39002025
:10E8D0000023074A1370074A1370074A118801B1D1
:10E8E0001380064B1A880AB100221A80704700BFB5
:10E8F0003A47002039470020BE430020BC43002097
:10E900002DE9F04F4C4C9846238889B005900F466E
:10E9100010469DF848A05BB952B10FF0DBF920809A
:10E920004FF4FA61454809B0BDE8F04FF3F7B8BFBE
:10E93000DFF81C91B9F80050002D69D02846F3F794
:10E940008FFDC0F347042846F3F76EFDDFF804A1FE
:10E950000294BAF80030DFF800B10193BBF8003040
:10E960000546009300224346012035490FF06CFA1A
:10E97000ADF81E0010B305EB44080124454512D143
:10E98000E4B9BDF81E50CDB12E4B1B782BBB2B46E6
:10E9900000223946059800F049FA0023ABF8003010
:10E9A000AAF800300AE0012329461A460DF11E009C
:10E9B000F3F790FE023504460028DFD00023224AF8
:10E9C000A9F800301378013BDBB21370002BA7D1FC
:10E9D00009B0BDE8F04FFFF77BBF0FF0F2FA014638
:10E9E0002846F3F71BFF0A2180462846F3F716FF57
:10E9F0000646A64202D8FF2CCFD1C8E7284604F12C
:10EA00000B01F3F70BFF8045C1D80134E4B2F0E706
:10EA10000E4C237823B904F0F5FD08B901232370C7
:10EA2000524641460520F5F73DFA0028D0D1207026
:10EA300009B0BDE8F08F00BFBE4300208C5000201D
:10EA4000666C04083B4700203A4700203947002005
:10EA5000BC4300203C4300203E43002030B5154D10
:10EA600087B02C889CB923464FF4A07248F2380135
:10EA700003A811F0FBF8214620460FF0A6FF22461E
:10EA80000D4B009403A9FFF73BFF07B030BD2046B4
:10EA90000EF04CFF04300AF0DDFD03A9044628887F
:10EAA00011F0E8FD0023009320462A8803A900F016
:10EAB0008DFBEAE7BE43002000F8FF0737B50020D2
:10EAC00001A90FF082FF0D4C014623780C4D7BB15C
:10EAD0000C4B019A18780FF097FF2078F7F71CF885
:10EAE000002323702B700848F3F776FF03B030BD86
:10EAF0002B78002BF7D0FFF7B1FFF4E73D4700205C
:10EB00003A4700203C4700208C50002008B50548BB
:10EB1000F3F7B0FA0448F3F7ADFABDE8084003484C
:10EB2000F3F7A8BABE430020BC430020BA4300203C
:10EB30002DE9F04F89B089460446CDE905239DF8BB
:10EB40004870139E30B316F801ABBAF1000F23D012
:10EB50000AF1FF34A400E4B2314601200AF08EFD30
:10EB6000C00E1BD1DFF844B1314601200AF086FD0A
:10EB70009BF8005034442279BDB1002F47D1802347
:10EB80004846CDE90277CDE90077414A059900F082
:10EB90004DF93CE08246DFE75446DDE71B28ECD91F
:10EBA000314601200AF06AFDE7E7DFF80481FF2A19
:10EBB00000EA08080BD14246E379A179607901EBBC
:10EBC000032189B209B0BDE8F04F0FF01DBF3149F4
:10EBD00009688B070AD5FE2A3AD101230135EDB227
:10EBE000202D4FEA43030AD1FF250AE02946284693
:10EBF00007920FF0EAFE4845BFD1079AEBE7984528
:10EC0000ECD1254B1B78FF2B04D0AB4204D009B0CC
:10EC1000BDE8F08FFF2DFAD00020F2F749F9A842A5
:10EC2000F5D029460020F2F749F90028EFD09BF8EB
:10EC300000306479002BEAD1FFF74AFE17484FF401
:10EC40001051F3F72DFE164B8BF800501C70DEE7C9
:10EC5000052A92D8BAF1010F8FD8B8F1000F8CD0E5
:10EC6000002FD4D17379002BD1D00E49098821B956
:10EC7000082B28BF08230C490B70434648461292C4
:10EC8000DDE9051209B0BDE8F04FFFF739BE00BF5E
:10EC9000666C040828270020135200208C500020A6
:10ECA0003C470020BE4300203A4700203D4700205B
:10ECB00000F8FF07014B1880FFF7D0BEBC430020CF
:10ECC00037B5184B1B78022B03D01725284603B005
:10ECD00030BD00210DF10700F4F74CF8054600287F
:10ECE000F3D1114B1B78013B012B01D90225EDE734
:10ECF000F3F7AEFF0028F9D009F0A8FF0446F3F7B8
:10ED0000A7FF0A4B4FF47A7118700B23B4FBF3F290
:10ED100003FB12440A34A4B261430548F3F7C0FD73
:10ED2000D4E700BF6C4600206D4600205D46002001
:10ED3000542600202DE9F043384B00241E784FF470
:10ED4000F813374FA5B003933D78ADF81040F6F7B0
:10ED50008FFFBDF90E30ADF81200A342ADF814409C
:10ED600006DB304B1C780134E4B21C7044F08004A4
:10ED70008DF82C40A94602244FF000088DF82D6034
:10ED8000B14529D3002221460BA83D708DF82D8076
:10ED90000EF02DFEE8B1B8F1000F09D000234FF6B8
:10EDA000FC71CDE9000303AAFF230620FBF7DCFF7B
:10EDB000B5422FD209F04AFF0B23B0FBF3F24FF418
:10EDC0007A7102FB13000A3080B241431648F3F710
:10EDD00067FD25B0BDE8F083484606A902F0E4FAD5
:10EDE00098B9512C11D804F190030DEB03020834AB
:10EDF00006AB013508F1010803CBE4B242F8640C1C
:10EE000042F8601CEDB25FFA88F809F101095FFA77
:10EE100089F9B5E70448F3F7DFFDDAE75D4600203E
:10EE20005E4600203F470020542600200CB42DE908
:10EE3000F04F8BB014AA0E4652F8041B07460992F5
:10EE4000002940F08F80BDF85400ADF82200002862
:10EE500000F0A18033794FF6F778002B40F08680E0
:10EE600047458CBF4FF009084FF008084C4B1C7801
:10EE7000FF2C40F08380B6F90230002BA9BF494B2C
:10EE8000347A1C780134A2BFE4B21C7044F08004D0
:10EE9000DFF81CB122460021F3F7D4FC9BF80030C8
:10EEA000BDF82200002B6CD0DFF808A14FF000095C
:10EEB000BAF800300793F3F7D3FA0546BDF82200FD
:10EEC000F3F7B2FAEBB2CDE90193FF23CDE90309E1
:10EED00000932246334639460798FCF7DFF84FF691
:10EEE000FF7305468BF80090AAF80030382D33D117
:10EEF0003246394640460DF122030AF03AFB00281B
:10EF00004BD04FF6F7739F4226D8B6F9023070887F
:10EF1000002B21DA48F204022349244B4FF0000869
:10EF2000904214BF894699460FF0D1F849460346EE
:10EF30008A220120CDF800800EF086FF814658B16C
:10EF400022464146F3F77EFCFF23324639464046CF
:10EF5000CDE90098FBF708FF28460BB0BDE8F04F5D
:10EF600002B0704701200EF032FF6EE700234745E4
:10EF70008CBF4FF006089846337177E7FF221A706E
:10EF800086E7CDE900033246FF2339464046FBF7CA
:10EF9000EBFE0546AAE71925DEE70546DCE700BFDC
:10EFA000155200203F470020776C04086C6C040861
:10EFB0003E470020C043002070B54FF400330024CA
:10EFC0000546164688B0ADF81A100DF10F0204A9D7
:10EFD0000593ADF81840ADF81C4004948DF80F402F
:10EFE0000AF09EFA9DF80F3028460193049B044ACC
:10EFF000009305A93346FFF719FF08B070BD00BFA5
:10F00000706C040830B54FF48035002487B0039548
:10F01000BDF82850CDE900128DF81030074A03469C
:10F0200003A9BDF82C008DF81140ADF81250ADF8D1
:10F030001440FFF7FBFE07B030BD00BF456D04086C
:10F04000B1F1006F2DE9F04314462CBF392238226C
:10F050008BB01D464FF00003ADF81E204FF4800228
:10F060002CBF4FF001099946FF2C0646ADF81C3025
:10F070000892ADF824304FEA11471FFA81F80FD1FA
:10F080000FF0B7FCB9F1000F19D1154ACDE902050F
:10F0900043463046CDE9007407A9FFF7C7FE1AE0E2
:10F0A000FE2C0AD10FF0A5FC0130C0B20FF0BBFC62
:10F0B000B9F1000F12D00B4A02E0E8B2F8E70A4AB1
:10F0C000CDE9030501233046CDE90174CDF8008078
:10F0D00007A9FFF7ABFE0BB0BDE8F083034AD5E705
:10F0E000746C0408436D0408736C0408446D0408D0
:10F0F0004FF498124FF0806310B586B0CDE903232A
:10F100000023ADF814300EF0E2FF0446F6F7B0FD30
:10F11000054B01900093054A234603A94FF6FD7065
:10F12000FFF784FE06B010BDFA4600207A6C040892
:10F1300030B500244FF4806587B0CDE900128DF81A
:10F140001030084A034603A94FF6FD708DF81140B0
:10F150000394ADF81250ADF81440FFF767FE07B006
:10F1600030BD00BF7E6C040870B515461E464FF4D6
:10F1700098124FF0806386B0CDE90323002301226B
:10F18000ADF814300D4B04461A700D4B188008462C
:10F1900061B1FBF7D3FD2346CDE90056094A03A927
:10F1A0004FF6FD70FFF742FE06B070BD064B8DF8BE
:10F1B000161019700223ADF81230ECE73E4700201C
:10F1C000C04300207A6C0408155200202DE9F04F4E
:10F1D0009BB00E4605460EA91046CDE90A329DF8B1
:10F1E000907010F09BFCBDF838A080465046F3F7B5
:10F1F00037F9B6F902300446002BB6F80690B6F897
:10F2000002B004DA0022B24B1A70002049E05046E6
:10F21000F3F726F94045F5D3A4EB0804E3B2002F39
:10F2200018BF4FF4A079152B099328BF152300248C
:10F23000013308F1FF325146DBB292B2009414A8B8
:10F240000EF022FD6FEA4B436FEA5343A1499DF84C
:10F25000502008684968ADF846300FAB03C3ADF8DD
:10F260004840ADF84440ADF84A90ADF84C20BBF1B1
:10F27000000F24D10DF15100F4F7FCF9A0B10EF00C
:10F2800026FF5C4606460DF1590A0DF151030A9A14
:10F290009AF80080012A2DD157B384F0010404F0BC
:10F2A00001001BB0BDE8F08F0DF1510001F0D4FB5F
:10F2B0004FF6FF74011B4C4206464C41E3E7BBF19D
:10F2C000010F40F09480BDF851600EF000FF8642BF
:10F2D0000AD030460FA910F004FD80F00104E4B21A
:10F2E0000DF1530A0FABD2E77B4B0DF1530ACEE77A
:10F2F0000A9CD4E797B3002C75D1B8F1010F72D8EE
:10F3000037D10EF0E4FE0EF0E2FE224606469AF8F1
:10F310000170714B00210120CDE9006102976F4916
:10F320000EF092FDADF83A0000285CD0002C53D1CD
:10F33000B8F1010F50D12646DFF8B8A19AF8003095
:10F340005FFA84F8434538D9404601F067FCC207AC
:10F3500002D5BFB1013FFFB20134EFE7B8F1010FB1
:10F3600005D1002CCDD081229AF80170D2E7002C73
:10F37000F9D1B8F1010F94BF002201229AF801706F
:10F38000D201C7E7404601F037FB0123ADF8340056
:10F3900002220DA90DF13A00F3F79CF918BBBDF854
:10F3A0003A00F3F75DF88046484610F0F0F808F1AF
:10F3B000010801368045F6B2CEDBB6B132460C21EB
:10F3C000BDF83A00F3F73EFA00222846BDF83A307D
:10F3D00011A9FFF72BFD06E00C210DF13A000EF00C
:10F3E0003AFC0028F0D001205BE70D21F5E70A9BED
:10F3F000002B7FF40AAF7388342B57D1099B092B5C
:10F400007FF403AF002F7FF400AF9DF959603A46B7
:10F41000B41008210DF1510004F020040EF09AFD03
:10F42000D0B12F4B1B78012B3FF4EFAE022B27D12D
:10F430002C4B1B6813F0807F25D12A4B1B685B0285
:10F4400001D5002E30DA00232846274A11A9FFF7FC
:10F45000EDFC264B1C70D8E60DF15100F4F70AF9CB
:10F460000028DED10DF1510001F0F6FA4FF6FF73DE
:10F47000984208D02146F8F753FE034618B903E036
:10F48000033B012B06D9C8232846174A11A9FFF7C9
:10F49000CDFCBAE6164BB3F86830AB42CDD0114B79
:10F4A0001B6813F0805FC7E78D23EDE7099BCDE96B
:10F4B000059204930DF15103CDE9028331462846AC
:10F4C000CDE9007A0B9B11AA00F074F89DE600BF0D
:10F4D00032470020C8270408FA460020826C04083E
:10F4E0006D46002028270020EF6C040814520020ED
:10F4F000A4330020D4510020024B187840F0800043
:10F50000704700BF3F47002038B50A4B05461C78BE
:10F5100024B10EF0DCFDB0FA80F46409F8F7D2FEF5
:10F5200008B144F04004E1F763F844EA4020284081
:10F5300038BD00BF68460020014B1888704700BFE7
:10F54000AC510020014B188000207047AC510020C6
:10F55000084B10B504461880F6F78AFB04F0100437
:10F5600000F00403A3421EBF9843034B1870002011
:10F5700010BD00BFAA5100206B4600204FF6FF715E
:10F58000034602881B798A4217BF074901200A8077
:10F5900041881EBF054A00201180FF2B1EBF044A70
:10F5A00000201370704700BFA8510020A651002012
:10F5B000404700202DE9F04FB7B09946BDF804311F
:10F5C000439C0D939DF8083183460E93BDF814318A
:10F5D00020460F939DF81831B1F802A00F469046CF
:10F5E0009DF8005110930AF035F8BAF1110F064654
:10F5F00000F28A800EF06BFDB04200F08F80BAF10D
:10F60000060F19D14FF6FD739E423ED0DDB9BC4BBB
:10F610001B78033B012B36D9304601F06FFAFF28E7
:10F6200014BF8923812300224146CDE90062584658
:10F63000B44AFFF7FBFB06E02DB9BAF1030F08D877
:10F64000BAF1010F0AD80022AF4B1A7037B0BDE8EB
:10F65000F08FAAF10403022BF5D8D8E7A84B1B784A
:10F66000033B012B0DD9304601F048FAFF2814BFA7
:10F670008923812341465846A44A0096FFF7D6FBCA
:10F68000E1E78023F6E78023CDE7A14B1B785907FC
:10F690004CD40EF01CFD0026034632460120994949
:10F6A00000960EF0D1FB2379ADF86C000F93002883
:10F6B000CCD0DDE90E320D9803EB4209F2F7D0FE13
:10F6C0005FFA89F909F10507FFB28742BED23946D0
:10F6D0000D98F3F7A3F8109007EB40070D98F2F799
:10F6E000BFFE8742B2DADDE90F321343DBB2002BF3
:10F6F00040F03282002DA9D12F463A460421BDF8B0
:10F700006C00F3F79FF876E1814BBAF13A0F1B7862
:10F7100011D948F23B039A4508D014E07C4B1B7882
:10F720005A070BD5AAF10403022B07D8FB8843F430
:10F730008043FB808AE7BAF11B0F1ED8AAF10203AF
:10F740009AB2132A5ED9109B494602930F9B5046EA
:10F75000CDE900530E9A5B4609F0EFFE0F287FF4C7
:10F7600075AF0122684B1A70694B1B789B0740F1FB
:10F77000D982002D7FF46AAFD8E7AAF11C021E2AB5
:10F78000E1D801A151F822F0ADFF020847F70208C5
:10F7900047F70208CDFB020847F70208ADFC020854
:10F7A000ADFC020847F7020847F7020847F70208CE
:10F7B00047F7020847F7020847F7020847F7020829
:10F7C00047F7020847F7020847F7020847F7020819
:10F7D00047F7020847F7020847F70208DDFC02086E
:10F7E000DDFC020849FF020847F7020847F7020854
:10F7F00063FF020847F70208FDFF02081300030831
:10F8000021000308132B9ED801A252F823F000BF59
:10F8100061F8020829F9020847F9020825FA0208E6
:10F8200093F6020847F7020847F7020847F702086D
:10F8300047F7020847F7020847F7020847F70208A8
:10F8400047F7020847F7020847F7020847F7020898
:10F8500047F7020867FB020847F70208D9FF0208CA
:10F8600000241BAB5A4648460E9900931DAB1D94CD
:10F870008DF86C4009F055FE0EF029FC204B054632
:10F880001B78012B03D0022B14BF02240124E0F7C4
:10F89000AFFE162894BF0020012044EA4014F6F77A
:10F8A000E7F91C4B0646B3F800A0FBF753FA1A4BD6
:10F8B00007464FF6FF70B3F80090FFF725FE174B91
:10F8C0009DF86C201988124B1B7813F002031CBFA3
:10F8D000134B1B780B921D9ACDE90701CDE9093234
:10F8E00040234146CDE9014358460023CDE905793F
:10F8F000CDE9036A0B4A0095FFF798FAA6E600BF28
:10F900006D4600206C6C040832470020776C0408B8
:10F91000A6450020AC510020A8510020A65100208F
:10F9200040470020886C04080EF0D1FBA34BA44A8A
:10F930001B88CDE9400300234146584637B0BDE857
:10F94000F04FFFF773BAA4781DA9631EDBB2EF2B4B
:10F95000204610D9F22C0ED00DF043FA82240EF07E
:10F96000B6FB00234146CDE90003964A234658469C
:10F97000FFF75CFA6AE60DF034FA002850D00EF07A
:10F98000A6FB9DF878209DF87A100492BDF87620A9
:10F9900049000392BDF87420C9B2CDE901429DF837
:10F9A000792003465200D2B208320A440092012064
:10F9B000002285490EF048FA9DF87930ADF86C00C8
:10F9C0008DF8673000283FF441AE002601230DF189
:10F9D00067011A461BA8F2F77DFE054600287FF452
:10F9E00035AE9DF86730EAB2934209D89DF87A3077
:10F9F0008DF8673016B1BDF86C3033E00126E5E7CD
:10FA0000314620460DF030FA0123ADF8680002229D
:10FA10001AA91BA8F2F75EFE01350028E1D015E611
:10FA200083249CE70EF053FB0446EFF77FFA23464E
:10FA300000900022012063490EF006FA00283FF4EE
:10FA400005AE00252C46ADF87400EFF76FFAEEB264
:10FA5000B0420DD822460421BDF87400F2F7F2FE40
:10FA6000BDF87430002241465846FFF7DFF9EDE556
:10FA70003046EFF73DFAFF288DF86C000AD00123DD
:10FA800001341A461BA91DA8E4B2F2F723FE002890
:10FA90007FF4DCAD0135D8E75046B4F80290EFF7BB
:10FAA00027FAFF288DF8680000F0CF821DA90DF01D
:10FAB00098F9BDF874304B4507D04FF6FF72914569
:10FAC00040F0C3821B0400F1C0829DF8793012938C
:10FAD0000E9B0533DBB213930F9B149300231193FA
:10FAE0004FF000094B4613E017934900139BC9B22E
:10FAF00019440D9889B20EF00FF94FF0000A179BC8
:10FB0000159012995FFA8AF28A4217D309F1010916
:10FB1000149A5FFA89F19142E6D39DF87A20129205
:10FB2000169A1392002B40F08582119B002B40F017
:10FB30008C8201231193109B1493D1E711999DF8A6
:10FB4000680017930DF090F9159A179B0AF1010AB6
:10FB5000824208BF0123D4E709F106095FFA89F35D
:10FB60003746169372E2A71C39463046A57AECF761
:10FB7000EFFE012239463046FAF77EFB304610F0A0
:10FB800063FA384600F068FF2288824207D04FF6B9
:10FB9000FF72904203D000F0B1FF10F068F985F0D9
:10FBA0000804C4F3C00421463846FEF77FFE214610
:10FBB000384637B0BDE8F04F09F008BDAA51002023
:10FBC000696D04086C6C0408956C0408AD4B1B78D7
:10FBD000033B012B7FF63AAD0EF079FA58453FF41E
:10FBE00035AD09F033F80B23B0FBF3F24FF47A7123
:10FBF00002FB13000A3080B24143A348F2F750FEE3
:10FC0000F3F726F800283FF421AD0123002218461F
:10FC10009E4994F800A00EF017F9ADF8680000288E
:10FC20003FF414AD0026354634460E9B1BAF01331E
:10FC30000E93F2B2524514D3002C3FF407AD0123CA
:10FC40002A461DA91AA8F2F745FD00287FF4FEAC4C
:10FC500022460221BDF86800F2F7F4FDBDF86830D5
:10FC600000E74FF000090E99D200D2B20A440823EF
:10FC70000D993846CDF800900EF006F83946484602
:10FC800000F00CFFFF280FD0814B1B5C0F2B0BD912
:10FC900097E8030005F1D8036B44643B83E8030055
:10FCA00008350134EDB2E4B20136C2E7002D7FF42D
:10FCB000CDAC18073FF53AAD53462246414658466B
:10FCC00004F0F8F800287FF4C1AC8423414658467C
:10FCD000704A37B0BDE8F04FFFF7A8B823780F9807
:10FCE00010930FF054FC00210646584605F028F901
:10FCF000644BBAF1310F1B780746A3F103030BD114
:10FD0000012B13D9644B654A1B7812781344DBB27C
:10FD10000D9316230E930DE0012B03D9604B1B7836
:10FD20000D9353BB002D7FF491ACCEE70123162138
:10FD3000CDE90D310024109B22460093012023467B
:10FD4000584901940EF080F800283FF47FACF61B70
:10FD5000F3B22646544FDFF85C911193ADF86C0076
:10FD60000F940D9BE5B2AB4209D832460221BDF893
:10FD70006C00F2F767FD0F9AC0E40523CAE716226C
:10FD800000211DA80AF0C5FFBAF1320F3DD13B7921
:10FD900003F00302032A21D18DF87620109B01364F
:10FDA000F6B2B34215D2BDF86C00F2F759FB0E9BC8
:10FDB0001844119B98420CDC01230E9A1DA91BA824
:10FDC000F2F788FC00287FF441AC0F9B0133DBB2D3
:10FDD0000F930134083709F11209C2E7B9790029F4
:10FDE000DCD13249C3F3C203CB5C1DA8012A08BF92
:10FDF00043F0010339888DF8763009F02DFC7988BD
:10FE00000DF1770009F028FCC8E71DA80EF049FDA8
:10FE10004FF0FF33CDE91F331F4B1B78AB4261D945
:10FE200099F804306F2BD4D828461FA9F4F73EFE6A
:10FE30000028CED01E4BB9F80020B3F8683092B934
:10FE4000003B18BF01235B0143F004038DF88630AB
:10FE500002238DF88730B9F802301B0A11468DF85D
:10FE6000893021A8CEE79B1A18BF01235B0143F01C
:10FE700005038DF8863002238DF887300F238DF827
:10FE80008830E8E76D46002054260020EE6C040818
:10FE9000AA450020EF6C0408664600206546002055
:10FEA000D2510020EC6C040828420020A16C040808
:10FEB000A43300208A3F00200132D2B2551EEDB299
:10FEC00028461393129200F0A9FEDDE9122310F0E8
:10FED000010FF1D063490978611A994205D00133C5
:10FEE000DBB2E9E701220023E8E75F4B1FA918789E
:10FEF0002844C0B2F4F7DAFD00283FF46AAF284680
:10FF000000F07AFD1290284600F088FE10F0010FF4
:10FF1000129A0FD116238DF88630544B1B7801337B
:10FF2000DBB20F2B28BF0F238DF88830504B33F8EE
:10FF3000153092E72846129200F070FE10F0020F82
:10FF4000129AE7D11223E6E71A073FF5EFAB2346F3
:10FF50005A4641460F9804F005F800287FF476AB26
:10FF6000E0E695B1434B1B78033B012B7FF66EAB6C
:10FF70000EF0ADF818B9BBF1000F7FF467AB207835
:10FF800037B0BDE8F04FF5F7EDBC0EF0A0F820B1AA
:10FF9000384B1B78033B012B01D8802396E62B4678
:10FFA00041465846344AFEF741FFE8E70EF08FF825
:10FFB000B0427FF44BABA01CF3F75CFB00283FF48E
:10FFC00045AB0EF084F804460EF081F82B4B2C4A1A
:10FFD000CDE940032346AFE4204609F03BFBFFF7A1
:10FFE00093FA00283FF432AB409000234146584634
:10FFF000244A37B0BDE8F04FFEF718BF4B464246E3
:020000040803EF
:1000000059460020CDE9405437B0BDE8F04FFEF727
:100010008FBD4B46424659460120CDE94054F3E797
:100020002B464A4641465846409437B0BDE8F04F0B
:1000300004F028B801231AA91A461BA8F2F74AFBB4
:1000400000287FF403AB0137FFB20136EEF76EFFF5
:100050005FFA86FA50453FF61FAD002F3FF44AABDA
:10006000FFF74BBB66460020CD51002027470020FC
:10007000B04200206D460020EF6C0408FA460020D4
:100080009D6C0408776C0408F8B5164B04461D886F
:10009000154B20F8025B196879B108220AF01FFE9F
:1000A000124B0C201B78124EA372124B19780023AE
:1000B000DAB2914205D8FF2209E0C4F8021041608B
:1000C000EEE7013300FB03F7F75BAF42F0D10A4BD9
:1000D000E2721B782373094B1B786373084B1B6810
:1000E0002361F8BDCE430020C834002041470020E2
:1000F00092390020C65100202347002022470020CB
:10010000B4340020F0B589B006460C46154610F010
:10011000A0FA0DF10A020146304610F031F9134FF2
:100120000346E8B901223A702288BDF80A1022B1CC
:100130000246072008F03DFB90B103A8FFF7A4FF9B
:10014000BDF80A00F2F78CF90646BDF80A00F2F78E
:100150006BF921460090F3B2284603AA08F0C0FDCF
:100160000023034A3B70136009B0F0BD42470020F2
:10017000C834002073B5ADF806000DF106000DF08F
:1001800048FC014608B102B070BD0DF106000DF04B
:10019000B7FC0446F2F748F9C67A002EEDD12046A6
:1001A0000FF0B0FDFF28E8D000F020FD054BD3F89C
:1001B0008850002DE1D03346224641213046A847E1
:1001C000DBE700BFA433002073B5002200210C2020
:1001D00000F06EFD002119480DF020FC01250446B9
:1001E000164E84B120460FF08DFDFF2805D1214623
:1001F00030460DF069FC0446F3E704220023009525
:1002000000F02AFDF3E721460D480DF007FC01251B
:1002100004460B4E0CB902B070BD20460FF072FDC3
:10022000FF2804D008220023009500F015FD214688
:1002300030460DF049FC0446ECE700BFD2430020F5
:10024000D44300202DE9F84F10460E461746994634
:100250000DF07AFA254A264B0021B0F5006F14BF45
:100260009046984640460DF0D9FB4FF0000A0446F0
:10027000DFF880B00CB9BDE8F88FBC4228D1204629
:10028000F2F7D2F8857A80F80BA0013DEDB28572C5
:1002900016B13F2E00D02DBB06F00AFC05462046C5
:1002A0000DF052FAB0F5006F4FF00002214615D163
:1002B0000F480DF044FCFFF787FF284606F0FEFBD1
:1002C000DBF8885025B14B463A4631460020A84716
:1002D000214640460DF0F8FB0446CBE703480DF0FD
:1002E0002EFCEAE7FFF770FFF2E700BFD4430020DF
:1002F000D2430020A433002000232DE9F347064613
:100300000F464FF6FF78284CDFF8A090ADF8063086
:1003100020460DF07EFB054648B9294620460DF0E3
:100320007DFB8246F2F780F80389B34217D94C452A
:1003300001D1FFF749FF002120460DF06FFB054674
:1003400007F1FF3A5FFA8AFAD5B94C4516D1BDF8E4
:100350000600FFF70FFF404602B0BDE8F0877B1EA6
:10036000DBB2FD2BD4D9294620460DF0C9FB2A4625
:1003700051460DF106000DF057FBC9E74C46C7E7A3
:10038000BAF1FD0F09D92846F2F74EF803899B1BF5
:100390009BB2984528BF98460381294620460DF018
:1003A00093FB0546D0E700BFD4430020D243002092
:1003B00008B507F0BEFD0B4AFF2113881080C31A51
:1003C00098B2FFF799FF4FF6FF730146994206482E
:1003D00003D1BDE80840F2F7FFBABDE80840F2F7E4
:1003E0005FBA00BFD6430020AC500020174B002856
:1003F0002DE9F041164D18BF1D460F4628464FF017
:1004000000010CBF4FF008084FF002080DF006FB8A
:10041000044610B92046BDE8F0812046F2F704F802
:10042000C37A064623B1214628460DF04DFBEFE77F
:1004300020460DF0B8F94246014638460AF03FFC26
:100440000028F0D1B378002BEDD1E3E7D2430020B0
:10045000D4430020014B1860704700BFCC3400200B
:1004600010B504460548F2F7B7FA0023044A138092
:10047000044A1380044B1C8010BD00BFAC50002008
:10048000D4430020D2430020D043002008B50448C4
:10049000F1F7F0FDBDE808400248F1F7EBBD00BF01
:1004A000D4430020D2430020014B1880704700BF86
:1004B000D04300202DE9F3410446884607F039FD7A
:1004C000324B074620461E880FF01CFC054620468E
:1004D0000DF03AF9B0F5006F32D1FF2D06D00123AF
:1004E000042200932846002300F0B6FBB8F1000F69
:1004F0001DD106F0DDFA2146054625480DF0B2FA79
:10050000284606F0DBFA23480DF0D1FC224BA8B3B5
:100510001988711A17FA81F086B22046F1F784FF24
:10052000032306818372002002B0BDE8F08106F04B
:10053000BFFA00222146054615480DF075FADFE79F
:1005400016480DF0CBFA04281ED8FF2D06D0012343
:10055000082200932846002300F07EFBB8F1000F2C
:1005600005D106F0A5FA214605460C48C6E706F077
:100570009FFA0022054621460848DEE73146054835
:100580001F80F2F78DF9C8E71C20CDE7D04300208B
:10059000D2430020AC500020D6430020D44300209A
:1005A0002DE9FF4708460C460DF0B3F800F48058DB
:1005B00020460DF034F9054620460DF007F9B0F558
:1005C000404F1BD1B8F1000F14D029460020FFF78F
:1005D0000DFF054670B1F1F727FF0023404A8178EF
:1005E0000446009218462A460193F1F7D3F808B959
:1005F0000123E372012004B0BDE8F087284609F02A
:1006000029F8814600F07AFAFF28074637D00125FD
:10061000A0F12006C0F12003324925FA03F305FAC0
:1006200006F61E438540D1E900232A433343C1E93E
:10063000002300F09BFA044638B1384600F0EEFA89
:1006400010F00C0F14BF01240024B8F1000FD1D01A
:100650004FF0000A03A90120ADF80C90FFF7C6FE89
:100660008146F1F7E1FE8046B9F1000F1ED1BAF1E3
:10067000000F14D1FF2FBDD0002CBBD128E01A4BA6
:100680001B684BB148469847044628B1B8F1000FA3
:10069000B0D000252E46DBE7B8F1000F01D10020D5
:1006A000A9E7002501242E46A246D3E774B1002312
:1006B0000B4A8178009218464A460193F1F76AF88E
:1006C000002897D1012388F80B3093E7FF2F91D0B2
:1006D000064BD3E9001229433243C3E9001289E7EC
:1006E0004502030848160020CC34002040160020A4
:1006F00038B504460DF028F8054620460DF053F8AD
:10070000A5F500630446014658425841FFF76EFEC6
:10071000B0B9B5F5006F01D0002038BD204608F013
:1007200099FF00F0EBF9FF28F6D0064B00B21B68EA
:1007300033F8100000F4E260003818BF0120ECE745
:100740000120EAE7D03400202DE9F7434FF00009FB
:100750000746ADF8049000F061FA10F00C0F29D0B4
:100760004FF00208154D2B88A5F80090ADF8063023
:100770000DF106000DF04DF9044630B1B8F1010F4E
:1007800014D04FF001080E4DEDE721460DF10600A3
:100790000DF0B6F906460FF0B5FAB84222463146DA
:1007A00014BF284601A80DF03FF9E1E7BDF80400A9
:1007B000FFF7E0FC03B0BDE8F08300BFD4430020A6
:1007C000D24300202DE9F04FDFF8208185B0D8E931
:1007D000003213437CD105B0BDE8F08F02EA04017A
:1007E00003EA0700014327D022EA040223EA0703B1
:1007F000C8E90023DAE9002302EA040503EA070C4A
:1008000055EA0C056FEA04006FEA070124D130466F
:1008100000F004FAC2070FD5304600F0E7F9DBF824
:100820009C30002B45D11D46304600F0E5F8DBF842
:1008300084300BB12946984724197F4109F10109F9
:10084000284B5FFA89F61B78B342C4D9D8E9002354
:1008500052EA0301C2D1BEE702400B403046CAE96A
:10086000002300F0DBF9C307E6D51F4B30461B68B9
:1008700033F8163003F48873102B10D000F0B6F95B
:10088000DBF89C3013BB1D46012310220093304639
:10089000002300F0E1F90020F0F7EEFEC4E700F0DD
:1008A000A5F9DBF89C300125002BBDD00122039572
:1008B00002E000252A46039503920021304698471E
:1008C000039A002AB0D0002DAED1DDE70025EDE778
:1008D0004FF0000901244F46DFF814A0DFF814B0F0
:1008E000AEE700BF16520020D0340020481600208A
:1008F00040160020A4330020F8B50346084613B381
:1009000009B3402A1FD8114900260B60104900275F
:10091000086010494FF0FF350A7000210C4604337F
:100920008A4205DC002152000AF0F3F90020F8BDEC
:10093000C3E9036703F8044C23F8024C1D605D60B3
:1009400001311833ECE72120F1E700BFD434002057
:10095000D034002016520020F0B5144CDDE90567B4
:100960002568EDB1F0B91248007888421AD901EB38
:1009700041014FEAC10C05EBC10415F8311011B962
:100980002169C90710D4002005F80C0062801A689C
:1009900046F0010662605A68C4E90467A260F0BDCF
:1009A0000220FCE72120FAE72E20F8E7D4340020CB
:1009B000165200200E4B30B51A68A2B10D4B1B78B1
:1009C000834212D900EB400002EBC003C1000024B7
:1009D00000200025C3E9044550544FF0FF325880F1
:1009E0005A609A6030BD0220FCE72120FAE700BF80
:1009F000D434002016520020094B1B6863B1094A09
:100A00001278824208D900EB400003EBC0031A6958
:100A1000D20701D5588870474FF6FF70704700BF66
:100A2000D434002016520020094A0346106870B1E1
:100A3000084A12789A4209D903EB430300EBC30337
:100A4000186910F0010002D0181D7047002070478F
:100A5000D434002016520020F8B50E4B05461C6811
:100A600034B128B100260C4B1F78F3B29F4202D854
:100A70004FF6FF7009E008222946201D0AF01FF9F1
:100A800020B92369DB0701D56088F8BD0136183429
:100A9000EBE700BFD434002016520020F8B5154B08
:100AA00004461D680E46E5B1134B1F78874218D9DE
:100AB00000EB400305EBC30526B92B69DA0712D416
:100AC0002046F8BD08223146281D0AF0F8F850B932
:100AD0002B69DB07F4D40134E4B2A74205F1180511
:100AE000F0D1FF24ECE70134E4B2A74205F1180588
:100AF000E2D1F6E7D4340020165200200A4B01461A
:100B00001B6830B52BB1094A14780022D0B2844258
:100B100001D8FF2030BD5D888D4202D11D69ED07EF
:100B2000F8D401321833F1E7D434002016520020F3
:100B30000C4B1B689BB14FF6F77291420DD80A4AD5
:100B40001278824209D900EB400003EBC0031A6916
:100B5000D20704D500205980704721207047022019
:100B6000704700BFD4340020165200200F4A0346BD
:100B70001068D0B10E4A12789A4215D919B203EB17
:100B8000430300EBC300036913F001000DD0094AD1
:100B9000126832F8112002F4E2622AB913F00C0F45
:100BA00014BF01200020704701207047D43400207A
:100BB00016520020D03400200A4A0346106878B14B
:100BC000094A12789A420AD903EB430300EBC300A7
:100BD000036913F0010003D0C3F300107047002035
:100BE000704700BFD434002016520020094B1B6808
:100BF0006BB1094A1278824209D900EB4000C20069
:100C000003EBC0000169C90701D5985C7047FF205C
:100C1000704700BFD4340020165200200C4A03460F
:100C2000106890B10B4A12789A420DD903EB430336
:100C300000EBC300D0E9043213F001004FF00001D3
:100C400004D018461146704700200146704700BF87
:100C5000D43400201652002070B51C46124B9DF86B
:100C600010601968D1B1114B1B78834218D900EB81
:100C70004000551E01EBC0012543D1E9040301D01A
:100C8000C5070FD52EB110432343C1E9040300204B
:100C900070BD20EA020023EA0403F6E70220F7E72A
:100CA0002120F5E72D20F3E7D43400201652002050
:100CB000134BF0B51B6803B300266FEA000C6FEA14
:100CC000010E104C2778F4B2A74201D80020F0BDE5
:100CD000D3E9044514F0010F07D014F0020F04D13A
:100CE00032B104430D43C3E9044501361833EAE742
:100CF0000CEA04040EEA0505F5E70220E7E700BF69
:100D0000D4340020165200200B4B70B51B682BB159
:100D100000240A4A1678E2B2964201D8002070BD3B
:100D2000D3E9042502400D402A4304F1010403F1F4
:100D30001803F0D00120F2E7D4340020165200202E
:100D40002DE9F0470026FF27B246164DDFF8588000
:100D500098F800305FFA86F94B4502D83846BDE86E
:100D6000F0872B792F2B0FD928460DF08CFC2B798F
:100D70006C7903F0070304F0030483422CBFE418EA
:100D80002418E4B2A24506D95446B946A2464F46B5
:100D900012350136DCE7288801F0B2F80028F3D1DB
:100DA000F4E700BF8A3F0020664600202DE9F04F9F
:100DB00089B082460CF01DFD029050460FF053FBA7
:100DC0000026411C054689B25046F1F727FD3446FE
:100DD000B346B146B04600F01F00023500EB4000BC
:100DE000EAB27D4F50FA85F5EDB2AA4276D97B4E34
:100DF0003378002B6FD0A400B4FBF3F4E4B2042CDE
:100E0000029808BF0324F3F7FFFA054600283FD1F4
:100E1000FFF796FFFF285ED0714B05B2049018785B
:100E20000DF018FC80452CBF04EB08012118B8F127
:100E3000000F14BF01230223674F05EBC50507EB25
:100E4000450553FA81F3284603930DF01CFC95F8F1
:100E500004C06B790CF0070103F0030388422CBF38
:100E60001B185B18039ADBB29A4234DA049AB8F181
:100E7000000F04D119B13378033B5B452BDC1046DE
:100E800002990DF0A8FB05B205EBC50507EB45057A
:100E90002B791E09B8F1000F7ED0414628460DF08F
:100EA0001CFC032128460DF01EFCB9F1000F09D1EE
:100EB000002E40F0848007F0C9FEC0F30B014948C2
:100EC000F1F7EEFC6B79504623F003031C446C7180
:100ED0000CF024FCA87309B0BDE8F08F4ED0424B53
:100EE00051461B8807A8ADF81C304FF000038DF861
:100EF0001E3000230093032303920CF0C5FE9DF8DF
:100F00001E30BDF81C101B09039A18BF09F1010916
:100F1000CDE9041318BF5FFA89F903920DF0D7F8F1
:100F20000499039A8842059B03D19DF81E8008F01E
:100F30000F082E4890F800C014E017F80E0C10F0BF
:100F4000070003D00BF1010B5FFA8BFBAA4207D01D
:100F500037F812EC8E4503D113B108B10134E4B275
:100F60000136F6B2AA4207F112070BD1B4450FD9E8
:100F700017F80E0C10F00700E4D1F1E700234FF64C
:100F8000FF71D6E737F8120C884201D8B445D4D89F
:100F90000332123FD2B228E7022E14D95B0707D0E2
:100FA000414628460DF09FFBB9F1000F83D089E739
:100FB000032128460DF097FBB9F1000F82D1062ED0
:100FC0003FF679AF7EE7314628460DF08CFB59EAB3
:100FD00006063FF470AF75E78A3F0020CD51002030
:100FE0002347002094260020A96C040866460020B0
:100FF0002DE9F0430823002485B08DF8083006461B
:10100000022301214FF6FC70CDE9004402AA0FF043
:1010100006FAADF80A00D8B12746DFF8A080DFF85D
:10102000A09099F80020E3B29A4224D8BDF80A4073
:1010300020460FF018FA411C47F06002204689B2A2
:10104000F1F700FC0022BDF80A001146F4F74EF853
:1010500007F0FCFD184AC0F30B01137801F55A5153
:10106000013113B1013B89081370304605B0BDE86A
:10107000F043F1F715BC18F80E5C6F2D17D84046F9
:1010800030F8123D2D01ADF80C300DF0FCFA05F0F2
:10109000700528448DF80E000123032203A90DF1E9
:1010A0000A00F1F717FB0028D2D10137FFB2013453
:1010B00008F11208B5E700BF624600209C3F0020FF
:1010C0006646002010B5054C2046F1F785FC204609
:1010D000BDE810400021F1F7E3BB00BF94260020DB
:1010E0002DE9F043284D87B0F6F79CFA2A78274976
:1010F0002748FFF701FC09212A78264809F009FE54
:101100000026224FDFF89480DFF894902B78F4B219
:10111000A34202D807B0BDE8F0830B232246182172
:1011200003A806F075FF4FF6F670BDF814209DF881
:101130001630511E89B2814215D80020C3F3C00376
:10114000DB1840EB0001CDE90031214603ABFFF78E
:1011500003FC0028DED14FF4805327F8143048F800
:10116000240029F81400012322461B210DF10A0056
:1011700006F04EFFBDF80A20064B01361A558022B4
:10118000054B1A55C2E700BFD4510020F24200209F
:10119000F0100020AA4500203946002050250020EC
:1011A000B042002010B50A4B1C78FFF7A7FCFF28BF
:1011B0000DD0012C38BF0124064A230232F810104A
:1011C00019B101EB1313A3EB111322F8103010BD6A
:1011D00023470020B04200202DE9F04700250646B5
:1011E0000F46AA46DFF84490DFF8448099F80030B3
:1011F000ECB2A34202D85046BDE8F0872046FFF784
:101200000DFDC2070CD52046FFF708FD830707D464
:1012100038F8143037B133434FF0010A28F814304E
:101220000135E3E723EA0603F6E700BFD4510020C7
:10123000F242002010B5084B084A1C780023D9B2AE
:101240008C4201D8002010BD32F8021B013330EA75
:101250000101F4D10120F6E7D4510020F242002030
:10126000F0B50C464FF6F77187B08A4286461D46A8
:101270009DF8306002D9002007B0F0BD59681868A9
:101280000DF10C0CACE803002A49ADF814200978E4
:10129000A142F0D900218DF81660B61006F00206C2
:1012A0000191704621460096FFF756FB0028E2D1D7
:1012B000214B224A43F824009DF83830204E1B026F
:1012C00022F814304FF4A0432146182026F8143099
:1012D00003AA0B2306F0A5FE9DF83430194A13F03B
:1012E000040F17BF0123184B135536F814300BBFEA
:1012F0001B7843F00803135526F8143021460123C8
:101300001B20224406F08DFE0021104B104A1B7852
:101310002846234442F8231003F0EEF80D4B1855ED
:10132000284603F011F90C4A012013780133137099
:10133000A2E700BFD451002050250020B042002079
:10134000F2420020AA450020BB510020CD510020D0
:10135000642200203946002065460020054B1B789A
:10136000834206D90021044B044A1B78034442F807
:1013700023107047D4510020CD510020642200205A
:10138000074B084A18780023D9B2884200D8704722
:101390001188013321F4805122F8021BF4E700BFC9
:1013A000D4510020F242002030B585B004460D46ED
:1013B000DFF718F9A04202D8172005B030BD20464B
:1013C000FFF72CFCC007F7D50B232246182101A8F4
:1013D00006F01EFE9DF80E2001AB03CB696091075D
:1013E000286030D412F0080F0CBF042303232B72A3
:1013F0002046FFF701FB154B68811B5D20466B7390
:10140000FFF7F4FB124A2873135D4FF47A7103F06F
:101410000F03AB73135D002013F00F031FBF03F125
:10142000FF32022393403C2218BF5343094A08BFAE
:101430000A2352F82420B2FBF1F29A422CBF002377
:101440009B1A2B61B9E70223D1E700BF3946002080
:10145000AA45002050250020F8B51F4E04463378D9
:10146000834237D0FFF7C8FA4FF6FF77B84231D042
:1014700020463470FFF768F92046FFF7BDFA0546AD
:101480000CF025FE012301461A4628460FF02AFAE1
:101490002046FFF78FFA0546E0B9104A1378013B62
:1014A0001370F4F7E1F9294620460EF0C0FC8022C3
:1014B0000B4B204623F814500A4B1A550A4B23F8BD
:1014C00014500CF03CFD2A463946112007F087FBEA
:1014D000FF233370F8BD00BF17520020654600207F
:1014E000F242002039460020B04200202DE9F04FA2
:1014F00082460E4615464FF000088BB01F469DF8F9
:1015000054309DF850B005934E4B5FFA88F41B7829
:10151000A34207D84FF6F7739D421AD817F0020876
:101520003ED018E02046FFF767FA0B23814622469B
:10153000182107A806F06CFD4FF6FF737EB9994598
:1015400016D14FF6F7729DF82630954203F0EF035F
:1015500011D94FF6FF7528460BB0BDE8F08F9945BD
:1015600006D00822304607A909F0A9FB0028E8D0D8
:1015700008F10108C8E79F4207F002092DD0F3F7F0
:10158000E1F900285BD1304B304A1B7853FA88F3DD
:1015900012F8238020460EF06AFCB9F1000FDAD170
:1015A000DFF720F82A4B1B788342D2D0002108466F
:1015B000FFF774FAFF280446CBD0059B0146CDE91E
:1015C00001B32A46334650460097FFF749FE0028EC
:1015D000BFD0F4F749F9C14612E02046FFF70CFAF4
:1015E000A842CCD1B9F1000FB5D1304602F084FF4A
:1015F000184B5FFA88F803F80800304602F0A4FFA1
:10160000594620460EF0E7FB2046FFF7F5F9054660
:101610000CF05DFD00230146012228460FF062F91F
:10162000F3F790F928B9084B084A1B78234442F88D
:10163000239020460BB0BDE8F04FFFF7DDB94FF027
:101640000008A7E7D4510020CD51002064220020DB
:101650006546002039460020F8B50026104F3C783A
:10166000F5B2AC420FD800250E4B64002246294645
:101670000D481D7009F04DFB22462946BDE8F84093
:101680000A4809F046BB2846FFF75EF800212846C5
:101690000EF0CDFB2846FFF78DF90136DFE700BFDE
:1016A000D451002065460020F2420020B0420020C4
:1016B000024B80211A78024809F02BBBD45100203C
:1016C0003946002073B5044616460D460EF0EAFB77
:1016D00003230020CDE90030054B224629469B5DBF
:1016E000FFF704FF001B18BF012002B070BD00BF50
:1016F000AC6C040838B5FFF701FAFF28044614D093
:101700000A4D35F810301B070FD5094B094A1B78D5
:1017100001461354012302441B2006F082FC35F8D5
:10172000143023F0080325F8143038BDF2420020AD
:10173000BB510020AA4500202DE9F04F794B05460A
:101740001B788946022B17468BB004D00026304602
:101750000BB0BDE8F08F0EF0FFFA06460028F5D179
:101760004FF6F9739D4262D04FF6F8739D4276D0E2
:101770002B0A28460DF11E018DF81C308DF81B50E8
:10178000F1F7E2FE002814BFB0464FF02008B34640
:1017900014BF06230E23022229463846039300F085
:1017A000EBFC01220446039B002840F0B880DFF8E0
:1017B00080A18DF818209AF800204946CDE9000054
:1017C0008DF81A208DF81D0006AA4FF6FC708DF8D2
:1017D00019800EF024FE81460028B7D00CF077FC6B
:1017E000B8420FD048460CF0A1F83946043007F053
:1017F00033FF384604A90EF074FA70B1484604A9C4
:101800000EF09CFE484B1B78033B012B2BD84FF668
:10181000FF7148460DF09BF906469AF80030FF2B01
:101820000EBF01230133DBB28AF800308FE74FF09F
:1018300008084FF0200B3C4B1B78033B012B85D94C
:101840000CF045FCB84281D10CF041FCFC238DF832
:101850001B30FF2305468DF81C3006239BE74FF015
:101860001008C346E7E70EF0F8FB80460028D4D006
:101870000CF02DFCA8422DD12C4B1A7852BB032121
:101880004846F3F733FC0028C7D09AF80030A8F890
:10189000007088F80430002388F8053088F8083094
:1018A0000CF015FCA84202D1204B1B7853B10CF070
:1018B0000EFCB84206D12CB1237923F0030343F088
:1018C0000103237100224FF6FF710C2007F087F906
:1018D0000126A2E75946284608F1070200F078FCE5
:1018E0000446002899D0002203214846F3F7FEFB66
:1018F0000028CAD1237903F00303012B8DD10CF00A
:10190000E6FBA84203D1094B1B78002B85D0237935
:1019100043F0030323714FF6FF7323807DE71646E0
:1019200015E700BF6C4600206D46002018520020CD
:101930004347002037B50E4B05461B780C46033B4A
:10194000012B11D9DEF772FE01280FD0821E5342FF
:101950005341590128460DF1070200F039FC18B136
:10196000002144800EF060FB03B030BD1021F1E790
:101970006D4600202DE9F0438BB0857AB0F80690D3
:1019800004460E4617460CF0A2FB8145804605F042
:10199000400541D1002160880CF08AFE0246002EED
:1019A00044D1082304A9C14501EB03060CBF234918
:1019B00002A90868496803C6A2B3022100268DF86F
:1019C000172001228DF81010217A45F020058DF89E
:1019D0001210A18808338DF81310090A8DF814101D
:1019E000E188CDE900268DF81510090A8DF816104A
:1019F0006088314604AA8DF811500EF010FD05469E
:101A000080B161880BF0C9FE79003246284601F0AA
:101A1000FE01F3F76BFB06E0E08802A90EF061F926
:101A20000028B7D100200BB0BDE8F08330687168A2
:101A300006AB03C345F010051023B3E7FA460020B8
:101A40002DE9F74389461E46074690460BF06EFF88
:101A50000021044630460CF02BFE054609F1070133
:101A60003846F0F7C9FE7DB1B8F1000F02D1037816
:101A70001D44EDB2057063781A0716D569463046E5
:101A8000F1F762FD024618B1002003B0BDE8F08313
:101A9000082168460CF05EFA0028F5D120460EF0C9
:101AA00020FD0822694609F01AF90CF010FB0146E6
:101AB000201D07F0D1FD6378DB0603D538460C49BD
:101AC0000EF03CFD3146A01C07F0C6FD31463846FD
:101AD0000BF063FE074A13780133DBB21370E37136
:101AE000A3790BB10120D0E70123A371FAE700BF6E
:101AF000FA4600206A460020FF232DE9F04F8FB000
:101B00008146164605918DF822301AB301230BAA9F
:101B10000EF0FDF99DF836500446EF0625D5002756
:101B2000059BBDF8308003F108024946D2B2082374
:101B3000009709A8CDE909770CF0A6F83A46404687
:101B400009A9F8F799FB002840F08C80A90627D551
:101B500010220DE013460BAA0EF0D9F99DF836506D
:101B60000446A80663D5062202E0AA0618D5082274
:101B700000230599BDF832700A44CDE9093349467E
:101B80000093D2B2082309A80CF07EF8384686F0FC
:101B9000010209A9F8F770FB002863D1002E46D096
:101BA000BDF830700CF093FA874249D038460EF0F9
:101BB000D3F88046002E45D1BDF82EB000215846FE
:101BC0000CF076FDBDF82C300390184606930EF00D
:101BD000C3F806460CF07BFA069B834242D0B64B14
:101BE0001B78033B012B3DD915F04003049339D1F9
:101BF000039B0BB9002E35D09DF83570039B05F083
:101C000018051F44FFB2082D8DF835706CD12023C4
:101C10000493002C40F041810EF01FFA054608B3F2
:101C2000002E40F0B28033460126B24674E0BDF883
:101C300032700CF04CFA8742B8D14FF00108BBE784
:101C40004FF00108002C43D09C4BE279678803EBEE
:101C5000C20633F83220BDF832309A4205D04FF632
:101C6000FF7323800FB0BDE8F08FBDF82EA0B8F150
:101C7000000F08D0002130460EF0D6F9A6F802A0D9
:101C80000DF033FEEEE7BDF830000EF0D5F9054655
:101C9000414630460EF0C8F9A6F802A0884E2DB194
:101CA000414628460EF0C0F963886B800DF01DFE9A
:101CB0003378002BD6D03B46002248460599FFF7E3
:101CC000BFFE0028CED0394648460CF040FFC9E799
:101CD0000DF00BFE7A4B1B78002BC3D0B8F1000F30
:101CE000C0D14FF6FF77E6E7102D01D1049590E7BC
:101CF000B8F1000F8DD1002C3AD0C2460021BDF8BA
:101D000032000DF1220200F063FA03460028A9D048
:101D1000002E40F0CA8025460499BDF830000DF130
:101D20002302079300F054FA044600289AD0644A2C
:101D3000079B1278002A78D0BAF1000F26D102460C
:101D40002C466179B9427ED92546A4F802B0677164
:101D50001446002B00F09E809DF82230EA799A42CA
:101D600000F09880002E40F08E80EB7100253FE05F
:101D70000EF073F9044600283FF474AF4FF0010AE7
:101D8000BCE7002201261346DBE70126B8F1000F6D
:101D90001ED106F05BFF7E23B0FBF3F202FB1300C3
:101DA00005993A4605315FFA80FA4846F0F74AFD50
:101DB0004FF6FF7148460BF0F0FC039B032B2CD928
:101DC000AAF17E0A022148465FFA8AF2F3F78EF9F9
:101DD000069BA5F802B02B809DF834306F712B71F3
:101DE00000232B72002E42D19DF82230EB71012589
:101DF000B8F1000F3FF436AF484609A90EF07EFB5C
:101E000000283FF42FAF2A4609A90BA8FFF7B2FD1F
:101E100028E7002625463446BBE7039B012B94BFE9
:101E20000AF1020A0AF1420ACCE7BAF1000FCFD157
:101E30006979B94209D9A5F802B06F71002B8BD12D
:101E4000002E93D024E025461446049A002A3FF43D
:101E500009AF8F427FF406AF039306F0F7FE8307C6
:101E60007FF400AF039BA5F802B06F7171E7FF2309
:101E7000EB71002CBBD001252379A4F802B023F02C
:101E800003032371B4E7FF23EB71002C3FF46EAF23
:101E90000025F1E7002CD3D168E7002E7FF471AF65
:101EA000B24625460126534636E7BAF1000FB0D1B7
:101EB0005646524645E700BF6D46002028420020A6
:101EC000D351002070B50C4B4FF6FF751C780023E2
:101ED00002460A489C4201D1002005E0068896424D
:101EE00006D1AA4201D10B7070BD8679002EFAD0BE
:101EF00001330830DBB2EDE7D25100202842002048
:101F0000002210B50A4B1C780A4BD1B28C4201D882
:101F1000002010BD5988814204D11979890701D167
:101F2000997911B108330132EFE70120F1E700BFE1
:101F3000D25100202842002010B5084B01461C78E1
:101F40000023074AD8B2844201D8FF2010BD914235
:101F500003F10103FAD00832F4E700BFD2510020A8
:101F60002842002038B50446FFF7E6FFFF28054663
:101F700003D13F210B48D9F7BDFE4FF6FF73204632
:101F80002380A37103210EF04FF8074B07481A78FE
:101F900000210732D21002FB0500BDE8384008F0EE
:101FA000B8BE00BFB16C0408D4510020F845002031
:101FB000F8B504460026124D124F3A78F3B29A4211
:101FC00009D800224FF6FF710F4B1D780F4BD0B28E
:101FD00085420BD8F8BDFF2C02D0AB79A34202D1C9
:101FE0002846FFF7BFFF08350136E6E7FF2C02D091
:101FF000187AA04201D1198019720A330132E6E73A
:1020000028420020D2510020D1510020D841002088
:10201000FF28F8B504462CD0164B1B78834203D812
:1020200080211548D9F766FE4FF6FF75134A32F83E
:10203000341002EBC4000379A94203F0030318D063
:10204000012B16D100220E4B1F780E4BD6B2B74291
:1020500003D8BDE8F840FFF785BF1E88AE4205D023
:1020600093F807C0A44504D0B14202D00A3301322C
:10207000ECE7F8BDD2510020B16C040828420020E2
:10208000D1510020D84100202DE9F74305F05AFF37
:10209000324B1B78033B012B21D9314B1D88451B4B
:1020A000ADB2E5B118804FF6FF7700202D4A1378C6
:1020B0002B44C3F3C81403F07F0313702A4B2B4A3D
:1020C0001E78C3B29E420DD800264FF6FF77284CEB
:1020D000DFF8A09099F80020F3B29A4216D803B026
:1020E000BDE8F0831388BB420DD0137999070AD15C
:1020F00004EB9311022928BF022103F03F0389B2A8
:1021000043EA8113137108320130DAE734F80A8C9C
:10211000B84506D014F8043CAB4205D95B1B04F863
:10212000043C01360A34D5E70BF0D1FF804534F882
:102130000A3C04F8027C24F80A7C09D018460DF108
:102140000701FFF7BFFE18B19DF80700FFF760FF1A
:1021500014F8030CFFF75CFFE3E700BF6D460020B7
:10216000D843002044470020D251002028420020BC
:10217000E2410020D1510020F0B500244FF6FF7756
:1021800003461048DFF844C006780F48E5B2AE4277
:1021900001D800200FE005889D4210D13AB1012AF4
:1021A00016BFC57905793CF83550A94207D1BB4225
:1021B00002D114238371F0BD057A002DFBD00A30C3
:1021C0000134E3E7D1510020D8410020284200200B
:1021D000F8B50D46114607461646FFF773FE002870
:1021E00036D102464FF6FF7C1E4B1F4C1978D3B2F6
:1021F000994206D800231C4C8B4221D1F8BD0834EB
:10220000F5E7B4F800E00132E645F8D13370012378
:10221000278023710021A17165B1144B45F0080599
:102220001A782571D31DDA103078114B02FB00307B
:1022300008F06FFD2379204603F03F032371DDE7AB
:1022400022799209022AE1D001330834DBB2D3E7C4
:10225000037904469A071EBF23F0030343F00103EA
:102260000371D7E7D251002028420020D45100202A
:10227000F845002073B50DF107010546FFF722FE72
:1022800040B103799A0705D113F0300404D043F02C
:102290000303037102B070BD28460DF0D5FE094B53
:1022A0004FF6FF711D7823469DF80760064AD8B2A5
:1022B0008542EFD9D0790133B04204BF1180117249
:1022C0000A32F4E7D1510020D841002010B5134B59
:1022D0001B7883421DD9124B1B78033B012B18D965
:1022E000104A04B202EBC0039879A0B932F8342046
:1022F0000A805A884A801B7903F003020A719A09FE
:1023000052014A71C3F30112C3F381038A71CB7185
:1023100010BD0120FCE72D20FAE700BFD2510020BC
:102320006D4600202842002030B50A4BCC081B78AF
:10233000094D0733DB1000FB0340012301F00701C7
:102340008B402C5CDBB212B11C432C5430BD24EA10
:102350000304FAE7D4510020F845002070B50B4B78
:1023600004461B78834204D840F24B210848D9F731
:10237000C1FC0025074E3378E8B2834200D870BD17
:1023800000222146FFF7D0FF0135F4E7D4510020A9
:10239000B16C0408D2510020FF2810D0FF290ED0C4
:1023A000084BCA081B7801F007010733DB1000FB5C
:1023B0000323054AD05CC84000F0010070470020AC
:1023C000704700BFD4510020F84500200148EFF7C6
:1023D00051BE00BFDA4300202DE9F04397B0064616
:1023E0000F4614460BF073FE20B10225284617B0A5
:1023F000BDE8F0833A4B1D6815F00205F5D10DF1EB
:10240000340834B940460BF0B0FD98B140F612459F
:10241000ECE720460DF0E8FA0028F3D122464446C6
:1024200002F1100C234610685168083203C362455C
:102430001C46F7D14FF0010911A8DEF7CDFD05A923
:1024400011A8ADF8449006F090FE03A8DEF798FEC0
:1024500009A911A89DF80E408DF8459006F085FE5B
:102460009DF80D209DF80F3072B31B1BDBB2802B43
:102470002AD81022404609A908F021FC0028B4D12E
:102480004FF6F7739E4288BF0023164A88BF3B6011
:1024900012788ABF7B6023232123012A1BD0022AC2
:1024A00008BF2123CDE900830022012339463046AD
:1024B000FBF7E0F988B14FF6F7739E4296D90A4BC5
:1024C0001A780A4B1A7091E7611C00224046C9B283
:1024D000FAF726FFD4E72323E4E7192586E700BFB0
:1024E00028270020454700206A4600204647002054
:1024F00013B50BF0ECFD90B91E4B1C6814F00204F0
:102500000DD16846DEF73CFE9DF802309DF80320B1
:102510009B1ADBB2802B02D99DF801301BB9022433
:10252000204602B010BD0BF0D2FD134B19780CF011
:10253000E1F8D8B92146FAF749FF09238DF80030B0
:102540000E4B22461B78022168468DF801300BF0B5
:102550004EFA024608B91924E2E7012321464FF654
:10256000FF70FBF76FF80028DAD1F4E740F60C446F
:10257000D6E700BF282700204647002067460020F6
:102580002DE9F0471E464D4B8CB01B68154607469B
:1025900088469DF8509003F0080A0BF098FDA84279
:1025A0003FD1B9F1000F14D06EB9ADF806603D46C9
:1025B00004242246414628460DF0EEFD00F00100BD
:1025C0000CB0BDE8F0870023ADF806303D46062488
:1025D0003AE03846FEF792FAFF28044605D0F2F7B3
:1025E000B1F910B12046FEF7B9FE96B10023ADF85F
:1025F0000630F7F7EFFE0028E8D0062440460DF13C
:10260000060202A90CF057FDD8B94046F8F700F9C8
:1026100017E0ADF80660F7F7DDFE0028C7D0042408
:10262000ECE73EB3BAF1000F2ED000230B24ADF837
:102630000630B9F1000F0AD1F7F7CCFE2F4600287B
:10264000DCD13D46002EB4D0BAF1000FB1D004F079
:102650000402414642F0110228460DF09DFD22463B
:102660000646414628460DF097FD002814BF304627
:102670000020A3E7BAF1000F14D00124ADF80660E2
:10268000B9F1000F95D1D7E70B24284602A9F0F73E
:102690005BFF074668B902A806F035FF20B9ADF820
:1026A0000600EDE70124F0E744F00204ADF80670FF
:1026B000E6E70023ADF80630E2E700BF2827002058
:1026C000F7B506460F4615460BF001FD28BB144B27
:1026D0001C6814F0020420D14FF6F7739E421CD8F8
:1026E000F4F7AEF960B101232A463946304600942A
:1026F000FFF746FF002808BF1924204603B0F0BDAD
:102700000BF0E5FCA8420CBF06220B2239460CBF99
:10271000304628460DF040FDECE70224EDE700BF0F
:10272000282700202DE9F0471E46744B8CB01B78FB
:1027300007460D461446DDF85080002B3ED00BF0C6
:10274000C6FC30B36E4B1B68980722D44FF6F77364
:102750009C4233D843463A4631462046FBF7BEFCFE
:102760000BF0B5FC854200F0C5803046FEF774F9E9
:10277000A04203D1FEF7C2F90DF079FBBA1E534215
:1027800053412946002220460CB0BDE8F0470EF028
:10279000A9B8E7B1F91ED1F1000949EB01094FF6DB
:1027A000F7739C4216D90321204606F062FA0323F0
:1027B0003A4631462046009506F0CAFA0BF087FCEF
:1027C000A84200F097804FF6FF739C42CBE74FF092
:1027D0000109E4E72B463A463146204605F0C5FF9D
:1027E0002146CDE900082B463246384606F0A0FEC9
:1027F00080460146204606F03CFAB8F1000F61D150
:10280000B9F1000F12D100233A4631462046009517
:1028100006F09EFA88F001032A4631462046CDF89C
:10282000009003F00103FFF7ABFE99E7002FEAD019
:1028300003AA9246334B03F1100E94461868596868
:102840000833ACE8030073456246F6D107A8DEF70B
:10285000C3FB0323306871688DF81C3008AB03C3D9
:102860009DF8293007A843F002038DF82930DEF7E0
:1028700053FF90B13068716808AB03C3042307A805
:102880008DF81C30DEF748FF38B1022307A88DF819
:102890001C30DEF741FF0028B5D1514607A8DEF70E
:1028A00081FF0028AFD0F4F7ADF80028ABD10323A7
:1028B0003A4631462046009506F04AFA0BF007FCEE
:1028C000A84250E743463A4631462046009506F076
:1028D0003FFAB8F1010F9DD0B8F1020F7FF440AF7D
:1028E000284607A9F0F730FE20B93246284607A946
:1028F0000DF00DFC0CB0BDE8F08700BF684600206D
:1029000028270020C16C0408044B1A880AB1002251
:102910001A8000210846F9F78FBD00BFDA43002076
:1029200000232DE9F0478EB004460D46CDE9033370
:102930004F780BF0CCFB50B1B64B1B689A0706D40E
:10294000092103A806F0F4F90EB0BDE8F08720468F
:1029500003A9F0F7F9FD0646002840F05781022F41
:102960003DD0042FECD1DDF749FE002846D0DDF73D
:1029700045FE022840F022810DF1240833463246FC
:102980004146304606F027FD012103A89DF8255059
:1029900006F0F4FD2840FF2800F0348105AD2846FC
:1029A0000BF0E3FA002840F02F8195E80F0088E84B
:1029B0000F003A46414603A806F01CFC02460028D8
:1029C00040F02081032303A9CDE9005320463B4674
:1029D000FAF750FF00280CBF13210621B1E78D4BF9
:1029E0001B689B07ACD40235082229468A4808F0A8
:1029F00066F90028A4D0DDF70DFE08B91121A0E783
:102A0000864B874E1B78FBB9FFF77EFF3088002886
:102A100060D103AF2946384606F0C6F9002800F019
:102A2000CA8028460DF10A01F0F768FD40B90DF1A2
:102A3000240A50460BF099FA8046002800F087805F
:102A4000FFF762FF0F217CE73088002842D1014662
:102A5000EFF7B0FD308000283AD00123082230463D
:102A600003A9EFF737FE98BB012308222946304619
:102A7000EFF730FE60BB01230222694809A9ADF8D7
:102A80002440EFF727FE0346308823B1002848D0C2
:102A90004FF0100920E0EFF7E3FC614907462046BC
:102AA00002F04EFA3088EFF7DBFCFFB2874209D123
:102AB000FF238DF82430012359481A4609A9EFF75E
:102AC00009FE28B900210120F9F7B6FC0C2138E7EE
:102AD0003088DBE74FF00709EFF7A6FC07463088A0
:102AE000EFF7A2FC3488112100F108082046EFF727
:102AF00095FE102182462046EFF790FE08220446FC
:102B000003A9404608F0DBF8002840F08180082245
:102B10002946384608F0D3F8002879D1B9F1070FD3
:102B200001D010210DE704EB0A244546A4B271E759
:102B300030884FF0010828B11221EFF76FFEFF280F
:102B400081461ED12A46B9462046402304E03A4633
:102B5000A9464346BDF80A0043F00303CDE900A3AC
:102B600049460323FAF786FE00283FF469AF0721A0
:102B7000484606F0DDF8B8F1000FD9D0FFF7C4FEE3
:102B8000E2E600210846EFF715FDADF8140048B164
:102B9000204605A902F0D4F9BDF81400EFF760FC57
:102BA0000028CFD1142300934A4639462046338863
:102BB00002F07EF9C6E7FFF7A7FE1FE7DDF71EFD6F
:102BC000012801D00621BCE605AD32463346294630
:102BD000009603A8F9F742FB024608B10A21B0E6C5
:102BE0000C4B20461B6803A95B0003F0040343F071
:102BF0000303CDE900533B46FAF73CFE0028E1D140
:102C000013219EE605219CE612219AE60B2198E607
:102C10000E2196E628270020FA460020A445002031
:102C2000DA430020012330B50D4C85B022788DF8B1
:102C30000430D5188DF805200E228DF806200A687C
:102C40002570CDF807204A6801A9CDF80B200B228A
:102C5000EFF740FDB0FA80F0400905B030BD00BF8D
:102C60006946002070B500230C4686B002AE0546CA
:102C70001A46314620460093F9F7F0FA58B9032373
:102C80002146CDE9006328460423044AFAF7F2FD01
:102C900080F00100C0B206B070BD00BFFA4600204F
:102CA000142330B518498BB07F22054609880DEBF7
:102CB000030005F0ADF9BDF81430DA0721D413F0A4
:102CC000060FC3F3410208BFC3F341220F4B0DF1BE
:102CD00016019C5C6846224607F0E4FFBDF82630EA
:102CE00004F128026A4402F8283C02341B0A02F864
:102CF000273C69462A46E0B20CF0BAF900200BB036
:102D000030BD2320FBE700BF16260408D16C040861
:102D100010B58AB0ADF826200022CDE90522049234
:102D20000CAA02924FF6FF720446AC2101200192D8
:102D3000064A039004FB0122603200924CF6200107
:102D40000DF126020DF04AFA0AB010BDA43300209E
:102D500000B58BB0ADF824309DF8303003208DF8ED
:102D60002630002303900A4909A8CDE90130CDE9B6
:102D70000533049301F160030093B1F85C30022045
:102D80004CF660410DF02AFA0BB05DF804FB00BF71
:102D9000A433002010B54FF6FF741E4A8AB0B2F873
:102DA0006800B2F85E10A042ADF82600B2F85C30C0
:102DB0004FF6FD70ADF8241018D081424FF000009E
:102DC00094BF48F660014CF66001CDE90500CDE9FD
:102DD0000300CDE9010094BF09AA603200920DF111
:102DE000260204200DF0FAF90AB010BD81424FF01E
:102DF00000008CBF603209AA00928CBF4CF6604183
:102E000048F66041CDE90500CDE90300CDE90100B8
:102E1000014AE6E7A43300200E34002000B50E4B33
:102E20000022B3F85E308BB0ADF824304FF6FF735C
:102E3000CDE90522CDE90322CDE9012209AA0092BC
:102E40004FF400610DF126020720ADF826300DF099
:102E5000C5F90BB05DF804FBA433002030B58BB08E
:102E60008DF825301B0A8DF8263000230D4991F886
:102E70005840CD6DB1F85C00CDE9053304930723CC
:102E80006031039308ABCDE9010300914FF6FF7366
:102E90004CF62041082008958DF824400DF09EF94D
:102EA0000BB030BDA433002070B54FF6FE76294C30
:102EB0001D46B4F85E10B4F85C30B14294F85C0082
:102EC000A2B04FEA132321D14FF440416034ADF852
:102ED00008108DF80B008DF80C3003CC0DF11504A3
:102EE000CDF80D00CDF811102270120A6270002288
:102EF00011461046A270E270ADF806200AF0F4FC0C
:102F0000ADF8060090B9002022B070BD4FF4004427
:102F10008DF80D10090AADF808408DF80B008DF8FA
:102F20000C308DF80E100DF10F04DDE7043402A90A
:102F3000621A012392B20DF10600EFF7CBFB0028D5
:102F4000E1D1BDF806002A460121EFF70BFBBDF8E1
:102F50000600D9E7A43300202DE9F04F4FF0000B15
:102F600085B0BDF838A03B4C50461F461646B4F815
:102F70005C90B4F85E80ADF80EB0EFF771FA009097
:102F80003846EFF76DFA5A460546594658460AF054
:102F9000ABFC009BADF80E0018B9002005B0BDE8F1
:102FA000F08FEDB2DAB255FA83F3009203F1160214
:102FB00059465B46D2B20DF10E00EFF78BFB019044
:102FC0000028EAD1BDF80E00EFF72EFA019A034669
:102FD0000274E22280F813904FEA1929427480F8B3
:102FE000149004F1600108221530019307F077FE78
:102FF000019B03F11D04BAF1000F09D05046EFF711
:1030000013FA009A0146204607F04CFE009B1C4430
:1030100047B13846EFF708FA2A460146204607F03E
:1030200041FE2C44412323710023267084F8028042
:10303000360A4FEA182863710748667084F80380DF
:1030400001F05AFA4FF47843A071A4F80730BDF8A4
:103050000E00A3E7A433002012470020202A10B559
:10306000144614D8012A04D10C88B4F5004418BFC2
:103070000124620030B1074807F031FE064B002002
:103080001C7010BD054807F02AFE054BF7E721200C
:10309000F7E700BFDC430020474700201C44002026
:1030A000484700202DE9F0471046174606F0D2FAAF
:1030B000DFF814A1DFF814919AF8003099F8002095
:1030C0000546134302D10020BDE8F08710F44068A4
:1030D00000F0400619D186BBB0F5804F5CD24FF4AA
:1030E000807400239AF80000344AD9B288425DD82F
:1030F000002399F80000324AD9B28842E3D932F865
:10310000021B0133A142F7D155E0F81C06F0A2FAE8
:103110004FF6FF73984214BF0124022486B105269E
:1031200005F44043B3F5004F44F0080424D0B5F54E
:10313000804F23D244F4807420E044460326EFE716
:10314000B5F5804F4FF00506F4D3B8F5406F14BFC6
:10315000022008203044384406F07CFA194B05F46C
:103160004045B3F85C3083420CBF44F0080444F09F
:103170000404B5F5004F01D144F08004B8F5006FA8
:103180000ED1B81906F066FA0E4BB3F85E308342E2
:10319000A7D144F01004A4E7444603260220D9E74F
:1031A000B8F5406F08BF44F020049AE732F8021BDC
:1031B0000133A14299D1012086E700BF1C440020C1
:1031C000DC430020A433002048470020474700206C
:1031D0002DE9F04F104685B01646984606F03AFAAB
:1031E0005D4F00F00803B7F85C10044600F00709D3
:1031F000F01C02930391B7F85EB006F02BFA06F1CB
:10320000050A0546504606F025FA03464FF6FF70BC
:10321000854218D00399A1EB050CDCF1000545EBC4
:103220000C056D004FF6FF718B420ED145F0040581
:1032300000F0E8F9029B6BB1B9F1000F11D0422008
:1032400005B0BDE8F08F0125ECE79B4508BF45F0D0
:103250000805EDE7B9F1030FF1D8DFE809F0021B2B
:10326000795D00F0CFF908B9A807E8D524F0080483
:10327000A4B2B4F5004F05D0B4F5624F02D0B4F556
:10328000404FDCD10025294697F8A82000200AF0FD
:103290002BFB3CE0D7F88030E3B9002132460846EA
:1032A000FFF700FFD8B948F6410224F038039BB27B
:1032B0009342C4D10A2D49D0062DC0D197F877305A
:1032C000023B012BBBD8EDF7BDFD0028B7D140F67E
:1032D000040505E04146304698470028DDD0082522
:1032E000E20648BF45F08005A30648BF45F4805577
:1032F00005F00C03042BC6D1F01D06F0ABF997F8CE
:10330000A8303246009341462B460AF0C2FA08B371
:103310000E9B1880002093E7A90705D14FF6FF7395
:10332000B7F85C209A428AD104F44063B3F5006F89
:103330000AD0B3F5406F82D108225046074907F002
:10334000BEFC00287FF47BAF0C25C9E70425C7E746
:10335000432075E7192073E7A433002004340020CC
:10336000034B1A781AB1FF2A04BF00221A70704763
:103370004A47002070B5084C084E2378F55C1DB113
:103380003E210748D8F7B6FCFF2223782846F2549E
:103390000023237070BD00BF494700204A4700202A
:1033A000D66C0408034B044A1B78D05CFF3818BF66
:1033B00001207047494700204A4700200023074A60
:1033C00007491360074A1360074A1360074A1160F0
:1033D0000121074A1170074A13607047E434002046
:1033E00067030408E0340020DC340020CC500020C7
:1033F00019520020EC3400200E2A70B50C46064607
:103400001546194603D9FFF7D9FF502070BD012892
:1034100007D10020EDF730FDB0B1FFF7CFFF21203D
:10342000F4E780220021224B1A70224B1960224BB4
:103430001B684BB13420EFF7BDF8204B188018B94A
:10344000FFF7BCFF0120E1E724F0FF6323F4FF2333
:103450001BB1FFF7B3FF4F20D8E774B92046EDF753
:1034600027FD0124032510F0800F43B21BBF00F09D
:103470001F039C409C4044F078440020104B24F0F3
:1034800078441E700F4B10491D70104B1C60104B80
:103490001870104B1A68EEF743F918B1FFF78EFF5A
:1034A0000420B3E79DF810200B4B1A70AEE700BF65
:1034B0004B470020E8340020DC3400205C4400202E
:1034C000504700204E47002039380308EC340020D4
:1034D0004F470020E43400204C47002010B5164B25
:1034E000187860B1154C2368CBB14FF4707200208E
:1034F0001349EEF719FB2368013B236010BDEDF77C
:103500001FFD1049104A91F90040136884420B4C8A
:1035100003F1010313602368B8BF087053B90B4867
:103520000AF0C5FC0028E9D1BDE810400146074873
:10353000EFF7B6B90822DAE750470020F034002050
:10354000DD3403084B470020E8340020D050002031
:103550007FB5244B00251A7801232348234903FA19
:1035600002F200781A440A60ADF80E5020B3984277
:1035700036D11F4C1F4B20781B680DF10E01984768
:103580001D4EBDF80E20307092B11C4B29460093A1
:10359000284602230195EEF7FDF83278237822B110
:1035A000012A12BF1B230133DBB2237004B070BDAC
:1035B000013818BF0120F0E778235A43013A0A6026
:1035C00008220F49EEF7B0FA0B49094A0978137837
:1035D00021B1012912BF1B230133DBB21370E5E7D0
:1035E0001846E3E74E47002050470020F034002003
:1035F0004F470020CC500020195200207538030896
:10360000DD340308054B1B682BB9054B18680038DF
:1036100018BF012070470120704700BFE034002030
:10362000DC34002037B505461C46FFF7EBFF68B9D0
:1036300074B1084B1A60084B0A461C6001232946E6
:1036400000930323FFF7D8FE03B030BD4D20FBE706
:103650002520F9E7D8340020E034002013B50446D3
:10366000FFF7D0FF58B962B1074B1A6001230A4631
:10367000009321460323FFF7BFFE02B010BD4D208B
:10368000FBE72520F9E700BFDC3400202DE9F041FD
:103690000446DDE906861D469DF82070FFF7B2FF5F
:1036A00088B99EB1A2B10B4B01201A600A4B0A46A1
:1036B000C3F80080094B21461E602B460697BDE8E3
:1036C000F041FFF799BE4D20BDE8F0812520FBE7D2
:1036D0002120F9E7CC500020E4340020E034002021
:1036E0000148EEF7C7BC00BF5C4400202DE9F04163
:1036F0000020EDF77DFF0F4B0F4C1E680F4B20880D
:103700001D680F4B0F4FD3F8008010B13978EEF7DA
:10371000C3FE00203870FFF751FEEEF7B9FA0EB184
:103720004046B0471DB12088A84700232380BDE84C
:10373000F08100BFE03400205C440020DC34002035
:10374000EC34002051470020F8B52F48EFF744F93A
:103750002E4B187830BBEDF7ABFB2D4F06463B6880
:1037600003B32C4B2C4D1C6824B195F900301A463C
:103770001946A047294B1B6883B1294C2378312B6C
:103780000CD8284B1888EEF74FFE23785A1C22706D
:103790002A78C25423785A1C2270C65480232B7076
:1037A00000233B60204C23781A2B22D81F4A127822
:1037B000012A09D100211E4A156825FA03F0C00725
:1037C000DAB20ED501B122700020EDF771FB21783D
:1037D000884212D10022174B1A70FFF7B9FE40B988
:1037E000F8BD0133D8B21A284FF00101E5D90A44D7
:1037F0002270BDE8F840FFF779BF0020EDF76AFBC3
:103800000028E7D0F5E700BFD05000205047002047
:10381000E8340020D83400204B470020DC3400205E
:10382000514700205C4400204F47002019520020DF
:10383000EC3400204D47002008B50B4B187880B9B8
:103840000221EDF707FB094B1B782BB100214FF646
:10385000FF720846EDF7D8FABDE808400448FFF7C4
:1038600073BF00210846ECE7504700204C4700207A
:10387000D050002038B5144B0C461D78012D21D1B5
:1038800081B90846EDF714FB104A05FA00F01368F9
:103890000F4923EA0003136020462A46BDE838405A
:1038A000EEF742B90B4A13780133DBB2022B1370E7
:1038B00004D9BDE838400848FFF746BFFFF748FE87
:1038C0000028F6D138BD00BF50470020EC3400205E
:1038D000DD3403084D470020D05000202DE9F0438F
:1038E0001E46574B8FB01B780746033B012B0C46F7
:1038F00015469DF8588007D8F3F7E4FE20B1EFF79E
:103900000DFA08B144F400544E4B1B7813B924F45B
:103910000074A4B2200509D546B9284604A9EFF7DA
:1039200013FE002846D024F40064A4B2ADF8184079
:10393000ADF81A500AF0CBFB434BADF81C00B8F1C0
:10394000000F02D01A78424501D293F800803F4A16
:10395000E105137848BF0DF1210103F10103DBB24A
:10396000137058BF08A922058DF81E808DF81F30EE
:1039700006D53368083141F8083C736841F8043CC7
:10398000E30407D5324A0831136841F8083C53680C
:1039900041F8043C0DF11808A1EB08005FFA80F92A
:1039A00000214846EEF706FE064628B900200FB073
:1039B000BDE8F08304AEB9E7EEF736FD41464A466E
:1039C00007F070F93046EEF74BFD80463046EEF7D3
:1039D0002BFD0023024600934FF6FF7004235FFA8D
:1039E00088F109F056FFADF80E000028DED040F255
:1039F00001131C421AD14FF6F7739D4216D8EEF709
:103A00002FFD0DF10E010446284601F099FABDF88C
:103A10000E00EEF725FDE4B2A04207D9BDF80E0076
:103A200009F084FF437843F004034370BDF80E00AF
:103A30003A460121EEF796FDBDF80E00B7E700BF4C
:103A40006D46002068460020BD5100206A460020D7
:103A5000FA460020024B18780130C0B21870704747
:103A60006A460020F0B50829D58889B028D00C29ED
:103A700026D0AE0424D405F040030B43424C2678F4
:103A800016B105F0200423432FB2002FB8BF43F036
:103A90008003032920D11223AC068DF80430937AD9
:103AA00010D48DF805300DF1060401A9621A012326
:103AB00092B2EEF70FFEB0FA80F0400909B0F0BD07
:103AC0000B46DBE732228DF805308DF80420002EFE
:103AD000E9D00DF11304E8E70C298DF804300ABF92
:103AE000138953798DF80530548805BF1B0A8DF86A
:103AF00006308DF805300DF1070318BF0DF10603F0
:103B00001C70240A5C70148802399C70240ADC70D2
:103B1000147901291C7111D8917A002F597131DA69
:103B2000022112899971DA71120A03F109041A72D9
:103B3000002EBAD0AB06B8D50534B6E7A9071AD41B
:103B4000002F0CDA117A51B1917A59711189127AD8
:103B500003F1080492B102229A71D971E8E70B4C83
:103B6000217801F1010C84F800C091729C1D002F96
:103B70005971DDDAEAE7917A9C1DF8E70122090A1A
:103B80009A71EAE79C1DD3E7684600206946002049
:103B9000014B1880704700BF5E440020014B18881D
:103BA000704700BF5E4400202DE9F843074604F04B
:103BB000C5F905461B480AF07AF91B4B60B31C682F
:103BC0003C1B2C44A4B20022184BDFF868901B78F1
:103BD000174D03EB830399F8006005EB43055FFA8B
:103BE00082F846450AD9AB8805F10A00A34216D9E6
:103BF0000A23B21A29465A4307F071F8013689F8A8
:103C00000060AC80B8F1000F03D139460548EEF7EB
:103C100047FE2846BDE8F8833C461D60D3E70546CD
:103C20000132DCE7F0500020F4340020524700203D
:103C3000B83E0020534700201FB5154A154C137895
:103C4000013BDBB213706168206801AA03C22189BD
:103C50001180114A1278D21805D00A2320465A43FF
:103C6000E11807F03CF89DF806301B070DD0BDF8B1
:103C70000C00FFF799FF03468288ADF8082001AADF
:103C800003CA1288186059601A8104B010BD00BFC1
:103C900052470020B83E002053470020002108B5BD
:103CA000084B09481970094B1970094B1A7802EB37
:103CB0008202520007F02DF8BDE808400548EEF7F3
:103CC0008BBE00BF53470020B83E00205247002063
:103CD000CB510020F0500020F8B50024084D094FCA
:103CE000094E3B783178E2B20B449A4204F1010468
:103CF00000DBF8BD2846EEF7BDF90A35F1E700BF55
:103D0000B83E00205347002052470020F8B5164621
:103D10000C4B0D4A1B781278074613440B4A0D468C
:103D2000127893420CD03046FFF73EFF01350681F2
:103D300007808570044604F0FCF8E0800120F8BD9F
:103D40000020FCE75247002053470020CB510020C1
:103D500010B5064C207828B10548F5F7C7FA10B120
:103D6000034B188810BDFFF767FFF3E752470020A9
:103D7000B83E002008B50A4A0346107860B1094AE7
:103D80001088984209D121B99378103323F00F039A
:103D90009370FFF751FF012008BD0020FCE700BF32
:103DA00052470020B83E00202DE9F74F002604F0CE
:103DB000C5F8DFF8F890B24699F80070B3463A4675
:103DC000DFF8EC801FFA80FEB8F800C0344CAEEB90
:103DD0000C039BB201932378324D009303EB8303D2
:103DE00005EB4303ACEB0E0C5FFA86FEBE4515D324
:103DF000BAF1000F01D0009B2370BA422AD3002FE2
:103E000037D00A222378C8F8000002FB0353264863
:103E1000998803B0BDE8F04FEEF742BDB3F804E077
:103E200001998E4512D84FF0010A009993F802E0EB
:103E300001310EF1FF3EC9B2013AA3F804B083F894
:103E400002E00091D2B20A330136CDE7E644A3F88E
:103E500004E0F8E789F800204AB10A222378C8F87C
:103E6000000002FB035310489988EEF719FD2378F0
:103E700013B903B0BDE8F08FFFF76AFF06460028CC
:103E8000F5D009F074FC014630460AF060FE20B11E
:103E900000212888FFF76EFFE9E740F60241F8E7C6
:103EA00052470020B83E0020F05000205347002029
:103EB000F43400202DE9F04192F808801F4608F103
:103EC000FF33DBB2EF2B05460E46144688B00BD904
:103ED00082238DF80E30314628469DF80E30204A58
:103EE000FAF7A4FF012037E00E22002104A806F013
:103EF00010FFB4F809308DF81180ADF81230E37A74
:103F000003F07F02032A08D0012B24D103238DF86C
:103F10001030A389ADF815300EE0032B14BF022337
:103F200001238DF81030E368CDF815302369CDF802
:103F30001930237D8DF81430A7F121014A420DF18B
:103F40000E034A41009321460DF10F0304A8FAF72E
:103F5000BDFA0028BFD1002008B0BDE8F08100BF45
:103F6000EF6C04082DE9F04F00241D7895B0CDE9E1
:103F700002010492234622460120CDE90054404923
:103F800009F062FFADF81E00F8B1A34626462746A9
:103F90000DF120090DF1380ADCF718FB5FFA84F8FF
:103FA000404516D83A460221BDF81E00EEF74AFCFD
:103FB00032460421BDF81E00EEF744FCDDE9031093
:103FC0000022BDF81E30FAF731FF012015B0BDE820
:103FD000F08F4A4640460AA9FAF76AFA9DF8282067
:103FE00022B12DB1013DEDB20137FFB20134D3E76B
:103FF000BBF1000FF8D199E803009DF829308AE859
:1040000003008DF84030BDF82A30032A8DF8413086
:104010004FEA13238DF8423017BF032301238DF895
:1040200043309DF82C30DDF83110DDF82D0014BF41
:104030008DF84C308DF8433011AB03C302980CBFA0
:104040004FF00E084FF015080BF0A1FA0590BDF8DF
:104050001E00EEF705FA059900EB080399420BDB09
:104060000123424651460DF11E00EEF733FB0028B6
:10407000ABD10136F6B2B7E74FF0010BB4E700BFA2
:10408000EC6C04082DE9F04FDFF8D8A089B00746A2
:10409000129BBAF8000088461D7898B90024CDE933
:1040A00001442C4B0094224601201B782A4909F038
:1040B000CBFE0346ADF81E00002241463846FAF713
:1040C000B5FE3EE0EEF7CCF9C0F3C706002EE5D012
:1040D000B54239D2DFF87CB0741BE4B2082C28BF9B
:1040E0000824CDE902540196BAF800300022FF3BC3
:1040F00018BF012300939BF800301849012009F0F4
:10410000A3FEE300ADF81E00D91D0DF11E000593BE
:1041100009F0A1FD8146A0B9059B07210093BAF8DB
:104120000020EB00BDF81E002C4409F0E2FDE5B2D2
:104130004A4641463846BDF81E30FAF777FEAE4291
:10414000CAD809B0BDE8F08F8F220549012009F0D7
:104150007BFEAEE758470020EB6C0408EA6C0408CD
:10416000EF6C0408624400202DE9F0430378054613
:104170000E46144685B0A3B9134F90F801803B78E2
:1041800090F80290434501D000F08CFAB9F1010F8C
:1041900087F8008005D100276D7904EBC505AC4296
:1041A00002D105B0BDE8F0830823A21D314692B2CA
:1041B0000DEB0300009709F067FD083402A800F03A
:1041C0005DFAA4B2EBE700BF584700207FB5154B5E
:1041D00015461B780126033B012B98BF124B8DF827
:1041E000090098BF1D780D230DF10B000C468DF8CA
:1041F00008308DF80A6005F02FFA00233146CDE92A
:1042000000632046062302AA8DF80D500CF007F932
:1042100030B121460AF09BFC7040C0B204B070BDC2
:104220001920FBE76D46002054470020034B032272
:104230000120B3F86810FFF7C9BF00BFA433002006
:1042400010B50B4B04461B78033B012B03D98C2183
:104250000848D7F74FFD084B93F95A30A34204DBC7
:104260006FF00E03A342B8BF2346044A137010BD7B
:104270006D460020F16C0408A43300201A5200207F
:1042800008B5094B1B78033B012B03D9A421074830
:10429000D7F730FD064B93F9000010F1800F04BFF3
:1042A000044B93F95A0008BD6D460020F16C0408D8
:1042B0001A520020A43300202DE9F04F85B00546A6
:1042C00009F097FA074628460CF0CDF8411C044641
:1042D00089B22846EEF7A2FAA11C89B28146284687
:1042E000EEF79CFA033400EB4000E6B250FA84F497
:1042F0002846EEF7B5F8E4B284424BD8DFF8A8B010
:10430000A6420ED3B9F1010F44D139460220234B06
:104310001A78C2F1B302D2B205B0BDE8F04FFFF790
:1043200055BF1F4B32461B882946ADF80C30002381
:1043300003A88DF80E300093032309F0A5FCBDF807
:104340000CA09DF80E8009F0C2FE504510D1154B0F
:104350001B78033B012B0ED8FFF792FF404440B27D
:10436000FFF76EFF0D4B1B78C3F1B3038BF80030E2
:104370000336F6B2C4E73846FCF7C0FB00F03EF95E
:1043800082463846FCF7BAFB08EB0A0149B200F056
:104390004BF9EDE705B0BDE8F08F00BF22470020E4
:1043A000066D04086D460020544700208022014B12
:1043B0001A7070471A52002008B50748EEF70CFB38
:1043C0000649074A0B780BB9137823B10023137001
:1043D000044A0B70138008BD10510020574700207D
:1043E000564700206044002008B50448EDF742FE1F
:1043F000BDE808400248EDF73DBE00BF6044002024
:10440000624400202DE9F8432A4B074693F95A608D
:104410008E4204DB6FF00E068E42B8BF0E46264D6C
:104420002988C9B92020EEF7C5F8288010B90020E6
:10443000BDE8F8832021284609F00DFC0446002839
:10444000F5D1A1B2FF2228880134EEF7FBF9202C28
:10445000F7D10022194B1A70DFF8609099F800101C
:104460000229E4D84FF0000801EBC101CCB204EB03
:10447000080117F808202888C9B208F10108EEF7EA
:10448000E1F9B8F1080FF2D104F1080101242888FC
:10449000F2B2C9B2EEF7D6F999F800300848013304
:1044A00089F80030074B47F2E8611C70EEF7F8F925
:1044B0002046BDE7A433002060440020564700207A
:1044C000105100205747002038B5084B04461B7890
:1044D000074D1BB9287808B9206038BD054B00216D
:1044E0001888EEF789F920602878F6E7574700200A
:1044F00056470020604400202DE9F341064601A8FC
:10450000FFF7E2FF38B100240D4BDDF804801F787F
:10451000E3B29F4205D80B4B93F95A0002B0BDE8B5
:10452000F08104EBC405454408223146284606F0D4
:10453000C6FB01340028EBD195F90800EEE700BF77
:1045400056470020A43300202DE9F04F85B0814666
:1045500003A8FFF7B9FF002844D105B0BDE8F08FEC
:10456000A8EB050505EBC5052A46304606F109010D
:1045700006F0B5FB4FF0FF3372191C44735187F8F6
:1045800000A053601372E4B20134E4B297F80080E3
:10459000A0451CD9039B04EBC40B03EB0B060822BC
:1045A00049463046019306F08AFB0028ECD1651C91
:1045B00008F1FF3AA845019B5FFA8AFAD0D14FF083
:1045C000FF3287F800A043F80B20726032723B780C
:1045D000002BC2D1054A06481370064A1380EEF735
:1045E000FBF9BAE70024044FD0E700BF574700208B
:1045F000105100206044002056470020FF2810B5CD
:10460000044608D0FCF70AFBC30704D5044B18572F
:1046100010F1800F02D1034B93F95A0010BD00BF77
:1046200039460020A4330020FF2838B504460D4643
:104630001AD0FCF7F3FAC30716D50C4B93F95A308E
:10464000AB4204DB6FF00E03AB42B8BF2B46084A07
:10465000084913550878084A18B992F90000984299
:1046600002DA00201370087038BD00BFA4330020A8
:10467000394600201B5200205547002010B5084C39
:104680000146228822B9082109F0B1F9208010BD25
:104690002046BDE8104001230822EEF71BB800BFFA
:1046A000624400200022014B1A80704762440020BF
:1046B000F8B50E4C06462388B3B90120F8BDF900C1
:1046C0002088EEF799F80822314606F0F8FA01350D
:1046D0000028F2D02088EDF7C3FEEFB2C0F3CF037D
:1046E0009F42ECD30020E9E70025F3E76244002075
:1046F0002DE9F04F02290546144687B04AD019B972
:10470000012007B0BDE8F08F09F089F8074604F1F1
:104710001E082388012B4FD1E17828460331EEF79C
:104720007DF8E178064602312846EEF777F841F643
:10473000016300EB062080B2984223D194F803A0D5
:1047400028460AF10201C9B2EEF768F80AF1030639
:1047500010F0010F8146F6B218D119F0020F1BD1EB
:1047600019F0040F0ED02379B34213D331462846F3
:10477000EEF754F864280DD104F068FA00F07F00D9
:10478000642807D806344445C3D1B9E7F0F752FE90
:104790000028E2D10020B4E72379B342FAD33146AE
:1047A0002846EEF73BF8344B0AF1040A1B785FFA0F
:1047B0008AF68342D4D2EDE7022BE3D1E178284692
:1047C0000231EEF72BF81B28DCD1E17828460331C3
:1047D000EEF724F81928D5D1E17828460431EEF710
:1047E0001DF84A28CED14FF0050A0026DFF88C903C
:1047F000E178284601315144EEF710F8E17883461C
:1048000051442846EEF70AF800EB0B2083B20A2B3E
:1048100000F03F0B1ED102A8CDE904660AF041F872
:10482000E2782946023252440823009604A809F08F
:104830002BFA082204A90DEB020006F040FA00282A
:10484000A8D10BF1020353445FFA83FA237953454D
:10485000CED897E7412BF4D1E17828460231514474
:10486000EDF7DCFF99F80030C3F1B303C11849B28A
:104870003846FFF7C7FDE4E7234700202247002022
:104880002DE9F74F81460C4692461E46EDF7E8FDAE
:1048900083461CB9B5214048D7F72CFA4846EDF7B6
:1048A000DFFD112803D8002003B0BDE8F08F484693
:1048B00009F03CF8054604F0CDFE09220746002128
:1048C0002846ECF7ADFE00250AEB4A02804600219F
:1048D0002046520006F01DFABB053570E3D50122D3
:1048E00008F110085FFA8BFB5FFA88F8063455452B
:1048F00005D037784744FFB2791C594501DB0220C7
:10490000D2E748460192EDF789FF394600904846C4
:10491000EDF784FF009B96F800C000EB032398B2EC
:104920001BB2002BACBF4FF0000E4FF0010E0CF18C
:10493000020CACBF00F07F01C1B25FFA8CFCACBFCF
:10494000C009C0F3C32086F800C0019A04F8021C15
:1049500024F8060C04F804EC2DB16FEA030C4FEABE
:10496000DC7C9445CBD1CA199345C8DB002B04F8F5
:10497000037C0BDB7E280BD07F280BD00122337801
:10498000013519443170EDB20634B0E70F2801D07B
:104990000022F4E7012087E70A6D040838B50546D0
:1049A0000D4B0E481C88EDF767FF012D0CD10C4B09
:1049B0001C88FA21614358B1884209D28408012C2D
:1049C000204638BF012038BD022D08BF0224F0E781
:1049D0000248EDF765FFF2E7B43E0020F425002021
:1049E000B23E0020012208B5054B06481A7000218E
:1049F000EDF756FFBDE808400020FFF7CFBF00BF2E
:104A0000EC450020F42500201E4B73B51A8802F1F6
:104A100008039BB2012B02D81B4B1B7823B902B0B1
:104A2000BDE87040EDF7D8BF0024184B184D1C703E
:104A3000184B1C702B787BB14FF6FC73164E00930D
:104A400022462346214630880BF018F94FF6FD73B5
:104A50002C70338001200FE0104B10461978F3F7CB
:104A600091FF0028F6D10C4B1A884FF6FD739A423D
:104A7000F0D0012302202B7002B0BDE87040FFF798
:104A80008DBF00BFB63E0020EC450020EF45002062
:104A9000ED450020EE450020B03E0020F04500200E
:104AA000012808B50AD002280CD020B9084B18708C
:104AB0000848EDF791FF4FF0FF3008BDBDE8084012
:104AC000FFF790BF0020BDE80840FFF767BF00BFB9
:104AD000EC450020F425002002280FD840F60243C0
:104AE00099420BD1064A13780133DBB21370054AA1
:104AF00012789A4202D80220FFF7D2BF704700BF57
:104B0000EE450020F145002038B5A0F61343012BF7
:104B100004460D4615D80E4A13780133DBB21370E4
:104B20000C4A12789A420CD84FF6FD720A4B0020BC
:104B30001988914201BF00221D80084B1A70FFF7AF
:104B40002DFF29462046BDE8384004F0CDB800BF0F
:104B5000EF450020F2450020B03E0020ED4500204A
:104B6000F8B5174F174EB7F800C03588AC4525D8B3
:104B700001F10805ADB2012D20D8134D92009B0024
:104B800029803A8033809DF81820104B1A709DF8C8
:104B90001C200F4B1A709DF820200E4B1A7000221B
:104BA0000D4B1A704FF6FD720C4B1A8018B1FFF7BF
:104BB00019FF0020F8BDFFF773FFFAE70220F9E7BD
:104BC000B43E0020B23E0020B63E0020F245002058
:104BD000F1450020F0450020ED450020B03E0020CA
:104BE00000234FF6FD71054A1370054A1370054AFC
:104BF0001180054A1370054A13707047EF45002075
:104C0000EE450020B03E0020ED450020EC450020A0
:104C100030B5094B02461B7833B1084B084C197864
:104C20000023D8B2884201D3FF2004E0013334F8D6
:104C300023509542F5D130BDC9510020F4450020E4
:104C40008C3B00200022FF21044B05481A70054BC5
:104C50001970054B1A78920006F05BB8F4450020F5
:104C6000903B0020F3450020C9510020F7B58DF896
:104C700007100DF10701044603F0D1FD234B1D7809
:104C8000002D41D02046FFF7C3FF214EFF28317889
:104C9000204B05D1204A107885422DD9451C15702E
:104CA000884219D01C4A1B4D92F800C00022D7B28E
:104CB000BC450CD92F4697F803E00132864505F133
:104CC0000405F4D102B203EB8202D278FA7002B288
:104CD00003EB8202D170307002B203EB820123F841
:104CE0002240FF228A709DF80720FF2A02D003EBA2
:104CF0008203987003B0F0BD0A46104603EB8202AF
:104D0000D278FF2AF9D1CBE7FF20F3E7C951002081
:104D1000F3450020903B0020F44500202DE9F843A6
:104D2000FFF776FFFF28044669D04FF6FF72354F34
:104D300003B2DFF8DC80344E27F8232098F80050C7
:104D4000A54202D10020BDE8F883337820B281006B
:104D5000A34207EB800090F803E010D00023294A1B
:104D60005FFA83F94D45944606D99CF803900133C8
:104D7000A14502F10402F3D18CF803E001E086F8CA
:104D800000E0013DEDB22A1BD2B204319200394459
:104D900005F0A5FF88F800503378FF2B04D0A3421C
:104DA00024BF03F1FF33337000214FF6FF70154B22
:104DB000CAB2AA420CD300234FF6FF71134ADCB2E9
:104DC000AC42BBD2013332F823008842F7D1B5E7B9
:104DD0009A78A2420BD11880DA78FF2A04D0A24236
:104DE00024BF02F1FF32DA7001310433E0E7FF2A19
:104DF000F2D0A24224BF02F1FF329A70ECE72D20DC
:104E0000A1E700BF903B0020F34500208C3B002031
:104E1000F4450020F8B51C4B05461B78084673B3D3
:104E2000FFF7F6FEFF28044629D02846FFF7F0FEDC
:104E3000FF2806D0154B164E1A780023D9B291429E
:104E400018D3FF212846FFF711FFFF28014616D08F
:104E50000546104F23B207EB830237F823009678FC
:104E6000FFF704FFA84208BFFF25FF2E214608D107
:104E70002846F8BD013316F823108142DED1FF2504
:104E8000F6E73446E6E700BFC9510020F4450020AC
:104E90008E3B0020903B0020014B1878704700BFEC
:104EA000F4450020014B1878704700BFC95100201D
:104EB0002DE9F04180460E461F46002386B001A82A
:104EC00014469DF830508DF80330FBF7DDF8ADF84F
:104ED00004802EB13368CDF806307368CDF80A30FF
:104EE0003846EDF7A1FA0DF103034219214601A856
:104EF00003F008FF9DF8033093B931464046DBF7D5
:104F000097FD0E4B1B785BB10B2C09D8FF21404657
:104F1000FFF7ACFE064605EB4404E4B2A54202D11D
:104F200006B0BDE8F0812946384608F0F5FE314666
:104F3000FFF79CFE02350646EDB2EFE7C9510020AF
:104F400000232DE9F3470DF107028DF807300446E1
:104F50000E4603F056FC9DF80730054663B920461F
:104F6000FFF756FE04465EB13088EDF779FA5FFA36
:104F700080F8FF2C45D10025284602B0BDE8F08717
:104F8000B046F6E701320C2AF5D02DB207EB8505C5
:104F9000AD78FF2DF6D112F0FF0AECD04FEA4A05AA
:104FA0000235EDB2002EE7D0304605EB080108F0DF
:104FB00052FE0028DFD1524641463088EDF742FCD0
:104FC0000AF1FF3208F1010108F102093088D2B27A
:104FD000C9B25FFA89F9EDF735FC24B207EB840416
:104FE000A478FF2CC8D023B2494637F82320308854
:104FF00008F0A2FE0028BED109F102095FFA89F982
:10500000EBE725460022014FBFE700BF903B0020A1
:10501000FF2818BF064B10B51BBF03EB800433F805
:1050200020302D200B801EBFA3780020137010BDF0
:10503000903B002008B5FFF7EBFDFF2803460AD19F
:10504000002008BD0230C0B21BB202EB83039B7884
:10505000FF2BF7D1F5E70220004AF5E7903B00204F
:10506000037810B504466BB94378082B0AD1084B76
:105070001B88562B07D100F077FD20720023636058
:105080000123237010BD007A00F074FDF6E700BF25
:105090007243002003788BB943782F2B0FD0302B2D
:1050A0000CD1084B084A1288522A0BBF1B78028980
:1050B00003811A7000234360012303707047034B80
:1050C000F0E700BFB751002072430020A145002047
:1050D00070B51F4B1F4C19800388054623818378C8
:1050E0001646E37208F05FFF0822A072291D2046D1
:1050F00005F0F5FD6B7B2374174B6361032323736A
:1051000046B1EDF703FE10B11620EDF7B3FD4FF4F5
:10511000FA610EE00BF086FEC30705D404224FF6B9
:10512000FD713046F2F7ECFEEDF7F0FD58B94FF4A3
:10513000FA710322094B0A481A700A4B1E70BDE827
:105140007040EDF7ADBB1620EDF794FDEFE700BF23
:10515000AE5100202C35002000F8FF0771470020D9
:10516000505100206F47002038B50A4D0A48EDF72E
:1051700033FC2A78094CFF2A04D0217811B908465B
:1051800009F001FAFF232B700023054A23701370E6
:1051900038BD00BF1C520020305100205B4700206A
:1051A0005A47002008B50C4A0B46117811B90B4A32
:1051B00010809370094A002001F0B4FA084B0022D5
:1051C00019880648FFF784FF0120EDF753FD0348D7
:1051D00003F0CCFD012008BD6D470020F83400200D
:1051E00066440020024B1878003818BF0120704731
:1051F0007147002010B5074C2378062B05D11528E0
:1052000003D100232370F9F773FF2078003818BF0B
:10521000012010BD71470020024B1878031F58422F
:1052200058417047714700202DE9F041294B8046D5
:105230001B780D4613F00F0786B049D190F828303F
:10524000022B45D1061D01233146821C0BF052FC76
:105250000446C8BBB8F8260000F083000BF0EEFD52
:1052600098F828201C4BD8F804001A706B46D8F820
:105270000810CDE9034403C3B8F800302046ADF868
:10528000083098F8023041F606318DF80B300323D0
:105290008DF80C30114B8DF80A5005930AF0B6FAD0
:1052A000B8F824106B46002908BF4FF44171012063
:1052B00098F82820F0F71AFF04463846EBF7BAFDB5
:1052C00010B1384608F05BFB204606B0BDE8F0811F
:1052D0000224F9E76C4600207047002000F8FF0721
:1052E000024B1878431E58425841704771470020BE
:1052F000024B187808B9024B1878704770470020A5
:105300006D4600207FB51023072202A90120EDF78A
:10531000DDFB9DF80B00F0F727FC172003F00CFDD8
:1053200000210DF10700EDF725FD172805D100201C
:10533000EDF7A0FC07B05DF804FBFFF7D9FF0228EA
:1053400008D9054BB3F868204FF6FF739A4201D194
:105350000320EDE70220EBE7A4330020014B187097
:10536000704700BF704700202DE9F84F324BDFF83F
:10537000D88093461A7898F8003005460C4602F01B
:105380000F020BB1062B55D14223D340D90751D47C
:105390002A4F97F800A00BF045FDC20707D5FFF78D
:1053A000A7FF012803D048F6990008F0B9FE0BF0DA
:1053B00039FD830704D540F0100080B20BF03EFDAC
:1053C0000DB91F4B1D681F4E337833B900F088FCB0
:1053D000284600F049FC0123337008F0E4FDDFF8B3
:1053E0006C9089F80000204608F0C2FD044620B108
:1053F000002333702046BDE8F88F0BF1FF33032BF9
:1054000017D80123042229460A2087F800B088F81B
:105410000030EEF747FD04460028EBD0002599F94F
:10542000000088F8005008F0A3FD87F800A0357050
:10543000E0E730700224DDE76C4600207047002072
:10544000283500206E470020714700205C4700206F
:105450000022014B1A7070476E47002070B5044659
:1054600020B91A48FFF780FE002003E0184B1B7894
:105470000BB1022070BD174E3378002BF9D11348C1
:1054800008F015FDB8B9114808F011FD054648B9F6
:10549000014609F089F8104B022218702946284667
:1054A00009F071F8631C0CD021460848EDF7F8F9B3
:1054B00000233370D8E70548EDF7DEF9A042E2D3C8
:1054C000D7E70248EDF788FA0123F2E730510020D0
:1054D0005B4700205A4700201C520020014B1870E7
:1054E000704700BF5B47002008B5054808F0DFFCA7
:1054F00020B9044B187800F0010008BD0120FAE73C
:10550000305100205A47002030B5414C41488BB003
:10551000EDF762FA2378032B5DD1FFF7E9FE02284D
:105520009CBF062323703C4B1D78002D40D03B4B85
:10553000186810F002000EBF41F6043141F6063142
:1055400000200AF063F90025354B1D70354B198892
:10555000FFF7CEFE344B02462846F0F7C7FD002881
:1055600046D1324D0BF05EFC2B78002B0CBF4FF078
:10557000FF336FF48073184020F0010080B20BF00D
:105580005DFC01232B70FFF7B3FE022806D94FF410
:10559000FA612048EDF784F9072323700020EBF728
:1055A00049FC98B300200BB0BDE8304008F0E7B9E3
:1055B000F2F7F4FF294601221D48F7F7B1FE6846CD
:1055C0000BF04AFC2A4641F6063140200DF1150346
:1055D000F6F7A0FDB7E7072B07D10023FF221946F6
:1055E00001202370F0F7D8FAD8E7043B012BD5D877
:1055F000104B1B782BB101200BF0D0FA00220D4B81
:105600001A7000232370FFF77DFEC7E70BB030BD93
:1056100071470020505100206F47002028270020AC
:105620006C460020AE5100202C3500201D52002079
:105630005D470020594700202DE9F0470346054605
:105640006D4F8EB03E7803AA06F00F0600F1280CCD
:10565000144618685968083303C463452246F7D1D5
:10566000186820604224F44014F0010440F0C18026
:10567000DFF8988198F80060002E40F0BA8095F825
:105680002830013B032B00F2B4800BF0CBFBC207A8
:1056900049D501213046F7F71BFE044600286FD19B
:1056A00001F004F94FF6FF710120544AF0F726FC8F
:1056B000EB8CDB0733D52C1D32460821204608F041
:1056C00049FC60BB6868A96804AB03C32B88ADF8CC
:1056D0000C3000238DF81930AB788DF80E300BF0BC
:1056E00065FA0128044608D10BF09CFB10F001007C
:1056F00070D041F28830FFF7B1FE304603A900F0C8
:1057000073FF044600286AD101233B70042341F251
:1057100088313B4888F80030EDF7C2F830E00023CC
:10572000CDE90433D3E708F0EFFC824609F061F9D4
:105730000DF104090646484609F0B3F80822484628
:10574000291D05F0BCFAA8BB6A7BB31A002BB8BFB1
:105750005B42C82B134617DDB24228BF3346DBB28B
:105760009E421DD0FFF7C4FD022811D908F0AFFCFE
:10577000012201462846FFF7ABFC0022214B1A709C
:1057800020460EB0BDE8F087B24238BF3346E6E7A8
:10579000104609F048F9A878F0F7E6F90524EFE794
:1057A000B242FBD008F00DFC31460246284600F01C
:1057B000EDFFF3E704AB99E8030083E8030095F8F5
:1057C00028308DF81960022B14BF02260126ADF88F
:1057D0000CA081E70BF0E2F90B4B1C708DE70A4D32
:1057E0002B78002BCCD001200BF0D8F900232B70A4
:1057F000C6E70224C4E700BF6C4600202B6D0408F6
:10580000505100201D5200205947002071470020B0
:10581000F7B50F4F04463B780D46012B164614D1C1
:105820000020EBF745FB2B46CDE900062246002081
:10583000084908F009FB084B188030B102233B707F
:1058400003B0BDE8F040EEF7C5BB03B0F0BD00BF4C
:1058500071470020256D0408644400202DE9FF41B4
:105860001E4E00243378012B0CD11D4B347093F95C
:10587000000008F07DFB204603F076FA012004B01A
:10588000BDE8F081022B26D1164D012003F06CFA01
:1058900008212888CDE9024408F05CFA0D2107466A
:1058A0002888ECF7BBFF082380460094224629880D
:1058B0000DEB030008F0E8F9094B2C8093F9000088
:1058C00008F056FB01223846C8F3C01302A900F0C5
:1058D0003DFA3470D2E72046D1E700BF714700207F
:1058E0005C47002064440020F0B51E465F4B0C4628
:1058F0001B780546D90717468DB006D4224629469F
:10590000012000F00FFF0DB0F0BD5A0703D40BF0DB
:1059100089FAC307F2D500210DF10F00EDF72AFA3D
:1059200018B99DF80F30012BE8D0FFF7E1FC022DEC
:105930005BD00228E7D8208B0BF0FEF9FF28DDD0E2
:105940003246002008AB04F1100100F047FF0028A8
:10595000D4D13B4604AA07F1080C164618685968CA
:10596000083303C663453246F7D1186830609B8818
:10597000B380BDF81630BDF818209A4238BF002316
:10598000BDF814203CBFADF81630ADF81830BDF8A6
:1059900012309A4238BF0023BDF81C203CBFADF83E
:1059A0001230ADF81430BDF81A30BDF814109A4218
:1059B0003EBF0023ADF81C30ADF81A30BDF81C30E6
:1059C000BDF816200093BDF81200BDF81A300BF098
:1059D000FCF9002892D1A67875B94EB9244B1E68FF
:1059E0000421601803F034F909E00228A3D88AE7FB
:1059F000012303FA06F6F3E7012303FA06F623462A
:105A00001C4A04F1280E9446186859680833ACE81B
:105A1000030073456246F6D11868174BCCF80000B6
:105A20003A881D70154B164F1A800DF1300C08ABDB
:105A30001A4603CA624538607960134607F10807C1
:105A4000F6D12DB9032130460E4AEEF7FFF85AE79A
:105A500000232046A21C211D0BF04CF800287FF4E7
:105A60004DAFA1782088FFF79DFB4CE7A2450020B1
:105A700028350020F83400206D47002066440020BF
:105A80005D470020A5510308F0B51A4F1C463B782E
:105A90000546042B164685B029D11748ECF79CFF24
:105AA00000233B7025B105B0BDE8F040FFF72ABCEC
:105AB00008F00DFB054696B1102307226946012028
:105AC000EDF704F802AB03CB9DF803306060A370E0
:105AD000BDF80030A160238008F08BFF60730122C5
:105AE0002946204605B0BDE8F040FFF7F1BA05B001
:105AF000F0BD00BF714700205051002008B50BF0E9
:105B000091F920F4987080B240F001000BF096F902
:105B10000022014B1A7008BD7147002010B50446E1
:105B2000FFF7E6FB022811D8094B1B7873B18C42B2
:105B30000CD193070AD52046EEF766FC30B1017907
:105B400021B9BDE810400348ECF7AABE10BD00BF64
:105B50006546002094260020014B024A1A607047D7
:105B60007C340020786D0408014B1878704700BF22
:105B7000A2450020014B187000207047A24500206C
:105B8000014B1868704700BF28350020014B18688A
:105B9000704700BF24350020014B1860704700BFDC
:105BA00028350020014B1860704700BF24350020C5
:105BB0000148ECF75FBA00BF6444002008B502F06A
:105BC000BDF900F5FA50012838BF0120014B1860DB
:105BD00008BD00BF4435002030B500290CBF0324A8
:105BE0000B2489B0DAB111490A78551C0D701121C6
:105BF00042F080020C9DCDE90412CDE906354CF24D
:105C00005E024FF48053CDE902320B230022009351
:105C10000E21074B019408F008F909B030BD054A80
:105C20001921127842F08002E4E700BF7D4700208E
:105C3000336D04087C47002073B500252C46094EBF
:105C40003378E8B2834202D8204602B070BDE9F74B
:105C50004FF9694607F0C5F808B10134E4B20135DF
:105C6000EEE700BFE446002008B520B908F0A9F926
:105C7000012303FA00F003050FD40C231B2B08D0DB
:105C800020FA03F1C90703F1010208D5DBB2054A86
:105C900013700522044B1A7008BD0B23F7E7134657
:105CA000ECE700BF7B4700207A47002073B50A4E1F
:105CB00004463368094D834208D00023022101A81D
:105CC000019302F0C5FF019B34602B60FFF776FF64
:105CD000286802B070BD00BF4C3500205035002050
:105CE000002313B5022101A8054C019302F0B0FF77
:105CF000019B2360FFF762FF206802B010BD00BF68
:105D000048350020012210B50E4B86B01B681146A5
:105D1000009302A80023FFF75FFF0AF0A3FF0446E9
:105D20000BF080F8084BCDE900400E22102102A8AC
:105D300008F07BF80022102102A807F058FE06B0F8
:105D400010BD00BF48350020EE6C04082DE9F04F6F
:105D5000A5B01E4693460D91804608F0B8F90DF1A6
:105D6000480A514607460020EDF704F881460BF03B
:105D700059F840EAC615FFF75FFFB9F1170F04465F
:105D8000ADB217D108F01DF94FF6FD798DF853002B
:105D9000012114A802F05CFFBDF85030013B9BB21A
:105DA0004B45F5D80421504602F052FFBDF8500093
:105DB00008F0B6F9BBF1000F01D045F03005EB0754
:105DC00048BF00234FF0000248BF8DF858301146FD
:105DD0004FF00103CDF8008018A848BF4FF6FF77B9
:105DE000FFF7FAFE0AF0C7FF83460AF03BFF0F9069
:105DF0000AF095FF0E904046FFF758FFDFF89C80B1
:105E00000E9A98F800100F9BCDE90A41BDF850108A
:105E1000CDE9025208919DF85310CDE900B30791E6
:105E20009DF858100490CDE905A10E222721194BA9
:105E3000099718A807F0F9FF012C28D10020E9F7ED
:105E400057F810A9054606F0CCFF18B9204625B032
:105E5000BDE8F08FC6B1BDF8403098F800202E2183
:105E600004929DF8442000950392BDF8422018A8A2
:105E7000CDE901322722084B07F0D7FF2E210D9ADA
:105E800018A80AF0FFFEE2E74CF25E03E5E72721DF
:105E9000F5E700BF3C6D0408436D0408A1450020F0
:105EA0002DE9F04F2E4BA3B006461446B3F8008000
:105EB0000F46FFF7C1FE0022054611460323009658
:105EC0000DA8FFF789FECDE900540E225121254B84
:105ED0000DA807F0AAFF11250026DFF89090DFF843
:105EE00090A0DFF890B008F0800899F80030A34245
:105EF00001D9042E09D13A4629460DA88DF84460EF
:105F00000AF0C0FE23B0BDE8F08F2046E8F7F0FFAE
:105F10000BA9099006F065FF0134E0B1099BB8F1C7
:105F2000000F1AD0BDF82C2006949AF800100DA886
:105F300005919DF83010CDE900B30491BDF82E1005
:105F4000094BCDE902212A46512107F06EFF0136A7
:105F50001035F6B2EDB2E4B2C7E74CF25E02E3E709
:105F600068440020EE6C0408496D0408E4460020F3
:105F7000A1450020FA46002000232DE9F04FDFF86C
:105F8000789399B099F80070064617F00107CDE9AB
:105F90000233B0F802B000F09B810378032B00F2CB
:105FA0009781CE4B1B78002B40F0868133780DF122
:105FB0000808012B8CBF172411240023A4F1080228
:105FC000009359460823404692B207F05DFE002830
:105FD00040F07E81E51D43462A465946092002F0DD
:105FE000E8FB002800F074815846ECF739FA04F118
:105FF0000D03834280F26C812146708807F08CFE8D
:106000008246A11C7088ECF709FCBAF10B0F40F036
:106010008D8120F00C03032B40F08881337800F051
:106020000C00012B00F25681082840F05181708845
:10603000E11C07F071FEB0F5805F40F07781708859
:10604000611D07F069FE4CF25E03984240F06E81DC
:1060500029467088ECF7E2FB04F10901824670885A
:10606000ECF7DCFB1628054600F26081BAF1000F60
:1060700040F04681C10740F14881708804F10A016F
:1060800007F068FE8146002800F02281002D00F014
:106090004F81934B1B68834204D0924B1B68834211
:1060A00040F01681DFF854A2DAF80030002B00F03F
:1060B0000F8101F043FFDAF80030C01AB0F1004F51
:1060C00040F20681FFF77AFDEB1EDBB20C2B40F2AB
:1060D0004281162D00F23F810F2D40F22981A5F15A
:1060E0000C0A5FFA8AFA7088ECF7BAF97E4B13F85B
:1060F0000A302344984200F03281012D40F0E880BC
:106100007088ECF7ADF904F12E03984240F0E0807E
:10611000584604F10801ECF781FB744B04F10E0AB8
:1061200018702C2200210DA8758804F0F2FD98E863
:106130000300002614AB83E8030002230DF1100BCB
:10614000CDE906668BE80300514628468DF84030BD
:10615000CDF84490ECF762FB04F10F018DF85F007D
:106160002846ECF75BFB04F110018DF85C00284633
:10617000ECF754FB04F11101ADF85A00284607F082
:10618000CBFD04F11301ADF84C00284607F0E2FD09
:1061900004F1170208232946129000960EA807F072
:1061A00073FD04F11F012846ECF738FB04F12001D0
:1061B0008DF841002846ECF731FB04F121018DF800
:1061C0003600284607F0A8FD04F12301ADF834009D
:1061D000284607F0A1FD04F12501ADF85800284636
:1061E000ECF71CFB04F126018DF85D002846ECF766
:1061F00015FB32468DF85E0008210EA807F0AAFEB6
:10620000002800F004813046EAF752FE8DF836008F
:106210009DF85C2002F00303012B00F00981022BA2
:1062200000F00081002B53D1BDF84C008DF85C705C
:106230000AF082FDFF284BD09DF85D30012B29D15B
:106240002846ECF70DF904F12706801B06283FDDF0
:1062500031462846ECF7E2FA04F128018DF81800DF
:10626000284607F059FD04F12A01ADF81A00284626
:1062700007F052FD04F12C01ADF81C002846ECF7A4
:10628000CDFA04F12D018DF81E002846ECF7C6FA70
:106290008DF81F009DF85D4008A8651E18BF0125F8
:1062A000F9F7F2FE012C0CBF5A460022294608AB32
:1062B0000DA802F057FD0BE00D4B93F900400D4B7C
:1062C00093F900500AF057FD28448442BFF66EAEA1
:1062D000012041E000283FF4AAAEF9E7B6510020C2
:1062E0004C350020483500206D6D04087C470020A7
:1062F00022470020B7510020A2450020443500204D
:10630000BAF1110F09D1C2070DD4072D3FF4B5AE74
:1063100099F800309807DBD5AFE6BAF1190F02D132
:10632000C3073FF5AAAE072D3FF4A7AEFF25A4E6AD
:10633000AA46D8E6A5F11003DBB2062B0BD8012341
:10634000AB4013F4281240F0118113F4A81F7BD145
:10635000162D00F02C81002019B0BDE8F08F05F05B
:10636000FD03112B01D0152D0FD1974A1378FF2B68
:10637000AED00133AB42ABD1FF23404613709349FB
:10638000082204F09CFC0028A2D1584604F1080120
:10639000ECF744FA8E4B022D04F10E0A187049D026
:1063A000C8D8002D7FF4BDAE04F10F017088ECF762
:1063B00035FA884B884C1B6820804B4588D0C10635
:1063C00086D5864B93F90060854B93F900700AF0EF
:1063D000D2FC384486423FF77BAFFEF781FF68B1BD
:1063E0000AF020FDC2077FF573AF2288D3073FF57F
:1063F0006FAF49464046FFF70BFA69E723882A4604
:1064000041464846C3F3C013FFF7A0FC60E79DF880
:106410003630002B3FF45CAFBDF83430002B7FF4F6
:10642000F7AE55E712F0040F0CBF04270327FBE675
:106430000227F9E651467088ECF7F0F9414602462A
:106440004846FFF72DFD43E7102D00F08680122D02
:1064500018BF0227758800262C2200210DA804F001
:1064600058FC52460823294600960EA807F00CFC5B
:1064700004F116012846ECF7D1F900968246102364
:10648000294604F1170208A807F0FEFB04F12706CD
:106490003FB131462846ECF7C1F904F128068DF8E2
:1064A000410031462846ECF7B9F9711C8DF83600E9
:1064B000284607F031FCF11CADF83400284607F0FF
:1064C0002BFC711DADF81000284607F025FCF11DCE
:1064D000ADF81600284607F01FFC06F10901ADF8DB
:1064E0001800284607F018FC06F10B01ADF8120061
:1064F000284607F011FC06F10D01ADF814002846FE
:1065000007F00AFC06F10F01ADF81A00284607F063
:1065100003FC14ACADF81C000FBB29460823204631
:10652000009706F1110207F0AFFB284606F11901AA
:1065300007F0F2FB012303FA0AF3ADF84C30294BC4
:10654000ADF858001B683846129304AA08AB0DA991
:10655000CDF84490FFF7C8F9BAE617467AE798E80D
:10656000030084E803004FF6FF70E3E77688112DFF
:106570005146304610D1ECF751F90DAA054604F109
:106580000F0130460AF0A8FB00273A46414628464C
:106590000DABFFF779FA9BE6132D03D1ECF73EF92B
:1065A0000546F2E7ECF73AF902270546EDE75146D2
:1065B00070880DAA0AF090FB07F089FD01460DA82E
:1065C0000AF0F7FA84E600BF1E520020724700204E
:1065D0007C4700204C35002068440020B751002043
:1065E00022470020503500202DE9F0410546C88C97
:1065F000A8B00C460AAA91F82A10C0F3400000F097
:1066000069F928B9012212A917A809F081F920B166
:106610000125284628B0BDE8F081208B0AF08CFBCC
:10662000FF280646F4D00DF138084346012017AA8A
:1066300004F1100100F0D2F80028E9D1002D5FD05C
:10664000012D0CBF1227142723690122002100937A
:1066500017A83B46FFF7C0FA231D00930E224221E4
:10666000CDE90168294B17A807F0DFFB002D49D0C1
:106670002822637B8DF88330BDF8343042210893A3
:10668000BDF8323017A80793BDF82C300693BDF83B
:106690002A300593BDF830300493BDF82E300393B3
:1066A000BDF82830029323880193A3780093184BF8
:1066B00007F0BBFB45BB07F00AFD164B42210190DA
:1066C00000933822144B17A807F0AFFB422104F1C6
:1066D0001C06324617A80AF0D5FA054668B912A872
:1066E000F9F7D2FC12A90AA802F03AFB0B4B0C4AAC
:1066F0001F70E3691360236A5360FFF75FFA88E74E
:106700001027A1E72722B7E73921E0E7516D0408F8
:10671000556D0408FA4600205F6D04081E520020E3
:106720007247002070B50D460646116AD0698EB0DA
:1067300005AB144603C31DB3012D0CBF1323152352
:10674000226907A8009200221146FFF745FA8DF84A
:106750002A60BDB923880434039314F8023C1B213A
:106760000293637A0F2201930094074B07A807F066
:106770005CFB1B2105AA07A80AF084FA0EB070BDC5
:106780001123DDE70F21F5E7626D040870B50446BB
:106790000D46164690B0216AC06907AB03C3236952
:1067A00009A80093012216230021FFF715FAA38CF4
:1067B0000E22049334F8043B1C21CDE90263CDE999
:1067C0000045054B09A807F030FB1C2107AA09A8C2
:1067D0000AF058FA10B070BD676D04082DE9F04357
:1067E00006468FB008890D46174698460AF0A4FA67
:1067F000FF2856D00F2809AC01D0042835D12A68CB
:106800006B6812BA1BBA2046CDE90522CDE90733E1
:10681000DAF7E2FB052305AD20468DF82430DAF7E0
:1068200007FF2A4629460120DAF798FF95E80F006E
:106830000DF1040C8CE80F002046DAF7CDFB09239C
:1068400020468DF82430DAF7D3FB01A9204602F068
:106850006DFC2046DAF7ECFE424639463046DAF760
:106860007DFF00200FB0BDE8F0830028E4D1A646EC
:106870002B686A680C4D93FA83FC12BA05F1100973
:10688000734628686968083503C34D459E46F7D1AD
:10689000CDF828C00C9201AD94E80F0085E80F00F8
:1068A000CAE72120DEE700BF826D040807B5084B68
:1068B0004FF6F7711A784FF6FF630093531C003AB6
:1068C00018BF012202200AF080FA03B05DF804FB31
:1068D000A145002070B586B00DF116030093064661
:1068E00005AB0D46144604A90DF112020DF10E0080
:1068F0000AF04DFABDF80E30FBB908F0C8F9208057
:1069000015B1BDF8142022BB00232381E380BDF81C
:106910000E0006B158BB00236380A3806381A3816E
:10692000BDF81630BDF812200093BDF81010BDF868
:1069300014300AF04AFA002004E0BDF810209A4210
:1069400002D1012006B070BD23800133ADF80E30B6
:10695000D6E7BDF816309B1A0133AB42F1DB154484
:10696000ADB26B1EE2802381ADF81450CFE71D4A13
:106970005188E1B19388D3B16180A380518911B36B
:10698000938903B36181A381BDF810308342D8DDC0
:10699000A28863889A42D4DDBDF81620BDF8143071
:1069A0009A42CEDDA28963899A42B9DCC9E7BDF873
:1069B00010100B18013BC3F34F036380013BA18010
:1069C000ADF81030DAE7BDF81620BDF81430A2811A
:1069D0001344013BC3F34F036381013BADF8163011
:1069E000D2E700BF6A4400204FF0005300201B682C
:1069F00082B09AB262F30F001B0C63F31F4002B027
:106A000070477FB54FF000639E6A044606F17843F5
:106A1000B3F5C04F0D460ED2002301A80393D0F763
:106A200015F9039B5B0506D529462046336C04B057
:106A3000BDE87040184704B070BD1FB54FF000634B
:106A40009B6A03F17842B2F5C04F04D340F20110C3
:106A500005B05DF804FB1B6B03F17843B3F5C04F41
:106A6000F4D201238DF80430002301A8CDE90233CC
:106A7000D0F7ECF8039BDB03E8D5029B1A0EE5D0B8
:106A8000012A03D1C3F307430A2BDFD94FF0006378
:106A90009B6A1B6B1B6C9847DAE7EFF3108072B6AA
:106AA000704700B962B67047302383F3118870478E
:106AB000EFF31180302383F31188704780F311883E
:106AC000704700230360704703680B6001607047E4
:106AD000FEE7FEE74AB1002310B550F8234041F825
:106AE000234001339342F8D110BD70470020704716
:106AF0004FF4004070474FF47A7070474FF0604297
:106B00000123D2F8001E83400B430020C2F8003E50
:106B1000704710B588B004460E98009207900D9803
:106B2000224606909DF8300005900B9804909DF841
:106B3000280003900020CDE901300B460121D0F759
:106B4000E5FB08B010BD704713B5044601A8D2F7A5
:106B5000F7F99DF8063023804FF480736380D2F7F5
:106B600015FA6060002002B010BDD2F7A1B908B5D7
:106B7000D2F78EF9002008BD10B5044644EA01039F
:106B800013F00303084609D1934201D1002010BD40
:106B900054F8231040F823100133F5E72146920002
:106BA00004F080F8F2E7704770B5054614460E46CB
:106BB000FFF773FF2B685C4034405C402C60BDE8FD
:106BC0007040FFF76EBF08B5D0F7B2FABDE80840D5
:106BD0000021D1F7FDB80029CCBF01210021D1F758
:106BE000F7B802214FF42070D1F718BD38B504462C
:106BF000D0F78CFA0546D0F72FFEC0F102012846E7
:106C0000FFF7E9FF01210020D1F72CFF0CB1D1F7EC
:106C100087FDBDE83840D1F721BA7047704770470B
:106C20007047704770B5054614460E46FFF735FFAE
:106C30002B685C4034405C402C60BDE87040FFF73E
:106C400030BF70470346142B084604D00AD8012BE6
:106C500008D0122B06D1022803D0032808BF012038
:106C60007047002070473AB122F0030202F1A042BF
:106C700002F5603209B9106070470002FBE74FF07F
:106C800050234FF400321A677047012200F58053F9
:106C90005A60CB43934003F00A034361416111B949
:106CA00000F500504260704783695B06FCD5C16304
:106CB00070474369002B0FDB51B9436ADA07FCD4F4
:106CC000012200F500535A6043689B07FCD47047CB
:106CD000012300F5805043607047436810B5DA0720
:106CE00004460AD5FFF7E4FE636ADB075CBF0123B5
:106CF000E360BDE81040FFF7E1BE10BD38B5436862
:106D000005460C464BB16B6A002BFCD1012205F500
:106D100000535A606B689B07FCD46378E2785B0190
:106D200043EA4203A278284613432279217843EAB2
:106D30008203627943EAC203A27943EA0213E27949
:106D400043EA4223227A43EA8223627B43EA022314
:106D5000E27A43EA0263227B43EA0273A27A43EABD
:106D60000243AB60FFF7A5FF637A0BB100232B62F0
:106D700038BD436813B1436A002BFAD17047002035
:106D800070470F2070470F207047002070470F207A
:106D90007047002070470F207047002070470F2079
:106DA0007047002814BF0F20002070470020704754
:106DB0000020704700207047002814BF0F200020DB
:106DC00070470120704701207047012814BF0F2031
:106DD000002070470F207047DFF7F2B800214FF016
:106DE000FF3004F02FBD4FF0FF3004F069BD0020EC
:106DF0007047B0F5802F22D010D8B0F5003F20D0DA
:106E000007D818B3B0F5803F08BF482018BF01204D
:106E10007047B0F5403F08BF2C20F7E7B0F5302FA2
:106E200011D007D8B0F5E02F0FD0B0F5202F08BF54
:106E30001020EBE7B0F57F0F08BF0620E6E74B20F8
:106E400070472A207047112070472120704708B5ED
:106E500028B12022002103F05CFF002008BD212082
:106E6000FCE708B1FFF7F3BF2120704708B92120E4
:106E700070470029FBD0036813F0704209D1C3F3B7
:106E80000E030B601BB94368002BF0D00B60002091
:106E90007047B2F1004F07D18268D2040ED5C369A2
:106EA000002BE4D01B68ECE7B2F1204FF4D0B2F134
:106EB000304FF1D0B2F1404FEED0D8E703F07F036E
:106EC000DFE737B50C46054610B9212003B030BDC9
:106ED0000029FAD0002301A90193FFF7C7FF00287A
:106EE000F4D1296811F0704102D1019B2360EDE7D4
:106EF000AA68B1F1004FC2F38033C2F34035C2F348
:106F0000003207D1062103EB450301FB0233019A4E
:106F10005343EBE7B1F1204F04D12B4402EB820243
:106F20001344F4E7B1F1304F02D0B1F1404FCCD16E
:106F30002B44ECE72DE9F3470D4690469A4604466C
:106F4000F0B1E9B106680F6806F07049BE422AD078
:106F5000B9F1004F11D186EA0703B3F1805F13D373
:106F6000BAF1000F36D1B8F1000F1FD0A368AA689C
:106F7000534013F4E04F19D002E0B9F1404FEAD08A
:106F8000212002B0BDE8F0870023204601A901932B
:106F9000FFF76CFF0028F3D1019AC2F30E021643EB
:106FA0001743BE42ECD1B9F1000FD9DB002369468B
:106FB00020460093FFF75AFF0028E2D1019001A973
:106FC0002846FFF753FF0028DBD1DDE900239A4272
:106FD000D7D0D5E7AA68B8F1000F03D0A368534013
:106FE000D904CDD49304E1D4CAE72DE9F7430C4684
:106FF000054648B141B100230B60036803F07043BC
:107000000B60C268032A03D9212003B0BDE8F083D6
:10701000012A50D812B143F000632360AA68EB68DC
:10702000900102F0407149D5B1F1407F49D0002B69
:10703000EAD04FF00072236823F0407313432360BB
:10704000EA68022A07D12A69032ADDD823F47F03DC
:1070500043EA02432360EB68032B03D12B69F62B31
:10706000D2D9A370AB68190442BF236843F400432C
:107070002360EB68032B09D023682A6823F4FF43BD
:1070800023F07F03C2F30E02134323602A68AB6828
:10709000002A03F4805603F4806826DA5A0403F4C5
:1070A00000511AD400296BD1002EADD0236843F4CF
:1070B00080532360A8E743F08063AEE7B1F1407FDF
:1070C00004D1002BA0D04FF04072B4E702F08072E0
:1070D000002BB0D1002AAED096E7226842F480405F
:1070E000206000294CD1002E53D12A6802F0704252
:1070F00002F10042B2F1804F06D2B8F1000F03D086
:10710000226842F480622260D5F8009019F070473E
:1071100042D50023284601A90193FFF7A7FE0028C6
:107120007FF473AF09F05049B9F1004F06D0B7F1C1
:10713000304F03D0B7F1404F7FF466AF019B226818
:10714000013B03F07F0322F07F0213432360AEB1C3
:10715000EA69002A3FF458AFB7F1004F3BD1117FE5
:1071600000293AD0B8F1000F08D043F4007323602F
:10717000537F1BB1236843F480732360002044E7EE
:1071800022681EB942F400522260AEE742F4405237
:10719000FAE742F4A042F7E713F4C8437FF434AFB0
:1071A000284601A90193FFF761FE00287FF42DAF67
:1071B000002F7FF429AF2368019A23F4FF4323F0C3
:1071C0007F03C2F30E0213432360002ED6D0EB6977
:1071D000002B3FF419AF0F2017E7537F002BCDD0C2
:1071E000B8F1000FC6D1C9E773B50C46054610B912
:1071F000212002B070BD0029FAD00123C6684B607F
:107200009E4215D8002301A90193FFF75AFE0028DA
:10721000EFD1019B06B11C336A699A4206D32A69F1
:1072200043F0005322600020A360E2E71D20E0E766
:10723000023E012EDCD80023F5E770B50E46154658
:1072400004468AB000283ED000293CD0002A3AD01B
:107250000023012229463046FFF76CFE88BBF36805
:107260008BBBEB68013B012B2DD84FF08073A060E6
:10727000C4E90030E06107A92846FFF7B6FE00BB6D
:107280002046079900F07DF8304601A9FFF7ACFFD2
:10729000B8B9204601A900F060F8284604A9D2F741
:1072A0002BFC70B9204600F058F8284607A9FFF7D4
:1072B0009BFF30B9204607A900F059F82046D2F7C5
:1072C000D7F80AB070BD2120FBE770B50D46164611
:1072D00004468AB000283ED000293CD0002A3AD08B
:1072E0000023012231462846FFF724FE88BBF368BD
:1072F0008BBBEB68013B012B2DD84FF08173A06055
:10730000C4E90030E06107A92846FFF76EFE00BB24
:107310002046079900F035F8284601A9D2F7ECFB82
:10732000B8B9204600F019F8284604A9FFF75CFF19
:1073300078B9204604A900F010F8304607A9FFF7F5
:1073400053FF30B9204607A900F011F82046D2F7C4
:107350008FF80AB070BD2120FBE7436813B9416084
:1073600070475B685A68012AFBD15960704783688F
:1073700013B9816070475B685A68012AFBD1596074
:107380007047C369032B9FBF00EB83020133D160B9
:10739000C3617047C369042B14D84FF09842116C35
:1073A000C902FCD504339B0013650168103B1160D2
:1073B0004168116050F8081F11604FF09842034473
:1073C000984200D1704750F8041F1160F8E7FFF7AA
:1073D0000EBDA0F50030B0F5003F2CBF002001200D
:1073E000704770B506460D4614468CB0CAB11022DF
:1073F000002108A803F08DFC002207AB029305AB27
:10740000019306AB00933046294608ABCDE905222F
:10741000D2F7CAFB18B9099B6360059B23600CB0C7
:1074200070BD6FF08600FAE72DE9F0410F460021AC
:1074300086B0B8420646039132D004AAFFF7D1FFC6
:10744000044648BBDDF810800120414600F0A2FE52
:10745000054638B303ABCDE9000322462146434637
:107460003046D2F721FD044670B9059B21460093B2
:1074700038462B46039AD2F7ABFC044620B9214686
:107480003046D2F767FD044600212846039A03F0F0
:1074900040FC284600F060FE204606B0BDE8F081C2
:1074A0000C46F9E76FF08C04F6E708B5FFF79FFC90
:1074B000002814BF6FF09200002008BDFFF7F5BF51
:1074C000F0B51C46002389B023600F461646FFF72F
:1074D0008EFC70B96846FFF7BAFC054648B93246DB
:1074E00039466846D2F79EFA10B9266009B0F0BD59
:1074F00025606FF09200F9E7F0B58FB0DDE919472C
:10750000DDE91B56A54222D94FF0000C2D1BCDE919
:1075100006740A9505943D19189CCDF834C004945E
:10752000179C0DF1340C0394169CCDE90865029468
:10753000159CCDF82CC00194149C0094D2F792FDB8
:1075400018B933680D9A134433600FB0F0BD6FF073
:107550008900FAE72DE9F04790B08946DDE91C87FC
:1075600092461C460646002851D0038803F4E042A8
:10757000B2F5005F39D1C3F30222042A35D184F079
:10758000AA6383F4807333F47E1337D084F0AA6344
:1075900083F4007333F47E1330D0B8F1000F36D08B
:1075A00000250CAB7F1B2A46184608EB070103F0A9
:1075B00079FB1B9B209A03931A9B0A9202931F9AB2
:1075C000199B099201931E9A189BCDE90752CDE9A8
:1075D000057000935246234649463046CDF8108048
:1075E000D2F700FE10B0BDE8F08742F204029342E9
:1075F000D3D184F0052383F48013CBE7C4F305458E
:10760000BD4204D8B8F1000F01D0102DC9D96FF0D8
:107610008600E7E720F00803102B05D0202814BFD0
:107620006FF08600002070470020704710B50024DE
:10763000436814601B0A04D0012B10D06FF0850042
:1076400010BD038823F0FF00B0F5824F04D1413B09
:10765000DBB2012B88BF013100201160F0E72C3133
:10766000FAE7F8B5134642880C460732072A4FEA74
:10767000D20101D0A14245D146680588C7682022C1
:107680001846002103F045FB360A034626B1012EB9
:1076900010D06FF08B00F8BDA4B341F20102954207
:1076A00005D0B5F5885F02D0B5F5905F19D15C6063
:1076B0000020F0E7C6602CB341F2010295420AD1E6
:1076C0005C60B90707F001020ED4002AF0D14FF038
:1076D00080729A60ECE7B5F5885FF1D0B5F5905F00
:1076E000EED0B5F5105F02D06FF08500D3E7182C0F
:1076F00003D0202C01D0102C04D1C3E90044002E6B
:10770000D6D0DEE76FF08600C5E7406810B5000A06
:10771000029C04D0012807D06FF08B0010BD93426B
:1077200009D96FF08C00F9E703F12C009042F8D8EA
:10773000103103F11C020020C4E90412EEE72B2AE9
:1077400003460AD9012200200A8048801A684A604C
:107750005A689B688A60CB6070476FF089007047F9
:107760002DE9F04F9BB01F46DDE924BA8946154646
:107770000646269B002866D0002F64D0BBF1000F80
:1077800061D000295FD0002A5DD0BAF1000F5AD035
:10779000002B58D00021D2000DF10808CAF80010C3
:1077A00040461A60202203F0B4FA42462946304689
:1077B000FFF757FF044628BBC6460DF1280CBEE86C
:1077C0000F00ACE80F009EE80F008CE80F00EB1CE8
:1077D000214623F00303202212A8CDE90D490F937F
:1077E00003F097FA2B465A4639463046CDF80080CA
:1077F000FFF78BFF044628B912A8FFF728FB28B132
:107800006FF0920420461BB0BDE8F08F02AA0AA9CF
:1078100012A8FFF712FD98B95A46394602A8FFF799
:107820008EFF04460028EDD1524629463046FFF728
:10783000FDFE044612A8FFF714FB0028E2D0DFE7A4
:107840006FF09204F6E76FF08604DBE710B586B0C0
:1078500005AC0294099C0194089C0094FFF780FFFA
:1078600006B010BD2DE9F04F9BB00C46DDE9249A1F
:1078700015469846834600286AD0002968D0002A19
:1078800066D0002B64D0B9F1000F61D0BAF1000FBF
:107890005ED0C76817F001075DD02022002102A842
:1078A00003F037FA21462A46584602ABD2F704FFC6
:1078B000044640BB0AAD02AE0FCE0FC596E80F00DE
:1078C00085E80F0001A90AA8BBF800500194FFF752
:1078D000F8FA25F0FF03B3F5824F014617D1413D79
:1078E000EDB2012D13D9042309F1FF3908F8013B4A
:1078F0000023CDE90D3809F1030323F003030F93AF
:1079000039B16FF0920420461BB0BDE8F08F00271C
:10791000EEE7019B4B4521D8202212A803F0F9F98C
:1079200012A8FFF794FA0028EBD10AAA02A912A81C
:10793000FFF7CBFC48B9019B3B44CAF8003012A8C2
:10794000FFF78FFA0028DED0DBE76FF09204F6E74E
:107950006FF08604D7E76FF08404D4E76FF08904F2
:10796000D1E76FF085007047FFF7C6BDFFF7F2BDA6
:10797000D2F7D2BCD2F7D6BDFFF7BEBDFFF7EABD46
:10798000D2F7CABCD2F7CEBD00F008B809B100F0FA
:1079900007B8222070470121D2F76ABF0020704744
:1079A00070B506460D46FFF783F804461F2E52D8E1
:1079B000DFE806F01019511E212451272A512D51BC
:1079C00030335136393C513F51425151515145515B
:1079D00048514B4ECFF780FB002628602046FFF72A
:1079E0006DF8304670BD4FF4C070D0F737FAF3E74A
:1079F0004FF42070F9E74FF44070F6E74FF46070F1
:107A0000F3E74FF40070F0E74FF48060EDE74FF4D8
:107A10004060EAE74FF4C060E7E74FF4F060E4E766
:107A20004FF4B060E1E74FF4D060DEE74FF4106050
:107A3000DBE74FF4E060D8E74FF4A060D5E74FF400
:107A40002860D2E74FF48070CFE74FF42060CCE796
:107A50004FF44860C9E700202126BEE7D2F728BFCF
:107A6000D3F7D0B8D3F70CB970B50C46154610B99A
:107A7000D3F7B6F938B143682BB12A462146BDE8A1
:107A8000704000681847232070BDF7B50D461646B4
:107A90001C4648B103B901AC87685FB12346324642
:107AA00029460068B84706E0D3F79AF904B901AC53
:107AB0000028F1D1232003B0F0BD07B501228DF8D5
:107AC00007100DF10701FFF7CFFF03B05DF804FBCE
:107AD0000B4601461846FFF7F0BF00230122FFF7CF
:107AE000D4BF0EB403B503AA52F8041B0192D3F716
:107AF00083F902B05DF804EB03B070474FF06042C9
:107B0000D2F8803E1B02FBD470472DE9F84F0F4698
:107B100015461E46002402F104089DF828B002F123
:107B200009094FEA132A5FFA88F84C4502D300206E
:107B3000BDE8F88F052C12D8DFE804F01E09030B0E
:107B40000D0FD1210820CFF7BFFB0134EDE74146EF
:107B5000F8E7F1B2F6E75146F4E75946F2E7AB1D14
:107B6000A3420BD0EB1DA34208D005F10803A342AA
:107B700006D0BB1F195DE5E75B21E3E75A21E1E78A
:107B80005D21DFE7034670B190F8382090F83C00A3
:107B90002AB1022803D1012283F83C20704704282F
:107BA0004FF00102F8D00120704780F82C10704788
:107BB00090F82C00704790F8390070473022037A13
:107BC000534303F1A04303F58023D96ED0E9032387
:107BD0001344994214BF08461046704770B50446D6
:107BE0000568D3F7FDF8844202D10020D3F7ECF802
:107BF00095F93600D3F7C6F895F93600D3F7A2F811
:107C000095F93700D3F7BEF895F93700D3F79AF80E
:107C1000287ACFF725FD287ACFF788FCCFF764FCC8
:107C200000232846C4E90033C4E90433A360AB6AE7
:107C3000BDE870401847F8B504460D4690F8393055
:107C400081B173B990F83A60FEF727FF054601212C
:107C50003046D5F7F7FB2846FEF723FF012384F8CB
:107C60003930F8BD002BFCD090F83A70FEF715FFC4
:107C7000064629463846D5F7E5FB3046FEF711FFA4
:107C800084F83950EDE72DE9F843044616460D46D1
:107C900090F82C80FEF70CFF94F8382003469AB138
:107CA000FEF70CFF94F83B90FEF7F7FE0746012124
:107CB0004846D5F7C7FB3846FEF7F3FEFEF7F8FE59
:107CC0000022034684F838201846FEF7F7FE2E44BB
:107CD000B54204D101212046236A98473DE094F83B
:107CE0002D302BB3FEF7E4FE237E0746EBB1204692
:107CF000FFF764FFE1680138884238BF2069D4F893
:107D000030C03CBF00F1FF30401803469C450BD00B
:107D100013F80129112A01D0132A21D1A2F111034C
:107D20005A425A4184F8342020633846FEF7C6FE92
:107D300094F83430002BCBD0B8F1000F06D02B785C
:107D40000A2B03D10D212046E36998472046E369B9
:107D500015F8011B98470028BAD00020BDE8F88329
:107D6000994282BF236903F1FF335B18CEE7F8B570
:107D700090F83830044603F0FF06A3B93146036A91
:107D80009847012384F8383094F83B70FEF785FE5D
:107D9000054631463846D5F755FB2846FEF781FEA5
:107DA000022384F83C30F8BD026CD36C43F004032A
:107DB000D364704710B50446026C93695906FCD52C
:107DC000002394F849101A4694F84800D0F756FF5B
:107DD000002394F84B101A4694F84A00D0F74EFF4F
:107DE00094F85030DA0707D5002394F84D101A465E
:107DF00094F84C00D0F742FF94F850309B0707D519
:107E0000002394F84F101A4694F84E00D0F736FF2E
:107E1000206C0021C36C23F00103C364C36C23F006
:107E20000403C364FEF731FF606C0021CFF7FCFF51
:107E3000002010BD08B5006CFEF736FF002008BD1D
:107E4000036CDA6C19B142F00102DA64704722F077
:107E50000102DA64012203F500539A64704738B5D1
:107E60000468206C856C15F001050BD0012200F52B
:107E700000539A6483699B060FD52046BDE83840BD
:107E8000FFF775BF042384F83C30237E33B9C36CFD
:107E900023F00403C3640123237638BD637E1BB340
:107EA00094F82D3003B3132184F83550FEF7FCFE0F
:107EB000236CDA6C42F00402DA645B6ADBB2112BE9
:107EC0000DD1012384F834303022237A534303F157
:107ED000A04303F58023DB6E013B2363DDE7132B17
:107EE000DBD184F83450EFE7C36C23F00403C364A0
:107EF000D3E710B508201C4602F057FD002820608B
:107F00000CBF1B20002010BD002808BF42200A44DF
:107F1000914200D1704711F8013B434001F8013C08
:107F200000F00103C0F34700002BF1D080F0B8004F
:107F3000EEE708B5D3F7B6FB80B208BD08B5D3F7B6
:107F4000B1FB08BD08B5FFF7F9FFFA23B0FBF3F06A
:107F500080B208BD012070470420704740F20160E4
:107F600000F046B8704770477047032000F05BB8D8
:107F70000120704710B50C46D3F7ECFB08B1006840
:107F800008B9012010BD2146FFF7A7FD0028F9D050
:107F90001B28F6D1F6E710B50C46D3F7DBFB40B152
:107FA000006830B12146FFF788FD003818BF012076
:107FB00010BD0120FCE701464FF0FF3003F02EBC5E
:107FC00008B54FF0FF3003F02BFC80B208BD49BA72
:107FD00089B280EA0103C3F303125340180380B24D
:107FE00058405B0103F4FF535840704742DE70472E
:107FF00010B50446FEF758FD4FF000534FF20F0244
:108000001C805A80BFF35F8FBDE81040D2F788BE56
:1080100010B404460846114622465DF8044BD6F7D4
:108020002FBBD6F76DBBD6F7ABBB10B404460846E2
:10803000114622465DF8044BD6F7C0BBD6F74EBCBE
:10804000F8B5002706463D463046EAF709FA85426C
:1080500000D3F8BD3046EAF703FA441BE4B2202C03
:108060002946304628BF2024EAF7C6FB22460146AF
:108070003846FFF749FF2C440746E5B2E4E70146DE
:108080000120FFF788BF10B5014604460120FFF725
:1080900071FF18B11B2803D018232370002010BDD6
:1080A0002720FCE700207047104430B5054602B990
:1080B00030BD01F00F030A2B34BF30243724013ABE
:1080C0002344090905F8013DD2B2F0E770B5044632
:1080D0004518073549420D40A5F10806304600F025
:1080E00066F8A188331BC3F3CF036288194489B2B1
:1080F000D21A25F8041C25F8062CA28882B1A4EB1C
:10810000C202D180518819445180E2887AB1D31AD1
:108110009BB204EBC20425F8023CA380304670BD3C
:1081200015F8082C42F0020205F8082CEDE725F8B6
:10813000022CF3E707B500224FF0FF3101AB0192AB
:10814000D4F76EFE019803B05DF804FB13460A46AF
:108150004FF0FF31D4F764BED4F730BF70B50D4691
:108160001E46114693B1002333608DB180B1454363
:1081700032462846FFF7EAFF044628B9306818B1AE
:108180002A46214602F0C5FD204670BD2224FBE7A9
:108190002124F9E707B5002201AB0192FFF7DEFFCA
:1081A000019803B05DF804FB0846FFF7C3BF002346
:1081B000038043808380C380704710B5FEF76DFC59
:1081C0000446D5F7A5F82046BDE81040FEF769BC87
:1081D000D5F72CBD4FF4C870D5F7DAB97047002336
:1081E00007B5684600938DF80430D0F7F1FB03B073
:1081F0005DF804FB2DE9FF410D4616461F46044677
:10820000A8B14FF00008C0F81C80D5F72FFEBDF8CC
:108210002C30424602939DF828302946CDE9007360
:1082200020463346D5F77CFD04B0BDE8F08122201E
:10823000FAE7F0B51F46002387B00D461646044600
:108240008DF81730A8B1C3610DF11701D5F740FEC5
:108250009DF817207AB9BDF83430294602939DF86D
:1082600030302046CDE900733346D5F759FD07B0CD
:10827000F0BD2220FBE70320F9E738B5FEF718FC34
:108280000546D6F733F804462846FEF717FC204685
:1082900038BD00F03AB800F049B800210846D0F7E0
:1082A000B3BF00F00101830748BF41F00201002085
:1082B000D0F790BF10B504460020D0F79DFF012CE9
:1082C00004D0022C05D1C0F3400010BD00F0010025
:1082D000FBE70020F9E738B5FEF7EAFB044600208B
:1082E000D0F78AFF830700F0010548BF45F002057B
:1082F00000F003010020D0F779FF2846D5F7E4FE0F
:108300002046BDE83840FEF7D9BB002008B5D0F7BD
:1083100073FF10F0080008D000200821D0F766FF96
:10832000BDE808400020D0F78DBF08BD0421002023
:10833000D0F75CBF08B5DAF785FF02F049FB02F021
:1083400076FB02F047FBBDE8084002F05ABB08B5D7
:1083500002F058FB02F057FB02F056FBBDE8084064
:1083600002F05BBB70472DE9F34112F001050446B2
:10837000884622D110F0030525D12F465208BA4273
:1083800009D1D0F785FD0026B74204EB860008D15D
:10839000D0F78EFD11E054F8273001330CD10137AE
:1083A000EDE7042258F826300DEB0201019308F0A6
:1083B000C3FD30B1D0F77CFD3D25284602B0BDE8B5
:1083C000F0810136E0E70125F7E71FB52A380628D6
:1083D00069D8DFE800F0040B2C4D52575E0007F01F
:1083E0004DFB04F052FE012004B010BDE7F7F8FD8C
:1083F0000446E7F7F5FD8DF80000E7F7F1FD8DF88D
:10840000010004F038FEADF80200E7F7E9FD0DF1D8
:1084100005018DF804000820E7F7EAFDE7F7E0FD25
:1084200069468DF80D00204604F00FFAD9E7E7F70A
:10843000D7FD694607F013FB04F027FE9DF8000006
:10844000E7F7ECFD9DF80100E7F7E8FDBDF8020055
:1084500004F007FE9DF80400E7F7E0FD08200DF1A9
:108460000501E7F7EBFD9DF80D00E7F7D7FDBAE74B
:10847000E7F7B6FD04F0EBF9B3E7E7F7B1FDF4F782
:1084800081FEF2E7E7F7ACFDF5F7FAFE04F0E9FD4F
:10849000A9E7E7F7A5FD044604F0EDFD01462046F7
:1084A000F5F714FF9FE700209EE7833810B50A28F0
:1084B00043D8DFE800F0061114171A1D202A2F34C4
:1084C0003E00E7F78DFD003818BF0120E5F784FC7A
:1084D00004F0DBFD012010BDE5F7F8FCF8E7E5F757
:1084E0001FFDF5E7E5F72CFDF2E7E5F739FDEFE7CE
:1084F000E5F746FDECE7E7F773FD0446E7F786FD91
:108500000146204604F048F9E2E7E7F769FDE5F7A0
:108510008DFDDDE704F075F9E7F780FDDAE704F09B
:10852000AAFD0446E7F75CFD41B22046E5F790FD61
:10853000CEE704F069F9C0B2EEE70020CBE7B0F572
:10854000807F07B507D040F20113984209D0002080
:1085500003B05DF804FB00F00BFCE7F75FFD0120C2
:10856000F6E7E7F73DFD6946D8F7B0F904F08DFD71
:10857000684604F0E2FFF2E770B574288CB027D0AB
:1085800006D86F2827D0732817D000200CB070BDF4
:10859000A8283BD0A928F8D104F06DFD044602A913
:1085A0000820E7F725FD07A91020E7F721FD204661
:1085B00007AA02A907F0E4FD06E0102007A9E7F7E3
:1085C00017FD07A807F0DEFD04F05FFD0120DDE7E1
:1085D000F9F78EFFF8E702A804F029FEE7F700FD9F
:1085E0000446E7F7FDFC0546E7F710FD07AE211E40
:1085F00003462A4618BF0121009602A804F02AF972
:1086000004F043FD304604F007FEDFE704F033FDDD
:10861000044602A90820E7F7EBFC07A90820E7F7C2
:10862000E7FC204607AA02A907F071FDCCE700206D
:1086300070474FF6FF707047FF207047002070476B
:10864000022004F022BD08B50E2004F01EFD01201A
:1086500008BD7047D3F718BE704708B5D3F70CFDB7
:10866000BDE80840EAF7F6BE7047704708B5FFF767
:10867000FBFFFFF7FAFF08BD704708B5D3F7FCFC16
:10868000FFF7FAFF02F033FABDE80840D7F7D8BD8C
:10869000002070479DF804007047002070470020BC
:1086A0007047704738B50546FEF7F7F904460121D3
:1086B0002846D4F7C7FE2046BDE83840FEF7F1B99A
:1086C0000120704708B5E7F7E3FBB0FA80F04009F6
:1086D00008BD08B5D7F764FE00280CBF04200120B0
:1086E00008BD082808D84FF48B73C34013F0010F5E
:1086F00014BF0020212070472120704701207047BF
:10870000012070470020704708B5022004F0BDFC2E
:10871000BDE808400020E7F781BC022004F0B5BCAA
:1087200070472DE9F34104460D4616461F46DDF815
:108730002080CDF8008002F03BFA3B4632462946C5
:108740002046CDF80080FFF7EBFF02B0BDE8F081D6
:108750001FB5089C02949DF81C400194BDF8184078
:108760000094E6F7CBFA04B010BD08B5E5F7DEFEDD
:1087700008BD70472DE9F34116461F4604460D46D5
:10878000BDF82080CDF8008002F014FA334642464E
:10879000294620460097FFF7ECFF02B0BDE8F081C4
:1087A000704708B502F007FAFFF7FAFF08BD01208D
:1087B00070472DE9F04105460E4617469846FFF7EB
:1087C000F6FF0446434628463A46314602F0F5F99C
:1087D0002046BDE8F081012070472DE9F0410546B3
:1087E0000E4617469846FFF7F6FF044643462846CE
:1087F0003A46314602F0E2F92046BDE8F08102F047
:10880000DEB9F8B505460E46174608F030F80446BE
:108810003A462846314602F0D4F92046F8BD02F027
:10882000D1B9704710B5044602F0CEF92046FFF7E3
:10883000F8FF10BD704738B504460D4602F0C6F982
:1088400029462046FFF7F6FF38BD704770B504464D
:108850000D46164602F0BCF9324629462046FFF77F
:10886000F4FF70BD704738B504460D4602F0B2F90A
:1088700029462046FFF7F6FF38BD704738B5044655
:108880000D4602F0A9F929462046FFF7F6FF38BD4C
:1088900070472DE9F34104460D4616461F469DF8E4
:1088A0002080CDF8008002F099F93B4632462946F7
:1088B0002046CDF80080FFF7EBFF02B0BDE8F08165
:1088C000704738B50546E5F7CFFC04460146284613
:1088D00000F0D2F9204638BD38B504460D4602F006
:1088E00085F929462046FFF7EBFF38BD704738B5BC
:1088F0000546E5F727FD04460146284600F0BAF98B
:10890000204638BD38B504460D4602F070F92946B8
:108910002046FFF7EBFF38BD704710B5044602F064
:1089200067F92046FFF7F8FF10BD704738B50446D9
:108930000D4602F05FF929462046FFF7F6FF38BDE5
:10894000704770B504460D46164602F055F932469A
:1089500029462046FFF7F4FF70BD704738B504463E
:108960000D4602F04BF929462046FFF7F6FF38BDC9
:10897000704738B504460D4602F042F929462046B4
:10898000FFF7F6FF38BD704770B504460D46164632
:1089900002F038F9324629462046FFF7F4FF70BD51
:1089A000704710B5044602F02FF92046FFF7F8FF94
:1089B00010BD704710B5044602F028F92046FFF7B5
:1089C000F8FF10BD704710B5044602F021F92046AB
:1089D000FFF7F8FF10BD704770B504460D46164608
:1089E00002F018F9324629462046FFF7F4FF70BD21
:1089F000704710B5044602F00FF92046FFF7F8FF64
:108A000010BD704738B504460D4602F007F92946F7
:108A10002046FFF7F6FF38BD7047F8B504460D460F
:108A200016461F4602F0FCF83B46324629462046D1
:108A3000FFF7F2FFF8BD704770B504460D461646C5
:108A400002F0F0F8324629462046FFF7F4FF70BDE9
:108A50007047F8B506460C4617461D4602F0E4F886
:108A60003B46324629462046FFF7F2FFF8BD7047E5
:108A700010B5044602F0DAF82046FFF7F8FF10BD03
:108A8000704738B504460D4602F0D2F82946204614
:108A9000FFF7F6FF38BD704710B5044602F0CAF87C
:108AA0002046FFF7F8FF10BD70472DE9F34104465B
:108AB0000D4616461F46DDF82080CDF8008002F0F6
:108AC000BBF83B46324629462046CDF80080FFF7EA
:108AD000EBFF02B0BDE8F081704738B504460D46A3
:108AE00002F0ACF829462046FFF7F6FF38BD0E200D
:108AF00070470E20704738B50446FFF7FAFF054669
:108B0000204602F09DF82046FFF7F1FF284638BDC9
:108B1000704710B5044602F094F82046FFF7F8FFBE
:108B200010BD002070470020704738B50446FFF79D
:108B3000FAFF0546204602F085F82046FFF7F1FFD0
:108B4000284638BD70472DE9F04F91B0249C9DF820
:108B500088B00A94239C9DF87C90CDE908B4209CB1
:108B60009DF868509DF86C609DF870709DF8748059
:108B7000CDE905941E9C9DF884A0CDE90384CDE940
:108B800001670095CDE90E23CDE90C01CDF81CA0BD
:108B900002F059F8DDE90C01249BCDE901670A9345
:108BA000239BCDF81CA0CDE908B3209B0095CDE90F
:108BB00005931E9BCDE90383DDE90E23FFF7C2FF7A
:108BC00011B0BDE8F08F08B502F059F801F0FDFED4
:108BD00008BD00207047022070470020704730B564
:108BE00089B00446ADF806108DF81020EAF706F8B3
:108BF00005462046EAF712F803469DB1BDF8060087
:108C0000ABB905F0F0F9FF2808BF00200DF10F0304
:108C10008DF80F001A46204604990593D7F702FCF9
:108C200009B030BD0028F5D00DF10603F2E705F0DC
:108C3000DAF9FF2808BF0020BDF806308DF80F00D4
:108C4000ADF81A308DF8180006ABE3E7D3F7B0B9EA
:108C500008B5E8F713FC002840F6124018BF0020C2
:108C600008BD0120704770477047704770477047D4
:108C700070477047FFF746BEFFF72EBEFFF7DCBE1A
:108C8000FFF7CBBE10B49DF8044001945DF8044B8F
:108C9000FFF7FFBDFFF741BEFFF748BEEAF78ABB0B
:108CA0002DE9F0419DF818409DF81C509DF820607A
:108CB0009DF824709DF82CC09DF834E09DF8388014
:108CC000CDE90867CDE90DE8CDE90645CDF82CC022
:108CD000BDE8F041FFF737BFFFF763BEFFF731BED6
:108CE000FFF71FBDFFF745BEFFF738BEFFF74CBECD
:108CF00030B4BDF808409DF80C50CDE9024530BCB9
:108D0000FFF726BDFFF77BBDE5F7D0B9E5F7BAB9A8
:108D1000FFF791BDFFF79ABDFFF7FBBEFFF7A3BDBD
:108D2000FFF7ACBDFFF7C1BEFFF756BEFFF761BE50
:108D3000FFF768BEFFF747BFFFF774BDFFF73ABE06
:108D400004F077BCE8F746BBEAF7D2BBE9F7F0BF1F
:108D500010B4BDF8044001945DF8044BFFF70ABD60
:108D6000FFF78FBEFFF775BEFFF782BEFFF794BE19
:108D70002520704710B51446D2E90032D5F7C0FC63
:108D800008B100232360003818BF012010BD002067
:108D9000704770470020704770470E2070470120D1
:108DA0007047704701207047012070470E207047C0
:108DB00037B5427B0446D0070D4605D56078F1F7FC
:108DC000EFFCC8B103B030BD930731D5C2F38003C7
:108DD00010074FEA8313ADF806300DF1060248BFC5
:108DE00043F4806304F1040048BFADF8063006F098
:108DF0005CF908B92D20E5E708222946201D01F07D
:108E00006EFF2B7C00202373AB89590642BF627B27
:108E100042F0040262735A0542BF627B42F00802CC
:108E200062731B0742BF637B43F002036373C9E7AE
:108E30000120C7E77FB5102201AB02A9019200F023
:108E4000AEFC50B902A806F0CFFD80F00100C0B220
:108E500000F0010007B05DF804FB0020F8E730B532
:108E6000427B044612F001058BB015D00021282268
:108E7000684601F04EFF69466078D8F74FFD48B963
:108E8000DDF81D306360DDF82130A360637B43F0C3
:108E9000020363730BB030BD930701D42D20F9E7B3
:108EA000D200012102F080020430D8F783FDFF28B0
:108EB0006070F3D0637B284643F001036373E9E7F6
:108EC000704708B500F07DFC003818BF012008BDD0
:108ED00007B50378072B0FD1407800F5403000F537
:108EE0000070102201AB019200F059FC003818BF4D
:108EF000012003B05DF804FB082B05D1407800F594
:108F0000403000F54070ECE72620F2E730B50378FA
:108F10000446072B0D4687B019D1437803F540303E
:108F200000F50070059000F04CFC1023CDE90153D2
:108F3000012300934FF4105140F20133226905A838
:108F400000F002FC003818BF012007B030BD082B2C
:108F500005D1437803F5403000F54070E2E7262064
:108F6000F3E773B505460E46FFF779FF0446E0B90F
:108F70006B7B9B070ED46878102200F54030314699
:108F800001AB00F5807000F00AFC50B101242046CE
:108F900002B070BD02460821281D04F0DBFF002846
:108FA000E9D0304606F0D7FAF1E72D24EFE738B5DF
:108FB000427B0446930707D5D200012102F08002CC
:108FC0000430D8F7F7FC60706178FF2902D12D25B5
:108FD000284638BD00220120D8F760FD054600284C
:108FE000F5D1607800F5403000F5807000F0E9FBC5
:108FF000EEE7102310B590B0CDE9011300230093E4
:109000004FF410510269044640F2013305A800F004
:109010009BFB014648BB25220DF11B0001F079FEA8
:109020006368627BCDF83530A36812F0040FCDF889
:109030003930059B06A807934FF001038DF81A30CD
:109040000CBF8023C023110748BF43F48063ADF8F1
:109050001830930742BFBDF8183043F00803ADF84D
:109060001830F1F733FB10B010BD0120FBE710B54D
:109070008AB00C4601A9FFF79BFE40B96B4610224F
:109080002146069800F08BFB003818BF01200AB07B
:1090900010BD10B58AB024220446002101A801F0B9
:1090A00038FE0023ADF80230637B590744BF4022ED
:1090B000ADF802201A0742BFBDF8022042F48062D8
:1090C000ADF80220DB071CD5607801A9F1F768FB39
:1090D00010B12D200AB010BD01AB03CB637B6060E3
:1090E00043F00203A160637304A9201D05F0DFFFB4
:1090F0000028EED0069800F064FB003818BF01206D
:10910000E8E70DF1020201A9201D05F0CEFF0028BD
:10911000EAD1DEE710F1870F06D030B110F1950FDC
:109120000CBF2C200120704721207047D8B1D1B14D
:109130004388C3B90378013B082B14D8DFE803F058
:109140000507090B0D0D0F0F1100D7F7ABBFD8F7AF
:109150003DB8FFF74EBFD8F7EDB8D8F7AFB8FFF777
:10916000D5BED8F7A3B92120704738B50D4639B31D
:1091700030B30378013B082B20D8DFE803F0050D5E
:109180001013161619191C00D7F7E6FF04462846D7
:1091900006F0E1F9204638BDD8F750F8F6E7FFF7BA
:1091A00066FFF3E7FFF7DDFEF0E7D8F773F8EDE7CA
:1091B000FFF78EFEEAE7D8F795F9E7E72124E6E71F
:1091C0002124E7E770B586B0064601A80C4615468F
:1091D000D7F702FF04238DF804301CB120686168C2
:1091E00002AB03C3294601A88DF80560FFF79EFF77
:1091F00006B070BD70B586B0044601A80D4616468F
:10920000D7F7EAFE0323206861688DF8043002ABCB
:109210008DF8116003C3294601A8FFF787FF06B048
:1092200070BD0022FFF7E6BF30B585B00D46694638
:109230000446FFF79AFF20B92A4621466846D8F728
:10924000A7F905B030BD10B5044686B0112306223B
:10925000012001A9E9F73AFCA3789DF814209A426D
:1092600007D08DF8143006221123002001A9E9F758
:109270002DFC11230222012001A9E9F727FCE37844
:109280009DF814209A4207D08DF814300222112341
:10929000002001A9E9F71AFC06B010BD30B5437BE8
:1092A000044613F001020D468BB007D0407801A9A7
:1092B000F1F776FA70B12D200BB030BD9B07FAD5CF
:1092C000ADF8022001A90DF10202043005F0EDFE17
:1092D0000028F0D000210E22A81C01F01AFDBDF8D4
:1092E00010302B80039BAB60BDF81230AB819DF832
:1092F0001430237301AB03CB6060A1600020DBE777
:1093000070B5437B0446DB070E468AB003D42D2597
:1093100028460AB070BD69464078D8F7FFFA05467E
:109320000028F4D1DDF81D300E226360DDF8213015
:109330000146A360637BB01C43F00203637301F03A
:10934000E8FCBDF80030069A43F004033380059B27
:10935000B2607360DCE70B4610B5044610220021B2
:10936000184601F0D6FC2278032A09D0042A0DD031
:10937000022A11D101462046BDE81040D8F772BA42
:1093800001462046BDE81040FFF788BF0146204651
:10939000BDE81040FFF7B4BF262010BDF8B5074662
:1093A00008460C4616461D46D7F716FE04232370C2
:1093B000637B314643F00103204667706373FFF718
:1093C000D4FE08B12D20F8BD29462046FFF7C3FF83
:1093D0000028F8D0F6E7F8B5054608460C461F46C3
:1093E0001646D7F7F9FD0423237025B10822294634
:1093F000E01801F074FC637B43F0020363734EB921
:10940000324601212846D8F7D5FAFF28607007D1E7
:109410002D20F8BD31462046FFF7A7FE0028F7D1E2
:10942000637B43F0010363730DB90020F1E7002F64
:10943000FBD039462046FFF78EFFF6E7F8B50C461D
:109440000746084616461D46D7F7C6FD03232046A5
:10945000394600F8043B082201F041FC637B3146A9
:1094600043F0020320466373FFF77FFE08B12D200F
:10947000F8BD29462046FFF76EFF0028F8D0F6E732
:10948000F8B5074608460C4616461D46D7F7A4FD14
:1094900003232370637B314643F00103204667704A
:1094A0006373FFF762FE08B12D20F8BD2946204600
:1094B000FFF751FF0028F8D0F6E70120704718B1F8
:1094C00080220121D8F776BAFF20704730B589B0E5
:1094D0000D46FFF7F4FFFF28044612D01923024679
:1094E000194601A8FEF794FD2868696801AB03C31B
:1094F00019232146184601AAFEF793FD002009B062
:1095000030BD2D20FBE7002307B51A46194600930E
:10951000F2F7A4FEB0FA80F0400903B05DF804FB56
:10952000704770470020704770470F2070477047A2
:109530009DF8000070470F2070470F2070470020F3
:1095400070470F207047002070470020704784B09C
:109550008DE80F00002004B070470020704770476E
:109560007047002070477047002070477047002008
:1095700070470120704770470020704700B58FB0DA
:1095800061B105AB01AA09A9FFF725FF20B99DF834
:1095900025000FB05DF804FBFF20FAE70220F8E792
:1095A00010B586B0044601A8D7F716FD04238DF840
:1095B0000430012301A88DF805408DF81130D7F74C
:1095C00035FF002818BF212006B010BD002310B5BC
:1095D00086B00C461A4601A9FFF7FDFE9DF805006E
:1095E000FF2807D0002C0DBF0422002204210021F7
:1095F000D8F7BEFA06B010BD30B587B0044601A852
:109600001546D7F7E9FC4FF6047320686168ADF89A
:10961000043002AB03C3294601A8FFF787FD0546C6
:1096200030B105212046FFF783FB002007B030BD95
:109630009DF80500FF28F8D002222946D8F798FAAD
:1096400001212046FFF774FB28462946F2F7F4FE75
:109650000120EBE7008870470170090A41707047EC
:1096600010B50024E3B210B9C3F10303DBB2013437
:10967000042CCA544FEA1222F4D110BD10B50B7855
:109680004C788A78C97828B910462246044608469C
:109690001946034642EA012043EA042343EA004014
:1096A00010BD2DE9F84FDDF8289016469A46804601
:1096B0000C469DF82CB00C9FCFF754FC431F5D4225
:1096C0005D41B6F5885F2AD1BBF1000F04D1C4F823
:1096D00004B00023A36009E0BBF1010F08BFD8F874
:1096E00000304BEA052508BFA360656019F4805F70
:1096F00018BF49F4806919F4005FE36918BF49F4A1
:109700000069C4E9039AC3B926804FF6F8724FF690
:10971000FF73974288BF1F466780BDE8F88FBBF193
:10972000010F08BFD8F800304BEA05256560EDB29F
:1097300008BFA360002DD9D1CBE7002331461A46DC
:10974000204600F070FDE0E72DE9F04304468FB0BD
:109750000D46DDE9178916460021242205A81F467B
:1097600001F0D7FAC4B1B8F1000F15D04FEAC90320
:1097700002939DF858302A462046CDE9007305A98A
:109780003346FFF78EFF23464A46414605A800F0C0
:10979000BFFA0FB0BDE8F0836FF08600F9E710B4B0
:1097A00021B11BB15DF8044B00F06EBA6FF086007A
:1097B0005DF8044B704709B100F01BBA6FF08600EA
:1097C000704700F002BA10B51C46002386B005931E
:1097D0004AB144B105AB02931023CDE90043D8F759
:1097E0005BFF06B010BD6FF08600FAE710B51C46AF
:1097F000002386B005934AB144B105AB0293102310
:10980000CDE90043D8F774FE06B010BD6FF08600B6
:10981000FAE72DE9F04F9B468BB09DF85040179B1F
:109820000746884618465946924622469DF8589063
:109830009DF8545001F053FA03464FEA094101F4F0
:109840007C1141F0A8612E1B09AA41F480710BEB39
:10985000040006EB090C23440692BAF1000F16D05F
:10986000CDE9043CCDE902060D2342463846CDE958
:1098700000B400F08EFB10F1950F04D16FF094004E
:109880000BB0BDE8F08FB8B16FF08600F8E7CDE916
:109890000436CDE9020C0D2342463846CDE900B42A
:1098A00000F007FC10F1950FE8D00028ECD1099BDF
:1098B000B342E9D10020E3E7099B4D442D1B9D42B3
:1098C000F7E710B5044608B1D8F700FA2046BDE81E
:1098D0001040FEF741BC00F4E040B0F5805F04D0DA
:1098E000A0F500535842584170470120704738B5E1
:1098F000037904460D463BB9A368022120462B603C
:1099000000F08BFD38B938BDD0E9091200F01BFE1C
:109910000028F1D0F7E700232B60F4E700232DE9BE
:10992000F341D0E9016804460F4630461146136002
:1099300000F0DAFD054688B9304600F0D7FD05464F
:1099400060B9F6B276B9B8F1000F05D1E36823F437
:109950007F4323F0030363B16FF08605284602B00E
:10996000BDE8F0810146A06800F046FD0028EDD179
:10997000F2E74FF6F87362889A421ED8238B012BC8
:10998000EAD8394601A8D8F7CBFF05460028E5D12B
:109990000FCC3F683E460FC694E807003B7986E847
:1099A00007000BB9019BBB603B8B012123F0010336
:1099B00038463B8300F031FDD0E76FF08505CDE7F9
:1099C00041F2052398421AD8B0F5905F09D241F2CE
:1099D000010398420CD0B0F5885F09D06FF0850084
:1099E00070472923A0F5905080B2C340DB07F5D51E
:1099F00011F0070F0CBF00206FF086007047B0F524
:109A0000105FEBD121F04003802B06D0B1F5807FB1
:109A10000CBF00206FF0860070470020704770B5C3
:109A2000446A05460E463CB90120FEF7B3FB686266
:109A300028B12046AE6270BD6FF08A00FBE76FF080
:109A40008C00F8E7F8B50F46114606461546FFF7B5
:109A5000E6FF044620B92A463946706A01F022F929
:109A60002046F8BD2DE9F041089D88461F46048830
:109A700002B32046FFF72FFFE0B12B680BB9D300EC
:109A80002B6020462968FFF79BFF044678B9CE1D5E
:109A9000B2EBD60F11D1069B9A4211D841463846F7
:109AA00001F000F92B68079A0733DB0813602046A2
:109AB000BDE8F0816FF08504F9E76FF08604F6E702
:109AC0006FF08904F3E72DE9F04F456885B02D0A62
:109AD0000446DDE90E67894692469B46DDF84080E4
:109AE00006D0012D18D06FF0860005B0BDE8F08FCC
:109AF000CDE901780096FDF734FF10F1860FF4D11F
:109B00005B46524649462046CDE90F780E9605B091
:109B1000BDE8F04FFFF7A6BFCDE90F780E9605B070
:109B2000BDE8F04FFDF71CBE10B50446406A10B109
:109B3000A16AFFF7C6FE0020C4E9090010BD38B5D0
:109B40000546FFF7F1FF95F820300446043B012B52
:109B50000CD8EB69002B0CBF04466FF096042C2246
:109B60000021284601F0D5F8204638BD6FF0960454
:109B7000F5E710B5044638B1042100F04EFC20464C
:109B8000BDE81040FFF7DBBF10BD38B590F82030BE
:109B90000546052B16D10479FF2C07D1FFF7CFFF1F
:109BA000041E08BF6FF08404204638BD1CB18068D5
:109BB00000F0AEFC04462846FFF7C1FF002818BF9E
:109BC0000446F1E76FF08804EEE707B558B10122CB
:109BD00001A9D8F7E1FE30B9019800F056FC28B190
:109BE0000198FFF7D2FF03B05DF804FB6FF0990016
:109BF000F9E7F7B5044608460E4600F008FB0023D7
:109C000020461A4601A9D8F703FC78B9019F3446CB
:109C10003D460FCD0FC495E8070084E80700338B5D
:109C2000384603F00103338300F034FC03B0F0BD89
:109C300070B5144602881D461046049EFFF74BFE81
:109C400068B944F2010322F44050984207D002F46C
:109C50004F42B2F5824F02D0B2F5844F0ED1B442DA
:109C60000FD82246284601F01DF80021321B281982
:109C700001F04FF80020059B1C6070BD6FF085005F
:109C8000FBE76FF08900F8E72DE9F04188461F46B1
:109C900016468CB0002A38D0002301223B6002A96E
:109CA000D8F7B6FB0446B8B9DDF808C003AC654682
:109CB000CDE90A000FCD0FC495E80700049B84E8A6
:109CC0000700DCE909121B0A0AD0012B16D06046F6
:109CD00000F0E0FB6FF0860420460CB0BDE8F08198
:109CE0004346CDE9006703A8FFF7A2FF04460298A8
:109CF00000F0D0FB002C08BF0446EDE74346CDE959
:109D0000006703A8FDF7AEFDF0E76FF08904E3E715
:109D10002DE9F0411F46002388B0054688461646C7
:109D2000CDE9043307923B60002A61D0B2F1005FB5
:109D300061D205AA04A9FFF7F1FD0446A0B9049B6E
:109D40005A6AAAB1049B41465A882846069206AA36
:109D5000029203F1280201929A6A00925B6A3246EB
:109D6000FFF7B1FE0446E8B10498FFF702FF35E0C3
:109D70006B681B0A07D107990498FFF750FE044649
:109D80000028DFD0F0E7012B03D007926FF08604A4
:109D9000EAE7284607A9079600F065FA0446002876
:109DA000E9D0E1E70498069B4288DAB943804FF690
:109DB000F872934219D82B8813B102889A42E5D1E0
:109DC0002B6A002BE2D16B8813B142889A42DDD115
:109DD0003946FFF78CFD04460028C5D1204608B05F
:109DE000BDE8F0819A42D1D1E1E76FF08504BBE78D
:109DF0006FF08604F2E76FF08504EFE72DE9F04F8E
:109E00000E464FF0000C8646154693B009AC0F463F
:109E10000FCE0FC40FCE0FC4336862462360704666
:109E20006346C5F800C005A9CDE905CCCDE907CC4E
:109E3000D8F7EEFA044658B9059B9868FDF7C9FAB9
:109E4000059C064670B9E3689B070BD46FF0840449
:109E50000698FFF78EFE059800F01CFB204613B015
:109E6000BDE8F08F3B882BB122889A4202D06FF078
:109E70008604EDE73B6A002BF9D17A8863880AB142
:109E80009A42F4D1ADF82630DDF834A02388D4F816
:109E9000109051464A461846ADF824300393D7F740
:109EA00041FF0746DDF838B0D4F81480039B4246E2
:109EB00059461846D7F736FF2FB9BAF1000F02D02E
:109EC000B9F1000FD3D128B9BBF1000F02D0B8F11E
:109ED000000FCCD1E2680C9B0E90134006A907AA94
:109EE00009A8CDE90C37FFF719FD04460028AFD1CA
:109EF000002E3FD1069B5A68059B5B681B0AB3EB9B
:109F0000122F02D06FF08504A2E70A9B1B0A39D0FA
:109F100008A909A800F0A7F90446002898D10899D3
:109F20000698FFF77CFD0446002891D1DDE9053055
:109F30005A68120AE6D1D3E909120A9C436A240A34
:109F4000012C50F8286F92D1CDE9006009A8FDF7E7
:109F50007DFC044600287FF47BAF29460698FFF776
:109F6000C6FC044600287FF473AF059800F092FA0F
:109F7000044673E70A9B1B0ACAD1059B5B681B0A50
:109F80007FF464AF059B0698D3E90912FFF75AFDE9
:109F9000DFE72DE9F04F1E46002397B0DDF898A0CB
:109FA0008346DDE924970846CAF800300D469046FE
:109FB000D8F7DCF90446002862D12B464FF48072B2
:109FC00058460CA9D8F724FA0446002858D1DDF8E1
:109FD00030B00DACDC46CDE91400BCE80F000FC476
:109FE0009CE8070084E8070031462846D8F7ACF91A
:109FF0000446002841D1DBE9091B0E9B1B0A0BD04C
:10A00000012B41D06FF08604002F36D03A46002154
:10A01000484600F07EFE30E0239B5A460593229B83
:10A02000CDE9077A0493219BCDF818900393209BE8
:10A03000CDF80080CDE901630DA82B460B91FDF70B
:10A040009BFC10F1860F04460B9914D1239B5A46B2
:10A050000593229BCDE9077A0493219BCDF81890B4
:10A060000393209BCDF80080CDE901630DA82B461A
:10A0700000F0AFF80446002CC6D10C9800F00AFAA4
:10A08000204617B0BDE8F08F239B5A460593229BCC
:10A09000CDE9077A0493219BCDF818900393209B78
:10A0A000CDF80080CDE901630DA82B46FDF75CFCDF
:10A0B000E0E72DE9F04F1E46002397B0DDF898A0A9
:10A0C0008346DDE924970846CAF800300D469046DD
:10A0D000D8F74CF90446002862D12B464FF40072A1
:10A0E00058460CA9D8F794F90446002858D1DDF851
:10A0F00030B00DACDC46CDE91400BCE80F000FC455
:10A100009CE8070084E8070031462846D8F71CF988
:10A110000446002841D1DBE9091B0E9B1B0A0BD02A
:10A12000012B41D06FF08604002F36D03A46002133
:10A13000484600F0EEFD30E0239B5A460593229BF3
:10A14000CDE9077A0493219BCDF818900393209BC7
:10A15000CDF80080CDE901630DA82B460B91FDF7EA
:10A160000DFC10F1860F04460B9914D1239B5A461F
:10A170000593229BCDE9077A0493219BCDF8189093
:10A180000393209BCDF80080CDE901630DA82B46F9
:10A1900000F02DF80446002CC6D10C9800F07AF996
:10A1A000204617B0BDE8F08F239B5A460593229BAB
:10A1B000CDE9077A0493219BCDF818900393209B57
:10A1C000CDF80080CDE901630DA82B46FDF7CEFB4D
:10A1D000E0E707B5014618464A880DF107030988EC
:10A1E00000F013F86FF0850003B05DF804FB07B5CD
:10A1F000014618464A880DF10703098800F005F862
:10A200006FF0850003B05DF804FB0020704710B5C7
:10A210000446C069FDF7A0FF2046BDE81040242297
:10A22000002100F076BD2DE9F04105460F4690462D
:10A230001C469BB119460120FDF7ACFF064678B1DC
:10A240002246414600F02EFDE86908B1FDF784FF83
:10A250000020C5E907642F80BDE8F0811E46F3E7C2
:10A260006FF08C00F8E7426870B5120A05884388E1
:10A2700006D0012A56D000236FF086000B6022E042
:10A2800005F4E042B2F5805F02D0B2F5005F05D17F
:10A290000733DB0840D16FF0850014E005F44F422E
:10A2A000B2F5844F03D10733DB080AD1F3E747F255
:10A2B0000102954208D15B080133DB0803EBC303BD
:10A2C0003B3300200B6070BD44F20102954202D185
:10A2D000DB081033F5E747F20202954204D1DB08B0
:10A2E00003EB43035A33ECE744F20202954204D1F4
:10A2F000DB0803EB43034A33E3E725F0FF05B5F53D
:10A30000E24FD0D0B5F5824FC5D10733DB085B00F3
:10A310000133012BD5D1BEE725F0FF05B5F5824FFE
:10A32000CFD1F6E705F4E046DC1DB6F5805F25F0F9
:10A33000FF024FEAD40002D0B6F5005F06D1002834
:10A340004AD0B2F5824F07D1034640E005F44F46AC
:10A35000B6F5844F02D190B3C31C32E047F2010638
:10A36000B5420DD15B080133DB0803EBC3033B337C
:10A370000333800723F0030335D1072C23D132E0C8
:10A3800044F20106B54202D1DB081033F0E747F290
:10A390000206B54204D1DB0803EB43035A33E7E777
:10A3A00044F20206B54204D1DB0803EB43034A330F
:10A3B000DEE7B2F5E24FCED0B2F5824F05D00B68A2
:10A3C000033323F003032C337BE743000133012BDA
:10A3D00000D10B68013BCBE7B2F5824F0B6806D08A
:10A3E000033323F00303B2F5824FECD102E00233D2
:10A3F00023F003030433E6E703466FF040420846C8
:10A40000591E914207D338B103F1404393428CBFA8
:10A410000020012070470120704790F82030052B64
:10A4200011D8DFE803F0030B16141F214B1E012B7C
:10A4300009D9042907D06FF087007047022902D09C
:10A440000B1F012B0BD880F8201000207047022929
:10A4500002D0CB1E022BF5E7C369002BF3D06FF0BF
:10A46000880070470529EED00029ECD0F7E710B539
:10A4700003210446FFF7D1FF30B9E3695A1C0EBF30
:10A480006FF096000133E36110BDC069B0FA80F04F
:10A490004009704708B90020704790F82020032A2F
:10A4A00008D1C269EAB1013AC261002AF3D102219E
:10A4B000FFF7B3BF052A09D0042A0FD1C26982B1C0
:10A4C000013AC261002AE6D1FFF739BBC26942B145
:10A4D000013AC261002ADED1FFF757BB6FF0880056
:10A4E00070476FF09600704700207047C0B2FF2899
:10A4F0000CBF6FF086000020704707B500216A4648
:10A50000FCF76FFF8C3018BF012003B05DF804FB2F
:10A5100013B500216A460446FCF763FF8C3002D174
:10A52000002002B010BD00212046CFF713FD0146E8
:10A5300010B16FF09800F4E76A462046FCF751FF2F
:10A540008C30EDD0F5E72DE9FF41074614468846EB
:10A5500000293FD0002A3DD0B2F5005F3DD202F184
:10A56000240631460120FDF715FE0546C0B303461B
:10A570003A4621464046D8F789FABF680024384653
:10A58000FFF7BBFF01281FD021462B463246384635
:10A590000094CFF71DFC0146C8B9384602AAFCF763
:10A5A00020FF044620B9029B9E4205D06FF098041C
:10A5B00038460021CFF7CEFC31462846FFF781F917
:10A5C000204604B0BDE8F0816FF08A04F4E76FF034
:10A5D0009804F1E76FF08604F2E76FF08D04EFE77F
:10A5E0006FF08C04ECE7FFF76CB92DE9F047D0F879
:10A5F00008A086B08146884617465046002104AA26
:10A60000FCF7EFFE044610BB049E01203146FDF727
:10A61000C1FD0546002837D02146504604AA0394C0
:10A62000FCF7DFFE044670B903AB02462146CDE9D4
:10A63000005350463346CFF737FC039B04469E42F7
:10A6400009D06FF0980431462846FFF73AF92046C2
:10A6500006B0BDE8F0870028F5D13B4642463146BA
:10A660002846CDF80090D8F72FFA04460028EAD102
:10A67000D8F800302BB13B68002B08BF6FF0910475
:10A68000E1E76FF09104DEE76FF08C04DFE77047DD
:10A690002DE9F84F9846DDE90B490D9B15469A07C1
:10A6A00006460F4623D02A460A9B03EB040A1444AD
:10A6B000A24220D10D9B9B0705D5A2EB050AD145EF
:10A6C00005EB0A0420D82046BDE8F88F43463946FA
:10A6D0002020B0470AF1010ACA450AEB0B02F5D364
:10A6E000A9EB04024C4588BF00222A44DCE7A246BD
:10A6F000A5EB040BF0E702F1010B434639461AF8CB
:10A70000010DB0475A46D3E743462246394620203A
:10A71000B0470AF1010AD2E72DE9F0479E46DDE98C
:10A720000D3CDDE90874DDE90B651CF0020F9DF8B6
:10A7300028801FD10CF001094BB1B9F1000F06D0F0
:10A74000B8F1000F02D11CF00C0F00D0013B4FF00C
:10A75000300A02E007F804A00134A54201D9202CF8
:10A76000F8D1B9F1000F05D04FF03009A34201D95B
:10A77000202C1BD11CF0100F15D01CF4806F32D18F
:10A78000C4B1AC4201D09C422DD1651E12D0102E16
:10A790003FD11CF0200FA4F1020456D178263E557B
:10A7A00030266C1C7E55202C29D00DE007F8049033
:10A7B0000134DBE7102E10D11CF0200F2FD17824AC
:10A7C0003C7030247C700224B8F1000F31D02D256C
:10A7D0003D55013414E06224F2E7022EFBD0302410
:10A7E0003C700124F0E7102E1BD11CF0200F2AD161
:10A7F000202C04D07826651C3E55202DD0D1202455
:10A80000CDE90A3CCDE908747346BDE8F047FFF78F
:10A810003FBF022EC4D162247C550135EDE7582498
:10A82000CEE7022E03D1202CE9D02546F3E72546BA
:10A83000E3E71CF0040F01D02B25C9E71CF0080F3B
:10A84000DED02025C4E7202CD9D05826651CD3E7BC
:10A850002DE9F04391B0189D1A9F1D9E2DB926F049
:10A86000100416F4806F264622D116F0200F14BF74
:10A870004FF0410E4FF0610EAC4600250DF120085F
:10A88000AEF10A0EBCFBF7F907FB19C95FFA89F4B0
:10A89000B9F1090F94BF30347444E4B2BC4508F8F0
:10A8A000014B05F10105BCFBF7F401D3202D10D1BC
:10A8B0001C9C069605941B9CCDE903749DF864408E
:10A8C000CDE9015408AC0094FFF726FF11B0BDE8B4
:10A8D000F083A446D6E72DE9F04F95B0CDE90A23E1
:10A8E000DDE91E76DDE9229B57EA0603CDE9080182
:10A8F000269C05D124F0100314F4806F1C4637D138
:10A9000014F0200F14BF4123612300250DF1300AFC
:10A91000A3F10A0831464A465B463846D9F70AFA97
:10A92000D2B2092A94BF303242444F45D2B276EBBC
:10A930000B0605F101050AF8012B01D3202D14D1D6
:10A94000259B06940593249BDDE90801CDE903933B
:10A950009DF88030CDE901530CAB0093DDE90A236B
:10A96000FFF7DAFE15B0BDE8F08F07460E46D1E7D7
:10A970000025E5E708B100F014B8704710B1D1E93F
:10A9800000311847704738B5441E14F8015F25B9E7
:10A990000A2000F006F8284638BD284600F001F8E5
:10A9A000F3E701460020FDF788B810B50B46EFF33A
:10A9B00011844FF0200181F311881946D8F7C4FBA8
:10A9C00084F3118810BDD8F789BBFEF7BBB9704777
:10A9D000CCF714BC08B5CEF72DFDFCF7FDF9CEF78A
:10A9E00035FDFCF7FBF9E1F78BFDD5F71BFCD5F73F
:10A9F0002DFCD5F783FC02F09CFABDE80840D6F7A1
:10AA0000A9BA70477047704708B5FDF726FEFDF7F5
:10AA100034FEBDE80840E4F711BB704708B5D0F735
:10AA2000FFF9D8F7BFFCBDE80840D0F797BC08B5E0
:10AA3000D3F7E2F9D0F73EF8FCF7C9FCD7F704FFEB
:10AA4000BDE80840FFF7EABFD8F7BABC012070475D
:10AA50000120704738B5FDF77DFA0446FDF722FB6B
:10AA6000051E18BF2546D5F79BFC041E18BF2C46B3
:10AA7000FFF7ECFF002818BF204638BD38B5D2F7E5
:10AA8000BDFE0446D8F7A2FC04281ED002284FF0D1
:10AA9000000508BF0124FDF75FFA042817D002283B
:10AAA00008BF0124FDF715FE042812D0022808BFB4
:10AAB0000124FFF7CDFF04280DD0022808BF012490
:10AAC000002D18BF0024204638BD0125E3E70125ED
:10AAD000E8E70125EDE70024F5E7FF20704708B51A
:10AAE000FFF7FBFF002008BD7047704770477047B5
:10AAF00010B5044601F064FE2046E4F7DDFB204675
:10AB0000E3F7E6FD2046BDE8104001F0BABE01F0D3
:10AB1000F0BF10B5044601F062FE2046E4F7D4FC15
:10AB20002046E3F73BFE2046BDE8104001F0D9BEC9
:10AB300010B50446E4F7F4FA2046E3F77BFF20461D
:10AB4000E3F766FC2046E3F729FC2046BDE8104009
:10AB5000FAF786BAFFF7ECBF10B50446E4F70EFB30
:10AB6000204605F059FE2046E3F794FF2046E3F720
:10AB70008BFC2046E3F72AFC2046BDE81040FAF79C
:10AB800089BA10B50446E4F73DFB204605F054FEB3
:10AB90002046E3F7CDFF2046E3F79CFC2046E3F791
:10ABA00015FC2046BDE81040FAF774BAE3F7B2BAD4
:10ABB000E4F746B87047E5F705BA7047704705F007
:10ABC00054BE704705F055BEE5F7C0B902F015BA9E
:10ABD00001F0DEBF02F005B802F021BA10B49DF812
:10ABE000044001945DF8044B02F010B870477047C0
:10ABF000E4F7C0B9E4F7E8B9E4F7DAB802F041B82D
:10AC000002F057B805F036BE02F029B8E5F7B8B93A
:10AC100002F019BA02F080B801F08ABE01F096BEC7
:10AC200002F093B802F0B3B805F0BABE05F0F3BE77
:10AC300005F003BF05F033BF02F04FB801F072BB5F
:10AC40007047704770472DE9F0419DF818409DF816
:10AC50001C509DF820609DF824709DF82CC09DF834
:10AC600034E09DF83880CDE90867CDE90DE8CDE9FD
:10AC70000645CDF82CC0BDE8F04101F0D3BA7047CD
:10AC800008B5FDF757FBFDF762FBD2F791FCFAE739
:10AC900010F8012B11F8013B012A28BF9A42F7D086
:10ACA000D01A70470A44431E914200D1704710B534
:10ACB00011F8014B914203F8014FF9D110BD013950
:10ACC000024410B5904201D1002005E0037811F84C
:10ACD000014FA34201D0181B10BD0130F2E788429A
:10ACE00010B501EB020402D98442234607D8431E63
:10ACF000A14208D011F8012B03F8012FF8E7024414
:10AD000001468A4200D110BD13F8014D02F8014DF1
:10AD1000F7E702440346934200D1704703F8011B52
:10AD2000F9E74369406CDA1C1438B2FBF0F203EB2C
:10AD3000C203CA1D0333B2FBF0F2B3FBF0F30132DE
:10AD4000023301EBC20100FB0310704738B54469C0
:10AD500005462146FFF7E5FF6A6CE31D143AB3FB95
:10AD6000F2F3013304EBC304204438BD73B5064647
:10AD70000D460024F36B012201A928195B6998474D
:10AD8000019B013309D10434736C62195B426A4040
:10AD90001A42EFD0204602B070BD0024FAE770B529
:10ADA00005460C46CCF74AFDEB6B2046DB68BDE858
:10ADB0007040184770B5002586B004460562E36907
:10ADC000AB4202D8206A06B070BD666C05222068CE
:10ADD00001A9E36B06FB05005B69984701A800F039
:10ADE00010FC00F033FC10B1236A013323620135FB
:10ADF000E5E738B50446456C006804F1400305FBFF
:10AE00000101E06B00F02FFC05462046FFF7D2FF62
:10AE1000284638BDF0B5054687B00026EC69013CF0
:10AE2000B44203D80C46204607B0F0BD01B14C1E19
:10AE30006F6C0522286801A9EB6B07FB04005B69B6
:10AE4000984701A800F0DDFB00F000FC0028EAD1E3
:10AE500001362146E2E7F0B5044687B0466C0D4660
:10AE600000680522E36B01A906FB05005B699847B2
:10AE700001A800F0C6FB00F0E9FB20B101A800F03A
:10AE800097FB07B0F0BD29462046FFF7C3FF676C6C
:10AE90000646E36B206805225B6901A907FB0600F3
:10AEA000984701A800F084FB431CEAD0B54238BFA4
:10AEB0000130E6E72DE9F043D0F824804FF6FF7922
:10AEC00087B004460E46C84514BF454600250027F6
:10AED000E369BB4202D807B0BDE8F083E26B01A989
:10AEE0002368606CD2F814C0052200FB0530E047EF
:10AEF00001A800F086FB022806D0C8450CD1721CC0
:10AF000029462046FFF775FF0135E3690137B5FB98
:10AF1000F3F203FB1255DBE729462046FFF79BFFC0
:10AF2000B0F1FF3F14BF024632460132E8E7036842
:10AF3000F0B5CC1A436C87B006460025B4FBF3F499
:10AF4000F36937685A1E706C954208D3706C336889
:10AF500000FB043007B0BDE8F04000F082BB0134D4
:10AF600001A9B4FBF3F203FB1244F36B05225B6906
:10AF700000FB0470984701A800F043FB00F066FB5B
:10AF80000028E3D10135DBE710B423F003049B076D
:10AF9000436C2244C3F100030A4418BF043282EA1E
:10AFA0000104234203D05DF8044BFFF7C0BF1046F5
:10AFB0005DF8044B70472DE9F041D0E90A3686B0C0
:10AFC00004469E4228D1C3691422456802FB1355EA
:10AFD000284606B0BDE8F081206801A9676C331AE5
:10AFE000E26BB3FBF7F3D2F8148007FB03000522F2
:10AFF000C04701A800F005FB012804D0636C1D4484
:10B00000013B3340ED1A31462046FFF790FF0646DC
:10B01000A36AB342E0D1DBE70025F9E7F0B50025EC
:10B0200087B004462E46E369B34202D8284607B0EB
:10B03000F0BD636C0522276801A903FB0677E36B6B
:10B0400038465B69984701A800F0DBFA00F0FEFA89
:10B0500058B1384600F005FB01462046FFF786FE52
:10B06000636C143B834208BF01350136DBE708B54A
:10B0700008301346D1E90012DAF756FC012008BD6A
:10B0800013B50C46002121760093134661682246D1
:10B09000D9F71EF818B1E37D03B1A07EA075A07D9D
:10B0A00002B010BD73B500F1080516460C460DF14F
:10B0B00007020968284600F0A1F9032E06D163684B
:10B0C000834203D12168284600F07FF9012002B0B5
:10B0D00070BDD01E009B42424241187E824211D177
:10B0E0001A688A420ED85A688A420BD35A690132CA
:10B0F0005A61D3E9030282423FBF986840F82210A8
:10B1000001321A6101207047032A10B5029C07D151
:10B11000A26A5340626C5242134201D100F055F9C9
:10B12000012010BD08B5C36800209847BDE808405D
:10B13000CCF78CBB012870B514BF0420022000247A
:10B1400042431C70CC7D101D02F002024CB91AB1B2
:10B15000012220F003001A7000F108034868184427
:10B1600070BD1AB1012220F003001A700C7E00237A
:10B1700001F12005DAB2944201D80020F0E735F859
:10B1800033205E1C824206D901EBC30300F10802A2
:10B19000D8691044E4E7801A3346EBE773B590F8BA
:10B1A000426005461C460DF103033046FFF7C2FF1F
:10B1B000EB6B012E5B690DD1324601A998479DF8D2
:10B1C000033013B1BDF806300193BDF8043023609D
:10B1D00002B070BD0122214602B0BDE870401847A0
:10B1E000F0B50546002487B04868EB6B27460E464D
:10B1F00001225B6902A908300294984795F8423011
:10B20000012B40F08480632C02D9029807B0F0BD76
:10B21000612C08D805AB224631462846FFF7BEFF11
:10B220009DF814301BB305AB2246314628468DF8F5
:10B230001070FFF7B3FF95F84230012B059B55D1F5
:10B240004FF6FF72934200F09680082205A904A8E9
:10B2500000F05EF9059B9DF81010C3F307229142A0
:10B2600040F08980DBB2029A1A44029283E095F89A
:10B270004230012B30D103AB224631462846FFF73E
:10B280008DFF04AB621C31462846FFF787FF05ABF4
:10B29000A21C31462846FFF781FF102208230DF13A
:10B2A00007000DEB02018DF8073000F031F9102294
:10B2B00005A90DF1070000F02BF9039BDAB2002A73
:10B2C00052D19DF80720B2EB132F4DD1DDE90432A6
:10B2D00003EB0243029347E0302C2BD944E09DF866
:10B2E0000720B2EB134F3FD1049BF3E7013342D069
:10B2F000102205A90DEB020000F00AF9059B9DF84C
:10B300001010C3F30742914235D19BB2ABE7312C09
:10B310003FF67BAF87D005AB224631462846FFF784
:10B320003DFFBDF81430002B7FF47DAF95F842301F
:10B33000012BA0D003AB224631462846FFF72EFF53
:10B3400004AB621C31462846FFF728FF1023202259
:10B350000DF107000DEB03018DF8073000F0D8F870
:10B36000039B9AB2002ABAD095F84230012B14BF41
:10B37000012302231C44013440E713B50024019447
:10B38000049C0094D9F738FA02B010BD13B501241B
:10B390000194049C0094D9F72FFA02B010BD30B587
:10B3A000002344684FF0FF329C4202D10023037215
:10B3B00030BD016801EBC30541F8332001336A60F9
:10B3C000F2E7C0E90012FFF7EABFF0B500234568D5
:10B3D0009D4210D00468DF0054F8332004EBC3060C
:10B3E000B2F1FF3F08D0C2F31302914204D14FF0F3
:10B3F000FF33E3517360F0BD0133E9E7F0B500239B
:10B4000045689D4202D14FF0FF300EE00468DE0037
:10B4100054F83340671C09D0C4F31307B94205D16F
:10B42000240D1470036833445868F0BD0133E8E715
:10B4300013B50023044601461B220DF107008DF8C9
:10B44000073000F065F822689DF80730B3EBD26F43
:10B450000CBF0120002002B010BD13B5002304462C
:10B46000014620220DF107008DF8073000F050F85A
:10B470000DF107001A22211D00F04AF862689DF8BC
:10B480000730B3EB926F0CBF0120002002B010BD5B
:10B490000068431C584258417047006810F07E0F06
:10B4A0000CBFC0F3C160002070470068C0F3D31028
:10B4B0007047006800F07F0001288CBF0020012049
:10B4C0007047036813F07E0F14BF042008207047F4
:10B4D000036813F07E0F03D1406820F07C40704772
:10B4E00013F078001CBF03F07F03D81F704700687B
:10B4F00000F07F007047032809D0022803D1C1F172
:10B500000201C8B2704700290CBF07200020704715
:10B510001F2A0B689EBF4FF0FF3191408B435908A3
:10B5200001F055315B1A03F033319B0803F03333DC
:10B530000B44017803EB13130A444FF0013103F07D
:10B540000F334B43A2EB13620270704737B501F122
:10B550000C04054643696946012220469847BDF818
:10B560000030012201A901932046AB69984703B03E
:10B5700030BD37B501F10C04436901226946054627
:10B5800020469847009B4FF6FF7299B291420DD129
:10B590001B0C012201A920461B0443F4254343F060
:10B5A000A5030193AB69984703B030BD0020FBE7CA
:10B5B00037B5044600251B22011D0DF107008DF84B
:10B5C0000750FFF7A5FF60689DF80720B2EBD06F2A
:10B5D00003D120F0784003B030BD0DF107001B22ED
:10B5E00004F108018DF80750FFF792FFA0689DF85D
:10B5F0000730B3EBD06F01D1C043EAE74FF0FF3023
:10B60000E9E703684BF29A22B2EB134F10B50446F8
:10B6100013D19BB2012B13D1FFF7CAFF01300CD01D
:10B62000E0684FF6FF72B2EB104F4FEA104309D1BA
:10B6300080B2C01A18BF012010BD2368013303D0A7
:10B640000420F9E70220F7E70320F5E701288CBF83
:10B65000002001207047033801288CBF0020012002
:10B660007047143070472DE9F0410546984603694C
:10B6700008460E4617469847044638B943463A46A8
:10B6800031462846DAF72CFA044618B131462846E6
:10B69000FFF75CFF2046BDE8F081DBF779B838B5ED
:10B6A00004460D46E0F708FE28B929462046BDE8C5
:10B6B0003840DBF735B838BDDCF746B9DEF724BFD4
:10B6C00070B516460C46FBF7E8F9314605462046AC
:10B6D000DEF7CCFB04462846FBF7E3F9204670BDB5
:10B6E00000F045B9052A2DE9F04106460C461546FD
:10B6F0001F462CD800F059FC214680463046E0F722
:10B70000DBFD044638B9DAF787FF38B941463046E1
:10B71000E0F7D2FD02242046BDE8F0810121224657
:10B72000084600F014FC204600F0C7FADEF7B0FA35
:10B730003846DAF7C1FD6FF029032B41DB072846B5
:10B7400002D4DEF70BFBE6E7DEF746FBE3E7012476
:10B75000E1E738B5044648880D4600F0AEFAD4F863
:10B76000D4302BB929462046BDE83840DBF7E2B992
:10B77000022038BD00F0A3BA00F026B973B5044624
:10B7800000200D4600F099FAD4F8D46069462046AE
:10B79000FFF7F2FF5EB99DF800102A462046CDF76C
:10B7A00069FD01462046DBF75BFA02B070BD00235D
:10B7B00029461A462046B047F7E7DAF71DBEDDF7FF
:10B7C0009FB938B505460C46FBF767F96B6B1C4013
:10B7D0002B6B23432B63FBF764F9211E18BF012158
:10B7E0000020490238BD38B504460D46FBF755F92F
:10B7F000636B1D40236B23EA05052563FBF751F9B5
:10B80000284638BD006B704710B504460121FFF78C
:10B81000EAFF2046BDE81040DEF7A0BEDBF740BDE2
:10B8200000F072B938B504460D464FF48811FFF7A1
:10B83000DAFF29462046BDE83840DCF73DBB084624
:10B84000DDF776BA431C08BF0020DAF71DBF431CA2
:10B8500008BF0020DAF75ABF00F03DBADDF778BC28
:10B860000847022A01D800F08DB901207047022A4A
:10B8700001D800F098B901207047022A01D800F0E1
:10B88000A4B90120704738B504460D4600F077F999
:10B8900028B129462046BDE8384000F0A5B902206D
:10B8A00038BDDCF7CDB90846DCF7EAB9DCF732BAC7
:10B8B000002070470020704702210120DAF78CBA7F
:10B8C000013001D1DDF7D8BE012070477047836B8E
:10B8D00003F06003402B0DD0602B03D0203B584277
:10B8E0005841704749B10B68012B06D9486940F0AF
:10B8F0000100704740F20110704700207047F0B51A
:10B9000014461E460F4687B019B90024204607B0DA
:10B91000F0BD002AF9D00028F7D001A9DCF7ACFD72
:10B920000028F2D0BDF80630A2199A42BDF808509E
:10B93000C4BF9B1B9CB2B54212D90399AD1BADB2DB
:10B940003144A5420391ADF808500DD22A4638463D
:10B95000FFF7A8F90499621B7819FFF7A3F9D5E757
:10B960000499761B3144049122463846F5E708468F
:10B97000DEF7FAB80220DDF7D5BBD0F8C8304BB1FE
:10B980001A68022A06D993F8250028B11B6AB3FB6E
:10B99000F0F0704700F0EABA7047D0F8C8207AB1EA
:10B9A0001368022B0CD9536A13F47F4FC3F307219A
:10B9B00006D0126ADBB253438B42B3FBF1F201D2E1
:10B9C00000F0D8BA104670470346D0F8100108605E
:10B9D000B3F8143100208B80704790F810310C2B95
:10B9E00014BF007EFF20704708B500F025FABDE8BF
:10B9F0000840DEF77DB938B50C464FF400610546C6
:10BA0000E0F7CCF970B17CB195F8FE3073B94FF422
:10BA100080724FF480712846E0F7ACF9003818BF07
:10BA2000012038BD2202F4E72246F2E70020F8E7C1
:10BA30004FF48071E0F7B2B908B54A024FF40071D3
:10BA4000E0F798F9002008BD08B58A024FF480613C
:10BA5000E0F790F9002008BD4FF40071E0F79EB9BF
:10BA6000062300208B717047084610B510F00304C0
:10BA700011461BD13F2B15D9B3FA83F3C3F1190239
:10BA8000D2B2062A01D8192B0ED0062A28BF0622C8
:10BA90000124931DDBB29C40A4B2A14228BF2146E1
:10BAA000DCF770FA204610BD2246F1E70024F9E7E2
:10BAB000084611F0030110B518D113883F2B15D992
:10BAC000B3FA83F3C3F11904E4B2062C01D8192B9D
:10BAD00003D0062C214628BF062101238C1DE4B289
:10BAE000A3401380DCF76EFA002010BD0120FCE7B4
:10BAF00010B5144608460121DDF7CAFE2046BDE810
:10BB000010400121DDF7C4BECCF7E4BCF8B5044613
:10BB10000E461746FAF7C1FF3A460546314620461B
:10BB2000DEF7B6FA04462846FAF7BBFF2046F8BD12
:10BB30000220704703207047DDF7ECBA10B5DBF741
:10BB40004DFD044608B9DFF765FA204610BD70B513
:10BB500004460E46154600F0B5F831462046E0F79B
:10BB6000E3FB00F0AFF829462046DAF7CBFC0022D1
:10BB70004FF400312046E0F7FDF8002070BD802131
:10BB8000E0F70CB97FB5531C05AAADF8141002926A
:10BB900002210022DBB2CDE900211146E0F708F9CD
:10BBA00007B05DF804FB7FB5531C05AAADF814106F
:10BBB000029204210222DBB2CDE900210022012100
:10BBC000E0F7F6F807B05DF804FB1FB5531C0291CF
:10BBD00000220821CDE900210122DBB21146E0F765
:10BBE000E7F805B05DF804FB08B50A044FF48031AE
:10BBF000E0F7C0F8002008BD38B50546DAF77CFC50
:10BC000004462846DAF756FC072811D1D5F8C43087
:10BC100024F47F41DB6921F0080103B15B7841EA3C
:10BC2000032141F020012846BDE83840DAF76ABC1C
:10BC300024F02001F7E770472DE9F74F01251C4656
:10BC40009DF83030064601930368174603F007035A
:10BC500006339D4005F1FF380B46A1B1416804EA67
:10BC6000080BA5EB0B0A41F00059524509EB0B01FB
:10BC700014D952461846FFF715F849467A1B5A441C
:10BC80005044FFF70FF8019B2BB13C4448EA0508EC
:10BC900004EA0804F46003B0BDE8F08F1846F0E74A
:10BCA00037B5002514460095FFF7C6FF204603B0C0
:10BCB00030BDDBF723BE0020704700207047002016
:10BCC00070477047704710F0FD0F14BF4FF0FF3002
:10BCD0000020C0B2704708B5DDF784FBBDE808401E
:10BCE000DDF7A8BB38B50446FFF7F5FF0546FFF7BB
:10BCF000F2FF431BA342FAD338BD38B50D460446C4
:10BD0000DDF770FB35B1844200D90139204601F0DE
:10BD1000030138BD844238BF0131F7E708B501217E
:10BD2000FFF7EBFFBDE80840DDF784BB08B521B1A4
:10BD30009200FEF7B7FF002008BD0120FCE700F0ED
:10BD40006F43B3F1804F02D0B3F1204F02D120F006
:10BD50007040704700F06043B3F1204F08BF20F0FF
:10BD6000805070470B0CB3F5384FF7B506460D46BB
:10BD70008FB216D04BF60102934214D04BF602025A
:10BD8000934212D0B3F5304F14BF04240324D6F8E5
:10BD9000C4300BB1196851B9D6F8C0309BB92868C6
:10BDA0000FE00024F3E70124F1E70224EFE7234644
:10BDB00068463A46DDF7ACFB9DF804300098002B4E
:10BDC000EAD103B0F0BD19680029E8D023466846DF
:10BDD0003A46DDF79DFB9DF804300098002BDED13C
:10BDE000EFE700F03003202B10B513D110F4E02F53
:10BDF000C0F302440AD0C0F3C423B3FBF4F410F43C
:10BE0000C01F18BF6400052C0ED86408DDF71CFEA7
:10BE1000604310BD6FF01204C0F382131C4104F0A4
:10BE20000104C4F10204F1E70424EFE70020DDF788
:10BE300011BF0120DDF70EBF01210320DAF768BB37
:10BE4000032070477047DFF7EFBADFF7EDBADFF78F
:10BE5000EBBADFF7E9BADFF7E7BA00228A4202D18C
:10BE60004FF0FF30704750F8223093FAA3F30BB92C
:10BE70000132F3E7B3FA83F000EB4210704702207F
:10BE80007047002070470120704700207047002055
:10BE900070470120704700207047DBF7EDBD084672
:10BEA0001146012200F053B870B505460C46114604
:10BEB0001A46DFF7F3FF06682B462046B446BDE876
:10BEC0007040604710B5DFF7E9FFBDE810408368B8
:10BED0001847FFF733BEDBF785BCFFF703BC08B597
:10BEE000FFF782FD002008BDFFF7D9BBDDF7D4BD09
:10BEF0004942FFF7FBBF70B504460D4616464FF4A6
:10BF00008811FFF770FC324629462046BDE8704094
:10BF1000DBF7AABF7047431E012B03D9031F58420A
:10BF20005841704701207047FFF7C5BE4FF4CC72EF
:10BF30000021FEF7EEBE10B504460021FFF7BCFB62
:10BF40002046BDE81040DBF701BADAF7BBBA10B5FE
:10BF50000C461146DAF7DCFADBF78EFD012801D139
:10BF6000002010BD002CF7D10420FAE7DAF750BD0D
:10BF7000FFF703BDDAF752BDFFF70FBD70B5002321
:10BF80002425D0F8C000C4689C4201D1012070BDB6
:10BF9000826805FB0322D6898E4202D8128A8A4221
:10BFA00001D20133F0E70020F1E7808B70470A7877
:10BFB00038B505461046FFF7AEFF60B14C78204615
:10BFC000FFF7A9FF38B12243530704D42846BDE840
:10BFD0003840DAF743BD012038BD10B50446087873
:10BFE000FFF799FF58B14A781046FFF794FF30B138
:10BFF000042A04D02046BDE81040DAF765BD0120D0
:10C0000010BDDAF705BADBF7B3B873B50D7806469D
:10C010000C4635B304238DF804302379304601A94A
:10C020008DF80530FFF7D9FF0546B8B92278A37916
:10C0300052BB8DF80430E379304601A98DF8053004
:10C04000FFF7B5FF054648B923783BB16188304614
:10C05000DAF756FF01213046FFF7CDFC284602B043
:10C0600070BD2946FFF7C7FC29463046FFF7E4FCC0
:10C0700029463046FFF7E8FC2378002BCAD1237904
:10C080008DF804306379C9E702228DF80420D3E7E4
:10C09000FFF7D2BCFFF7E0BCFFF7E6BCFFF708BD37
:10C0A00008461146DCF7E8B9C0F8D0100020704708
:10C0B000DAF75EBF70B5144605460E4686B012220A
:10C0C00000210DF10600FEF724FE2368694628468C
:10C0D0000093ADF80460FFF7C3FC009B236006B03B
:10C0E00070BD084611461A46BDF80030FFF707BC80
:10C0F000002070472DE9F0410E46A2B0144602A977
:10C100008022E0F77DF9D6B30025013E16F8013F05
:10C11000ABB3A3F13002092A07D805EB850503EB81
:10C120004503303B03F0FF05F0E7622B4AD017D8F8
:10C13000462B3CD006D8422B2ED0442B24D08DF851
:10C1400004302FE0572BFAD154F8042B012001A919
:10C15000FDF786FA022201A90020E0F77BF9D5E776
:10C160006C2B21D0702B01D0662BE8D154F8041B26
:10C170002A460020E0F76EF905460028C6D0E0F711
:10C1800057F922B0BDE8F08154F8042B012001A931
:10C19000FDF766FA0422DEE7012054F8042B01A91A
:10C1A000FDF75EFA0122D6E714F8045BAEE700253E
:10C1B00054F8041B4B5D0BB9EDB2D9E70135FF2DE7
:10C1C000F8D1D5E734F8048BB8F1000F9ED0404683
:10C1D000E6F72AF907464046E6F742F93946C2B281
:10C1E0000020E0F737F9002890D0C8E70EB403B577
:10C1F00003AA52F8041B0192FFF77CFF02B05DF81E
:10C2000004EB03B07047E0F725B90EB403B503AAF9
:10C2100052F8041B0192FFF76DFF02B05DF804EBCA
:10C2200003B070472DE9F04F9FB09DF8BC50329E8F
:10C230000C950A969DF8C050319E9DF8B470CDE9DA
:10C2400008560C9E9DF8A0B007962E9E9DF8A4A0BF
:10C25000CDE905769DF8A8909DF8AC802C9ECDE99F
:10C2600001A9CDE90386CDF800B01C46CDE90D014A
:10C270000F92FCF712FA002848D1C52110A8FDF74B
:10C28000EBF90D9B8DF842300E9B8DF843300F9BE0
:10C290008DF84430237A8DF84530002B39D10120B8
:10C2A00022680DF14601FDF7DBF9012022680DF14E
:10C2B0004A01FDF7D5F9637A01202C9A0DF153015B
:10C2C0008DF84E308DF84FB08DF850A08DF851900C
:10C2D0008DF85280FDF7C4F92E9A012016A98DF829
:10C2E0005770FDF7BDF90C9B32980DF15E018DF88A
:10C2F0005C308DF85D5000F02DFC00231E21CDE94F
:10C300000033319A2B4610A8E3F7CCFD1FB0BDE8EF
:10C31000F08F022B01BF2368CDF846306368CDF85B
:10C320004A30C8E737B505460C46FCF7B8F978B986
:10C33000C7216846FDF790F901200DF102012A4658
:10C34000FDF78EF9072168468DF8064000F04BFE98
:10C3500003B030BD2DE9F34106460F4615460AB934
:10C360000DF1070501213046E6F7E8F820B1304627
:10C370000121E6F7E3F8064600213046297001F076
:10C38000CBFC10F0400F2B7802D1B0F5804F0CD2CF
:10C39000042F14D10333D9B2297010F4406F00F088
:10C3A000F280304601F0B8FC17E00124991CC9B2B4
:10C3B000012F297005D13046E6F730FA0DE0002450
:10C3C000F4E7D91CC9B2022F297000F44062E4D00E
:10C3D00032B9032F12D14FF0FF3002B0BDE8F08127
:10C3E000591DC9B2032F297003D1B2F5006FD8D0FF
:10C3F000F1E7B2F5006F05D107332B70042F06D19A
:10C400002978CEE7B2F5406FF8D10D33F5E714B1D6
:10C410002B7802332B70052F00F4404003D1B0F588
:10C42000004FD8D1ECE7B0F5004F2B7810D1023394
:10C430002B700D2F2C7810D030462978E6F7EEF9C6
:10C44000030611D4062F804615D02978013119E052
:10C45000B0F5404FEDD10833EAE73046E6F700F893
:10C460008442E9DB0020B8E73046297801F054FC2B
:10C47000062F804601D14046AFE710F0800F2978A3
:10C48000E4D00231C9B20D2F297022D13046E5F730
:10C49000E7FF2B788342E5D208F03C020C2AE1D179
:10C4A00040F2037218EA020F2FD104332B7008F404
:10C4B000E063B3F5007F08BF2B7808F4805804BF11
:10C4C00001332B70092F2BD1B8F1000F83D02978BD
:10C4D00007E040F20373072F08EA030307D1002B9C
:10C4E000C0D1304602B0BDE8F04101F033BC13B911
:10C4F0002B7804332B70082FD9D108F4E060B0F505
:10C50000007F7FF468AF297855E708F4E062B2F560
:10C51000007F08F4805804BF01332B701FFA88F89D
:10C52000B8F1000F02D02B7804332B700A2FEAD019
:10C530000D2F0DD13046E5F793FF2C78A04291D90D
:10C540000134E4B22C70B8F1000F13D1012044E79C
:10C550002B780B2F03F101032B703FF43CAFB8F1A4
:10C56000000F3FF438AF3046E5F77AFF011FC9B23C
:10C570002970B6E73046E5F773FF03348442ACBF59
:10C580000020012029E7FF232B7024E700280CBF9F
:10C590008121012100B5137A8FB0022B8DF8041090
:10C5A00020D10C238DF80530FF238DF807308DF84E
:10C5B0000830136805A9CDF809305368CDF80D305F
:10C5C0008C238DF8113082238DF81230537A8DF838
:10C5D000133001A8091A002289B201F008FA0FB03D
:10C5E0005DF804FB08218DF80510EBB91368FF22F4
:10C5F0008DF8072023B96FF0724303A90293E8E78F
:10C600006FF0E642029280228DF80C201A0A8DF813
:10C610000D308DF80E201A0C1B0E8DF80F208DF8A2
:10C6200010300DF11101D4E70DF10701D1E70246F9
:10C6300000B589B05168006804AB03C390680DF180
:10C640000A021860002303A81946DFF793FFA0B180
:10C65000E5F7EAFE0022BDF80A10143001F0C7F930
:10C6600040B1009000219DF81C309DF80D0004AAF7
:10C67000E0F7BAF803A8DFF7D7FF09B05DF804FBCD
:10C6800070B506460D461068516886B002AC03C40A
:10C6900090682060CEB101228DF814309DF83030C2
:10C6A0008DF804208DF81530BDF834309DF8282021
:10C6B0000B9901A88DF80550ADF81630DFF7F4FF9F
:10C6C000B0FA80F0400906B070BD01A8DFF7ACFFFA
:10C6D00080F00100C0B2F6E738B5037A05460C4693
:10C6E0003BB90A7AEAB900680B68C31A5842584144
:10C6F00038BD022B15D10B7A022B12D10822FEF77E
:10C70000DEFA70B96B7A607A83420CD0013BDBB2FF
:10C71000FD2B08D80138C0B2FD2894BF00200120AD
:10C72000E6E70020E4E70120E2E7036898B218B1E9
:10C730004FF6F8729A4312D1B0EB134F80EA1342CE
:10C7400005D04FF6F87022F00701814204D19BB268
:10C7500023B1083A90B270471046704707207047DF
:10C76000F0B5044685B00E4602A88E2114F8017B70
:10C770001546FCF771FF00232246CDE90033052161
:10C780003B4602A88DF80A608DF80B508DF80C70AE
:10C79000E3F788FB05B0F0BD00B503060246A1B083
:10C7A0000CD48DF800000DF10100FEF77BFA00219A
:10C7B0006846E1F7F5FB21B05DF804FB2120FAE7BC
:10C7C000027810B504464AB9037A332B06D1012307
:10C7D000426003700374FCF797FA607410BD38B5BB
:10C7E0000378044663B9037A332B09D10125057018
:10C7F000407CFCF78BFA25746060FCF785FA607466
:10C8000038BD0020E4F754BB0020E4F745BBFBF73C
:10C81000D7BB38B505460C46E1F7C6FC90B96CB1FC
:10C82000FCF7D7F9214660732846F1F793FD0446DB
:10C8300010B92846E1F7E0FC204638BD2846F1F75C
:10C8400061FDF4E740F60444F6E7FFF7E2BF00219C
:10C85000FFF7DFBF70B50E4605461146049C1A4629
:10C8600066B102F0A3FB064635B12CB1A5421FBF4D
:10C870000FCD0FC42B682360304670BD02F02EFB35
:10C88000F1E7002313B5ADF806300378044603BB87
:10C8900002220274027A102A09D03B2A1BD00A2AEB
:10C8A0000FD143600DF10600F0F7E4FC07E001A8AA
:10C8B000EEF724FABDF804306060ADF806300123CD
:10C8C000237023782BB1BDF8061004F11100FCF79A
:10C8D000C3FE02B010BD4360D3F7B4FEADF806004E
:10C8E000EDE737B505780446ADB9037A102B14D1BE
:10C8F00000F111010120FCF7C1FE054604F115000D
:10C90000FCF7A8FE01A9ADF804002846EEF7C6F929
:10C9100001236060237003B030BD3B2BFBD111308D
:10C92000FCF798FED3F794FE012365602370F2E7CD
:10C9300013B504466E2101A8FCF78EFE032101A861
:10C940008DF8064000F04FFB02B010BD30B5044634
:10C950000D4685B001A89B21FCF77EFE23680B21C4
:10C96000CDF80630636801A8CDF80A308DF80E5076
:10C9700000F039FB05B030BD10B586B00A9C0092BE
:10C980000494099C4FF6FF7203949DF82040CDE972
:10C9900001340023E1F742FE06B010BD70B4044636
:10C9A0009DF810509DF814609DF80C00CDE90456D8
:10C9B00003931346224670BCE1F730BE70B40446C0
:10C9C0009DF810509DF814600846CDE904561146B4
:10C9D0001A469DF80C30039470BCE1F71FBE10B4EA
:10C9E0000446084621465DF8044BE7F7F5BBE7F738
:10C9F0007DBFE7F787BFF8F70BBBF8F753BAF8F737
:10CA00004BBA2DE9F843089C0D46904609992246F9
:10CA100007461E46DDF82890F1F70EFE2046F1F796
:10CA2000D5FEB0FA80F4640942462946384689F8B2
:10CA30000040F1F7EFFE28B931462846BDE8F8433B
:10CA4000F1F734BFBDE8F88338B505460C46D3F797
:10CA5000A5FDA8420CD9D3F79DFD30F8252000EBA9
:10CA60008503002022809A78A270DB78E37038BDBD
:10CA70000220FCE738B504460D46D3F78FFDA042EF
:10CA80000BD9D3F787FD2A8800EB840320F82420F4
:10CA90000020AA78D8709A7038BD0220FCE7E6F72B
:10CAA00069B938B50C460546E6F7CEF808220146C6
:10CAB0002846FEF714F9E6F7C1F82080BDE83840B3
:10CAC000E6F7C6B8E9F768B8F5F7FABDF7F7E8BFD3
:10CAD00070B5A2B00E4601A9054601F02EFA044633
:10CAE00020B93246284601A900F007FD204622B0B1
:10CAF00070BD037813B50446B3B9012243600270D8
:10CB0000007A904212D002281CD008BB217B0DF184
:10CB1000060200F08BF90223BDF806106060237452
:10CB200004F11100FCF798FD02B010BD03230DF1D4
:10CB300006002374EBF76CF9BDF80610607404F17D
:10CB40001200EFE7A0892274F8F774FA6074EBE73B
:10CB50002370E9E770B506460C46054636F8021B19
:10CB60002046FCF779FD31460822A01CFEF7B7F8F5
:10CB7000AB7A04F10E01A372EB7A0120E3722B7BF6
:10CB800023736B7B63732A69BDE87040FCF768BD53
:10CB9000F0B50446274615460E4687B001A81B216E
:10CBA000FCF75AFDA37837F8041B0DF107008DF848
:10CBB0000630FCF751FD63681221CDF809307B681F
:10CBC00001A8CDF80D30E3788DF814608DF81130A0
:10CBD000A3898DF81550ADF8123000F004FA07B0B3
:10CBE000F0BD37B50C4605461C216846FCF734FD00
:10CBF00022460DF1030101208DF80250FCF730FDB3
:10CC00000721684600F0EFF903B030BD30B50446A7
:10CC10000D468BB0FBF7E1FFFBF7DDFF05A92046D2
:10CC2000F4F7C2FB01A82321FCF716FDBDF81E1086
:10CC300002A88DF806408DF80750FCF70DFD05ABF6
:10CC400003CB9DF81C30CDF80A00CDF80E1001A8DA
:10CC50000F218DF8123000F0C6F90BB030BD13B5BE
:10CC600004467C2101A8FCF7F7FC21460DF10600E3
:10CC7000FCF7F2FC04210DEB010000F0B4F902B066
:10CC800010BD37B505460C4668468021FCF7E4FC2C
:10CC90002A460DF102010120FCF7E2FC21460DF1CC
:10CCA0000600FCF7D9FC0821684600F09CF903B0A7
:10CCB00030BD37B50C460546C4216846FCF7CCFCB0
:10CCC00021460DF103008DF80250FCF7C5FC05214B
:10CCD000684600F088F903B030BDF0B51546074648
:10CCE0000E4689B002A846211C46FCF7B5FC284632
:10CCF00003A98DF80A708DF80B60FFF72BFF002356
:10CD00001721CDE900330E9A234602A88DF81E4064
:10CD1000E3F7C8F809B0F0BD7FB5164605460C46E6
:10CD200002A89821FCF798FC32460DF10A01012077
:10CD3000FCF796FC00232246CDE9003306212B4662
:10CD400002A8E3F7AFF804B070BDF0B505460F4692
:10CD50008BB002A8922114461E46FCF77DFC2B687E
:10CD60003846CDF80A306B680DF11201CDF80E305F
:10CD7000FFF7F0FE00233246CDE900331D212346A4
:10CD800002A88DF82440E3F78DF80BB0F0BD7FB515
:10CD900006460C4602A893211546FCF75DFC324678
:10CDA0000DF10A010120FCF75BFC00232A46CDE9C6
:10CDB00000330721234602A88DF80E40E3F772F8EE
:10CDC00004B070BDEBF7D4BD70B49DF80C409DF875
:10CDD00010509DF814600394CDE9045670BCF7F729
:10CDE000BFBE38B505460C46FBF7F7FE2B4602469C
:10CDF00001210020E1F7FEFF28B921462846BDE8C1
:10CE00003840FBF714BCE5F70FFB05460130FCF793
:10CE100021FC2080E81CFCF71DFC60806B79012060
:10CE20002371AB796371EB79A37138BD0B46002197
:10CE300070B5064614460846FF22E1F7DBFF0546BB
:10CE400080B1E5F70DFB411EC9B22846E5F7D4FCD9
:10CE50002EB1238803F007030370002070BD037810
:10CE60002380FAE73620F9E7F8B507460E4615465F
:10CE7000FBF7B3FE3B46024601210020E1F7BAFF73
:10CE8000044630B92A4631463846BDE8F840FBF73B
:10CE9000D0BBE5F7C9FA012E14BF082181792046DD
:10CEA00002BF49000831C9B201EB450101F0FE01A2
:10CEB000BDE8F84000F030BF2DE9F74388466946E9
:10CEC00007461546FFF78DFF044620B9002420468B
:10CED00003B0BDE8F0830026012D0CBF9DF806903D
:10CEE0009DF80590F2B29145F0D929463846FFF7F2
:10CEF000BBFF404506F10106F4D1E8E738B5002252
:10CF000004460D46FFF7D8FF30B929462046BDE854
:10CF100038400122FFF7D0BF38BD0020E2F712B839
:10CF20000120E2F70FB80220E2F70CB80320E2F785
:10CF300009B808B50020FBF78DFBBDE80840D3F722
:10CF4000B5B81FB501238DF80430002301A8CDE941
:10CF50000233C9F77BFE0298C0F30343C0F30362B8
:10CF60001B0243EA0233C0B2184305B05DF804FB6C
:10CF700000207047704710B4044669B1022A07D0F8
:10CF8000032A07D0012A07D15DF8044BE5F788BCD6
:10CF90000902F9E70904F7E720465DF8044BE5F7D5
:10CFA0001BBD0020E2F75ABF0120E2F757BF70B562
:10CFB00006460C46154600F07AFF70B13046E5F79C
:10CFC0005BFCB0F5803F09D3B0F1807F4FEA1023BE
:10CFD00006D30323000C2B70208070BD0123FAE7D9
:10CFE00018460223F7E7002307B51A46CDE90033B8
:10CFF000E2F758FF03B05DF804FB37B505460C4671
:10D0000001A84821FCF728FB04210DEB01008DF855
:10D0100006508DF80740FFF7E6FF03B030BD37B587
:10D0200005460C466846D221FCF716FB29460DF151
:10D030000200FCF711FB052168468DF80440FFF75C
:10D04000D2FF03B030BD13B50446F22101A8FCF7AE
:10D0500003FB032101A88DF80640FFF7C4FF02B0CF
:10D0600010BD10B50446C0B2E2F7D8FF200ABDE8F3
:10D070001040E2F7D3BF10B5E2F7B2FF0446E2F783
:10D08000AFFF04EB002080B210BD10B5044680B2A3
:10D09000FFF7E7FF200CBDE81040FFF7E2BF10B537
:10D0A000FFF7E9FF0446FFF7E6FF04EB004010BD81
:10D0B00038B500F10C0400F1240514F80C0CE2F76B
:10D0C000ADFF14F80C3C013B012B0CD934F8020CD9
:10D0D000FFF7C7FF0820A4F10A01E2F7AFFF0C3405
:10D0E000AC42EAD138BD34F8080CFFF7BAFF34F887
:10D0F0000A0CFFF7B6FF34F8080CFFF7B2FF34F85C
:10D100000A0CFFF7AEFF34F8080CFFF7AAFFE6E7BA
:10D11000014610B504460820E2F76AFFFFF7ABFFAF
:10D120002081E2F75DFFA072E2F75AFFE072E2F7BA
:10D1300057FF2073FFF79FFFE081E2F751FF207454
:10D14000FFF7ADFF606110BD10B50446FFF793FF18
:10D150002080FFF790FF6080E2F742FF2071E2F746
:10D160003FFF6071FFF787FFE080FFF784FF2081BA
:10D17000E2F736FFA07210BD10B504460088FFF735
:10D1800070FFA078BDE81040E2F748BF10B5044634
:10D19000FFF771FF2080E2F723FFA07010BD10B5EC
:10D1A00004460078E2F73AFF6088BDE81040FFF7D8
:10D1B00058BF014610B504460820E2F719FFE2F710
:10D1C0000FFF2072FFF757FF6081E2F709FF20731E
:10D1D000E2F706FF6073E2F703FFA073FFF75FFF5C
:10D1E000206110BD10B50446E2F7FAFEA070FFF70B
:10D1F00042FF214621F8040B0820E2F7F9FEE2F78E
:10D20000EFFE003818BF0120E070E2F7E9FE20735E
:10D21000E2F7E6FE607310BD10B50446014610202B
:10D22000E2F70CFF2069BDE81040FFF72EBF014672
:10D2300010B504461020E2F7DBFEFFF730FF206157
:10D2400010BD10B50446FFF716FF208010BD10B5C5
:10D250000446FFF724FF2060FFF721FF6060FFF71F
:10D260000AFF208110BD10B50446FFF7BBFF04F193
:10D270001000FFF7ECFF04F11C010820E2F7B8FEF4
:10D28000FFF7F9FEA084FFF7F6FEE084E2F7A8FEC0
:10D2900084F82800E2F7A4FE84F82900E2F7A0FE53
:10D2A00084F82A00E2F79CFE84F82B0010BD10B52C
:10D2B00004460068FFF7E9FEA088FFF7D2FEE08889
:10D2C000FFF7CFFE2089FFF7CCFE6089FFF7C9FE8C
:10D2D000A089FFF7C6FEA07BBDE81040E2F79EBE26
:10D2E00010B50446FFF7DBFE2060FFF7C4FEA08008
:10D2F000FFF7C1FEE080FFF7BEFE2081FFF7BBFE17
:10D300006081FFF7B8FEA081E2F76AFEA07310BD4E
:10D3100010B504460068FFF7B8FE2079E2F77EFEFC
:10D32000611D1020E2F78AFE04F115011020BDE80E
:10D330001040E2F783BE10B50446007AE2F76EFEB5
:10D34000237A53B92068FFF7A0FE2068FFF79DFEFF
:10D35000607ABDE81040E2F761BE022BF8D12146A9
:10D360000820E2F76BFEF3E710B50446E2F738FE5B
:10D37000207248B9FFF793FE2060FFF790FE20600F
:10D38000E2F72EFE607210BD0228F9D12146082076
:10D39000E2F72EFEF4E738B5841C00F11A05E2F737
:10D3A0001FFE04F8020C013801280AD9FFF763FEBA
:10D3B000214620810820E2F71BFE0C34AC42EED15E
:10D3C00038BDFFF758FE6080FFF755FE2080FFF75D
:10D3D00052FEFFF750FEFFF74EFEEEE710B5044693
:10D3E0000078E2F71BFE6068FFF74FFE04F10800CB
:10D3F000FFF7A1FFA08AFFF734FEA07DE2F70EFE43
:10D40000A069FFF742FE04F11C011020E2F716FEAE
:10D4100004F12C00FFF74CFE94F84400E2F7FEFD07
:10D4200094F84500BDE81040E2F7F8BD10B5044699
:10D43000E2F7D6FD2070FFF71EFE6080201DFFF78B
:10D4400093FFE2F7CDFD207404F11200FFF7A3FF74
:10D45000FFF711FE6085E2F7C3FD84F82C00E2F7C8
:10D46000BFFD84F82D00FFF71AFE04F1340120639C
:10D470001020BDE81040E2F7BBBD10B504460078AF
:10D48000E2F7CCFD6088FFF7ECFD201DFFF753FFAE
:10D49000207CE2F7C3FD04F11200FFF709FE608D66
:10D4A000FFF7DFFD94F82C00E2F7B8FD94F82D00AB
:10D4B000E2F7B4FD206BFFF7E8FD04F13401102022
:10D4C000BDE81040E2F7BABD10B504460088FFF78A
:10D4D000C8FD6088FFF7C5FDA088BDE81040FFF7D4
:10D4E000C0BD10B50446FFF7C6FD2080FFF7C3FDA1
:10D4F0006080FFF7C0FDA08010BD002310B502F8CA
:10D50000010BDCB2A04202F1040201F1040100D8D7
:10D5100010BD31F8044C013302F8044C31F8044CCE
:10D52000240A02F8034C31F8024C02F8024C31F89C
:10D53000024C240A02F8014CE3E710B504460068E7
:10D54000FFF7A3FD2079E2F769FD6079E2F766FD58
:10D55000A079E2F763FDE079BDE81040E2F75EBD37
:10D5600010B504460078E2F759FD6078E2F756FD01
:10D570006088FFF776FD211D0820E2F75FFD207B24
:10D58000E2F74CFD607BE2F749FD2069BDE8104001
:10D59000FFF77BBD10B50446E2F722FD2070E2F7ED
:10D5A0001FFD6070FFF767FD211D60800820E2F716
:10D5B0001FFDE2F715FD2073E2F712FD6073FFF720
:10D5C0006EFD206110BD10B504460088FFF749FDCF
:10D5D0006068FFF75AFDA068FFF757FDA089BDE816
:10D5E0001040FFF73EBD10B50446E2F729FE214684
:10D5F0000020E4F715F9BDE81040002000F0A1B9C3
:10D60000704708B5E5F75EF880F00100C0B208BDCC
:10D6100008B5E5F747F80028FBD108BDFEF71CB9AF
:10D6200070470120E2F74ABF0020E2F747BFE3F767
:10D630003DBF0020704770B5144681F0010519B94F
:10D640000D2A07D1FF2018E00D2A03D100780538F4
:10D65000C0B212E00844FBF7FDFFC5F1040110F46D
:10D6600040660246C9B209D1042C084605D0052CF3
:10D6700016D112F0400F18BF084670BDC5F1060361
:10D68000042CD8B2F9D0B6F5006F03D1C5F1080566
:10D69000E8B2ECE7B6F5406FE9D1C5F10E05F7E762
:10D6A00012F4404107D1062CE7D0072CE5D0082C16
:10D6B00013D10130CCE755065CBF831CD8B2062CD1
:10D6C000DBD0B1F5004F02D1831CD8B2EDE7B1F544
:10D6D000404FEAD100F10803F7E7130744BF0530D4
:10D6E000C0B20C2CC9D9ADE710B50C46E4F79CFECE
:10D6F000048010BD38B50C461546E4F795FE038846
:10D700001DB11C43A1B2018038BD23EA040189B2D6
:10D71000F9E708B5E4F788FE008808BD08B5E4F726
:10D7200083FEC07808BD08B5E4F77EFE008800F0EF
:10D730000C0008BD08B5E4F777FE008800F00C0087
:10D74000031F5842584108BD38B50546E4F76CFE42
:10D7500004462846FFF7EEFF30B904F11000FBF74E
:10D7600079FF00F4406038BD4FF40060FBE738B546
:10D770000546E4F759FE04462846FFF7DBFF01465D
:10D7800048B9103420460422E3F74AFF2044BDE89C
:10D790003840FBF75FBFA08838BD10B50C46E4F7F2
:10D7A00043FE848010BD38B50546E4F73DFE0446CF
:10D7B0002846FFF7BFFF014608B1201D38BD1034D1
:10D7C00004222046E3F72CFF2044F7E738B505464E
:10D7D000E4F72AFE04462846FFF7ACFF30B904F10F
:10D7E0001000FBF737FF00F4404038BD4FF40060F5
:10D7F000FBE738B50546E4F717FE04462846FFF771
:10D8000099FF014648B9103420460622E3F708FF85
:10D810002044BDE83840FBF71DBFA08838BD38B5AF
:10D820000546E4F701FE04462846FFF783FF01465C
:10D8300008B1201D38BD103406222046E3F7F0FE63
:10D840002044F7E708B5E4F7EFFD007A08BD08B516
:10D85000E4F7EAFD90F9090008BD08B5E4F7E4FD36
:10D86000807A08BD08B5E4F7DFFDC06808BD10B5D3
:10D870000C46E4F7D9FD047210BD10B50C46E4F770
:10D88000D3FD447210BD10B50C46E4F7CDFDC46065
:10D8900010BD2DE9F8430F468046002107F1100026
:10D8A00016469946E4F786FE0446D0B1E4F7BCFD7F
:10D8B00005462046E4F7D4FD002102462846FDF740
:10D8C00028FA00232046AB7049F00401FFF70CFF53
:10D8D000A5F804802EB13A46314605F11000FDF757
:10D8E000E1F92046BDE8F883F8B505460F4610205B
:10D8F0000021E4F75FFE0446B0B1E4F795FD06466B
:10D900002046E4F7ADFD002102463046FDF701FA5E
:10D91000002339462046B370FFF7E6FE25B12A46BC
:10D9200001212046E4F71EFE2046F8BD08B5E4F7C5
:10D930007BFD103008BD08B5E4F792FD1038C0B289
:10D9400008BD0020E3F798BE70B51D469DF8103065
:10D950000C46002B10460A4614BF08218821059E5C
:10D96000FFF7C2FF024640B100202B462146CDE919
:10D970000460BDE87040E3F70DBF012070BD08B53D
:10D98000E4F700F9002008BD4088C0F30C00033024
:10D99000800840000430704708B520B1E4F758FB18
:10D9A00000F0010008BD0120FAE708B5E4F796FA97
:10D9B000BDE80840FFF7F0BFF8B506460D460A205F
:10D9C00000211746E4F7F6FD0446E4F787FA60B154
:10D9D000038807816FEA43436FEA5343C0F80A6044
:10D9E0000380C0F80E502046F8BD0446FBE770B532
:10D9F0000E46054611463046E4F7DCFD044635B1D7
:10DA000028B1E4F711FD32462946FDF768F92046B2
:10DA100070BD0088B0FA80F040097047008810B1EE
:10DA2000C9B2E4F78BBD70472DE9F041B0F8008032
:10DA300006460C46D5B2B8F1000F11D02946404633
:10DA4000E4F77CFD2246074629464046E4F78AFD76
:10DA50003A4629462046E4F785FD3480BDE8F0814A
:10DA60000F46F5E738B5058800220446FFF7DCFFCE
:10DA700005B1258038BDF8B507460D460088002160
:10DA80001646E4F75BFDB042044605D12946384608
:10DA9000BDE8F840FFF7E6BF00212046E4F74EFD61
:10DAA000B04205D020460021E4F748FD0446F3E7E4
:10DAB0002A4620460021E4F755FD32462846BDE8B7
:10DAC000F8400021E4F74EBD03461B8808468B4210
:10DAD00002D00021E4F732BD0020704738B504467B
:10DAE00038B10021FFF79AFF002301465D1C09B9F8
:10DAF00098B238BD2046FFF7E7FF2B460146F5E711
:10DB0000F8B5058807467DB1CCB221462846E4F732
:10DB100015FD8542064609D100233B80002221469F
:10DB20003046E4F71FFD35462846F8BD2146E4F7A8
:10DB300005FD214602462846E4F714FDEEE72DE9EF
:10DB4000F04707888246884614465FB33846E4F7B4
:10DB500087FC3D460646E4B221462846E4F7EEFC43
:10DB60004045814616D12146E4F7E8FC21460246AD
:10DB70002846E4F7F7FC474504D1454508BF002592
:10DB8000AAF80050002221464046E4F7EBFC30465C
:10DB9000BDE8F0878742FAD0E4F762FC30444D4696
:10DBA00086B2D9E73E46F2E72DE9F04780460F46B8
:10DBB0000646002402F1FF39BC4202D219F8015F87
:10DBC00025B9A6EB080080B2BDE8F0879A46A5F11A
:10DBD0003102012A5AF8041B10D83246322D02F8BD
:10DBE000011B06D10134A4B2A74232D30912B21CE0
:10DBF0007170013453461646A4B2DDE7342D0CD1C2
:10DC00000334BC42DDDA0B0A317073700B0C090E61
:10DC1000B370321DF170A4B2EBE7A5F13302062A0E
:10DC20000DD8303DADB22B19BB42CADA2A46304678
:10DC3000013CFDF754F815FA84F47219EBE7A5F1ED
:10DC40004102062A01D8373DECE79D8803F1080A16
:10DC5000E9E71646B5E770B5054600880C46E4F7D7
:10DC6000FFFBA04228880AD2E4F7FAFB0023221A1D
:10DC700019462846BDE8704092B2E4F72BBD214614
:10DC8000E4F70AFC002070BD2DE9F843074608467A
:10DC9000154688461C469DF82090E4F7C5FB4619BA
:10DCA000A4B19EB14046E4F7DBFB254485420FDC7E
:10DCB0002246B9F1000F06D131463846FDF70FF87C
:10DCC0000020BDE8F88339463046F7E72120F8E721
:10DCD0001D20F6E738B50546E4F7A6FB04462846BE
:10DCE000E4F7BEFB002201462046BDE83840FFF7BE
:10DCF0007EBEF8B516460C461D46BDF81870E4F712
:10DD000093FB04443046E4F78FFB3A464119204622
:10DD1000BDE8F840FCF7E3BF70B50C46013189B2AD
:10DD20000646E4F77BFD214605463046E4F776FDDE
:10DD300000EB052080B270BD1FB50123ADF80C20AB
:10DD400000930A460223014603A8FFF79DFF05B092
:10DD50005DF804FB2DE9F0410C46013189B206461D
:10DD6000E4F75CFD214607463046E4F757FDE11C29
:10DD7000054689B23046E4F751FDA11C804689B2C0
:10DD80003046E4F74BFD05EB072500EB082005EBDB
:10DD90000040BDE8F0810FB437B5069D0021A8B260
:10DDA000E4F708FC0446E4F73FFB2CB1002207AB84
:10DDB0000193D1B28D4205D8204603B0BDE8304072
:10DDC00004B0704753F8041B81540132F1E773B576
:10DDD00004460D46402000211646E4F7EBFBADF863
:10DDE0000600E4F721FBBDF8063013B9002002B0AD
:10DDF00070BD402133462A462044FFF7D5FE211846
:10DE000089B20DF10600FFF726FF0028EED1BDF81C
:10DE10000600ECE710B41446091B1A462044019B87
:10DE200089B25DF8044BFFF7BFBE08B410B585B0EA
:10DE300007AC54F8043B00940394FFF7EBFF05B0E4
:10DE4000BDE8104001B070470EB403B503AA52F804
:10DE5000041B0192FFF7BBFF02B05DF804EB03B0B7
:10DE6000704700220123C0E900237047F8B504463B
:10DE700001270026F8F71CFE23683BB9F8F71EFEC1
:10DE800000226368012B0ED16360F8BD1D691F611C
:10DE90002660F8F713FE012DF2D02B462D691E6186
:10DEA000012DFAD1E6E719691A610B46EAE7006924
:10DEB000003818BF01207047036823B94068012863
:10DEC00003D0E4F7D9BC002070474FF0FF30704713
:10DED000F8B50546FAF732F8012306460027A86090
:10DEE0002B73F8F7E5FD2B6802467BB11C692169AD
:10DEF000A1420CBF2F60196127611046F8F7DEFDC3
:10DF0000012C08D0204663689847EAE76C68012C2A
:10DF100004D1F8F7D3FD00232B73F8BD6169711AA2
:10DF2000B1F1004FF5D8216969602361E5E702206E
:10DF300070470220704702207047022070477047E8
:10DF4000022070470220704702207047022070476D
:10DF5000002070470144884201D10120704710F829
:10DF6000013B9342F7D0002070470821FAF770BEBA
:10DF700070B50146064692B00020E2F77DFF0446E8
:10DF800070B9FAF726FE054601466A462046E3F7D1
:10DF900069FB6A46294620468DF80260E3F740FE99
:10DFA000204612B070BD00B593B0FAF712FE6A4673
:10DFB00001460020E3F756FB9DF9020013B05DF81F
:10DFC00004FB00B593B0FAF704FE6A460146002050
:10DFD000E3F748FB9DF8000013B05DF804FBE3F79E
:10DFE000FBBA012070470020704707B56846E2F78A
:10DFF000E1FE9DF8030003B05DF804FBF8B50646AA
:10E000000D46E4F739FF0328044621D02846E4F7FB
:10E0100033FF032807461BD010F0020318D1A007D6
:10E020000DD5F90716D401233C43E20704D4318906
:10E030002A89914218BF002303F00100F8BD08228D
:10E0400029463046FCF73BFEB0FA80F35B09EBE76C
:10E050000020F3E71846F1E770B50D4600210646AB
:10E06000FFF7DCFC044630B1E4F7DEF90146284650
:10E07000FFF7C4FF08B1204670BD21463046FFF7C8
:10E0800023FDEFE77FB54FF6FF7101AAE4F7E0FF4C
:10E0900020B1BDF80C0007B05DF804FB4FF6FF702F
:10E0A000F9E708B5FFF7D8FF003818BF012008BD11
:10E0B00008B51046E6F7E4FABDE80840E6F7C4BB49
:10E0C000704770477047704770477047704700212E
:10E0D00000B593B06A460846E3F7C4FABDF80600F7
:10E0E00013B05DF804FB002110B592B004466A46F7
:10E0F0000846E3F7B7FA00216A460846ADF806403D
:10E10000E3F78EFD12B010BD002100B593B06A4652
:10E110000846E3F7A7FABDF8040013B05DF804FB66
:10E12000002110B592B004466A460846E3F79AFA11
:10E1300000216A460846ADF80440E3F771FD12B0CD
:10E1400010BD10B5002486B00494BDF82C40039493
:10E150009DF828400294099C0194BDF82040009449
:10E16000E5F794FA06B010BDF0B587B09DF83C40D5
:10E17000BDF84070BDF844C0029405460E9C0846A8
:10E1800011461A46BDF83430CDE9037CCDE90034A0
:10E19000BDF830309DF84860E5F778FA044670B174
:10E1A0000146002310220120FAF717FB40B1324646
:10E1B0002146284607B0BDE8F040E5F7D3BA19205C
:10E1C00007B0F0BD10B588B09DF83C40069400241F
:10E1D0000594BDF8384004949DF8344003940C9C99
:10E1E0000294BDF82C400194BDF828400094FFF73C
:10E1F000BBFF08B010BD70B50646E5F77DFA0446D2
:10E200003046E8F78BFD2246034600213046F4F7FE
:10E210004BFE0546C0B1FFF789FB04462846E4F7EC
:10E2200003F9E21D121A002329460820D2B2FAF798
:10E23000D4FA0138C0B2012806D829463046BDE8D4
:10E2400070400122E5F78EBA70BD134610B50A463C
:10E2500000210446F4F702FE014628B12046BDE83D
:10E2600010400222E5F77EBA012010BD07B50093E9
:10E2700013460A460021F4F76BFD28B1002103B0D4
:10E280005DF804EBF2F716B9012003B05DF804FB6A
:10E29000F0B50E46114646F6655289B0ADF8182025
:10E2A000044600221846FFF7A2FB054658B306AF06
:10E2B000C4B1FFF729FF02224FF6FF734FF4484124
:10E2C000CDE90172009003957C2007AAADF81C30BF
:10E2D000FFF737FF0146C0B100221046E5F742FACA
:10E2E00009B0F0BDFFF710FF0223CDE90004CDE92E
:10E2F00002734CF6604233467C212046CDE904543B
:10E30000FFF760FFECE71920EAE70120E8E72DE9D5
:10E31000F04F85B00C4690460746FFF704FA0546D5
:10E32000661C3046FBF796F9042D40F08A8038468B
:10E33000FFF7FCFA0378092203F00303012B4FF0E7
:10E340000101204614BF4FF0020B4FF0030BE3F71F
:10E3500067F90922002105462046E3F761F9217893
:10E360008DF80F0001390022204689B2FFF73FFBEC
:10E3700004EB08098246D0B12A4601460DF10F038D
:10E380005846FAF72AFA0228054626D15046E4F7FD
:10E3900067F800222070C0B2431E00929BB2012297
:10E3A00051463046FFF770FC23780133237038461E
:10E3B000FFF7AFF9020424D499F8013021789B07C4
:10E3C0001FD50139A1EB08013A464846C9B2EAF720
:10E3D000F7FA23781844207013E020B920702846FB
:10E3E00005B0BDE8F08F032809D14846FBF732F9A4
:10E3F00020F4007189B24846FBF72EF9D7E70428CC
:10E40000D5D10125002220462178FFF7F0FA0746F2
:10E410000028E4D00023014601221846FAF7DDF96E
:10E42000022819D13846E4F71BF80022C3B2013B99
:10E43000207039460092304601229BB2FFF724FC3F
:10E44000CDE780F0800520F0800081B23046C5F332
:10E45000C015FBF701F9D5E70028C0D12070BEE751
:10E4600008B50020FFF7CDF880F00100C0B208BD6C
:10E470000A4608B501460020E5F774F9B0FA80F0C5
:10E48000400908BD0020E3F7FDBC00210846E3F782
:10E4900077B90020FFF7BCB80020E2F7CBBC70B51D
:10E4A0000446FBF7D7F80422002106462046E3F78E
:10E4B000B7F82044FBF7CEF803220546002120469A
:10E4C000E3F7AEF82044FBF7C5F84FF6FF730540BD
:10E4D000ADB29D4214D1F30712D506220021204689
:10E4E000E3F79EF82044FBF7B5F80446E5F7DEF9BC
:10E4F000844214BF02240624E5F7CCF9204070BD05
:10E500002046FAF712FBC400E4B2F5E708B5FFF7BE
:10E51000C6FF003818BF012008BD01207047012048
:10E52000704710B50446F7F72BFB08B9F7F72EFB39
:10E5300003050FD40C231B2B01D1002009E020FA86
:10E5400003F1C90703F1010206D5DBB2E31A584211
:10E55000584110BD0B23F9E71346ECE710B50C4604
:10E56000098819B90846F4F759FC2080012010BD2C
:10E570000022E5F76BBB08B5104600F02DFBBDE8A7
:10E580000840FAF773B870B504460D46164692B0C7
:10E590006A46E3F767F86A46294620468DF81F6009
:10E5A000E3F73EFB12B070BD00B593B06A46E3F7E7
:10E5B00059F89DF81F0013B05DF804FB07B50DF185
:10E5C0000701E5F71FFE20B19DF8070003B05DF8D5
:10E5D00004FBFF20FAE710B50C46E5F727FF2046BD
:10E5E000BDE81040E5F72ABE0129F8B505460C46FE
:10E5F0001DD003291ED0052920D0072922D00026AE
:10E60000002400270120E2F711FF304485421DDA83
:10E610000320E2F70BFF2044854219DA0520E2F7D8
:10E6200005FF38448542B4BF07200520F8BD6FF0D0
:10E630000406E5E76FF004040526E2E700266FF024
:10E640000407DFE7002405272646DBE70120EDE786
:10E650000320EBE738B5054600242046E2F7E6FE46
:10E660000134A842E4B202D9062CF6D10724204690
:10E6700038BD38B14379490023F00C0301F00C0197
:10E680000B434371704710B5044678B14179408817
:10E69000490801F006010131000AFFF7A5FF024613
:10E6A00001462046FFF7E5FF104610BD0722FBE7B5
:10E6B00038B50D46E5F7A8FE044608B9002038BD78
:10E6C000FFF7E1FF002DFAD1237913F00703F5D00E
:10E6D000984238BF1846C0B2F1E7037923F0070328
:10E6E000194301717047037903F00F0343EA0113E3
:10E6F000037170470022E6F7F5BA0021012208B540
:10E70000E6F7F0FA401A18BF012008BD38B51546E3
:10E71000FFF7F0FF04462846FFF750FF84B1FF28BB
:10E7200004D0626822FA00F3DB0701D5012038BD6E
:10E730000123834013436360E3780133E370F5E71B
:10E740002046F4E7E6F750BD0146102307220120DA
:10E75000E4F7BCB910B5E3F767FE00F110042046FA
:10E76000FAF778FF20F4007189B22046BDE8104026
:10E77000FAF772BF2DE9FF411546019101218DF88D
:10E780000D301B0A8DF80E309DF82C308DF80C00E2
:10E790008DF80F3028460423009103AA9DF82880A5
:10E7A0009DF830709DF8346001F039FE044670B178
:10E7B0002946FEF7F2FFB8F1000F02D12046FFF71D
:10E7C000C9FF2FB146B931462046F1F773FE002448
:10E7D000204604B0BDE8F081002220461146E6F74D
:10E7E00085FCF4E74FF47A70E6F7D8BDF0B506463D
:10E7F00087B010461C460F461546FFF797F89DF860
:10E800003030184443789CB16178012211F0020F36
:10E810000CBF032100210020CDE90142CDE9031006
:10E820000722394630460095E6F760FE07B0F0BD96
:10E8300022462146EFE708B5E4F7CEF8BDE80840E8
:10E840000020E7F78FB81FB504466846FFF77CFF46
:10E8500054B100238DF805301023072269460020AB
:10E86000E4F734F904B010BDFFF731FCADF8060051
:10E87000FFF74AFCADF80000EEE708B5FFF7E3FF4D
:10E88000002008BD00B58BB06846FFF75DFF009B18
:10E89000BDF8060004A90693E6F70AFD0BB05DF883
:10E8A00004FB1FB504466846FFF74EFF02AB03CBDF
:10E8B0002060616004B010BD1FB5062304468DF8CA
:10E8C0000C30E7F7D5F900238DF80D00CDE90033C2
:10E8D00001210223204603AA01F0A1FD04B010BDCE
:10E8E00070B50C4605460120E8F754F9237B4BB17F
:10E8F000FFF7EDFB014623462A46BDE870400120A4
:10E90000E7F7F4BB4FF6FE71F5E71FB50A230120C8
:10E910001A4601A9E4F7DAF84FF6FF73BDF80C20A8
:10E920009A420AD00822FF2101A8FFF713FB80F0CA
:10E930000100C0B205B05DF804FB0020FAE7F8B5AD
:10E940000E460746FEF7F2FF0546FAF783FE00F48F
:10E950004040B0F5404F14BF0022062202F10A03E6
:10E96000EB5C0B325C0004F00E045B08144403F013
:10E97000380338461C44FEF7DEFF844208D2001BF1
:10E98000C2B20F2A28BF0F2230462919FCF78AF994
:10E990002046F8BD13B5F2F72FF86946044601F09A
:10E9A000A0F958B1FFF793FB40B1E4F757F928B14C
:10E9B0000023022269462046EFF790FB02B010BD0B
:10E9C000FF224FF6FF71E9F79BBA37B505460C46B3
:10E9D0000823092269460120E4F778F815B19DF86B
:10E9E00006302B700CB1009B2360BDF8040003B00F
:10E9F00030BD07B500210DF10700FFF7E6FF9DF8D8
:10EA0000070003B05DF804FB07B508238DF8060086
:10EA1000ADF804100092694609220020E4F756F888
:10EA200003B05DF804FB13B5044601A90020FFF70D
:10EA3000CCFF019A01462046FFF7E6FF204602B0D0
:10EA400010BDF0B50F46002187B0044608461646B3
:10EA5000FFF7BBFF012305460DF10A008DF80840C2
:10EA60008DF80930FFF71DFF092C1DD131460DF13E
:10EA70001200FAF7F1FD05AB002102AA9B1A284605
:10EA8000CDE90011DBB2642101F0C9FC0546E0B11B
:10EA9000092C15D1E9F716FC044688B12846E9F798
:10EAA00025FC204607B0F0BD31460DF113008DF86E
:10EAB00012704FF6FF75FAF7CFFD0DF11503DBE786
:10EAC000284600F02EF80446EBE70446E9E77FB558
:10EAD0000D461646ADF80E00E3F7C2FC841BE4B207
:10EAE000BDF80E20631B9BB2104629460093731994
:10EAF000FFF7FFF821460DF10E00FFF7ACF804B068
:10EB000070BD38B504460D4601F026F940B1AC425F
:10EB100006D02046F1F7F2FFBDE8384001F0A7B972
:10EB200038BD10B50446FEF701FF0230FAF792FD3A
:10EB30004FF6F7739842204603D9BDE81040E9F735
:10EB400057BDE9F7A1FDB0FA80F0400910BD0022E1
:10EB5000E9F772BC70B50546FEF7E8FE06462846A2
:10EB600001F081FC01462846E3F758FE044628469A
:10EB7000FEF7FDFD4FF6F773984208D8337803F09F
:10EB80000303012B05D1A31E5842584170BD01203B
:10EB9000FCE70020FAE741F2033330B585B00D46BB
:10EBA000ADF808300446FFF792FA8DF80A00FFF737
:10EBB0008EFA0021000A8DF80B0005232046CDE9CE
:10EBC000001102AA8DF80C5001F029FC10B1214669
:10EBD000FFF7BDFF05B030BD70B504460D46D9B195
:10EBE0003F294FF0000600D135462046FEF79BFD39
:10EBF000082813D101212046E3F7A0FC0646E3F7DD
:10EC00002FFC04463046E3F70FFC2A460146E0B2EB
:10EC1000BDE87040FAF788B80126E6E72046FEF71F
:10EC200082FD024630B9BDE870404FF6FF71012009
:10EC3000F9F7D5BF2046FEF787FDB0F5006F0ED17E
:10EC40002046FEF794FD4FF6FF739842014617D019
:10EC5000002D0CBF032005200022F9F7C0FF294634
:10EC60002046E6F701FB68B929462046EBF7CAF9CA
:10EC700040B9324629462046BDE87040E9F7F4BF66
:10EC80000120E9E770BD01460320EDF733B837B541
:10EC90004FF6F675F9F7DAFF431E9BB2AB42044616
:10ECA000F8D8E5F7B1FB0028F4D169462046E4F72F
:10ECB0004BFC0028EED0204601F0D5F90028E9D120
:10ECC0002046FFF71AFD0028E4D12046EBF702FAB0
:10ECD0000028DFD1204601F03FF80028DAD1204695
:10ECE000DDF7CEFD0028D5D1204603B030BD73B589
:10ECF00004460E46EBF7EEF9054688B92046EBF7D9
:10ED000043FA21462B460D224FF6FD70009500F088
:10ED100056F83146204602B0BDE87040EBF7F6B930
:10ED200002B070BD37B5054614460C2914D8DFE88B
:10ED300001F02C132C1313130713131313242400A3
:10ED40006946E4F701FC18B901216846EFF7AEFD0A
:10ED500041202946F5F7D8FED4B12046FEF7E6FD5E
:10ED60000230FAF777FC4FF6F773984210D9204635
:10ED700003B0BDE83040E9F75BBE40F6144040F612
:10ED800013430B2908BF1846E3E7F3F773FAE3E7E9
:10ED900003B030BD1FB50346084603218DF80D3082
:10EDA0008DF80C1001230021ADF80E20CDE90031C3
:10EDB00003AA042301F033FB05B05DF804FB2DE941
:10EDC000F34106460F4614461D469DF82080FFF786
:10EDD0007EF9B04207D100222146384602B0BDE894
:10EDE000F041FFF79FBF3A4631462046FFF7D2FF7A
:10EDF000ADF8060060B10D2C05D100224FF6FF7171
:10EE00002820F9F7ECFE35B9BDF80600FFF789FEBA
:10EE100002B0BDE8F0810123424629460DF106000B
:10EE2000E3F758FCBDF80630002BEDD1F0E7F7B55D
:10EE30000C460546FEF77AFD611C06462846E3F7B8
:10EE4000EDFCA11C07462846FEF766FF0146044676
:10EE50003846F9F747FF0D2F34D12046EBF73AF942
:10EE600078B1301DFAF7F6FB04462846F679FEF72E
:10EE7000C0FC31460246204603B0BDE8F040FFF733
:10EE800045BCB01CFAF7E6FB4FF6F773984202D97F
:10EE90002846E9F7CDFD2046EBF776F9FFF717F99D
:10EEA000A04205D1002003B0BDE8F040EBF7B0B9B7
:10EEB0006B46B068F16803C369462046EBF726F954
:10EEC00003B0F0BD2A463946204603B0BDE8F04005
:10EED000FFF728BF14220021FBF71BBF2DE9F04FDD
:10EEE00011F00F0704460E4615468FB05CD1012085
:10EEF000D2F7CAF809A8D2F76FF8092309A88DF844
:10EF00002430D2F775F809A8D2F792FB01A909A815
:10EF1000FAF72BF926F00F08A84404F1100904F1C0
:10EF20000F0A454511D1236901A93344236109A87A
:10EF3000FAF7FCF80020D2F7A7F8B6F1005F28BF77
:10EF4000272738460FB0BDE8F08F05AA234696461E
:10EF50009446186859680833ACE803004B4562468C
:10EF6000F6D12B46224605F1100B53F8041B5B45E6
:10EF700042F8041BF9D1714609A8FAF7D7F809A895
:10EF8000D2F756FB224621460120D2F7E7FB013D8E
:10EF9000631E13F8012F15F8011F534582EA010281
:10EFA0001A70F6D15D46BCE70227CAE7F0B51746EE
:10EFB00085B005460C46102200216846FBF7A9FEE5
:10EFC000BFB3C4B30F2C04F00F0608D924F00F040C
:10EFD0003A4621462846FFF781FF40BB2744324688
:10EFE00039466846FBF75EFE80222F6906F1100362
:10EFF00037446B44B7F5005F03F8102C2F61C6F15E
:10F0000010061AD3062E1FDDFB001A0E8DF80A20FB
:10F010001A0C5BBA8DF80B20ADF80C306A46102143
:10F020002846FFF75BFF00202B69103B2B6105B0E2
:10F03000F0BD3E46D8E72646D6E7022E04DDFB00AB
:10F040005BBAADF80E30E9E76A4610212846FFF7B3
:10F0500045FF2B691022A3F11004002168462C61A2
:10F06000FBF757FEB7F5005F4FEAC403CDD2E7E7E1
:10F0700070B50E46054686B001A81446FFF72AFF74
:10F080003246294601A8FFF791FF2246054601AB0B
:10F0900005AE1C4603CCB44210605160234602F119
:10F0A0000802F6D1284606B070BDEBF74FB90A4604
:10F0B0000021EBF74BB9F0B58BB00C4601A9EBF78B
:10F0C00045F9054680B325220021E01CFBF721FE0F
:10F0D0000123A3700E23BDF810702380FA0510D50C
:10F0E00023464FF4877206AE23F8042B0DF1280C4B
:10F0F000324603CA624518605960164603F1080398
:10F10000F6D13B0605D5238843F080032380069B78
:10F11000636001AB03CB039BC4F81D00C4F821104E
:10F12000A361ECF71BFC606128460BB0F0BD30B565
:10F1300005460C4687B001A8D1F74EFF28686968DC
:10F1400002AB03C39DF8113043F002028DF8112089
:10F1500074B12288510644BF43F006038DF8113084
:10F16000530542BF9DF8113043F008038DF811306C
:10F1700001A8F9F78EFFB0FA80F0400907B030BD62
:10F1800070B58AB00D46002201A90446EBF7DEF8FF
:10F1900088B1204604A9FFF7CAFF60B1BDF810602E
:10F1A000FEF795FF38B9720601D5730503D52946D8
:10F1B0002046F9F7BDFD0AB070BD2DE9F3410F46B9
:10F1C00005461646E3F74CF94FF00008C41BE4B2BD
:10F1D000294623463A463046CDF80080FEF754FDD6
:10F1E00001212846E3F7AAF988B101212846E3F76F
:10F1F000A5F90746E3F734F90546C3B2424630198C
:10F200003946CDF80080FEF73FFD2544ECB220469C
:10F2100002B0BDE8F0812DE9F04F85B00C460546FF
:10F2200091461F464FF0010ADDF838809DF83CB04A
:10F23000E3F716F922463B4629460646CDF800A0DC
:10F240004846FEF721FD51462846E3F777F93C444E
:10F2500018B351462846E3F771F9F6B2B442814635
:10F2600010DAE7B2F31BDBB2404622462946CDF85E
:10F2700000A003935F44FEF707FD039BBF1B984468
:10F2800007F0FF0B012300220E9349465B464046E0
:10F2900005B0BDE8F04FFEF7F7BC5B4622462946B5
:10F2A000CDF838A0F3E72DE9F041002686B00746F7
:10F2B00008460C4615469846CDE9026604968DF838
:10F2C0001460E3F7CDF8411BCBB20D2B28BF0D2303
:10F2D0002A462146009602A8FEF7D6FC424602A91D
:10F2E0003846EBF7C3FA0646294620469DF8082023
:10F2F000E3F7A8FA304606B0BDE8F0812DE9F04FFB
:10F300000F461546ADF5057D0DF1100881464246C4
:10F31000294638469A46FFF750FF041FE4B2F82CFE
:10F3200004D900200DF5057DBDE8F08F5545F8D8CE
:10F33000B9F1000F36D0AAEB0506F6B2B4420ED9E9
:10F3400004230193A5EB0A032344DBB208EB060276
:10F350000093012100238E980292D2F7E7F94FF033
:10F36000040B0DF5887A334642460121CDE9004B66
:10F370008E98CDF808A0D2F7D9F95A468F990AEBA2
:10F380000400FBF79CFC03460028CAD1B9F1000F2A
:10F3900006D0024629463846CDE90084FFF73BFFF8
:10F3A0000120BFE72646DAE72DE9F04F0E46CBB045
:10F3B0000121054617461C46E3F7C0F823463A46A6
:10F3C0002946814606A8FFF76EFF0DF1280A00EBDB
:10F3D000070B5246314628465FFA8BFBFFF7EDFEDE
:10F3E000B34503D200204BB0BDE8F08FABEB06086D
:10F3F0005FFA88F808F104039842F3DB331F1844DE
:10F400000423C4B20193A31BDBB2009352464346CC
:10F410000021CDF808A006A8D2F788F90028E1D18C
:10F42000A4EB0B040AEB0803E4B25246284631462B
:10F43000009301944346FFF7EEFE39462846E3F772
:10F44000EDF9394600F0F8022846E3F7FBF901210F
:10F450002846E3F773F8002818BF4D462846ADF854
:10F460001650E2F7FDFF011FC9B20DF11600FEF7BD
:10F47000F2FB0120B7E72DE9D841064600F0F3FF83
:10F48000411C044689B2304600F0C0FF98B394B3E3
:10F4900021463046E3F7C2F900F00C03042B07467F
:10F4A00029D000F00308B8F1020F00D11BBB384689
:10F4B00001F063F83B060444A4B216D5611C304643
:10F4C00089B200F0A3FFB0B121463046E3F7A6F9B8
:10F4D000B8F1010F014600F003030CD0032B0AD052
:10F4E000384601F059F803199CB221463046BDE870
:10F4F000D84100F08BBF0020BDE8D881F8B50646A2
:10F5000000F073FF054604463046FEF70FFA4378D5
:10F510005B0718D5AC1CA4B22146304600F076FF3C
:10F52000B8B129463046E3F779F90746691C3046F9
:10F5300089B2E3F773F91FB1874201D8FF2808D1D8
:10F5400004EB4704A4B221463046BDE8F84000F081
:10F550005DBF0020F8BD13B5044601A8EBF7CEFB54
:10F56000BDF80430DA0710D49B0707D4102200211D
:10F57000204602B0BDE81040FBF7CBBB2246214637
:10F580001020FFF775FD0028F0D102B010BD024633
:10F5900008B5EBF7DFFB510544BF0838C0B21305CF
:10F5A00044BF0838C0B208BD01460120ECF7A2BB39
:10F5B000F0B5D30705460C468BB04AD5008800F05D
:10F5C00052FF00230646029314B9CDE9034403AC6D
:10F5D000002208212046FEF7BDFCA8B12888FEF7CE
:10F5E000A5F90230FAF736F821460746E3F7ACFFF3
:10F5F00050B1002240231146384600F052FB40F63D
:10F60000094528460BB0F0BD31462888E3F706F9D6
:10F6100010F0030F0CBF01260026EAF7DBFE46EAD6
:10F620004000C0B200900021204602AB05AAECF7D2
:10F6300015FE0546EAF7CEFE0028E2D0002DE0D008
:10F6400000212046009602AB05AAECF707FE05460E
:10F65000D7E740F60A45D4E72DE9F04F1D460023D1
:10F660008BB00C4617460646ADF8243010B1A1F118
:10F670000904E4B2002221463846FEF7B8F9ADF895
:10F680002600002800F0B8800021E3F7C7F88306C1
:10F6900040F1B4800020E2F7E3FE80460020E2F76C
:10F6A000C3FE0023024600934FF6FF7004235FFA67
:10F6B00088F1FEF7EEF8ADF82400002800F09880FD
:10F6C0000EB10534E4B204F1100109A8FEF7C3FA43
:10F6D000044600284ED103461021BDF82620BDF86F
:10F6E00024000095FEF705FBBDF82620002E1046ED
:10F6F00014BF4FF0050B4FF0000BBDF824A007928C
:10F70000E2F7AEFE05F11009401B80B2CB442B4658
:10F710005946079A00905046FEF7EBFA0DF1230385
:10F720000193149BCDE903440294009310202346D7
:10F7300009AA5FFA89F18DF82360ECF725F9C8462C
:10F740000446B8B9BDF824002EB3E2F789FEA0F153
:10F750001005EDB229460DF12600FEF77CFA0028CF
:10F7600048D110232146BDF82420BDF8260000957D
:10F77000FEF7BFFABDF826504DB12846E2F770FEFD
:10F7800000220346294638460092FEF77DFA2046BD
:10F790000BB0BDE8F08F4946E3F740F810F0200FBA
:10F7A000BDF8240014BF4FF00D094FF00509E2F732
:10F7B00057FEC5F1F0060644A6EB09062146BDF842
:10F7C0002420BDF82600F6B210230095FEF791FA2A
:10F7D0002946BDF82600BDF82420009609EB080351
:10F7E000FEF787FAA9190DF12600FEF734FAC1E7F2
:10F7F0001924BFE70446BDE71924C8E70224C6E779
:10F8000001461A2308220120E3F760B900231A46B3
:10F81000ECF780BC38B5002204460D46FEF79AFB93
:10F8200050B9FF2229462046FEF794FB80F00100E4
:10F83000C0B200F0010038BD0020FAE730B58BB04F
:10F8400005AD04462846D1F7C7FB0223284601A987
:10F850008DF81430F9F789FC234601AA144603CC2D
:10F86000AC4218605960224603F10803F6D10BB090
:10F8700030BD08B50023024619461846ECF74AFC8D
:10F88000012008BD37B504466846ECF7B9FC0546CB
:10F8900048B1082221466846FBF711FAB0FA80F019
:10F8A000400903B030BDFF2208212046FEF752FB7D
:10F8B000034628B106212846FFF7A8FF0120F0E7FC
:10F8C00022460146ECF726FCF8E707B56846ECF758
:10F8D00097FC10B16846F9F716FE00F0010003B07E
:10F8E0005DF804FB0120EDF7B5B9704737B5044664
:10F8F0000846FDF758FF0546FEF7E9FB00230146E1
:10F90000009322462B460120F2F70CFF03B030BDD6
:10F910002DE9F04114464FF0010894B006460FA8B7
:10F920000F46D1F759FB01A88DF83C800BADD1F7FC
:10F9300027FCF4B1002329460FA803AC8DF83D3015
:10F94000F9F713FC95E80F0084E80F009DF80650C6
:10F95000334604F11006224603CAB24218605960C9
:10F96000144603F10803F6D100203D7014B0BDE841
:10F97000F08129460FA807AC8DF83D80F9F7F5FB1B
:10F9800095E80F009DF8075084E80F00E0E730B5D8
:10F990000124054689B003A8D1F71EFB01A88DF804
:10F9A0000C40D1F7EDFB9DF806209DF80730AA42E8
:10F9B00009D0AB4209D103A88DF80D40D1F738FE2C
:10F9C000012009B030BD0024F5E70020F9E700224E
:10F9D00008B511461046EDF7A3FCBDE8084000212C
:10F9E0004FF6FF70FFF712BF00221021FEF7B2BAE8
:10F9F0007FB50D4602460D2317216846F8F708FB30
:10FA00006B462A4602AE1C4603CCB44210605160DD
:10FA1000234602F10802F6D12068106023791371A1
:10FA200000236B7304B070BDF0B585B06C4606461C
:10FA30000B46224601F10807254618685968083325
:10FA400003C5BB422C46F7D11868314628601B79A4
:10FA500017202B710D23F8F7E4FA05B0F0BD38B587
:10FA600004460D46D0F7B2FDA04205D920462946EE
:10FA7000FFF7BEFF002038BD2820FCE730B500248A
:10FA800085B08DF80040D0F7A1FDE5B2A84204D8BA
:10FA9000EEF770FD002005B030BD69462846FFF73F
:10FAA000C3FF0134EFE738B504460020F0F7F6FF56
:10FAB000FF2805460FD0F1F7B1F810F0010009D08A
:10FAC0002846F1F7ABF8400840EAC17080F0010029
:10FAD00000F0010038BD04F00100FBE70146F8B575
:10FAE00006460020EEF780FCFF2801D00120F8BD7B
:10FAF000D0F750FD00240546871CD0F74FFDE3B238
:10FB0000984201D80020F2E735F82430B34203D1FF
:10FB100017F82430002BE9D10134EEE738B50D4653
:10FB200001210446E2F70AFD30B101212046E2F747
:10FB300005FD2880012038BD20462C8000F089FD7D
:10FB40000130C0B2F7E72DE9F04788B00746894693
:10FB500010460DF10A011D469046FFF7DFFF4FF0FA
:10FB6000000ABDF80A6004463046CDE905AACDF882
:10FB70001BA0E2F775FC031BDBB20B2B28BF0B238A
:10FB800022463146CDF800A005A8FEF77DF848F2E0
:10FB90001F039D4243D00BD885F40043012B15D998
:10FBA00023464246494628460097F9F7C4FC33E00D
:10FBB00048F23A039D42F3D1FEF789FAB8422BD0BE
:10FBC0002246414605A8F4F7CFFA25E09DF8143007
:10FBD00013BBBDF81D40DDF81500DDF8191003ABAF
:10FBE00003C3204603A9D0F723FF0122204603A91F
:10FBF000EAF742FBA74206460ED0012103A8EEF722
:10FC000055FE48F201039D4206D12EB933463246D5
:10FC10003946204600F066FE08B0BDE8F0879DF842
:10FC20001450002DF8D12F469DF815800234EAB209
:10FC30004245F1D2D200D2B222440823314692B2D8
:10FC4000009703A8CDE90377FEF71EF803A8F0F7A5
:10FC500003FFF0F753FF00F00AF90135E7E708B5B5
:10FC6000E2F7BAFEBDE80840EFF764B810B500242B
:10FC7000418084800480C280038110BD13B5BDF82B
:10FC80001040CDE900340023EFF7BCF902B010BDFD
:10FC900013B5BDF8104001900094EFF7B3F902B02E
:10FCA00010BD07B500930123FFF7F2FF03B05DF825
:10FCB00004FB0121F0F7FEBB08B500F00EF8FF28A9
:10FCC00004D0F0F7ABFFC0F3C00008BD0120FCE793
:10FCD00001464FF6FF70F0F70FBB01460020F0F72A
:10FCE000DDBE10B50C46F0F709FFFF2808D0F0F78D
:10FCF0009BFE20B10368236043680120636010BD50
:10FD00000020FCE710B50446FDF71EFDB0F5006FBE
:10FD1000204605D1FDF72BFDBDE81040F0F7EEBE03
:10FD2000FDF741FDBDE81040FFF7D7BF08B5F0F77C
:10FD3000E5FEFF280CD0F0F771FF10F0010309D0A9
:10FD4000400840EAC17080F0010000F0010008BDE9
:10FD50000020FCE71846FAE708B5F0F7CFFEFF38B9
:10FD600018BF012008BD08B5F1F7ACF9002008BDA7
:10FD700030B585B005460C46D0F734FCA8421CD9F6
:10FD80002068616801AB03C36389ADF80C30237A46
:10FD9000022B10D0DA1E53425341DA0000231A43DB
:10FDA00018208DF80E200B23294601AAF8F739F9FF
:10FDB000002005B030BD0022F1E72720F9E71FB58C
:10FDC00002460B2301A81821F8F722F99DF80E002E
:10FDD00005B05DF804FB30B589B001F0010503A959
:10FDE0000446F1F7E1FA9DB190B92046F0F716FF0D
:10FDF00010F0010109D02046F0F710FF430843EA54
:10FE0000C17383F0010303F0010103A8EEF74EFD77
:10FE10002046F2F7A3FA9DF81430294600932046B5
:10FE2000BDF8162003ABF8F72DFF09B030BD30B593
:10FE300085B00C460546F0F7DFFDA04215D04FF621
:10FE4000F7739C4211D80B232A46182101A8F8F712
:10FE5000DFF8294618200B2301AAADF80C40F8F76B
:10FE6000E0F821462846F0F763FE05B030BD10B536
:10FE70000446D0F7B7FBA0420FD92046F0F7BCFDEF
:10FE80004FF6FF73984208D020460021FFF7A3FFEA
:10FE90002046BDE81040F1F7DFBA10BDF0F72EBEE6
:10FEA000F0F7AABD4FF6FF73984210B50C4605D087
:10FEB000FEF784FBFF2801D0E4F7B8FA34B12046FE
:10FEC000BDE810404FF6FF71E4F7B4BB10BD38B584
:10FED000014605460020F0F7E1FD04464FF6FF71AC
:10FEE0002846E4F7A7FBFF2C04D02046F1F7B4FA2C
:10FEF000002038BD0120FCE710B50446FEF7E7F806
:10FF0000002102462046BDE81040F1F715BC2DE95E
:10FF1000F04114460F4605469846FDF707FD064694
:10FF20000430F9F797FB20802846FDF762FC6080DB
:10FF3000B379791CE372C9B22846E2F76FFCB91CA9
:10FF4000A072C9B22846E2F769FCFE1C2072F6B224
:10FF5000B8F1000F18D031462846FDF7DDFE053711
:10FF6000FEB23146A0802846FDF7D6FEB11CE080E7
:10FF7000C9B22846E2F752FC6072217AA0880122B9
:10FF8000BDE8F041F2F7F8B82088EAE72DE9F04142
:10FF900086B090461E4604460D46FEF798F84FF68A
:10FFA000F7739845074632D80523A0428DF80C30E8
:10FFB0004FF0010214BF012300234FF0000118BFCE
:10FFC0008DF80D30CDE9002114BFADF80E008DF88D
:10FFD0000D30284614BF0423022303AA00F01FFAA1
:10FFE0000546A0B1A7421AD0FDF7A0FC074621465E
:10FFF0000430803EF9F730FB2046FE7104A9FFF77C
:020000040804EE
:1000000070FE40B9204604A9E2F7C2FF18B90020EB
:1000100006B0BDE8F081284604A900F08FFA4146F9
:100020002846FEF794FDF3E7037923F00303194311
:1000300001F03F010171704707B50DF10701F1F7BC
:1000400041FF03B05DF804FB08B5FFF7F5FF18B1F9
:10005000BDE80840F1F786BF08BD00224FF6FF70EB
:100060001146F2F789B810B50446FFF7E5FF0246DE
:1000700038B901462046F2F77FF8003818BF012052
:1000800010BD0120FCE7F8B5174604460E46FFF701
:10009000D3FF0546386068B1037903F0030333707A
:1000A00023B93A68137903F03F0313713B685C8806
:1000B0002046F8BD01462046FEF7FAFA074628B169
:1000C000E4F720FC874201D83570F1E7314620463D
:1000D000F9F72BFA0028EBD003234FF6FF743370A7
:1000E000E6E707B501AA0DF10301FFF7CCFF9DF884
:1000F000033053B9019828B1037913F0300F14BFBE
:100100000120002003B05DF804FB0020FAE72DE990
:10011000FF410646104688461546F0F79DFC074607
:10012000FDF7D5FF044648BB4FF6FF739E4225D02E
:100130009F4206D00146384604B0BDE8F041E7F7DB
:10014000EFBF07238DF804302B680246CDF8053049
:100150006B68092101A8CDF80930FDF748FC02467B
:1001600018B9192004B0BDE8F0810123414630469A
:10017000EDF768FA0028F4D02046F3E70220F1E713
:10018000F2F72AB907B5024669464FF6FF70F2F753
:1001900023F903B05DF804FB2DE9F04390460F46C8
:1001A00006464FF0010991B00BA803ADD0F714FF3C
:1001B00007AC29460BA8ADF82C90F8F7D6FF95E8C8
:1001C0000F0084E80F004B46002239463046CDE947
:1001D0000048EDF74FFB11B0BDE8F0832DE9F04F7B
:1001E000002785B081460C467E2039469846BDF8EA
:1001F0003CB09DF844A0BDF84C500192ADF80E7093
:10020000E2F7D8F90646002800F0AA80E2F70CF9D8
:1002100039467E22FAF77DFD3046E2F705F9009077
:100220003046E2F701F9B9F1FF0F0CBF274644F061
:1002300003073B0A14F44062077043705FD14FF02C
:100240000808C31C184642460199FAF748FD0346C0
:1002500004F44044434484B1790606D419464FEA75
:100260001B2201F802BB5A700B46B4F5004F56D062
:10027000A4F5404254425441E400224618460E99E7
:10028000FAF72DFD009A03462044A0EB02085FFA1E
:1002900088F89DB14FF47C521A53841C2846E2F72B
:1002A000C3F883462846E2F7DBF8C5B22A4659462A
:1002B0002046FAF7F7FC60190235EDB2B9F1FF0FED
:1002C0002FD05246109900F8019BFAF7EBFC08F189
:1002D00001015AFA81F129443046E2F7DDF80C2198
:1002E0000022FF0007F0800710463943FDF7FCFAB3
:1002F000ADF80E00E8B9002005B0BDE8F08FB2F50A
:10030000006F80F803804FEA182880F8048000F11D
:10031000050314BF4FF008084FF0020892E70224CB
:10032000ABE708EB0A0129443046E2F7B5F80821AB
:10033000D6E73046E2F778F804463046E2F790F820
:100340000123024621460DF10E00E2F7C3F9002811
:10035000D1D10121BDF84820BDF80E00E2F702F925
:10036000BDF80E00C8E710B50C46098821B908464B
:10037000F2F754FD208008B1012010BD0220FCE7F7
:100380002DE9F7430F46012181461646E2F7D6F8DC
:10039000054658B1FDF79EFC308088B92846E2F743
:1003A0005FF868B1192003B0BDE8F0834846E2F772
:1003B00057F8FF2FA0EB0704E4B214D014B934802F
:1003C0000020F0E72A4621462846FDF710FB80462C
:1003D0000028E7D03B464A4629460094FDF789FCB1
:1003E000A6F80080ECE70120DDE708B5FDF79EFAEE
:1003F000437803F001001A074CBF10300830DB06C9
:1004000044BF0830C0B21030C0B208BD10B50C46B1
:10041000E2F726F8A04234BF0020012010BD7FB5CE
:1004200014460091024641F2092141F609209DF847
:1004300020601D46002E18BF0146099B0020F3F7DF
:100440004DFAADF80E0010B9002004B070BD0123C4
:100450002A4621460DF10E00E2F73CF90028F3D1BF
:10046000BDF80E00F1E738B50546FFF7BEFF0446BC
:100470002846E1F7F5FF631C9BB283420FD828465C
:10048000FDF754FA43785B0707D521462846E2F783
:10049000C5F9013004EB4004E4B2204638BD002425
:1004A000FBE71FB5ADF80E00E1F7DAFF0446BDF833
:1004B0000E00FFF7D8FF00F10E03DBB2E4B2BDF887
:1004C0000E200146E01A80B200901046FDF711FCA4
:1004D000A4F10E0189B20DF10E00FDF7BCFB04B0D2
:1004E00010BD4278034612F0080006D0D20702D4AD
:1004F00003F10800704703F10900704737B505465E
:100500000C46FDF713FA437813F0100212D09CB199
:1005100003F001021B074FF0000329460093204619
:100520004FF0080354BF18322032FDF7ADFB012015
:1005300003B030BD1046FBE72046F9E773B505462A
:100540000C46FDF7F3F9437813F0100211D094B183
:10055000012603F001021B0729464FF0080320463D
:1005600054BF183220320096FDF78EFB304602B0A1
:1005700070BD1046FBE72046F9E700F00303012BAE
:1005800008D0C30606D400F00C000C2814BF0820C5
:100590000920704702207047034611F0030005D080
:1005A00003F00303022B14BF022003207047F8B5A9
:1005B0000C460646E1F754FF631C834202D900252E
:1005C0002846F8BD21463046E2F728F90746FFF7EE
:1005D000D4FF3B060546F3D504443046E1F740FF1F
:1005E000A4B2631C9BB28342E9D821463046E2F7AD
:1005F00015F901463846FFF7CFFF2844C5B2DFE7BB
:1006000070B506460D46FFF7D2FF044610B9002428
:10061000204670BD29463046E2F700F98206F7D53C
:100620003046E1F71DFF2544ADB26B1C9BB28342FF
:10063000EDD829463046E2F7F1F800F01803082B10
:1006400014BF05340634E4B2830644BF0834E4B270
:10065000DEE738B50546FFF706FF044608B9002077
:1006600038BD01462846FFF7CBFF0028F7D02044CD
:10067000C0B2F5E72DE9F04387B005460C46FDF71B
:1006800055F98046F8F7E6FF07462846FFF7EBFEE8
:10069000064601462846FFF78AFF002203460092DD
:1006A0002946324602A8FDF7EFFA9DF8086006F0E9
:1006B0000C030C2B06F003090BD0B9F1010F59D034
:1006C000F10657D49DF809300DF10A050020637139
:1006D00007E0FF230DF109006371F8F7BBFF0DF18F
:1006E0000B05208198F80130DA0704D508F10200E3
:1006F000F8F7B0FF2081B9F1010F5FFA89F83DD01A
:10070000F3063BD42846F8F7A5FF6080A81CF8F74D
:10071000A1FF053515F8013C208023712B78B00628
:10072000A37206F0400348BF43F02003390627D5E3
:1007300043F40073F80448BF43F48063390548BFAD
:1007400043F400633206E38011D56A7812F00302A5
:100750000DD06FEA43436FEA5343A978B8F1020F13
:10076000E3800B4611D1EB7841EA0321218107B0E8
:10077000BDE8F083FF230DF10905A7E7FF23CCE7D0
:100780007A0648BF43F48073D4E7012A04BF0B0202
:100790009BB22381EBE773B50546E6F719FB0646E6
:1007A0002846E6F7BBFA04463EB330B32846E2F7E4
:1007B000A3FF00960246234600212846F2F7CCFB11
:1007C0000646D0B1FDF7B2F804463046E1F72CFEFC
:1007D00004F10D02121A002331460820D2B2F7F7B5
:1007E000FCFF0138C0B2012807D801223146284653
:1007F00002B0BDE87040E2F7B5BF02B070BD00B511
:1008000089B00B4605226946F4F73AF8023818BF5A
:10081000012009B05DF804FB037810B5044643B924
:1008200001220270427843601A2A03D1CFF716FFE3
:10083000208110BD0370FCE738B50378044663B926
:1008400001220270427843601A2A0CD10589CFF741
:1008500005FF854202D92123636038BD207ABDE8B7
:100860003840CFF701BF0370F7E7F8F73FBA002031
:1008700070477047F0B505462F4687B00C4602A872
:1008800059211646F8F7E8FE37F8021B0DF10A0069
:10089000F8F7E2FE0022D5F80200796803AB03C343
:1008A000AB890F21ADF814306300CDE9002203F0CD
:1008B000FE03324602A88DF81640DFF7F3FA07B0C0
:1008C000F0BD002108B50846E1F774FE00280CBF12
:1008D0001920002008BDF4F785B80020F4F7E0B82F
:1008E000F4F7B0B90BB1F4F719BA0AB9F4F792BA40
:1008F000FF21F4F7BBB970B50546837808462E464C
:100900000C4600F8013B36F8041BF8F7A5FE082258
:100910003146E01CFAF7E3F9EB780120E3722B7B18
:1009200004F10E0123736B7B63732A69F8F798FE59
:100930006A69012004F11201F8F792FE298B04F193
:100940001600F8F789FE082205F11C0104F11800D1
:10095000FAF7C5F9A98C04F12000F8F77DFEE98CBF
:1009600004F12200F8F778FE95F8283084F8243056
:1009700095F8293084F8253095F82A3084F8263007
:1009800095F82B3084F8273070BD0B4611461BB10B
:10099000012B03D021207047F4F746BCF4F74CBE7E
:1009A000F0B507460D4695B00021144601A84C222B
:1009B0001E46FAF7AEF9B62101A8F8F74DFE384603
:1009C0000DF10601FFF797FF0DBB23686189CDF894
:1009D0002F3063680EA8CDF83330237A8DF82E506F
:1009E0008DF83730F8F738FEA1890DF13A00F8F7A5
:1009F00033FEE389ADF83C3030460DF13E01FCF7A3
:100A0000A9F84C2101A8FCF7EEFA15B0F0BD0123BE
:100A10008DF82E30F0E713B50446B7216846F8F795
:100A20001BFE22460DF102010120F8F719FE0621F6
:100A30006846FCF7D8FA02B010BD30B504460D4642
:100A40008BB001A8B821F8F707FE21880DF1060048
:100A5000F8F702FE618802A8F8F7FEFDA1880DF103
:100A60000A00F8F7F9FDE18803A8F8F7F5FD2189F8
:100A70000DF10E00F8F7F0FD618904A8F8F7ECFD20
:100A8000A1890DF11200F8F7E7FD284605A9FCF74A
:100A900061F8222101A8FCF7A6FA0BB030BD10B511
:100AA00004468CB001A8BB21F8F7D6FD20460DF115
:100AB0000601FFF720FF2A2101A8FCF794FA0CB0E9
:100AC00010BD70B51646FF2204460D46FDF742FAEA
:100AD000024610B146B9022070BD29462046FDF7F6
:100AE00039FA0028F6D1F7E720466908BDE87040DA
:100AF000F8F7AEB870B50646144608461A460821FF
:100B00001D46FFF7DEFFA0B92A4602213046FFF757
:100B1000D8FF70B92278531EDBB2FD2B0AD8012012
:100B2000904020F0FF6020F4FF20003818BF012023
:100B3000400070BD19232370FBE708B500F0AEF943
:100B4000002008BD002230B58DB00346CDF8262028
:100B50000846CDF82A20ADF82E2041F6063200F1E5
:100B60002504ADF8042001F115020DF1060152F83B
:100B7000045BA24241F8045BF9D10DF1160203F1C6
:100B8000100153F8044B8B4242F8044BF9D100F0AA
:100B900085F901A8ECF780FC0DB030BD00210028DC
:100BA00014BF012202220846FDF7EDBC0020E0F749
:100BB000CFBF37B504466846FDF773FE0822694685
:100BC000201DFAF77CF8D0B92588FDF79DFA8542FB
:100BD00015D1FDF70EFF0246607B131A002BB8BF3C
:100BE0005B42C82B13460CDD824228BF0346DBB2B2
:100BF0009A4204D0FDF717FFA078E4F7B5FF03B0E1
:100C000030BD824238BF0346F1E710237F221C210A
:100C1000F7F7FEB928237F221D21F7F7F9B910B5A0
:100C20000C46FFF7F2FF2046BDE81040FFF7F2BF89
:100C3000024610237F211C20F7F7F3B908B500F016
:100C4000F1F880F48070C0F3002008BD10B50446B0
:100C500000F0E8F820F00200204380B2BDE8104028
:100C600000F0ECB808B5F4F743FB012806D00228E1
:100C700006D0032814BF0220062008BD0420FCE78C
:100C80000520FAE730B5154689B00022FCF7AFFE23
:100C90000446E0B10146002307220920F7F79DFD35
:100CA000B8B1FDF731FA034600200122CDE9013049
:100CB0004FF6FF73CDE9050200934CF621422B4617
:100CC000FF21CDE90304FDF74FFA09B030BD19202B
:100CD000FBE740F60140F8E773B5002315460C46E4
:100CE00006460A46009301460823281DFCF7CCFF60
:100CF00004F108013046C9B2E1F790FD04F10901A1
:100D00006873C9B23046E1F789FD04F10A01A870A1
:100D1000C9B23046FDF700F8288002B070BD00B5BA
:100D20008BB0684600F098F801209DF80430984098
:100D300080B20BB05DF804FB10B50446FFF7EFFF7F
:100D40002040C30B0DD10E235A1C01D1FF2007E018
:100D500020FA03F1C90703F1FF3204D558B2C0B23B
:100D600010BD0F20FBE71346EEE7024610237F215C
:100D70001C20F7F756B91FB5102368467F221C21A7
:100D8000F7F746F99DF80E0005B05DF804FBF0B5E5
:100D900007460E46154685B01C467F2210231C21AF
:100DA0006846F7F735F9BDF80430BDF80C203B80F4
:100DB000BDF806303380BDF808302B80BDF80A300E
:100DC00023800A9B1A8005B0F0BD2DE9FF410E4635
:100DD00015461C460746BDF8288018B14FF6F77334
:100DE00099421DD8B5F57F4F1AD214B1B8F57F4F8F
:100DF00016D210237F221C216846F7F709F96846AE
:100E0000ADF80470ADF80660ADF80850ADF80A40D2
:100E1000ADF80C80FFF7A9FF002004B0BDE8F08119
:100E20000120FAE71FB5102368467F221C21F7F73F
:100E3000EFF8BDF8000005B05DF804FB1FB50446EF
:100E400010237F221C216846F7F7E2F868460094D9
:100E5000FFF78BFF04B010BD10B590B004467F22A1
:100E60001D2106A82823F7F7D3F8002323609DF857
:100E70001C3001A82371D0F7AFF8052301A8E118B1
:100E80008DF80430F8F771F9062304F1150101A873
:100E90008DF80430F8F769F910B010BD002310B5D3
:100EA00090B00693037906AA04467F218DF81C3082
:100EB0001D202823F7F7B5F801A8D0F78DF801A871
:100EC000D0F796F8052301A8E1188DF80430F8F75B
:100ED0002DF9062304F1150101A88DF80430F8F767
:100EE00025F910B010BD1FB57F221C2168461023C4
:100EF000F7F78EF8009B684643F480730093FFF782
:100F000034FF05B05DF804FB0000000000000000A5
:100F100000000000000000000000000000000000D1
:100F2000F8B500BFF8BC08BC9E467047F8B500BFD6
:100F3000F8BC08BC9E4670475FF800F0B54800203A
:100F40005FF800F01148002013B779FAC925DDB722
:100F5000ADF3CFE0F1B614B80102000000000000CC
:100F6000FFFFFFFF01000000010000000000000083
:100F70000000000000000000000000000000000071
:100F80000000000000000000000000000000000061
:100F900000000000000000001E0000036F6B03084B
:100FA0006B6B0308496B0308476B0308F97700086C
:100FB000796B0308BD7700082C00000002030000D5
:100FC000000000000000000000000000000007001A
:100FD0000800000000000000000000000001020402
:100FE00005000000000000000000000000000604F2
:100FF0000503000201000000000800B430100408DE
:101000000100000F101004080000000000000000A4
:1010100006FF6CFFA1FFBCFFCDFFD8FFE0FFE6FF9E
:10102000EAFFEEFFF0FFF3FFF4FFF6FFF7FFF7FF35
:10103000C800AEFEB400E8087F8DFBFF4E0002033F
:101040006349FFFF2C00AF01EFE5FFFF1B00FF002E
:10105000E61A00001100A700DA2800000A0062006A
:101060001528000006003B00A821000003000B002B
:10107000A10E0000BC110408000000008C10040840
:101080000100000000000000C0175302B010040867
:101090004063598F404B4C000B000B001A00FF7F40
:1010A0003C4C002000000000C415040800000000B3
:1010B000FC4F01037415040820C0011000F807005C
:1010C00020C001301402280124C00110FF000000DC
:1010D00024C001300043000044C001002E02000083
:1010E00068C00200D1B60200C0060000D0C00100F6
:1010F000000000004C40030120F9130407006200C7
:1011000038700000604002010068010F40B82440C0
:1011100080400101236300008C40020100800060D8
:10112000BE0A000020410101590B000038410101B5
:1011300090200AF05C410101001E00006C410B018F
:1011400000140CC0141A21282E343B424950435538
:101150007698BA0C2373000001010000172128645F
:1011600014171A002004C87DA1203A09A8410101E2
:10117000290000003C420101000000008042020101
:101180000000000081000000A0420301FFFF0000FA
:10119000FF030000FFFF0000B44201010000000057
:1011A0003043030140002001A0000000085000016E
:1011B0004C43010145C1872FFFFFFFFF0C40020098
:1011C000018014007F400000204002000000000069
:1011D0000000000030400700000000000000000098
:1011E00000000000000000000000000000400000BF
:1011F000A007000350400100000000005C40020016
:101200000000000000000000A840010007000000EE
:10121000BC400400000000000000000000000000CE
:10122000000000000841040000400000FF4C0000E6
:1012300000410000FF4D000028C00700EC80B30310
:1012400043754051A00F00F800400000A8AA070015
:10125000000000000000000054C0050051313000C3
:101260000E000DE62A000000080B0C0D0D0000001A
:1012700070C00900BA1000000004200004188000AB
:101280000B3C2001187C10022FFCE0067F000000C0
:101290000000000000000000A8C00500BD4B721552
:1012A00011A3180510325476980A000000000000BF
:1012B000CCC0010001000000D4C0020001000A00FF
:1012C00001002800080001010407000018000101C6
:1012D00000000000200001010884000040400301DC
:1012E0000000000000000000100000005840020153
:1012F0000000000000000003684006014902F00001
:101300004108000002000000B0070800A70000002C
:1013100000000000844002019BC34A74F0030F00E8
:10132000944010010101103050707F7F00000000D8
:1013300000000000000000000000000000000000AD
:10134000000000000000000000000000000000009D
:10135000000000000000000000000000000000008D
:1013600000000000E0400101000200001041020105
:10137000331E0500000000001C4101010090C28BDB
:1013800024410501FF0483078813C83AFF06660C51
:10139000FF0483078813FF033C410601F854520001
:1013A00000000000B756351200000050803B0000DE
:1013B00000000000584101010000000064410201EA
:1013C0000C010000E853FA00A441010100000000F4
:1013D000B04102010000000000002000BC410301F8
:1013E0000000000000003C0069900600D0410301AD
:1013F00000000000D000000000000200E0411601E3
:1014000000000000DE635E36BF6F07006FEA160063
:10141000E530CE00B2B9D90E4B8494045A1FA924EA
:10142000DE635E36BF6F07006FEA1600E530CE0060
:10143000B2B9D90E4B8494045A1FA92400000000AD
:10144000000000002C00000007EE75366018004018
:1014500000000000000000004442030114000000EE
:1014600000000000080000046842010100000000C4
:10147000984202013F000002FFFF00003C430401CC
:101480001F1F1F1F1F1F1F1B18151311100E0D0CE0
:101490005043020100000000000000001080010124
:1014A0000300000038800201F14710000100000035
:1014B0009C800301EB40020070780300D5C000005F
:1014C000A8800111F0010000A88001310542CB0184
:1014D000AC800111F0010000AC80013105228D00CB
:1014E000B080020100030002370000019C000102ED
:1014F000000C0004D8000302050040AA8801000087
:10150000C0000000EC000112E00F0000EC0001320E
:101510000C205111F00001022B01000010010112FA
:1015200000FF0F00100101320200003150010112D2
:1015300000C0010050010132C100A200740101028B
:1015400069811B0C7801011200001C007801013236
:101550001004E0CF80010112790700008001013200
:1015600002000000840102020000000050000000A0
:10157000FFFFFFFF1000000066666600000000002D
:10158000281604081C1604080000000000000000D3
:10159000005A620280841E000420F600F1475002C7
:1015A00000000000C6150408000000000000000054
:1015B0000000000061841E00000000000000000028
:1015C00000000000050002000000C01753020614CE
:1015D0000000802FA60405380000A00800000000CD
:1015E000580901040706100A01040707C80A000485
:1015F0000807800B00040808380C0004090861087B
:10160000000000008A0800000000C709010404036C
:101610002C0B01040404920C01040504ED170000D6
:10162000ED170000F4010000193F0106041001004D
:101630000001010600102700000900000000000062
:10164000000000007410040800000000000000000A
:101650000B0000000C000000030000000000202030
:1016600000000000020000003C3C3C0000000000C4
:101670000000000000000000010310010109030048
:101680000D0000001E0000001B0000001A000000FA
:1016900000800A5013000000841604086465627517
:1016A000670073696C6162737675617274646F77D9
:1016B0006E007675617274002F73696D706C69636A
:1016C0006974795F73646B2F706C6174666F726D8F
:1016D0002F736572766963652F6C65676163795FE7
:1016E00068616C2F7372632F626173652D72657010
:1016F0006C6163656D656E742E63002C200025732C
:10170000203D2025346C7800526573657420636138
:101710007573653A205761746368646F67206578F4
:1017200070697265642C206E6F2072656C696162ED
:101730006C6520657874726120696E666F726D6188
:1017400074696F6E0A005265736574206361757306
:10175000653A205761746368646F672063617567D9
:101760006874207769746820656E68616E6365646B
:1017700020696E666F0A00496E73747275637469CE
:101780006F6E20616464726573733A2025346C78DF
:101790000A0052657365742063617573653A204170
:1017A00073736572742025733A256C640A00526560
:1017B0007365742063617573653A204861726420B3
:1017C0004661756C740A00484653522E5645435480
:1017D00054424C3A206572726F722072656164697E
:1017E0006E6720766563746F72207461626C652029
:1017F000666F7220616E20657863657074696F6EC4
:101800000A00484653522E464F524345443A2063FD
:101810006F6E666967757261626C65206661756C72
:101820007420636F756C64206E6F742061637469DB
:10183000766174650A00484653522E444542554726
:101840004556543A206661756C742072656C6174FB
:10185000656420746F206465627567202D20652E95
:10186000672E2C20657865637574656420424B5043
:10187000540A0052657365742063617573653A207C
:101880004D656D6F7279204D616E6167656D656E36
:1018900074204661756C740A00496C6C6567616CF4
:1018A0002061636365737320616464726573733A66
:1018B0002025346C780A00434653522E25730A00C3
:1018C00052657365742063617573653A2042757360
:1018D000204661756C740A004164647265737320FC
:1018E0006973206F6620616E20696E737472756310
:1018F00074696F6E2061667465722062757320660C
:1019000061756C74206F636375727265642C206EF0
:101910006F74207468652063617573652E0A0043D7
:101920004653522E286E6F6E6529206C6F616420BD
:101930006F722073746F726520617420616E20690C
:101940006C6C6567616C20616464726573730A0016
:1019500052657365742063617573653A20557361D0
:101960006765204661756C740A0052657365742062
:1019700063617573653A204465627567204D6F6ECB
:1019800069746F72204661756C740A0070726F63BF
:10199000657373006D61696E0054687265616400FF
:1019A00048616E646C6572002573206D6F646520FC
:1019B0007573696E6720257320737461636B2028CB
:1019C00025346C7820746F2025346C78292C2053B2
:1019D00050203D2025346C780A00257520627974EA
:1019E0006573207573656420282575252529206970
:1019F0006E20257320737461636B20286F757420CB
:101A00006F6620257520627974657320746F746128
:101A10006C290A005350206973206F7574736964D0
:101A20006520257320737461636B2072616E676536
:101A3000210A004E6F20696E74657272757074733E
:101A4000206163746976650A00496E746572727507
:101A50007074732061637469766520286F722070DA
:101A600072652D656D7074656420616E6420737499
:101A700061636B6564293A0A00202575000D0A5BD5
:101A80004153534552543A25733A25645D0D0A007B
:101A9000554E4B00474F200042544C00474F3200F8
:101AA000474F3300474F3400474F3500474F36000C
:101AB000474F3700474F3800474F3900474F4100E5
:101AC000474F4200474F4300474F4400474F4500B0
:101AD000474F46004A4D5000424452005550520074
:101AE00042544D004D534D0046544C00554E4B0052
:101AF000474F200042544C004241440046544C00A1
:101B0000465243004F54410044534C004241500060
:101B100055504700544D450046415500545A460023
:101B2000554E4B0050494E00454D3400554E4B002C
:101B300048562000554E4B00455850004C574D001C
:101B4000554E4B005242540044534C00454D340016
:101B5000554E4B0041535400554E4B0056465900CC
:101B6000494E4800554E4B004C434B0058544C00D6
:101B70004F424600554E4B00485244004D454D00E3
:101B8000425553005553470044424700444D4100DD
:101B900056435400554E4B005550200052502000E3
:101BA000415030004150310041502000445020004D
:101BB00044454300901A0408941A0408EC1A0408D7
:101BC000201B04082C1B0408341B0408401B0408B9
:101BD000501B0408581B0408641B0408741B0408E9
:101BE000941B0408554E4B004649420042544C0099
:101BF000455854005057520057444700205357004F
:101C0000435253004653480042414400464C54005E
:101C100042524F00010401030306010501050109B9
:101C20000600060B0000070B050B0000000000007B
:101C30000000000052300052310052320052330096
:101C4000523400523500523600523700523800529A
:101C500039005231300052313100523132005231AC
:101C600033284C5229004D535000505350005043DC
:101C70000078505352004D535020757365640050E6
:101C8000535020757365640043535441434B2062A5
:101C90006F74746F6D00494353520053484353525D
:101CA00000494E545F4143544956453000494E5413
:101CB0005F4143544956453100434653520048461C
:101CC00053520044465352004D4D41522F4246411B
:101CD00052004146535200526574300052657431CF
:101CE00000526574320052657433005265743400DA
:101CF00052657435004461743000446174310000F1
:101D00004941434356494F4C3A20617474656D70A4
:101D100074656420696E737472756374696F6E2084
:101D200066657463682066726F6D2061206E6F2D2A
:101D300065786563757465206164647265737300AA
:101D40004441434356494F4C3A20617474656D7069
:101D5000746564206C6F6164206F722073746F729D
:101D60006520617420616E20696C6C6567616C2010
:101D700061646472657373004D554E53544B455204
:101D8000523A20756E737461636B2066726F6D20BA
:101D9000657863657074696F6E2072657475726EB4
:101DA0002063617573656420616363657373207676
:101DB000696F6C6174696F6E004D53544B4552529C
:101DC0003A20737461636B696E672066726F6D2071
:101DD000657863657074696F6E206361757365649F
:101DE000206163636573732076696F6C6174696FDA
:101DF0006E004D4D415256414C49443A204D4D41A3
:101E00005220636F6E7461696E732076616C6964D1
:101E1000206661756C742061646472657373004937
:101E20004255534552523A20696E73747275637409
:101E3000696F6E2070726566657463682063617592
:101E400073656420627573206661756C740050520E
:101E5000454349534552523A207072656369736530
:101E6000206461746120627573206661756C740012
:101E7000494D5052454349534552523A20696D707D
:101E80007265636973652064617461206275732093
:101E90006661756C7400554E53544B4552523A204E
:101EA000756E737461636B696E67206F6E20657801
:101EB00063657074696F6E2072657475726E2063ED
:101EC0006175736564206461746120627573206656
:101ED00061756C740053544B4552523A20737461CF
:101EE000636B696E67206F6E2065786365707469D7
:101EF0006F6E20656E7472792063617573656420FE
:101F00006461746120627573206661756C7400424F
:101F100046415256414C49443A2042464152206380
:101F20006F6E7461696E732076616C69642066619E
:101F3000756C74206164647265737300554E44451A
:101F400046494E5354523A20747269656420746F46
:101F5000206578656375746520616E20756E6465B3
:101F600066696E656420696E737472756374696FF7
:101F70006E00494E5653544154453A20696E76617D
:101F80006C69642045505352202D20652E672E2CFD
:101F900020747269656420746F2073776974636854
:101FA00020746F2041524D206D6F646500494E567C
:101FB00050433A20657863657074696F6E2072656E
:101FC0007475726E20696E746567726974792063C6
:101FD0006865636B73206661696C6564004E4F438E
:101FE000503A20617474656D7074656420746F205C
:101FF00065786563757465206120636F70726F63C7
:102000006573736F7220696E737472756374696F30
:102010006E00554E414C49474E45443A2061747418
:10202000656D7074656420616E20756E616C6967A2
:102030006E6564206D656D6F727920616363657391
:10204000730044495642595A45524F3A20617474BC
:10205000656D7074656420746F2065786563757450
:10206000652053444956206F7220554449562077C5
:102070006974682064697669736F72206F662030B6
:1020800000000000001D0408401D04088F1A040809
:10209000781D0408B91D04088F1A04088F1A040853
:1020A000F21D04081F1E04084E1E0408701E0408BA
:1020B000961E0408D51E04088F1A04088F1A0408F7
:1020C0000F1F04083C1F0408721F0408AD1F0408FA
:1020D000DD1F04088F1A04088F1A04088F1A0408D9
:1020E0008F1A040812200408422004080400E40C9B
:1020F0000A0042426C66004242424242002F73692B
:102100006D706C69636974795F73646B2F706C6157
:1021100074666F726D2F736572766963652F6C6577
:10212000676163795F6E63705F6173682F73726359
:102130002F6173682D6E63702E630042424262000D
:1021400000CA9A3B00E1F5058096980040420F00D6
:10215000A086010010270000E803000064000000D2
:102160000A000000010410404C240408482404081C
:1021700034240408302404082C24040828240408E7
:102180001624040806240408EC230408E4230408A5
:10219000DA230408D8230408C0230408BD23040854
:1021A000B5230408A4230408942304088223040804
:1021B00068230408602304085423040850230408F7
:1021C0004E23040841230408362304081D23040871
:1021D000C1220408C0220408B0220408882204088E
:1021E00074220408402204083C2204080C2204083B
:1021F00008220408FD210408FC2104080F00000047
:10220000000000000000000000000000FF00FFFFD1
:10221000FFFFFFFFFFFFFFFFFFFFFFFFFFFFFFFFCE
:10222000FFFFFFFFFFFFFFFFFFFFFFFFFFFFFFFFBE
:10223000FFFFFFFFFFFF0000FF00FF0000000000A6
:10224000FF000000FFFFFFFFFFFFFFFFFFFFFFFF9B
:10225000FFFFFFFFFFFFFFFFFFFFFFFFFFFFFFFF8E
:10226000FFFFFFFFFFFFFFFFFFFFFFFFFFFFFFFF7E
:10227000FFFFFFFFFFFFFFFFFFFFFFFFFFFFFFFF6E
:10228000FFFFFFFFFF000000000000000000000053
:10229000000000000000000000000000000000003E
:1022A000000000000000000000000000000000002E
:1022B000010000000000000000000000000000001D
:1022C0000F000000000000000000000000000000FF
:1022D00000000000000000000000000000000000FE
:1022E00000000000000000000000000000000000EE
:1022F00000000000000000000000000000000000DE
:1023000000000000000000000000000000000000CD
:1023100000000000000000000000000000000000BD
:1023200000000000000000000000000000000000AD
:10233000000000000000000000000000000000009D
:10234000000000000000000000000000000000008D
:1023500000000000FFFFFFFFFFFFFFFFFFFF000087
:10236000000000000000000000000000000000006D
:10237000000000000000000000000000000000005D
:10238000000000000000000000000000000000004D
:10239000000000000000000000000000000000003D
:1023A000000000000000000000000000000000002D
:1023B0000000000000FFFFFFFFFFFFFFFF9C000089
:1023C000FF0000000000000000000000000000000E
:1023D00000000000800000000000FFFFFFFFFFFF83
:1023E000FFFFFFFF00000000FFFF000000000000F3
:1023F00000000000000000000000000000000000DD
:10240000000000000000FFFFFF00000000000000CF
:1024100000000000000000000000000000000000BC
:1024200000000000000000000000000000000000AC
:10243000000000000000000000000000000000009C
:10244000000000000000000000000000FC0301018B
:10245000010101010101010101010101010000006F
:10246000000000010020200C0020010101050000F7
:1024700000000002041104040211101A080A0218D4
:1024800001081110111A080A04020D0B195C011041
:102490002812340430040B0100000000000000008A
:1024A0000000000000000001010101010100010124
:1024B0000101010100000001010101010100010011
:1024C000010100000000000000000000000000000A
:1024D00000000100000000000000000000000000FB
:1024E0000000000001FF010023E1010075E401008C
:1024F00063E2010063E5010062E1010079EB0100A4
:1025000064EE010024E1010025E1010026E1010063
:1025100027E1010028E1010029E101002AE1010091
:1025200000000100800001000001010080010100A5
:10253000000201008002010020E20100000301000E
:102540000005010080050100000601008006010071
:102550000007010001E5010002E5010058E2010069
:1025600080030100800401000004010080070100D5
:1025700000080100800801002F73696D706C6963A9
:102580006974795F73646B2F706C6174666F726DC0
:102590002F736572766963652F746F6B656E5F6DFF
:1025A000616E616765722F7372632F736C5F746FF6
:1025B0006B656E5F6D616E616765722E63002F7370
:1025C000696D706C69636974795F73646B2F706C8B
:1025D0006174666F726D2F736572766963652F74AF
:1025E0006F6B656E5F6D616E616765722F7372638D
:1025F0002F736C5F746F6B656E5F6D616E75666176
:1026000063747572696E672E6300FFFFFFFFFFFF43
:10261000FFFF34B62C337032603204320011681080
:102620006410381034103010201010100C100210EC
:10263000496E69743A2064656661756C7420434321
:1026400041206D6F64652073657420746F2025646C
:102650003A2030782558002F73696D706C69636972
:1026600074795F73646B2F70726F746F636F6C2F0C
:102670007A69676265652F6170702F656D323630DB
:102680002F73657269616C2D696E74657266616322
:10269000652D756172742E63002F73696D706C699E
:1026A000636974795F73646B2F70726F746F636F9B
:1026B0006C2F7A69676265652F6170702F66726131
:1026C0006D65776F726B2F636F6D6D6F6E2F736CAF
:1026D0005F7A69676265655F73797374656D5F635F
:1026E0006F6D6D6F6E2E6300526573657420696E39
:1026F000666F3A20307825782028257329004578A0
:1027000074656E64656420526573657420696E66D5
:102710006F3A2030782532582028257329002F73EE
:10272000696D706C69636974795F73646B2F707223
:102730006F746F636F6C2F7A69676265652F617064
:10274000702F6672616D65776F726B2F636F6D6D41
:102750006F6E2F7A69676265655F737461636B5F23
:10276000736C6565702E63000D002F73696D706C5E
:1027700069636974795F73646B2F70726F746F63D0
:102780006F6C2F7A69676265652F737461636B2F55
:10279000636F6E6669672F736C5F7A6967626565E0
:1027A0005F636F6E66696775726174696F6E2E63C1
:1027B000000000000020000002010A0006000A00DC
:1027C00026002A0000800000FFFFFFFFFFFFFFFF41
:1027D0000000000000000053756363657373667545
:1027E0006C6C79206D696772617465642025642062
:1027F0006B65797320746F205053412E0A00466137
:10280000696C656420746F206D69677261746520FE
:102810002564206B65797320287768696368206D6B
:10282000617920616C736F20626520696E76616CDE
:102830006964292E0A00FFFFFFFFFFFFFFFFFFFF74
:10284000FFFFFFFFFFFF0101020305080D152237FF
:102850005990E900F0E1D2C3B4A5968778695A4B44
:102860003C2D1E0F002F73696D706C69636974795C
:102870005F73646B2F70726F746F636F6C2F7A6904
:10288000676265652F737461636B2F7A6967626530
:10289000652F6170732D6B6579732D66756C6C2E69
:1028A00063008000000000000000000022002B00F8
:1028B0002100141400001C2030401C2000001C20AB
:1028C0003040505341004B455900666E692B0066FD
:1028D0006E69006E616E00666E692D00000000007A
:1028E000000000000000F03F000000000000244055
:1028F00000000000000059400000000000408F4030
:10290000000000000088C34000000000006AF8409A
:102910000000000080842E4100000000D0126341BE
:102920000000000084D797410000000065CDCD4134
:102930005465726D696E616C000000000000005407
:102940005452205245474745530000000300000001
:1029500076636F6D000000000500000000000000BD
:1029600000C201000005000000100000000000008F
:102970000000000002020300000000000000020846
:1029800000000000FFFFFFFFFFFFFFFFFFFFFFFF53
:102990000000000000000000000000000000000037
:1029A0000000000000000000A0000000615E0108BF
:1029B00050000000D95D0108000000010000010185
:1029C00000010101000100000102020300000000FB
:1029D00000000000020303030304040404050500CF
:1029E00000000001010101020202020303030303CC
:1029F00004040404040000000101010107070808A1
:102A00000303030504040405050506060607070776
:102A1000080302020404040304050506060606076B
:102A20000707020202030303030404040405050567
:102A3000050506060606010202020203030303035C
:102A40000404040404050505050606060C0C0C0C1C
:102A50000B0B0B0B0B0B0B0B0B0B0B0B0B0B0B0BC6
:102A60000B0B0C0C0C0C0C0C0C0C0C0C0B0B0B0BAC
:102A70000B0B0B0B0201010101000005050505040C
:102A80000404040303030302020202010101010121
:102A900005050505040404040303030307070808E8
:102AA00008080909090A0A050505060606070707B1
:102AB00008080808090909090505050606060607A4
:102AC00007070808C7BFBEBEBEB5B5B4B4ABABDC24
:102AD000DCDBDBD2D2D1D1C8C8C8C7BFBEBEBEBD49
:102AE000B5B5B4B4B4DCDBDBD2D2D2D11B1B161625
:102AF0002E2D2D2A29292925242420201F1B1B1B8C
:102B0000162E2D2D2A2A29292524242020201F1B7A
:102B10001B1B2D2DBEB5B5B4B4ABABABAAA2A1A106
:102B2000A1A099999898C7BFBEBEBDB5B5B4B4B4BD
:102B3000ABABABAAAAA2A1A1A199999900000000F0
:102B4000030303030302020202020202030302025E
:102B5000020201010101010100000000030303035F
:102B600003020202D3CACAC9C9C0C0F2F2F1F1E835
:102B7000E8E7E7DEDEDDDDD4D4D3D3CACAC9C9C9EC
:102B8000F2F2F1F1E8E8E7E7DEDEDDDD22221D1DED
:102B90001D1D18181813132C2C2C2727272222222E
:102BA0001D1D1D1D181818182C2C2C27272727220F
:102BB00022221D1DFFFFFFFFFFFFFFFFFFFFFFFFA3
:102BC000FFFFFFFFC8C8C8C8C8C8C8C8C8C8C8C8A9
:102BD000030404080808080800B801B802B800B0E7
:102BE00003040408080500000000000000000000C5
:102BF0000000000000000000040008007C0031001C
:102C00003B001B00F4380000880300007C3C0000FF
:102C100018000000143E000004000000FC33000017
:102C2000F8040000943C000004000000103E000086
:102C30000300000000000000FC330000183E00000C
:102C400000000000183E0000370000003B39000083
:102C5000573900001F3A00000B3B0000293B0000E1
:102C6000913B0000FD330000000000000006800FD3
:102C70007047954909684143880B7047934800683D
:102C80000104C80F704730B5002084490A6800234A
:102C90008F4C521C6568AA4200D322681578AD0695
:102CA000AD0E9D40054328009B1D1E2BF1D30A60ED
:102CB00030BD86480168090408D586490A68774B03
:102CC0001A604A68C261886883490860704780B5A5
:102CD000FCF768FF012081490870814800680228DC
:102CE00008D280480068F02109050140C020800416
:102CF0008142F2D07C480068C01C7C4901437C487A
:102D0000016001BD7B487A49086000207A4908606B
:102D100080218902794A1160794908606F490870F9
:102D20007047F3B583B01700C006000E009010384E
:102D300091282ED2FFF7A2FF00282AD00025714C3F
:102D400001260398FFF792FF002802D0022803D043
:102D500003E02068304000D001250197049F934E86
:102D60000C20205E38180E21615E4018FFF781FFAD
:102D700001994018306000983818FFF77AFF0199E0
:102D800040187060C0208001894908602803894983
:102D9000086005B0F0BDF8B5874C574A04250221FC
:102DA000504BA068284204D0107D8006C50F6D00EE
:102DB00024E0084024D01069042807D21868F026BF
:102DC00036050640C02080048642F4D0107D0007FE
:102DD000000F072814D1507D022811DD907D800658
:102DE000800E02280CDBD07D0090284208D0C0075E
:102DF00000D50A250098084200D0AD1D002D04D151
:102E0000FFF780FF00202061F1BD681C1669864233
:102E100007D21F68F02636053E40C027BF04BE42D9
:102E2000F4D06648405D2061C300F8251D4001D004
:102E30004B061360624B1E68012E00D16D00556079
:102E40002268002A1CD12A4A15682026A65F36036C
:102E5000AD05AD0D35431560294A0125156091601A
:102E6000810909D11968002901D1182100E01A212E
:102E7000625E0021FFF755FF207A000700D425602D
:102E8000F1BD16480078002800D1704780B5FFF7E3
:102E900039FF46484B490160416001BD143E0000C6
:102EA000062049490860002048490860F0200001D8
:102EB0004749086080204000464908603B48414936
:102EC0000160416070470000A43E0000C04101A8BD
:102ED0007C3E0000843E00005C4201A84E3E0000A3
:102EE000D44000A80C0002A8204000A800F0FF3F3A
:102EF000B84101A8FFF3FF3FC44000A8106001A83B
:102F0000044003A8A03E000070B50400A00310D543
:102F10002B480068002803D11620FEF73AFA02E099
:102F20000C20FEF7A3FD08202B490860C0032B49A5
:102F300008602B4D286800040CD5FCF733FE060012
:102F4000FFF7A1FEE861FFF79EFE2649086030000A
:102F5000FCF731FEA00727D58020C0021F4908607A
:102F6000FCF743FE00281FD01F4A1068C0B200289B
:102F700002D006211D4B1960810915D01C490B6830
:102F8000012BFBD949680905090D091DC9000C4B26
:102F90001B68012B00D14908002B01D1182300E048
:102FA0001A23D25EFFF7BDFE70BD0000C84101A824
:102FB000C06101A8C05101A8983E0000D84000A8F7
:102FC0006C3F0000FFFF0300006401A8504000A810
:102FD0000C6000A80C5000A8846000A8106001A834
:102FE000C04101A85C4201A89C3E0000005401A819
:102FF0001C4000A870B50822804B1A60804B1B68EB
:10300000DC0302D50020088070BD0C880019401E2A
:1030100000787C4DA870641C0C8045076D0F052D51
:1030200005D8794E3668F60603D5022D0DD003205B
:1030300070BD9604AE401E4001D1082070BD052D24
:1030400003D1104201D1641E0C80AA4848600020C0
:1030500070BDF3B582B008886C490978491CC9B2C3
:10306000814204D202990918491E097800E0002122
:10307000644A517093785B075B0F01933023019C86
:10308000052C28D1194232D19478E5081E242C4011
:10309000CD0702D5250001242C430125A14EE64091
:1030A0002E4072D0019FA04EE641402426403E4370
:1030B0004C0602D5340020262643947889080D401A
:1030C000A7080C2139402943C02525400D43202164
:1030D0002943967051704A490C685578022123267D
:1030E0002E4008D0660302D52B40202B01D00520AE
:1030F00082E0424B196093789B0601D4202203E0C2
:103100009278120702D540223C4B1A603D4A9278D1
:103110006B461A70C022854B1E680E4001D11542C5
:1031200012D06E46377827263E40232E03D1E60282
:1031300007D4012606E0252E03D0212E04D1260334
:1031400002D504262D4F3E601B6819402026019FA2
:10315000002F1CD11E4027D02A4B5B781A40402AF2
:1031600013D00C221A40042A0FD02A073BD4012284
:10317000002902D0E100CB0F5A4069460978CB07FD
:10318000DB0F1A422FD021012AD4072034E0022F6E
:10319000E2D11E4008D00029DED1CC232B4003D140
:1031A0006B461B785B0601D5032025E0A30311D5F0
:1031B0009C4E73691B051B0D5B1C3668F60205D51A
:1031C000994E36683607B60F9B1B5B1E9BB2052BCC
:1031D00004D1C1E7029B1B78052BBDD006200BE074
:1031E0008021064A1160E90702D4401C0399088037
:1031F000AB4803994860002004B0F0BD4C1002A811
:10320000BC3E0000103E0000480002A82C3E00001A
:10321000F2B586494978CA0705D4009A1288801801
:10322000401E037800E000239E4A106802249E4D51
:103230002E68F60611D512695340DBB2002B03D17C
:103240006E68D30973402340002B03D0020204D4DC
:103250000A20F2BDE206954E3260744A1E02C02377
:103260000B403343914E336093785E07760F022E06
:1032700006D16D682C4003D1002000990880F2BD72
:10328000A0250D409E08102737402F433D090E070B
:1032900002D42E0010253543CC240C401A262E4093
:1032A0000A2E04D1CC2C02D02E00FD253540804EB4
:1032B000EE40F60705D4000416D5412B10D108299D
:1032C00012D17C48E84011210140214320200843CD
:1032D00010700D210140009808D000F0A9F8F2BD4F
:1032E0000B2B01D10029ECD00720F2BD00F020F813
:1032F000F2BD00005B34000038B50C006E490B785D
:103300001A0953399500491925881B071B0FEB1A19
:103310009A1A8018FFF740F8010002D1200000F04F
:1033200007F832BDF300A3E3981440684C0002A8EC
:10333000F8B50400614805683C4F3878D026304223
:1033400002D00D21014005D008205D490860EF2022
:10335000FEF7E0FF39782000314204D009093970C6
:1033600000F066F8F2BD052129401FD002884D49C2
:10337000CA60544BEC0705D5521C0280690607D47D
:10338000514B05E043242C40422C03D1521C0280B7
:1033900043600DE010224A4B1A604C4A09688B00CA
:1033A000DB0F1901116380210903116000210180E5
:1033B0000020F2BD0A888018401E0078830601D4E0
:1033C000121D0A801822024004D008885208801872
:1033D000C01E088039480068C00702D50888401C14
:1033E00008803948486000207047344A1368DB077A
:1033F00008D51268920705D40A888018401E007804
:1034000004280CD110202E4A10603048254A12683A
:103410009300DB0F1A010263802212030260002076
:10342000088070470C4000A8080001A8103E00006A
:1034300031B581B02649002000900822254B1D7827
:1034400002230C24254202D10022234903E02C4010
:10345000082C00D10222EC0703D50C001E2161408C
:1034600000931D4207D015490968090601D51B497B
:1034700001E00021C943019B194C21601949FF2437
:103480008C70009C15012543CD7008701888009938
:1034900040188018188014485860002036BD00007D
:1034A00019360000BC3E0000480002A8481002A8DF
:1034B0000D0F0C0D07170850473F00004C0002A8E5
:1034C0004C2002A8BD370000F33700001C1002A8F2
:1034D000DE1B2501103E00002084100000FCFF01CF
:1034E000F03E0000443F000001370000103E0000A5
:1034F000C9330000E1330000E1330000E133000094
:10350000E1330000E1330000000000000000000093
:103510000000000000000000E1330000E133000083
:10352000E1330000CD250000E1330000392C00001C
:10353000492C00007B2D0000DD2D0000652E0000D1
:10354000F12F0000912E00009D300000ED2E0000B4
:10355000412F0000B52F0000193200001D3300007C
:103560000B2C0000EB22000031290000E1330000A9
:10357000A5230000E13300009D2400006524000025
:10358000E1330000E1330000E5240000E1330000F6
:10359000E1330000E1330000E1330000E1330000DB
:1035A000E1330000271200001D1200004948806826
:1035B000000200D4704780B580208002AB490860CB
:1035C000CF2000F05DFA01BDF8B589480068894C4C
:1035D000802292032260884E316809051DD5110BA7
:1035E000A023034001D0216017E002403FD1802793
:1035F000824A1760824A1760084038D0354D287AD1
:10360000400705D501207F49086000027E49086017
:103610002878002801D0062801DB0020F2BD00F048
:103620007BFB716889684E682978052907D1B9053F
:10363000A1606E60B668CC218901734A116000F008
:1036400074FB012E00DA0226BC2080058849086040
:10365000942080058749086068480021C9430164B7
:103660007142416484490F6040210160D5E783487D
:103670000160FFF79BFF0120F2BD5D4801688905ED
:1036800004D5C06E0004000F022801D0002070474E
:103690000120704738B580245848046000F03CFB96
:1036A00005007748006800F07DF9280000F03DFB38
:1036B000FFF77CFF0748007A000705D5A0004D49B9
:1036C000086000F050FC31BD60036C490860B248EE
:1036D000046031BD183E0000FEB50500CC2080011D
:1036E00068494860012668480660FFF7C6FF002861
:1036F0007DD0664C2078002879D0310201950528CC
:1037000002D02A460A4072D1CC27BF015D4A176019
:10371000924A126881231B02134001D0032301E067
:1037200053075B0F022805D1022B5ED308013649EF
:103730000860F7BD4D01032804D1022B55D932484A
:103740000560F7BD042802D111404ED0F7BD052811
:103750004BD10198002848D0C005C10F6846417080
:103760000198C004C10F6846017000F0D5FA0290BC
:10377000606869464978002903D006688021204A9C
:1037800011602C0485496A461278002A0CD0C26860
:103790000B68D21A824B1B68234001D0066800E0F8
:1037A0004668964200DD1600684640786A46127800
:1037B000024308D008684242B01E824202DA7042D8
:1037C000886000E00026029800F0AFFA01988005BA
:1037D00001D59D4804600198054001D09B480460D4
:1037E000002E02D008480760F7BDFFF753FFF7BD72
:1037F000440002A8442002A8BC3E00000CC001A85E
:1038000090E001A8C4D000A8145001A838B58024C5
:103810008F48046001201C4908601C4D2878052849
:1038200002D060008B490860FFF727FF002812D004
:1038300013480068000A80214140A868000EC9B200
:10384000814208D2454800684007400F022802D252
:10385000FFF720FF31BD80480168C0220A4002D135
:10386000C06F204001D00448046031BD1C1002A884
:1038700008E001A808D001A894D001A8441002A82B
:1038800018C000A8106001A8C4E000A8183E0000FD
:10389000F1B582B00F00A020384003D08020800016
:1038A0006E4958E000F038FA0190FB20800104686E
:1038B000F80202D5A0680069029000F0C8FB8021E0
:1038C0000903606800F07CF926780020761C617896
:1038D000B14200D200261821714365180C352978B1
:1038E0000829F3DA2670A56029785D4A1170B905B8
:1038F00010D500F011FAFB21890109688968C968AF
:10390000009100F012FAF80203D4009803218843D2
:1039100000900098524988600127384003D100F098
:10392000B3FC01F013F9F904686900F049F93C208F
:1039300000F0A6F8F0B200F0A3F860884949014011
:103940006180019800F0F1F9380544490860464863
:1039500007603802454908600298FEBD184001A87A
:1039600010B543480068800501D4FE2010BDC0207A
:1039700080034049086000F0CFF9FB218901096804
:103980008A78D20702D589688C7800E00C7800F03C
:10399000CCF9200010BD0000100002A848C001A80A
:1039A0004C0002A8FB21890109688A688B78DB0733
:1039B00004D5927818235A438A180C3290607047C5
:1039C000F1B582B02C4F3C680026200F000702D1D1
:1039D000E00102902AE001F0B9F800F09DF90190B1
:1039E00080210903606800F0EBF825786D1C607891
:1039F000A84200D20025E80020180C300090006892
:103A00000290802109030098406800F0D9F83D2019
:103A100000F036F8E8B200F033F825700098A060A6
:103A2000019800F082F902A801F0ECF81348006850
:103A3000800407D5F86901F0CCFD029908180290BE
:103A400000D502960298FEBD4C1002A84C2002A898
:103A500094E001A8146001A814C001A8442002A8A1
:103A6000183E0000FEFF0000C0E000A8106001A8A2
:103A7000440002A8441002A8C43E0000FC0302A8AF
:103A800044490968002901D5434908607047F3B5E6
:103A900081B0424FB968424C4A004CD5012509011A
:103AA00000D5212501003F4A106856682268920619
:103AB000920E94463A689300802213406246134364
:103AC000802252001A4300920A0023D0890601D5B1
:103AD000012008E0F021014007D16946097A0C2253
:103AE0000A4002D0022000F03FF82F49096809047B
:103AF0000AD53968090701D5022605E03968490366
:103B000001D5002600E003264835009A27490968B8
:103B1000890003E0009A2549896B0909402319406F
:103B200011439A00002E02D01643266608352166FE
:103B3000024322662566E06D4407640F00F0D6F864
:103B4000A0070BD0052C09D0B868000406D400F0FB
:103B5000E3F80221164A116000F0E7F800F0CFF810
:103B6000002000F001F8F7BD0E490A68F0239A43DF
:103B7000000110430860C0B270478020C0020D49A8
:103B80000968890701D10C4900E00C4908607047B9
:103B900000000000500002A8884000A8480002A8C9
:103BA000284000A8683F0000684101A8184001A80B
:103BB000D4D40350844000A8486000A8485000A80E
:103BC00080B56D4A116001F02FFDFFF7D6FF01BDF2
:103BD000FEB56A4D2878000604D5287F002801D05C
:103BE000182400E0462400F097F802906448C0686A
:103BF0004005C20DD52A01D2D52204E0D1204000D3
:103C0000824200D90200100001005E4B01932B6B31
:103C10005B011DD55C4B00931D1D5C4E367806275D
:103C20007E43AA530025019B1B7CEB40DB070CD590
:103C3000009B06266E439B199B888FB2BB4200D225
:103C4000190086B29E4200D218006D1C022DEAD3E4
:103C500089B2091909044E4B0B40001BC005C00D69
:103C6000184347490860C02000064A490860454893
:103C7000017D00290CD04849D52A02D98023DB05D3
:103C80000B60D1235B009A4202D280231B060B609B
:103C90000021424B19604188002900D1028002981E
:103CA00000F043F800F07EFDF7BD80B53C483D498B
:103CB00008603D48C1680902090A19225143416060
:103CC00005210160FFF784FF01BD80B52B48017815
:103CD000090604D5007F002801D0FFF779FF32489C
:103CE0000068C00301D5FFF773FF01BD8020C0024B
:103CF000214908602D4800684007FBD470478020A8
:103D0000C0022B490860704701E02A4908602A492F
:103D100009680140F9D17047284800682021284AE5
:103D200011601021274A116070473021014002D1F3
:103D30001020234908607047204800683021014066
:103D4000102901D101207047002070471E48012131
:103D50000160C160704701201C49086070471C4821
:103D600000780621014001D1002070471948006801
:103D700002288041C00F7047441002A8BC3E0000DA
:103D80007C400050743F00003C3E0000383E000084
:103D90000000FF01A0600050A450005018E000E0B7
:103DA0007F1A0601540002A810E000E0440002A8B7
:103DB000442002A8282002A8280002A8600002A827
:103DC000602002A8601002A8789001A884A001A831
:103DD000A03E00006C3F0000FEB56E488021490205
:103DE000C16102216C4A516000216C4AD1626C4A67
:103DF00011800321684A116002210160694EB06898
:103E0000C005C10F684601701FD064480068F021EA
:103E10000905014090200005814216D062480068E3
:103E20000224624DC00703D5614C0220286004E0E3
:103E300045224021002001F061FE2C64012001F0A8
:103E4000CFFE802040005B49086020205A4908606E
:103E500080205A490860CC2080015949086001201F
:103E60005849086034680F26200B304001905648AE
:103E70000068C505ED0D103DC0202843C0B2FFF716
:103E8000FFFD6846007800280BD00198092808D06B
:103E9000FFF765FF002802D04C480068804701F01A
:103EA00021FA26404A480468032E04D0022E06D187
:103EB0000198032838D000F06BFA032E04D0019843
:103EC000062831D1062D2FD0424800680127C00BAB
:103ED000384001D001F0A2FF3F480068000108D53A
:103EE000052D06D101253D4807606805FFF70CFF49
:103EF00000E000252100019800F07CFA0400384E13
:103F0000002D05D000F00AFC37600220354908601A
:103F100078057065800934490860FFF720FF0028A4
:103F200002D03248006880471B4880214902016264
:103F30000199002908D10221416000201749C86376
:103F4000C020C0001E4948642000FEBD80B5FFF7B8
:103F5000CDFE27480078800602D40220254908605B
:103F6000FFF7CDFE01BD0220234908607047802085
:103F700000062249096801400AD0C10D204A127882
:103F8000920701D51F4A00E01F4A11601F490860CF
:103F9000704700002C1002A8282002A80C0002A8DC
:103FA000483E0000B00002A8FC0302A82C1102A8A1
:103FB00002300000B82002A894E001A80CC001A8BB
:103FC000146001A8C4E000A804ED00E08C3C0000EF
:103FD000B44000A800E200E0EC3E0000645000A8FD
:103FE000646000A82C4000A880E200E0883C00004B
:103FF000BC3E0000081002A8082002A8440002A845
:10400000683E0000FC1302A8FC2302A8442002A87A
:1040100059480068800700D4704770B5574801219F
:104020000422BB4B0C02E025ED0086682E4002D036
:104030001C601A6119610068054002D01C609A601A
:10404000996070BDBF48012181600160704710B563
:10405000012087498A680240FCD1BB4A04231361CE
:104060000C680440FCD193600002106010BD8149CF
:1040700008680122104200D1704710B5E023DB0030
:104080000340FF24A41CA34204D3C04B1B689B061F
:1040900000D54868024001D000F044F910BDFEB5DB
:1040A0000700754E30683F21884374490978014301
:1040B0003160FFF7DCFF724880214903714C08250D
:1040C000944A1268D20504D525600322B2620160C9
:1040D00006E0C822B26206228F4B1A608F4A116036
:1040E00000978909C160009800688D4FB9688142C6
:1040F00001D2019100E001900199401A00990860F5
:104100000121009800F0F6FB060000980068019974
:10411000401800990860FFF77BFF8C480068386002
:10412000300013D1002060627A480168C90501D4CB
:10413000102161620068284001D0256000E06560C0
:1041400095480068400001D5680260623000FEBDFD
:104150007F48017809060DD5007F00280AD08B48DA
:104160004168C90606D40068A0210140481E80416C
:10417000C00F704700207047500002A8900102A8AD
:1041800080B5FFF7E5FF002803D00021042001F0EF
:10419000E3FE01BDF1B581488149C860EE20C0044D
:1041A0000860804880490860FFF7D2FF002803D0EC
:1041B0000021042001F0D0FE7C4C8020C001206052
:1041C00008277B4887650125754845641D20784987
:1041D0008862784E9B204000B061072001F000FD0E
:1041E0000220734988624B490A68D20603D5704998
:1041F000714A0A6008E00F220968394002D0310094
:10420000103101E0310014310A606C49096800295D
:1042100000D4B761E32109013160C021C900684AB7
:104220001268F823DB01134001D1F16201E05C4A1E
:104230009165216C294008D0616BC90705D461499B
:104240000968084001D101F0A5FE0020C0435E4985
:104250000860606B054001D1FFF7DAFE009801F0BD
:10426000ADFC606B8001FCD4606A58490860F1BD08
:10427000940102A8783F00002C8001A84A3E00006B
:10428000981002A8601102A870B53148017809069B
:1042900006D5007F002803D00021052001F05CFE38
:1042A0004B4801683F2291434A4A12780A43026010
:1042B0003E4849490122436B134001D10A638A6297
:1042C000972252000A6010220A60444AE3231B012D
:1042D0009366434BCB610021424B196080235B0006
:1042E000072408210B4D2E680E4005D094672C68DA
:1042F000234006D1916704E0D4672C68234000D1A5
:10430000D1670323136011630903016070BD0000CE
:10431000881102A8FC0302A80C9001A8982002A80A
:10432000A03F0000F02109012F4A116001402F48F1
:1043300001602020A5490860A54909680840A949ED
:1043400008607047902102A8882102A8340002A8C2
:10435000BC3E0000A448A54982680A4002D1C26858
:10436000114001D00F49016012480821A04A13688A
:104370000B4000D081611178C90602D58C2109015A
:10438000016014209B490860C9E10000440002A8B4
:104390000448054908607047EC0002A8000FFF00C0
:1043A000242102A801200000706201A8100002A8C8
:1043B000C01002A8501102A8BD03000028C000A828
:1043C000A88001A8203E0000B46000A89C3F000027
:1043D0002C8001A84B3E0000682102A8E82002A81A
:1043E00010100000C00002A8586001A8585001A891
:1043F00070470000F8B586B005000C007E480068E4
:10440000400102D52000402404437C48C66AFFF7DF
:1044100083FC0590B00503D579480068FFF7C2FA20
:104420000020009001227006C00F01907548866838
:1044300000218160B8214900734B19606308B821DD
:1044400019400078F0230340402B02D1080040219E
:1044500001430D2D02D1300004260643700704D518
:1044600008001421014310208443A548036820005C
:104470003400DB0506D580235B00644D2B600B0008
:10448000012119439F4D019B002B11D10C230B409F
:10449000082B0DD00B00594EB66BF70601D4102730
:1044A000BB43B60601D42026B343B1261E4042D0FA
:1044B000130042D0AB6DDB04DB0C792B07D38021DA
:1044C00006224E4B1A604A02984B1A600022812342
:1044D0000B4035D00823019E002E00D12B62260010
:1044E0000824344310239843042302931B05904E61
:1044F00033605B088F4E336013001ED0029B062B87
:1045000024D33D4BDE6CF60620D5314E3668360E90
:1045100000965B699BB22E4EF66B360603D01E00EA
:1045200080235B0133432B611B122B61744B1B688F
:10453000DE059ED40AE008222A620390049132E04C
:1045400090A34E06F60E9B5D0293D5E7039004916F
:1045500002982A490B6B1E4A12682E686F46BE806D
:1045600028261E400643980CC00130431E001B0E37
:10457000334010263340034390004022104018433C
:1045800001AA9070486B000A01A9C870FFF7E8F90A
:1045900001A908710098487167480068C8800198AF
:1045A000E8660298E8660598FFF7BFFB08200399C4
:1045B000490601D55E49886060490860E1B2049807
:1045C000C0B2FFF764FA039807B0F0BD482002A814
:1045D000184001A8081A03D2594909684018401C1C
:1045E00070470000481002A8704201A800800080B7
:1045F000F84F0000703F0000084000A8180002A813
:104600001CC000A8683F0000B46000A81C2100AADC
:10461000F8B54C4F4C4E0F2401254C494C48806B4B
:10462000C0061BD5012008704A4800684A4909683D
:10463000FFF7D0FF716F401801285FDB01F0B6FA79
:1046400046490968090B0C40022C55D16905444ABA
:104650001160102139643E490D604DE03C48006C0A
:10466000C00026D53F480068E0218905014045D0BB
:104670003A4D3D480068C00504D42868000B20402E
:104680000228F5D039480668FFF746FB3849F2B2F0
:104690000A603204120E0A603202120E0A60320EF2
:1046A0000A60FFF742FB2868000B20400228DFD099
:1046B000F1BD30480068002820D001220A7001F0C6
:1046C0007DFA00281AD101F071FA24490968090B12
:1046D0000C40022C10D102213278D20705D5264A8F
:1046E00012680A4001D01A4A1560CA031C4B1A60AE
:1046F000396000211F4A116001F05CFAF1BD000031
:104700001C0100AA540000AA802080041B490860F4
:1047100070478020400419490860704700BF18485E
:104720000168490701D0FF2141617047141100AAB7
:10473000441002A84C5001A8448001A8845000A84D
:1047400038C001A8082002A8683E00004D3E0000C5
:10475000100002A81CC101A820C001A8B00002A836
:104760001C1002A84C4001A8084000A8904000A8D6
:10477000640000AA243E0000EC3E00003C2002A899
:104780000C4000A803010706030107060501060601
:1047900005010606030207060302070605020606D0
:1047A0000502060643480068000219D54248016820
:1047B000C902490F0BA2008ACA384009105C0818C8
:1047C00040B2082801DB401F02E0002800D5401D50
:1047D0003A490A683A4B13400006801118430860B2
:1047E0007047000002010000FFFEFD00FF2807D017
:1047F000032805D233490978C140C807C00F704764
:1048000000207047F8B58020000200902E480388F1
:1048100008202E4908600A220120012494400099B2
:104820000C432B492DA5AD5C25438D60F025294E09
:104830003560264D2CA6B65C022737432F60042630
:104840002E60214D244E3668064008D12E88F61A77
:10485000B6B2012E03D88E6C3603F3D401E00220E9
:10486000F2BD8D6CCE6C6D036D0BAE4200D2009428
:10487000521ED2D50822174B1A60009A8A60AF4A9E
:104880001268520113D5AE4B5A78541C01252540AD
:104890005D70140006256C431C190968A1800099FD
:1048A000E1801A7007490B78904018430870002087
:1048B000F2BD0000500002A8643F0000F80302A807
:1048C000FFFFE3FF843F0000483E0000889001A8FE
:1048D000448001A888A001A8140002A800000001DB
:1048E0000102040810202000505050404040403049
:1048F00020202000F1B582B0924C93484068C0055A
:1049000016D5606AE021C9000840884210D1AA4843
:10491000006E0004000FA9490A68D20601D50728D5
:1049200004D00968C90603D40B2801D10020FEBDBC
:10493000FFF788FBA2484069400101D401251CE033
:10494000A048826B00207E49C3B206256B43CB187A
:104950009B8895B2AB4204D0401CC3B2022BF3D368
:10496000FF200870012596484069400105D5087868
:10497000FFF73CFF002800D0002593485421405CFD
:10498000000608D58E480078002804D08C4840786E
:10499000002800D10125E06901906B480068E061C2
:1049A0008A4E02980068316D4718012F16DB00F01F
:1049B000C4FD3060C001381A01280FDBFFF747FB48
:1049C00000F0C4F802980068316D401801F0F6F864
:1049D000010003D00021029A116010E07C4FC0203A
:1049E000C00038602068072832D00521084005281B
:1049F00008D021600C2001F0F3F8010002D00199E9
:104A0000E161FEBD734EFF207A3070620420B06217
:104A1000FFF71DFB02203060E020C0046E494860B3
:104A200080208004786002203860012001F0D8F8EE
:104A3000802080007062022001F0D2F88020C00047
:104A400070620820B062022001F0CAF80220B06251
:104A5000624EE0204000F061614F5B480078C00783
:104A600004D580200006386040083060042001F042
:104A7000B7F8694608706846007800284DD10220D2
:104A80005549086080027064C001706410204D496F
:104A900008600120B0674C4E47480068400621D4AA
:104AA00047484069400113D5254800786946487059
:104AB00068464078FFF79AFE002809D020486946EA
:104AC0004978062251434018C0883E49086409E0ED
:104AD00001203074FFF796FE69460870684600783A
:104AE00000281AD10120374908600020C867022039
:104AF00001F076F84020F861C030F8613078C007E6
:104B000005D5C020000638602E48006C7082022057
:104B100001F066F88120C0027864002D01D0FFF713
:104B2000D4F8E069E0214903014001982D4A024090
:104B30000A43E26168460078FEBD0000EC3E0000DA
:104B4000383E00005C0102A8F80302A870B5FFF728
:104B500079FAFFF77CFA244C24480068C00509D58F
:104B6000E06F000B0F210F220240072A23D00140E3
:104B70000B2920D00225134805601D4E0820B06285
:104B8000C0017062012001F02BF8280270623560CC
:104B90000620B06217487062E020400016490860A5
:104BA0000D4805600021154A1160C021C90001604F
:104BB00020681349086070BD500002A8B04301A8E6
:104BC000D83E00000C8001A8683E00008C3F000029
:104BD000981002A85C1102A8982002A8109001A8C1
:104BE00010A001A8FFFFE3FF340002A8FC0302A805
:104BF0005C2102A8F96100002CA001A85C0102A8B8
:104C0000943F000070B52949C022D200284B1B6890
:104C1000F824E4011C4001D1CA6101E0254B1A606F
:104C2000254A80235B00254C25681D4003D00825BC
:104C30000D60032101E0AC214900916421680B4023
:104C400001D10A21116006001D488021490301603D
:104C50008909C1601B4C6069AF21C90145183068E2
:104C6000854200D30500401B306000213000FFF773
:104C700041FE31684919316013490968216070BDEE
:104C80008020000111490860000111490860704747
:104C900010B50400FFF740F80E490A680E4B1340A8
:104CA0001C430C60FFF741F810BD0000601102A822
:104CB000AC8001A87C2102A80C8001A8FC0302A8FA
:104CC000981002A8903F0000340002A8441002A8E7
:104CD000685000A83040005AFFF8FFFFF1B584B0DB
:104CE000E020C000FFF7D4FFAD4800680190AD4F51
:104CF000386BAF21C90140180499884205D2081ABF
:104D000000F05CFF002800D00FE2A74C6068C007ED
:104D100000D50AE20425A548C562A803A449886213
:104D2000A448406D0090A06B8607B60F1020032E9C
:104D300002D09E49C86221E042038A62E26B920679
:104D400001D5012055E0009A12060FD5E26B9207BB
:104D50000CD4994A05231360E36B184002230343E4
:104D6000136000201060A06B000A1060CD62E06B41
:104D7000002803D5E8038D4988620026A06B2840EF
:104D800004D0A06BC000A901084002E0B868C107C8
:104D900001D5FFF7C7FA01210098084008D0C148A3
:104DA000B2018018006AC004C00C401EBE4A1060E8
:104DB0000020BE4A13681B0403D5926F002A00D45A
:104DC0000120C0218900BA4A51653202794B1B7813
:104DD000DB0703D5724B1B68DB0501D5002801D02A
:104DE000080000E01000D24B1860B14881655A609D
:104DF0000020216C942292050A40110000D001216C
:104E00006A46117069460978014337D0C94800786D
:104E1000C021014040290CD1FFF798F8F86D0190AE
:104E200001A8FFF73CF9002827D10198FFF7B2F954
:104E300001E0FFF798F820202060684600780028FD
:104E40001BD0BD4EA06B284008D02803584988626B
:104E50000220306000F08EFA002806D05348C56268
:104E60006802534988620001306052485421405C16
:104E7000000602D568044D49086056E16068C00725
:104E8000FBD4E8034A49C862FEF730FF206C0004F7
:104E900006D4FEF741FF0221A84A1160FEF745FF44
:104EA000FEF72DFFA8022060C0200006A449C860BC
:104EB000A803BA490860A06B4007C10F684601709B
:104EC0000198C00700D4CAE000F070FE0290FEF71F
:104ED0003DFF206C40040DD400BF00BF00BF00BFE9
:104EE00000BF00BF00BF00BF00BF00BF80200006A2
:104EF00094490860FEF72FFF029800F05BFEEE2059
:104F0000C004A74908608E4869024162A54903228E
:104F10000A647F224A644222019BDB0501D40A60B5
:104F200000E002600646A020B06008209B490866A9
:104F30009D480560206CC00252D59C4841680A0B10
:104F40000F2313401A01D21A09090F250D405119D8
:104F50000F3901D1002200E04A1E00BF7AA55B0094
:104F6000EB5A10293CD33988E72939D395256D00B0
:104F7000A94205D8691A09094B43990A4B4204E032
:104F80008B4D491909094B439B0A5BB2D218396B07
:104F9000FD6B6B43C9183963B32A0FD3B32210E0FA
:104FA000FC0302A8743F0000100002A81C2002A805
:104FB0001C1002A8683E0000E40000AA0F2A00D2DC
:104FC0000F227C485043C00C7B49774B1960411C31
:104FD00009030301C01A1018401C00010843B06601
:104FE0006F4D7648A864C0208001F0606B4874491A
:104FF000416774498167F020000168658020C00026
:10500000B0610A2000F0ECFD82204002B066C420AE
:105010000006F060C02040016B490860012000F0EC
:10502000DFFD0120F060062000F0DAFD80200002A4
:10503000F060082000F0D4FD80204004F0604008BB
:10504000F0604008F060C000F0604000A8640320F9
:1050500000F0C6FD802040025349086004E09A4AEF
:105060004021002000F04AFD0020C04310490860A4
:1050700000F063FA401DC001396B46188020C00162
:1050800092494D6F0540924908600498864212D2B9
:10509000396B401A00F092FD00280BD08D48056056
:1050A00043E000BF0C0000AA204000A8684101A80E
:1050B000B46000A8049E88482149C860012000F01F
:1050C0008FFD606AF862802040003449086030003B
:1050D00000F074FD814E68460078002806D17B48B8
:1050E0000068B0678020C0037D490860794805608A
:1050F0002B4802218164C02189018164606A786241
:105100006846007800280AD0012000F069FD54208C
:10511000305C000603D58020000395490860206CB0
:10512000C00202D521480068386305B0F0BD00BF59
:10513000085100A8EC3E0000685000A8D4E40350D9
:10514000601102A80450095000000000000400088B
:105150000008010C01100218021C0324042C043066
:105160000534000080B55D490978C90701D50028DC
:1051700003D0C0208000FFF78BFDFEF7CDFD9449E2
:1051800000220A600A22CA61FEF7CFFD9148C021C1
:10519000890201609049416001BD0000B81002A879
:1051A000242102A8600102A8C82102A8F83F00003B
:1051B000D6FEFFFF89880000F0F000000404000024
:1051C000020300000004FF00B05101A88348806B77
:1051D000800300D47047F8B5814800680090082724
:1051E0008048076080480068C00403D47F48006896
:1051F0003840FBD07E4C38486065042000F0F0FC5D
:105200008820C004606501250098284028D0E80562
:10521000606580006065012000F0E2FC6565E803E0
:1052200060654002606500F0C1FC0500FEF78EFD80
:105230006A48006C40040DD400BF00BF00BF00BF2F
:1052400000BF00BF00BF00BF00BF00BF802000063E
:1052500068490860FEF77FFD280000F0ABFC03E022
:10526000654A402100F04AFC644D00260098C005C4
:1052700001D52F6000E02E606E60C02000066065E2
:10528000C00C5F490860012000F0AAFCF02000017A
:10529000E0665C480099C90502D50321016000E081
:1052A00006608620400258490860584860652760BB
:1052B000A02020652E646E64B80248490860000191
:1052C00053490860F1BD00000A07000020C001A892
:1052D00094E001A894D001A802400000683E0000BC
:1052E0001C1002A8F8B54B4800680D27074004249D
:1052F000002F00D104274848102566030821474A9B
:10530000474B1B682340126814D04260394004D0D8
:105310000220FEF729FC434806603C4007D0424883
:105320000068054340480560B0083E490860022017
:105330003E4915E00260394005D00220FEF714FC1A
:10534000A002384908603C4006D0374801680D4348
:1053500005607009334908603448066030032C4901
:105360000860FFF733FF00210020FEF790FBF1BD3E
:105370001C2002A810B580202D490A6802400AD0DE
:105380002C4B1A680624144005D15C6E2A4A224030
:105390001B6D9C0101D5002010BD096808400DD08F
:1053A0002648824203D1180501D5012010BD2448AA
:1053B0000068C107C90F481E8041C00F10BD2148B9
:1053C00003210164A821C16310210160704700001E
:1053D000D80000AA442002A804000080100002A8FF
:1053E000FC0302A8106001A8D84001A8104001A841
:1053F000182102A804600950130A0000600102A8E5
:10540000B06101A8548001A8C82102A8043400009A
:10541000482002A8B44000A8E43E00001CC101A836
:10542000480002A8441002A8683F0000685000A885
:10543000440002A814C001A81F1F0000010C0000B6
:1054400030C101A8082002A86C4800680121084268
:1054500009D16B4A12686B4B000C1840F032914036
:105460000B40984201D00220704700207047F8B5E9
:1054700007000F386A461080604CE0680A0004D1CB
:105480006B461B8882B29A423AD200226B461A803F
:10549000012502263A0013D02268324007D00029A5
:1054A0002ED059480088401C5749088000203900F8
:1054B000216156490E6080B2B84201D369460D8021
:1054C0005348456000E030BF2068304003D1FFF70B
:1054D000BBFF0028F7D04D484560390010D0216847
:1054E000314005D048490A886B461B88D2180A808B
:1054F000066000202061E068B84201D2444806609E
:10550000FFF7A2FFF2BD38B5050000F04FFB040025
:10551000012199204543A8093E4A12688018123893
:1055200080B2FFF7A4FF05008020C0013A4908605F
:10553000200000F03FFB280032BD33480388354986
:10554000096802889342F9D1100408187047FEB523
:105550001238070C6946088000F028FB0190274CA0
:10556000294D2888B8421ADA01202C490860274EB4
:1055700030BF02202168014006D030604003264938
:1055800008602888401C2880FFF75EFF010002D1D8
:105590002988B942ECDB0121716000280DD12888EF
:1055A000B8420AD1E06869460988884205D20021DC
:1055B00068460088FFF75BFF01E0FFF745FF040046
:1055C0008020C00114490860019800F0F3FA20001F
:1055D000FEBD10B512490A680E4B1B680C68944258
:1055E000FAD0DB014033141A02D288692418641CF3
:1055F0000C4800684443181B10BD0000280002A896
:1056000004ED00E0FF3F0000483E0000282002A813
:10561000281002A8340002A880E200E02C1002A8A2
:1056200020C001A8B43F0000F0B502E00A601C6091
:105630002E607EC84F1C07D05F1C04D06F1CF5D1B4
:105640000A601C60F0BD0A60F0BD000010B5C20029
:1056500018231340FF249C40E2438907090E994018
:10566000030004D477489B089B00C01806E0764BE3
:105670000007000F083880088000181803681A40D7
:105680001143016010BD80B56F225421002000F04D
:1056900035FA01BD10B500F089FA6C4901220A60A3
:1056A0006B4B6C4C23606C4C236003236B4C23606E
:1056B0006B4C23606B4B1A606B4B1A606B4A8023F8
:1056C00013606B4B136011228A6300F073FA3F2062
:1056D0006849096801400A1D402A00D2081D664A2F
:1056E0001070A748017010BD00F060FA050000249A
:1056F000012160B2FFF7AAFF641C0E2CF8D3012130
:105700000F20FFF7A3FF01211120FFF79FFF0121C9
:105710001320FFF79BFF01211720FFF797FF0321BD
:105720000120C043FFF792FF01211E20FFF78EFFEB
:1057300001211F20FFF78AFF5048514908600220CD
:105740005049086001209949086047044E4C206880
:105750003840FCD0FEF7A9FA280000F02BFA4B489D
:105760000068400311D4902252005321002000F021
:10577000C5F90AE000281CD0FEF7CEFA19E020682F
:105780003840FCD0280000F015FA206D0004000F0E
:10579000022801D1FEF73CFF00F008FA05006B4E2D
:1057A000FEF7CAFA00287078E4D0002801D1FEF78D
:1057B000BCFA012033493278002A05D1714A1268B7
:1057C000920600D4086030BF0022327002220A60C4
:1057D00076490860D3E77648016842680A40754810
:1057E00010401C490860800700D4704770B57248AB
:1057F0000188491C0180714C2078000620D5704931
:105800000A680F20120B0240032A19D16D4A126850
:105810005207520F032A13D80968090B08400328BE
:105820000ED1694805680826684806600D2000F01A
:10583000DFF9354001D09A480660E08A401CE082DA
:1058400070BD000000E400E01CED00E0040002A8D0
:105850000000FF3F282002A82C1002A840E002A868
:1058600044C002A804C001A8044001A8145001A823
:10587000200060062C8001A84A3E0000FFFF9BC06C
:1058800000E100E0602002A8600002A8F80702A87A
:10589000F8B58448016844680C4083480460834834
:1058A000204007D0FEF75BFA002803D02000804993
:1058B000096888477F4880210C4220D0794A936A42
:1058C000F825ED011D401AD0C0231B019D4216D8BA
:1058D00080252D06884E3560976AF826F6013E40F1
:1058E000C76E3F043F0F022F01D0032F03D1002EBC
:1058F00001D09E42F0D3904A15606B4A11608F49E7
:10590000097806290DDACC20800120401DD000F056
:105910004DF905002000FDF7DFFE280000F04AF9F0
:10592000F1BD0068800510D58548204005D0FEF700
:105930005FFD2000FDF7D0FEF1BDA00205D580205F
:105940004001594908607F490860F1BD4D3E0000A3
:1059500010B57D48016844680C407C480460802193
:105960000C4205D041607A4801600020FDF7B4FE8A
:10597000600403D5802040057649086010BD000012
:105980004B3E0000F40302A838B573480168446830
:105990000C40E00707D500F009F90500FDF736FFD8
:1059A000280000F007F96D48046031BD601002A8BE
:1059B000280002A8FFFF00C0483E0000BC3E0000D7
:1059C000B00002A8184001A84C4000A84C6000A8F4
:1059D000FEB5634C206C676C074001252F4216D042
:1059E0002E066048066020685F490D60002802D0DE
:1059F0000021FEF7E5F85D480068A021C901884252
:105A00008041C043C00F5A4948705A480660FEF7AB
:105A100083F90190022007403ED06168CEB20F0AA0
:105A200055490822494B4403012E24D0022E31D17E
:105A3000012F22D1514EF6780096504E377801262C
:105A4000BE404F4F3E604D4E3678760590277F041E
:105A5000F71903263E434B4F3E601C604A4B1C60C7
:105A60000B68009C1B194B65444909788D404749D8
:105A70000D6047490DE00090DFE7002F0AD1454E49
:105A8000356000254D655C601C60C104424B1960A7
:105A900042490A60344908600198FEF746F9F7BDAB
:105AA0004C5000A8104001A8106001A80200060098
:105AB000903C0000440002A870B5FEF72DF90400E8
:105AC00000F074F82F490A68D2070FD52A4A566D9C
:105AD0001368334D2E60CE686E604968E98180217D
:105AE000C904204E3160297B5918516500F062F8D5
:105AF0002000FEF71AF970BDE06101A8002800D06F
:105B0000704770B50C00FEF707F9050000F04EF87D
:105B10000600FEF71BF9234804600121224A1160A8
:105B2000026C0A40FCD1FEF716F9300000F042F892
:105B30002800FEF7FAF870BDE05101A8183E0000F9
:105B400000104006145001A890C001A890E001A8E0
:105B50000CC001A804ED00E0C0C000A8C0E000A88F
:105B600000C002A8441002A840E002A8404000A8DB
:105B70004D3E0000442002A818800A50613E0000FB
:105B800068A00A5060C101A894D001A868900A508A
:105B9000F42302A860E101A880E200E0F41302A867
:105BA000583E00000080095040900950EFF31080EB
:105BB00072B67047002800D162B6704710B5C409AC
:105BC000FFF7BBFC201A312806DAC000183801D4D0
:105BD000C01EFDD5002010BD2000FFF7B8FC10BD91
:105BE000C32148436F3801D41E38FDD500207047CB
:105BF00080B5FDF7B9FF01208449086001BD80B57B
:105C0000EB2000F001F801BD30B581490B68184068
:105C10001022134210D07F4B7F4C2468224008D0C2
:105C2000AF4A14682402FF252D0225401D6300247D
:105C30001460802252031A60086030BDF3B5010081
:105C400016001C0000250095A648019A3300002785
:105C50000BE0BC464F5D4743AE009E597E40575D0A
:105C600047433740664637436D1CA542F1D3390997
:105C700039438A080A43510811430840C1090143C6
:105C80000F208A0B0A4302405040F6BDF1B582B0A6
:105C90000E00002092490860934DEF7AA87A019097
:105CA0000F21394000910ED00B46904A904902983E
:105CB000FFF7C4FF01990140894801608D484143C5
:105CC0008D48084001D1012400E04401380915D075
:105CD00032003B0929000298009E6D7A751940191F
:105CE000FFF7ACFF0199091101407D4802680B01E3
:105CF00013430360002901D0480044437F480068F3
:105D0000204001D10420FEBD0020FEBD80B50A0068
:105D1000002111807A4952888018FFF7B7FF02BD31
:105D2000F0B50F22774B5C7905780F202040C540F5
:105D30002009284001259C79C4402C4001D1032032
:105D4000F0BD354C2468254008D06F4D9E68470053
:105D5000F65B761E2E608026B601EE60DD78DE7979
:105D6000C640F00711D5E0060FD5002D0DD06748CD
:105D700048600888488008881C7800192A408018E4
:105D80005A7880182A09801800E000200880002036
:105D9000F0BD10B55E4801685E4A0820014200D09F
:105DA0009061C90602D58C21090111605A495B4AEC
:105DB0005B4B1B681B040CD54B685C0402D5C3030A
:105DC000136006E0C024A4011C4043029C4200D0A2
:105DD00010600B68034005D0524B1B689B0F9B075C
:105DE00000D010600C480078C023034002D180200E
:105DF0004005106008682021084010604A4800688B
:105E0000C00101D4FFF7FBFE10BD00002C4000A82C
:105E1000703F00001C1002A8BC3E0000F8B5434FC4
:105E200038687E6806404248304042490860802415
:105E3000A403414DF00228D540480168080606D564
:105E40003F480068A86001202870022015E001206A
:105E5000014202D03B49A9600FE00020C9060CD5E1
:105E60002A49A960384A91780B071B0F12789A18B3
:105E700009095118A980E880A888A880A888002866
:105E800001D0264301E0FFF7BAFE264026D0294E76
:105E900074603460A88800280ED0396A81420BD320
:105EA000291D2A48AA6890470100F3D0FDF75CFE3F
:105EB000012027490860F1BD01000CD0FC218902B6
:105EC000F16124490203CA6134604C603A6A82423B
:105ED00004D30C60F1BDEB20FFF796FEF1BD00008E
:105EE000283E0000010101013C3F0000F43E00009B
:105EF000343F00001111000021840000F03E00003A
:105F0000143F0000443F0000204000A8212800006A
:105F1000F84F0000502102A8184001A8481002A81C
:105F2000684101A84C4201A8D04000A8B44000A894
:105F3000FFFFDFFFB46000A82C3E0000BC3E000065
:105F4000943C000035280000453F0000D84000A8E0
:105F50002C4000A8B45000A870B505000C00FFF755
:105F600025FE0600FDF7F2FE200205430648056007
:105F7000022006490860FDF7EEFE3000FFF71AFE2A
:105F800001200349087070BD0480095040900950F9
:105F90004C3E0000FEB5C020C004334908603348C1
:105FA0003349486533488865334840240460446079
:105FB0001020FFF715FE010054D1FF2000052F49E6
:105FC00008602F482F4908602F4829490860A50319
:105FD0002A4805602D4807680820FFF701FE0100E8
:105FE00040D108262A4806600120FFF7F9FD27481E
:105FF000806801902748066027481D4908601F48AF
:1060000005600820FFF7ECFD01002BD12048066059
:106010000120FFF7E5FD1D48806800901D480660DF
:10602000134D1E4828600199009800F03FF886063D
:10603000B60E0198C10B0098C00B00F037F80002B3
:10604000FC21890101403143296010480760600349
:106050000A49086012480460446012490164124908
:1060600041640020FEBD000020E000A8571400009D
:106070004C0102A8FF3FFF3F601102A8B42002A814
:106080000000380EB41002A830300000104101A802
:10609000105101A8106101A810100000202000007C
:1060A000602102A8F703F000FF3F000010B549048B
:1060B000CA104004C310991A00209A18D30F9A18D6
:1060C000521052188B115B0E5B18DB11D218202373
:1060D000541A01D422001843CC0F611849105B08F0
:1060E000F6D110BD80B5FDF73AFE002802D0B648C3
:1060F0000068804701BD80B5FDF76EFEC4480068AA
:1061000000030AD4FEF744F9FFF760F8FEF7BCF885
:106110000120FFF727F8FEF719FD80208005FDF725
:10612000F3FD01BD80B5FDF757FE80204002FDF76D
:10613000EBFD01BDFEB505208D4908608D48066860
:106140000124264201D1FDF77DFFFDF745FE8A4976
:10615000086800909D4849680160B105CA0F69460A
:106160000A710025264210D00095AA4949680160AD
:10617000A848026896490B68981A9A4202D38B691C
:10618000C018401C934B9842F5D3A34F3D6068461E
:106190000079002804D031000098FDF779FB0090C9
:1061A00000263868204003D16846FDF778FF0600D6
:1061B000FDF7CEFF002844D09648407C002840D10F
:1061C00096489449C96802690B689A4200D0012533
:1061D000934FBA1C9446934A13780622534362465F
:1061E000D25A8C462B0018214B436146C9184A608D
:1061F000009901918749C96801226A4018235A43CE
:106200008D1829680161A96801608748E968016003
:10621000296901626869A149086001A8FDF73FFF8B
:10622000010006D1B91C7F4A127806235A43895AC5
:106230006960310006000E43300602D175494C7486
:1062400001E0360602D10098FDF7A4FF9E480460E5
:1062500002209E490860C820C004BD49086060044F
:10626000FDF752FDF7BDF8B5994C8025EF02FDF71B
:106270006FFF002808D097480078002804D1380024
:10628000FDF742FD2560F1BD206CC00506D58020DC
:106290000006206000BF00BF40082060FEF75AF8EB
:1062A000FDF79AFDFDF790F906008B48A9490860B3
:1062B000FFF718FF3800FDF727FD002E00D02560FE
:1062C0000120A5490870F1BDF8B5A44CA4480068A8
:1062D0002060FDF781FDFDF709FD02257C48006C7B
:1062E000000405D4FDF718FD9E490D60FDF71DFD66
:1062F000FDF705FD1020C0439B4908600026744847
:10630000C6639A480660FDF72AFD070003D0984847
:106310000068804700E066637820205C052101402A
:1063200002D0FDF713FE01E0FDF71DFEA06F054052
:1063300002D0012066490860FFF72BFD002F02D034
:106340008C480068804780200003FDF7DDFCF1BD2C
:1063500080B5FDF741FD2E480068000303D4FDF72A
:1063600093FFFEF7F3FB80204003FDF7CDFC01BD5A
:106370005C1102A8440002A8B83F000038B5FDF740
:106380002BFD534C2025FEF7F5FF002806D0606B4F
:10639000000704D5FFF713F8FEF772FC2560FDF740
:1063A00073FFFEF7D3FB744800780C2101400429E9
:1063B00002D1FDF7CBFD01E0FDF7D5FD6804FDF747
:1063C000A3FC4020206031BD7C3C0000243E000046
:1063D00020C001A801FF00001CB505206749086026
:1063E000FDF7FAFCFEF7EBFF654800680090684691
:1063F000FEF708FC0400FFF775FE002C02D10098A0
:10640000FEF76CFC80204004FDF77EFC13BD00000D
:106410000C0002A8C83E0000203E0000348001A805
:106420003C3E0000383E00001C4101A8F8B5FDF7D5
:10643000D3FC544CA56A5020284002D0FDF786FDBD
:1064400001E0FDF790FD224FFEF794FF00281BD1DD
:10645000B86B40071DD4786BE0214901014018D189
:10646000A80611D4FDF742FCA56A9F4E354207D01D
:10647000FF20C0432D18A562802000059B490860BD
:10648000FDF73DFC2E4002D00120386001E00020E5
:10649000206080208004FDF737FCF1BD284000A873
:1064A00080B5FDF799FC92480068C00501D5FDF75D
:1064B000EBFE0120FEF756FEFEF748FB8020C004ED
:1064C000FDF722FC01BD0000442002A8305201A8C3
:1064D000100002A8D93E00007001200010B5264827
:1064E0000468FDF779FC8349096809032AD403216C
:1064F000C00601D5214001E0A0080140012902D1D8
:10650000FDF724FD0BE0200107D50E20FFF770FBFF
:1065100079480421016008210160FDF724FDFDF7A1
:10652000A6FD764C2069B3490860FFF7DBFD2068C3
:10653000002807D04000122802D2FFF751FB01E0EB
:10654000FEF7E1FF80208003FDF7DEFB10BD0000B9
:10655000106001A8B46000A84D3E0000743E000029
:1065600008C000A8D4E40350482002A8283E000038
:10657000803C0000843C0000EC3E00005C1102A85E
:10658000CC3F0000C43E0000F8B584B000249A4916
:106590000C740120694608700294FDF71DFC0390FD
:1065A000544F3868000300D598E0032093490864ED
:1065B000934800681025FF26B6010F210F220240E4
:1065C000032A03D0000B014006293BD18D48006807
:1065D00071680291396C890701D5B1680291FEF7A3
:1065E000F8FF0299401801D5019400E00190B86BC2
:1065F0000107C80F0321424A12680A40022A1BD130
:10660000039A2A4018D07C4A526DD30512D5FE6BEE
:106610009D4B1E409E4202D178490D640CE09205CC
:106620000AD43A6C2823134006D16B461C702F4ABB
:10663000116001E06A461470029068460678002EE8
:1066400012D11EE06C480078C0070AD56A488068FD
:10665000FEF7BFFF7168401801D5019410E001906A
:106660000EE0306801900126FEF784FE002808D075
:10667000FEF7A5FE0298002802D0FEF701FB00E01D
:10668000002602205D490860002E10D01C480078CA
:106690000C210140042902D0F86B054002D0FDF71F
:1066A00055FC01E0FDF75FFC2020786016E05248C1
:1066B0000078C00705D575480068054001D1FDF791
:1066C00056FCFDF7E1FD01A8FEF79CFA0400FFF778
:1066D00009FD002C02D10198FEF700FB8020000488
:1066E000FDF712FB05B0F0BD00FFFF00481002A847
:1066F000680102A80C0002A880E200E0AC3F0000A4
:10670000EC3E0000FEB53C4C002525740095FDF7DD
:1067100063FBFFF7E7FC5E4EF06E5E4F0007000F75
:1067200007280BD17068002808D40020FEF71AFD56
:10673000386830490860FDF723FD55E00120716895
:1067400049070CD454490968014008D00102626D20
:106750000A4209D0520502D43268114001D100909A
:1067600002E010204D4908602078C00705D5474851
:106770000068C00601D5FDF7FAFB4948016803200F
:10678000009A002A01D0890900E009090840019017
:106790000020FEF7E7FC0198002805D17068C006CC
:1067A00002D4FDF7E0FB01E0FDF7D0FB00200099EB
:1067B000002903D13B480068FEF70BFF79694018B8
:1067C00001D5009500E000906846FDF768FC0028C0
:1067D0000AD10098FDF7DEFC2078C00701D560687B
:1067E00000E0B8690349086080200005FDF78CFAD5
:1067F000F7BD0000243E0000683E0000082002A80B
:10680000B00002A80CC101A8F8B5FDF7E5FA002414
:1068100000252548466B80277F05300606D53007C2
:1068200009D5FEF7CCFDFEF72BFA29E001251A4821
:106830000068284019D00020FEF794FC0220064092
:1068400002D01A490C60C86119480468002D03D0B1
:106850002000FDF7B5F80400FEF7B1FD2000FEF7BB
:106860003DFA3800FDF750FAF1BD0D480078C0211F
:106870000140402902D1FDF769FB01E0FDF773FB00
:10688000202009490860ECE710000010B04301A87F
:10689000440002A8BC3F0000B44000A8481002A871
:1068A000EC3E00001CC101A8100002A8180000AABC
:1068B000D83F0000FEF7EEFE024803494860FEF7AD
:1068C00013FF00BFFD2100000000000080B5EFF3C2
:1068D00005800B2801D23A2100E029218C225200A8
:1068E0000020FFF70BF9FEE74D690108FD6801087C
:1068F00009690108F569010875B903087FBE030835
:1069000083BE03088FBE030887BE03088BBE03083F
:106910000000000098010000A014002002010A00FD
:1069200000806D66676C69622E630000D4510020A0
:10693000CD510020C4510020D0510020D251002060
:10694000D1510020CF510020B551002070460020C9
:10695000BD510020BB510020C3510020A94500209B
:1069600003520020BA510020A6450020A345002074
:1069700018520020CC51002009470020005200206E
:106980001102030607082B2C1910131C1D20222AA4
:106990002E33343537FF80556E737570706F727497
:1069A000656420636F6D6D616E64204944202578B5
:1069B00000777600757600757500777500777562DB
:1069C00000757700757562007562757000000000D3
:1069D000011000002A2604080210000028260408DE
:1069E00003020000262604080510000014260408EF
:1069F000070800001E260408000200002C260408D8
:106A00000402000024260408095C00001A26040879
:106A10000A140000162604080D0200001C260408B3
:106A20000C0800002E2604086C6F7765722D6D61CE
:106A3000632D7261696C2D3830322E31352E342E33
:106A400063006C69627261696C2E6100000103046D
:106A5000756E636C61696D6564006275666665720A
:106A60002D6D616E6167656D656E742E63006C657A
:106A7000676163792D7061636B65742D62756666FD
:106A800065722E63006576656E742D71756575652A
:106A90002E6300000700100008001A000600110015
:106AA00002001100040004000100040009000800B5
:106AB0000A000A000B00020000000000BF6C04087E
:106AC000656C040800000000C06C0408A2280408DB
:106AD00000000000D1270408D327040800000000AC
:106AE000D52704083D6C0408D56C04082A6D0408F9
:106AF000D227040800000000D6270408966904087D
:106B0000C7270408096D0408D4270408C627040809
:106B10000203040508090A0B0001020304051D20F5
:106B2000450208000300AA00FFFFFFFFFFFFFFFF71
:106B3000FFFF7A69676265652D737461636B2E630D
:106B4000000000008D04030835160208B950020841
:106B5000D93C0308C5530208C3E00308C5E0030895
:106B6000C7E00308C9E00308F1CD020841A3020809
:106B70000DEB0208E1360308413C0208C1E00308BE
:106B8000F9A70208CD230308C12A020871C701082A
:106B9000B15B0308A1320208A387030800000000CC
:106BA0007A69676265652D75707065722D6D6163B8
:106BB0002E63006E65696768626F722E6300617391
:106BC000736F63696174696F6E2E6300003F1B9081
:106BD0001B194A9300001300000000000000000091
:106BE0000000000001000000D1AB0208020000001C
:106BF000FDF403080300000029AB020804000000B4
:106C000077F4030805000000C9AA0208000000008C
:106C1000000000000023001B2200FF000000000015
:106C20000C090202000000001C1A0B0303FF0608F7
:106C30000402020204020A0B030302030480FF029F
:106C400004FF010101010800000000000000003104
:106C500038323173005A6967426565416C6C69610D
:106C60006E63653039803134323231003132310077
:106C70003273003132323131320032383100383142
:106C8000310031383231310031323131313231324B
:106C900032323173003132313132323100323238F6
:106CA000000000183810300000000000008F8E8CAB
:106CB00080726F7574652D7461626C652E630081DE
:106CC000815A6967426565416C6C69616E636530C4
:106CD0003906080C10806D61632D6D756C74692D1B
:106CE0006E6574776F726B2E6300313131313131E3
:106CF000006368696C642D68616E646C696E672DF1
:106D00007232322E6300000000806D61632D696E67
:106D1000666F2D656C656D656E742D70617273693B
:106D20006E672E63003834313200800000000000AE
:106D30000000003231323231313134003131313200
:106D4000343831313232313100383132323131314F
:106D5000003831470031323232323232323200388A
:106D60003200383131320038313132320010270FE1
:106D700051421B390F390F1C06000A0026002A0059
:106D8000008050684C6900000000434C534E0000E6
:046D900000000000FF
:086D94003CFEFB7F0100000042
:0C6D9C00A86D0408004C002072040000E8
:106DA800FFFFFFFFC0EA2101C0EA210100800000C7
:106DB800C0175302184C002000601708008000001C
:106DC80014180020C8000000FE00000000000000A9
:106DD8009C0F0408A0100020FFFFFFFFFFFFFFFF2C
:106DE800FFFFFFFF9C1F00209C1604080400000002
:106DF80021AE00089C1F002002000000FD7A030855
:106E0800B41F0020B2160408030000005DB3000898
:106E1800EC20040833000000CD0201080F00000038
:106E2800070000000700000013AD0308444C0020D1
:106E3800984C0020604C0020002E002050290408A7
:106E480002000000BD320108002E0020F200000000
:106E580049330108B84C0020000000002C2E002007
:106E6800942E0020FC2E00200000000000000000EE
:106E7800000000000000000000000000000000000A
:106E880000000000000000000000000000000000FA
:106E980000000000000000000000000000000000EA
:106EA80000000000B5B80308B1B80308FFFFFFFFF2
:106EB800FFFFFFFFCDB8030820C001B837BC0308A7
:106EC800FFFFFFFF2DBD0308FFFFFFFFFFFFFFFFD1
:106ED800FFFFFFFFFFFFFFFF9B21000015BF030817
:106EE80010690408FFFFFFFF6C34002031C501085A
:106EF800000000008F1A04080000000000000000D5
:106F080000000000000000006C34002011C50108DA
:106F1800000000008F1A04080000000000000000B4
:106F280000000000000000006C340020A5DA010811
:106F3800000000008F1A0408000000000000000094
:106F48000000000000000000384E00200000000093
:106F580000000000184E00200000000000000000A3
:106F6800F84D00200000000000000000D84D00206F
:106F780000000000000000006C3400202DCF030842
:106F8800000000008F1A0408000000000000000044
:106F980000000000000000006C34002027CF030828
:106FA800000000008F1A0408000000000000000024
:106FB80000000000000000006C34002021CF03080E
:106FC800000000008F1A0408000000000000000004
:106FD80000000000000000006C3400201BCF0308F4
:106FE800000000008F1A04080000000000000000E4
:106FF8000000000000000000884E00200000000093
:10700800684E0020000000006C340020A9CF03085F
:10701800000000008F1A04080000000000000000B3
:1070280000000000000000006C340020A3CF03081B
:10703800000000008F1A0408000000000000000093
:1070480000000000000000006400000020A107000C
:10705800000000009D06020800000000F046002025
:10706800000000006C340020F50302086D280208B7
:107078008F1A040800000000000000000000000053
:10708800000000006C340020A51102080000000078
:107098008F1A040800000000000000000000000033
:1070A800000000006C3400203D1D02086D28020815
:1070B8008F1A040800000000000000000000000013
:1070C80000000000506A04086C340020012F0208F8
:1070D800000000008F1A04080000000000000000F3
:1070E80000000000000000006C3400205149020834
:1070F800000000008F1A04080000000000000000D3
:1071080000000000000000006C340020614F0208FD
:10711800000000008F1A04080000000000000000B2
:1071280000000000000000006C3400202565020803
:10713800000000008F1A0408000000000000000092
:107148000000000000000000B80B00006C340020B4
:10715800116B0208000000008F1A040800000000EC
:107168000000000000000000000000006C34002057
:107178004D760208000000008F1A04080000000085
:107188000000000000000000000000006C34002037
:1071980015780208000000008F1A0408000000009B
:1071A8000000000000000000000000006C34002017
:1071B800D5790208000000008F1A040800000000BA
:1071C8000000000000000000000000006C340020F7
:1071D800CD7E0208000000008F1A0408000000009D
:1071E8000000000000000000000000006C340020D7
:1071F80025850208000000008F1A0408000000001E
:107208000000000000000000000000006C340020B6
:10721800E5F80308000000008F1A040800000000C9
:107228000000000000000000000000006C34002096
:10723800BDEA0208000000008F1A040800000000E0
:107248000000000000000000000000006C34002076
:10725800B1030308000000008F1A040800000000B2
:1072680000000000000000000000000067030408A0
:107278006C340020493703086D2802088F1A040867
:1072880000000000000000000000000000000000F6
:107298006C340020A93D0308000000008F1A040880
:1072A80000000000000000000000000000000000D6
:1072B8006C340020B9430308000000008F1A04084A
:1072C80000000000000000000000000000000000B6
:1072D8006C34002069510308000000008F1A04086C
:1072E8000000000000000000000000000000000096
:1072F8006C34002009550308000000008F1A0408A8
:107308000000000000000000000000000000000075
:10731800FFFF0200CEFAEFBE2C01B80B2C0140068D
:107328001027FFFF04F8FFFF0C0000000000010019
:1073380000004000FDFF2C019C000000FFFFFDFF46
:10734800FFFFFFFF60EA8000800010C1CDABFFFFA8
:1073580028010101010201D80F010208031E2005BE
:1073680016010C014024200520C80505101A01400B
:107378001A08100120070101010301FF0C01FF0F8A
:10738800103020407F010150403000FFFFFF0B0309
:10739800FF64FF01FF01010503050001050B010161
:1073A800FF03010305020201FFFFFFFFFFFFFFFFCD
:1073B800010102FFFFFF40FF01018001FF01FF0003
:1073C800AD6B0008856B000800000000000000009D
:1073D80000000000000000000000000000000000A5
:1073E8000000000000000000000000000000000095
:1073F8000000000000000000000000000000000085
:107408000000000000000000000000000000000074
:107418000000000000000000000000000000000064
:107428000000000000000000000000000000000054
:107438000000000000000000000000000000000044
:107448000000000000000000000000000000000034
:107458000000000000000000000000000000000024
:107468000000000000000000000000000000000014
:107478000000000000000000000000000000000004
:1074880000000000000000000000000000000000F4
:1074980000000000000000000000000000000000E4
:1074A80000000000000000000000000000000000D4
:1074B80000000000000000000000000000000000C4
:1074C80000000000000000000000000000000000B4
:1074D80000000000000000000000000000000000A4
:1074E8000000000000000000000000000000000094
:1074F8000000000000000000000000000000000084
:107508000000000000000000000000000000000073
:107518000000000000000000000000000000000063
:107528000000000000000000000000000000000053
:107538000000000000000000000000000000000043
:107548000000000000000000000000000000000033
:107558000000000000000000000000000000000023
:107568000000000000000000000000000000000013
:107578000000000000000000000000000000000003
:1075880000000000000000000000000000000000F3
:1075980000000000000000000000000000000000E3
:1075A80000000000000000000000000000000000D3
:1075B80000000000000000000000000000000000C3
:1075C80000000000000000000000000000000000B3
:1075D80000000000000000000000000000000000A3
:1075E8000000000000000000000000000000000093
:1075F8000000000000000000000000000000000083
:107608000000000000000000000000000000000072
:107618000000000000000000000000000000000062
:107628000000000000000000000000000000000052
:107638000000000000000000000000000000000042
:107648000000000000000000000000000000000032
:107658000000000000000000000000000000000022
:107668000000000000000000000000000000000012
:107678000000000000000000000000000000000002
:1076880000000000000000000000000000000000F2
:1076980000000000000000000000000000000000E2
:1076A80000000000000000000000000000000000D2
:1076B80000000000000000000000000000000000C2
:1076C80000000000000000000000000000000000B2
:1076D80000000000000000000000000000000000A2
:1076E8000000000000000000000000000000000092
:1076F8000000000000000000000000000000000082
:107708000000000000000000000000000000000071
:107718000000000000000000000000000000000061
:107728000000000000000000000000000000000051
:107738000000000000000000000000000000000041
:107748000000000000000000000000000000000031
:107758000000000000000000000000000000000021
:107768000000000000000000000000000000000011
:107778000000000000000000000000000000000001
:1077880000000000000000000000000000000000F1
:1077980000000000000000000000000000000000E1
:1077A80000000000000000000000000000000000D1
:1077B80000000000000000000000000000000000C1
:1077C80000000000000000000000000000000000B1
:1077D80000000000000000000000000000000000A1
:1077E8000000000000000000000000000000000091
:1077F8000000000000000000000000000000000081
:107808000000000000000000000000000000000070
:107818000000000000000000000000000000000060
:107828000000000000000000000000000000000050
:107838000000000000000000000000000000000040
:107848000000000000000000000000000000000030
:107858000000000000000000000000000000000020
:107868000000000000000000000000000000000010
:107878000000000000000000000000000000000000
:1078880000000000000000000000000000000000F0
:1078980000000000000000000000000000000000E0
:1078A80000000000000000000000000000000000D0
:1078B80000000000000000000000000000000000C0
:1078C80000000000000000000000000000000000B0
:1078D80000000000000000000000000000000000A0
:1078E8000000000000000000000000000000000090
:1078F8000000000000000000000000000000000080
:10790800000000000000000000000000000000006F
:10791800000000000000000000000000000000005F
:10792800000000000000000000000000000000004F
:10793800000000000000000000000000000000003F
:10794800000000000000000000000000000000002F
:10795800000000000000000000000000000000001F
:10796800000000000000000000000000000000000F
:1079780000000000000000000000000000000000FF
:1079880000000000000000000000000000000000EF
:1079980000000000000000000000000000000000DF
:1079A80000000000000000000000000000000000CF
:1079B80000000000000000000000000000000000BF
:1079C80000000000000000000000000000000000AF
:1079D800000000000000000000000000000000009F
:1079E800000000000000000000000000000000008F
:1079F800000000000000000000000000000000007F
:107A0800000000000000000000000000000000006E
:107A1800000000000000000000000000000000005E
:107A2800000000000000000000000000000000004E
:107A3800000000000000000000000000000000003E
:107A4800000000000000000000000000000000002E
:107A5800000000000000000000000000000000001E
:107A6800000000000000000000000000000000000E
:107A780000000000000000000000000000000000FE
:107A880000000000000000000000000000000000EE
:107A980000000000000000000000000000000000DE
:107AA80000000000000000000000000000000000CE
:107AB80000000000000000000000000000000000BE
:107AC80000000000000000000000000000000000AE
:107AD800000000000000000000000000000000009E
:107AE800000000000000000000000000000000008E
:107AF800000000000000000000000000000000007E
:107B0800000000000000000000000000000000006D
:107B1800000000000000000000000000000000005D
:107B2800000000000000000000000000000000004D
:107B3800000000000000000000000000000000003D
:107B4800000000000000000000000000000000002D
:107B5800000000000000000000000000000000001D
:107B6800000000000000000000000000000000000D
:107B780000000000000000000000000000000000FD
:107B880000000000000000000000000000000000ED
:107B980000000000000000000000000000000000DD
:107BA80000000000000000000000000000000000CD
:107BB80000000000000000000000000000000000BD
:107BC80000000000000000000000000000000000AD
:107BD800000000000000000000000000000000009D
:107BE800000000000000000000000000000000008D
:107BF800000000000000000000000000000000007D
:107C0800000000000000000000000000000000006C
:107C1800000000000000000000000000000000005C
:107C2800000000000000000000000000000000004C
:107C3800000000000000000000000000000000003C
:107C4800000000000000000000000000000000002C
:107C5800000000000000000000000000000000001C
:107C6800000000000000000000000000000000000C
:107C780000000000000000000000000000000000FC
:107C880000000000000000000000000000000000EC
:107C980000000000000000000000000000000000DC
:107CA80000000000000000000000000000000000CC
:107CB80000000000000000000000000000000000BC
:107CC80000000000000000000000000000000000AC
:107CD800000000000000000000000000000000009C
:107CE800000000000000000000000000000000008C
:107CF800000000000000000000000000000000007C
:107D0800000000000000000000000000000000006B
:107D1800000000000000000000000000000000005B
:107D2800000000000000000000000000000000004B
:107D3800000000000000000000000000000000003B
:107D4800000000000000000000000000000000002B
:107D5800000000000000000000000000000000001B
:107D6800000000000000000000000000000000000B
:107D780000000000000000000000000000000000FB
:107D880000000000000000000000000000000000EB
:107D980000000000000000000000000000000000DB
:107DA80000000000000000000000000000000000CB
:107DB80000000000000000000000000000000000BB
:107DC80000000000000000000000000000000000AB
:107DD800000000000000000000000000000000009B
:107DE800000000000000000000000000000000008B
:107DF800000000000000000000000000000000007B
:107E0800000000000000000000000000000000006A
:107E1800000000000000000000000000000000005A
:107E2800000000000000000000000000000000004A
:107E3800000000000000000000000000000000003A
:107E4800000000000000000000000000000000002A
:107E5800000000000000000000000000000000001A
:107E6800000000000000000000000000000000000A
:107E780000000000000000000000000000000000FA
:107E880000000000000000000000000000000000EA
:107E980000000000000000000000000000000000DA
:107EA80000000000000000000000000000000000CA
:107EB80000000000000000000000000000000000BA
:107EC80000000000000000000000000000000000AA
:107ED800000000000000000000000000000000009A
:107EE800000000000000000000000000000000008A
:107EF800000000000000000000000000000000007A
:107F08000000000000000000000000000000000069
:107F18000000000000000000000000000000000059
:107F28000000000000000000000000000000000049
:107F38000000000000000000000000000000000039
:107F48000000000000000000000000000000000029
:107F58000000000000000000000000000000000019
:087F6800000000000000000011
:0400000508006FF987
:00000001FF
