:020000040800F2
:1060000000100020F96F000801BF000805BF00085C
:10601000DF6A030809BF000811BF0008DF6A030830
:10602000DF6A0308DF6A0308DF6A0308DF6A030820
:1060300015BF0008680F0408DF6A0308DF6A030859
:10604000296F0008DF6A0308DF6A0308DF6A0308B4
:10605000DF6A0308DF6A0308DF6A0308DF6A0308F0
:10606000DF6A0308CD3301087DAA0308DF6A03084D
:10607000DF6A0308DF6A0308DF6A0308DF6A0308D0
:10608000DF6A0308DF6A0308DF6A0308DF6A0308C0
:10609000DF6A030835770008DF6A0308DF6A030850
:1060A000DF6A0308DF6A0308DF6A0308DF6A0308A0
:1060B000DF6A030801B2010899BC01087FBE03082A
:1060C0007BBE030835B401088BBE030883BE0308FA
:1060D0006DBC010887BE0308D9BC010845BD010895
:1060E000DF6A0308DF6A0308DF6A0308DF6A030860
:1060F000717A0308DF6A0308DF6A0308DF6A0308AE
:10610000DF6A0308DF6A0308DF6A0308DF6A03083F
:10611000DF6A0308DF6A0308DF6A0308DF6A03082F
:10612000DF6A0308DF6A0308DF6A0308DF6A03081F
:10613000DF6A0308DF6A0308DF6A0308DF6A03080F
:10614000DF6A0308DF6A0308DF6A0308E3820308E3
:1061500089A00108DF6A030861BE030867BE03085F
:10616000DF6A0308DF6A0308DF6A0308DF6A0308DF
:10617000F0B5114A114C124E00F00105E3695F07BA
:1061800013D40DB9334213D103EA00078F4207D16C
:106190000B4A1A40002A0CBF00206FF00100F0BD2E
:1061A000013AEBD16FF00200F9E74FF0FF30F6E76C
:1061B0006FF00100F3E700BF8096980000000350E5
:1061C000020001000B4B70B5D96911F480310DD17B
:1061D00001244FF48072084E084DF46020462C6470
:1061E0001A61FFF7C5FF3464EC6070BD6FF0010009
:1061F000FBE700BF000003500010035000200350D5
:106200004FF4803238B50E4B0E4C9A66E56941F674
:10621000713315400122E3630B4B0021DA60022346
:10622000606121202361FFF7A3FF10B92120FFF750
:106230009FFF0122054BDA600DB10023E36338BDF7
:106240000090005000000350001003500020035045
:1062500070B5134C6061E3695B071ED40E4656F8B7
:10626000043B8D18A361AE420BD1042300212120F1
:106270002361FFF77DFF58B9BDE870402120FFF78B
:1062800077BF08210846FFF773FF10B1042323618D
:1062900070BD56F8043BA361E5E74FF0FF30F7E728
:1062A000000003502DE9F84315464FF48032184B97
:1062B00089469A6603F51C33DF690646174041F6A6
:1062C0007132DA63012203F58053DFF84C80DA6023
:1062D00055B9284601220F4BDA601FB10022A3F501
:1062E0000053DA63BDE8F88306F5005404EA0804B5
:1062F000A41BAC4228BF2C46494622463046FFF735
:10630000A7FF0028E6D12644A1442D1BE0E700BFEB
:0C631000009000500020035000E0FFFF50
:106320002DE9F04F93B0CDE90A32DDE91C530E930D
:1063300053EC102BCDE90801104619468DED060BE4
:106340001E9E0DF083FC80B1DDE906014FF0FF32A7
:10635000C54B0DF0A3FC40B9DDE906014FF0FF325B
:106360006FF480130DF07CFC70B1DDE908019DED48
:10637000060B0E9B1E96CDE91C53DDE90A3213B0C5
:10638000BDE8F04F00F088B90022DDE906010023E6
:106390000DF066FC002800F03381DDE906A303F16F
:1063A000004BCBF30A5016F48063A0F2FF3008BF15
:1063B00006250F930DF078F99BA3D3E900230DF088
:1063C000DDF99BA3D3E900230DF022F8CBF31304EE
:1063D000894644F07F5180460022A44B504641F448
:1063E00040110DF013F894A3D3E900230DF0C6F982
:1063F00002460B46404649460DF00AF80DF058FC9F
:1064000004460DF051F98EA3D3E900238046894656
:106410000DF0B4F90022964B0CF0FAFF0DF048FC99
:1064200089A3D3E900230746494640460DF0A6F963
:106430008046384689460DF037F985A3D3E9002315
:106440000DF09CF902460B46404649460CF0DEFF33
:1064500002460B46CDE90C230DF090F9DDE90C2343
:1064600080468946104619460CF0D2FF0022CDE93D
:106470001001804B404649460DF0AAFA00227E4B9F
:106480000CF0C6FF02460B46404649460DF0A0FA06
:1064900000227A4B0CF0BCFF02460B4640464946B0
:1064A0000DF096FADDE90C238046894600204FF076
:1064B00080410CF0ABFF02460B46404649460CF0CB
:1064C000A7FF02460B46DDE910010DF081FA07F245
:1064D000FF3700226A4B0CF09BFF00223B050DF0BA
:1064E0004DF952465B46804689460DF0D7FB0028A1
:1064F00040F08980CDE90C8904F16303C72B34BFD8
:106500000427052731051BD553A3D3E900235046A3
:1065100059460DF0B9FB00287FD051A3D3E90023E1
:10652000504659460DF09CFB002876D00027A54226
:10653000C6BF2C1B04F1FF3500253C4646F480669F
:106540000E9B9F422CBF4FF00008A3EB070816F0EC
:10655000020903D0002F18BF4FF000083CB1DDE95D
:106560000C23504659460DF033FA82468B46DDE93E
:106570000601002200230DF073FB10B10BF1004364
:106580009B46DDE9080126F40063CDE90183DDE9DE
:106590000A324BEC10AB009500F07EF802465FB378
:1065A000DDE9091316F0200F00F10105089E0CBF6C
:1065B00065204520B047DDE9080105230022059349
:1065C0000A23002CCDE9023207F1FF374FEAD473DA
:1065D000B8BF64422A46019304970A9B009434F0A2
:1065E0003DF90246B9F1000F06D00B9BC41A0B9B74
:1065F0001A190E9BA34245D8104613B0BDE8F08F80
:10660000DDE906ABCDE60022404649461A4B0DF0C7
:10661000DFF9013CCDE90C016EE7002D90D00F9B16
:10662000002B8DD0013D8BE7FB799F501344D33F66
:10663000B3C8608B288AC63F61436F63A787D23F88
:1066400071A379094F930A401655B5BBB16B02404F
:10665000EF39FAFE422EE63F2D431CEBE2361A3F9D
:106660000000000080842E41FFFFEF7F0000F83F14
:106670000000E03F00002C400000244000001840D3
:106680000000F03F2020DDE90913089DA8470134F0
:10669000ADE700BF000000002DE9F04F5BEC10AB50
:1066A00097B0CDE90501DDE92057CDE90723504634
:1066B00052465B465946229E0DF0C8FA70B9032334
:1066C000CDE902760193B04B0093DDE90501DDE9E8
:1066D000072333F0E3FF17B0BDE8F08F4FF0FF3230
:1066E0006FF48013504659460DF0BAFA28B10423CE
:1066F000CDE902760193A54BE6E74FF0FF32504615
:106700005946A34B0DF0CAFA68B1A24A06F0040339
:10671000002B08BF0322A04B1CBF13460422CDE967
:1067200002760192D0E7504693A3D3E9002359465D
:106730000DF0B4FA38B992A3D3E900235046594674
:106740000DF08EFA68B1DDE90723DDE905014BECB8
:1067500010ABCDE92176209517B0BDE8F04FFFF7DB
:10676000DFBD00220023504659460DF079FA00287B
:1067700000F09A805B465246002000210CF046FE55
:10678000012382468B46099316F4806400F08E80C4
:10679000092D40F28E80002430210EABA5F10902B4
:1067A0000134202C03F8011BA5EB040901D094420D
:1067B000F6D1594650460DF07BFA784B054603EB6F
:1067C000C90393ED007B8DED0A7B0CF06DFF024653
:1067D0000B46504659460CF019FEDDE90A230CF031
:1067E000CDFF02460B46CDE90C230DF089FA804619
:1067F0000CF04AFF02460B46DDE90C010CF006FEE8
:1068000002460B46CDE90C230022654B0DF046FAFB
:10681000002851D008F1010840460CF035FF02462F
:106820000B46DDE90A010DF025FA10B14FF0000822
:106830000135B9F1000F50D128460CF035FF024662
:106840000B46504659460CF0E1FD0022544B804661
:1068500089460DF005FA30B1002240464946504BBA
:106860000DF01CFA10B1E80700D501350A210EAB76
:106870001A19202C0AD095FBF1F001FB1055303588
:1068800002F8015B013405460028F2D106F003024C
:10689000012A57D1002F55D0099A12B916F00C0FC2
:1068A00000D0013F302245E009906DE74FF0060926
:1068B0007FE7A94600247CE70022DDE90C01384B84
:1068C0000DF0CEF90028B4D1B8F1000F02D018F0C5
:1068D000010FAED008F10108ABE70A210EAB23444B
:1068E000202C0ED0B8FBF1F001FB1082B8F1090F9B
:1068F00002F1300209F1FF3904F1010403F8012B20
:1069000011D83021A1440EAA202CAFD0A14504F10A
:1069100001030AD11C4609F158030DEB03092E238C
:1069200009F8203CA2E78046DAE7A1541C46EBE7D1
:106930001A550134A74205D9202CF9D1CDE90276A8
:106940000194C1E6202CF9D0099A3AB12D2104F125
:1069500058026A4402F8201C0134EFE7710704D59D
:1069600004F158022B216A44F4E73207E6D504F11A
:10697000580220216A44EDE70000000065CDCD41BA
:106980000000000065CDCDC1F3280408F7280408F5
:10699000FFFFEF7FEA280408EF2804080029040815
:1069A0000000E03F0000000070B58EB02C220021F6
:1069B00003A834F0C8F964234FF002320893CDE9FC
:1069C00005230B2301218DF83430534B8DF8101023
:1069D0001B88D80700F19880084619F0B3FB0A22FB
:1069E0004E4B4F491A704FF428734E48ADF8123091
:1069F00015F066FA4C4C206020B940F25A214B4801
:106A000005F078F90521206835F0B9FA20B140F297
:106A10006A21464805F06EF920680CF0E9FC444B09
:106A20002068196834F0AFFE0C251AF09DFA68430F
:106A300009901AF099FA68430DEB05010790206858
:106A40000FF01AF920B140F27F21384805F052F9D1
:106A500025681CF011FE00220146284634F027FF6D
:106A600020B140F28121314805F044F940F203534E
:106A7000304D314E2B80052396F90000AB707F28F6
:106A800001D119F0C3FC3378EB701AF06DFA00EB0A
:106A900080008000A8801AF067FA0023C0004FF041
:106AA000FF31E880AB604FF0FF3019A3D3E900233A
:106AB00019F024FD2149206835F010FB206802A957
:106AC00034F0CAFE20B140F2BA21184805F012F99C
:106AD000042220680DEB020134F00CFE042804D0DF
:106AE00040F2BD21114805F005F901A9012032F05D
:106AF000CBFD05F049FA01201AF01CFD30F04FF9EA
:106B00001AF050FD19F0A2FB0EB070BDAFF300807B
:106B10000A0020FF4203000078430020F4460020D2
:106B20006D010208B44E002020330020486A04089A
:106B3000704C002014330020E45100201903020897
:106B40000348044B834202D0034B03B118477047FC
:106B5000C85D0020C85D002000000000064B07490A
:106B6000C91A891048BF0131491003D0044B0BB139
:106B700001481847704700BFC85D0020C85D00206D
:106B80000000000010B5064C237843B9FFF7D8FF8A
:106B9000044B13B10448AFF300800123237010BDF0
:106BA0007844002000000000B46D040808B5054BCF
:106BB0001BB105490548AFF30080BDE80840FFF769
:106BC000CDBF00BF0000000050160020B46D0408C7
:106BD000A3F5803A704700BF174B002B08BF134B3B
:106BE0009D46FFF7F5FF00218B460F461348144AD8
:106BF000121A34F0A8F80E4B002B00D098470D4B1A
:106C0000002B00D098470020002104000D000D4803
:106C1000002802D00C48AFF300800DF033FA2000BA
:106C2000290034F047F80DF01BFA00BF00000800FF
:106C3000000000000000000000100020A010002054
:106C40008047002000000000000000004FF00063BB
:106C50009B6A03F17842B2F5C04F03D21968064A25
:106C6000914203D0002303708360704701220270B9
:106C70009A689B694260F7E707B0CD5E73B54F4BEA
:106C800004461A781AB102221A7002B070BDCDE91A
:106C900000220028F9D001261E702FF00FFF484D6A
:106CA000484B186011F076FF2B785BB900F07CFD43
:106CB00040B945480823454A454900680EF048FC5C
:106CC00000B92E70434B5A6E62619B6E424AA361BB
:106CD0004FF480439366414B5968E16140499960A4
:106CE000196E2160596E6160D3F87011A160196C42
:106CF000E160596C21613B49086C1864496C596426
:106D0000012151661B6E9C0441D5374AD368D807D0
:106D1000FCD4364B1A68531C3ED04FF4801393407A
:106D2000334A13664FF400730426314C26662366FB
:106D30002FF089FE01300DD02FF085FE40F20113B7
:106D4000984207D04FF4005323664FF480432366E4
:106D5000C4F870610823264C684623664FF48053BC
:106D600023664FF0006323664FF4002301A9636696
:106D70002FF04DFE009B2366019B63662B78002B52
:106D800083D0124B1A6822665B6863667DE7194AF6
:106D9000D368D907FCD4BCE7174B1B78002BC1D1B3
:106DA0004FF400720C4B5A6603F5A6235B68002B68
:106DB000B8D14FF480120E4B1A66B3E77A44002024
:106DC0007B44002088160020344C00208C160020C4
:106DD00000710800008000500090005000800044C6
:106DE00055CEAC0000C0005400000440004C002010
:106DF00000900044000004507944002070B5224DFA
:106E000004462E78012E02D001232B7070BD00287D
:106E1000FCD02FF018FE01300BD02FF014FE40F202
:106E20000113984205D0194B194A5E66D368DE07F4
:106E3000FCD42268174B1A6662685A66A268C3F8C7
:106E40007021E2681A6422695A64E269D00744BF7B
:106E500000229A60104B1A68013207D10F4A12784B
:106E600022B90F494968C90748BF1A6062690D4BCA
:106E70005A66A2699A6611F095FE0B4B18682FF0BE
:106E800023FE0023C1E700BF7A44002000900040A9
:106E90000000044000800044004C002079440020A1
:106EA00000C005500080005088160020F8B54FF053
:106EB0000066B36A03F17842B2F5C04F26D21A6871
:106EC000144B9A4222D1144D2C7814F0FD0402D0B8
:106ED00000242046F8BD4FF480371048FFF7CEFE5F
:106EE000204603F04FFF0E4B2046DF6003F03CFFCF
:106EF0000C4B1F61B36ADB69984704460748FFF7EC
:106F00007DFF002CE5D101232B70E1E74FF4817464
:106F1000DFE700BF07B0CD5E79440020681600208F
:106F200000A000440090004413B5214B1B7803B926
:106F3000FEE700231F4CCDE900336A4608231E49B3
:106F400020680EF005FB00BB1C4AD2F84031D2F895
:106F500040211F2B4FF0010312D9203A9340019A90
:106F60001A43019208236A46134920680EF0A6FAD4
:106F70004FF00053124A1A6003F0D2FE02B010BD67
:106F80009340009A1A430092ECE70E4B9842EFD1DF
:106F90000A4AD2F84031D2F840211F2B4FF00103AA
:106FA00085BF203A93409340019398BF0093D9E75F
:106FB0007A440020344C0020007108000080004416
:106FC0000B020FF00BE000F0034B5868C0F3080011
:106FD000003818BF0120704700ED00E00348044A64
:106FE0000449121A92102FF07BBD00BF7061000897
:106FF0001C6300088047002008B500F02FF8FFF759
:10700000EDFF124B12498B4212D30020114B124953
:107010008B4218D3FFF7E0FD186850F822405868FB
:1070200040F82240013298688242F5D30C33EAE7F7
:107030000022F8E71C6844F8220001325C68A24292
:10704000F8D30833E4E70022F8E700BFBC6D04087A
:10705000C86D0408C86D0408C86D04084FF4804169
:10706000124B134A70B59A60D3F88820114D42F440
:107070007002C3F88820104A05F5005491664FF05D
:10708000FF3222660D4A62660222C3F8D020BFF3A7
:107090004F8FBFF36F8F4FF44036002003F072FE26
:1070A0000020E66003F060FE2E6170BD00ED00E0A0
:1070B000006000080080004400900050F7FF370097
:1070C000014B1868704700BF084C0020014B186046
:1070D000704700BF084C0020084B1B6F03F00703EC
:1070E000022B04D0032B05D0012B05D0FEE7044B67
:1070F00018687047034BFBE7034870470080005057
:10710000084C0020104C0020002D310108B5FFF77D
:10711000E3FF054B1B6FC3F303330133B0FBF3F005
:10712000024B186008BD00BF00800050044C0020D6
:107130000048704700B4C404014B1868704700BF92
:10714000104C0020054B1860054B1B6F03F0070324
:10715000032B01D1FFF7DABF704700BF104C0020AE
:107160000080005000487047002D31014FF0B443BB
:107170009868C0F304400C280AD8DFE800F00B0937
:1071800009090909072119091B1D1F000F4870472C
:10719000002070479B6803F04073B3F1807F11D0EB
:1071A000B3F1007F10D00A4A002B08BF1046704789
:1071B00008487047084870470848704708487047B3
:1071C000084870470848704708487047405DC60047
:1071D00000093D00C0EA210180BA8C010048E801A5
:1071E000005A62020024F40080841E0040420F0016
:1071F000014B1868704700BF0C4C002013B50024E9
:107200002948019430F0CDFB0123042203212046BC
:1072100001F034FD20462FF01AFD0122234B0520FA
:10722000C3F8442401A930F0B7FB002839D1204B22
:10723000D3F8F02042F00102C3F8F020D3F8FC208C
:1072400042F08072C3F8FC201A4AA3F55D431A602D
:10725000019B194A03F5D52303F2FC43B3FBF2F378
:10726000164A013B13610223C2F8F0304FF48073D9
:10727000C2F804334FF06043114AC3F8B02F114AEB
:10728000C3F8802ED3F8002E42F48072C3F8002E8B
:10729000FF2283F82020D3F8002E22F48072C3F856
:1072A000002E02B010BD00BFAC16040800D0035081
:1072B00000ED00E0FF030040F8590D00000004E07D
:1072C00055CEACC5090001004FF06043D3F8802EC5
:1072D00030B5D20715D501240B4D8440D5F8FC20DC
:1072E00042F08072C5F8FC20D3F8002E2243C3F888
:1072F000002E53F82020002AF0D003F820100020A0
:1073000030BD1120FCE700BF00ED00E02DE9F04F9B
:107310009A46564B85B01B7806460F461546DDF853
:107320003C909DF844B0DDF85080002B00F0978031
:10733000072A00F296800E9B002B00F09280B9F194
:10734000000F00F08E80129BB3F5006F00F3898070
:10735000012803D1109B002B00F08380444B03EBEA
:1073600005131B7B002B7ED0424C10220021684667
:1073700033F0E9FC04EB45141022A7BB3946204644
:1073800033F0E1FC43F210036380BBF1000F03D143
:10739000E37843F00303E370364A0E9B02EB451C8F
:1073A000CCE90193129B6901581E9DF84C30C0F343
:1073B0000A0003F003039B0643EA001E53582E48BD
:1073C000012E00EA03004EEA0003CDF800A053505E
:1073D00017D0B8F1000F2ED19CF8023068F30413D7
:1073E0008CF8023027E00021204633F0ACFC4FF44B
:1073F00044736380BBF1000FCED1E37843F03003D8
:10740000C9E713230CF1100ECCF80C309CE80F00E8
:107410008EE80F006FF00301DCF81C20109B61F375
:107420009F02012FCCF81C20CCF8143003D1CCF8EB
:107430001890CCF8043000270D4A290102EB0513FF
:1074400042F80180159A28465A60694622469F6094
:107450005E7301F0A7FC384605B0BDE8F08F074821
:10746000FAE70748F8E70748F6E700BF7C44002042
:1074700094170020941600200F80FFF3028000F084
:10748000018000F0078000F038B5124B05461B78EC
:10749000DBB1E0B12FF012FB0F4A00231146147B41
:1074A00054B92B6001251A0101EB03131D738C5095
:1074B0002FF00AFB204638BD0133082B02F11002E1
:1074C000EDD12FF001FB0548F5E70548F3E7054846
:1074D000F1E700BF7C44002094170020048000F0F6
:1074E000028000F0018000F038B52FF0E7FA0023A9
:1074F00005460B4A147B6CB90133082B02F11002CC
:10750000F8D101F0FBFB074B28461C702FF0DCFA8A
:10751000204603E028462FF0D7FA034838BD00BFC5
:10752000941700207C440020058000F00D4B10B51E
:107530001B78044693B1072812D82FF0BFFA0A4BE4
:1075400003EB04131A7B2AB100241C732FF0BCFA3E
:10755000204610BD2FF0B8FA0448FAE70448F8E7CF
:107560000448F6E77C44002094170020068000F0D1
:10757000028000F0018000F0154B13B5186800235D
:1075800001908DF804302FF099FA124B1C7824B139
:107590002FF09AFA104802B010BD01221A702FF095
:1075A00093FA0E4B01A81C731C7783F82C4083F8C8
:1075B0003C4083F84C4083F85C4083F86C4083F88F
:1075C0007C4008238DF8073001F0BCFB2046E2E741
:1075D000B80F04087C440020038000F094170020BA
:1075E0000A4A08B512785AB107280BD8084A02EBA4
:1075F00000131B7B43B1002101F096FB002008BD66
:107600000448FCE70448FAE70448F8E77C44002013
:1076100094170020028000F0018000F0078000F045
:107620000A4A08B512785AB107280BD8084A02EB63
:1076300000131B7B43B1012101F076FB002008BD44
:107640000448FCE70448FAE70448F8E77C440020D3
:1076500094170020028000F0018000F0078000F005
:107660000A4A08B5127852B107280AD8084A02EB2C
:1076700000131B7B3BB101F0E1FB002008BD054876
:10768000FCE70548FAE70548F8E700BF7C4400201E
:1076900094170020028000F0018000F0078000F0C5
:1076A0000D4B1B7893B1072812D889B10B4B03EB14
:1076B00000131B7B73B10A4B1A6D012383401342E5
:1076C00014BF0123002300200B707047054870474A
:1076D00005487047054870477C44002094170020F7
:1076E00000000450028000F0018000F0078000F0EC
:1076F0000B4A10B512780C4662B107280CD859B164
:10770000084A02EB00131B7B43B101F0A9FB207078
:10771000002010BD0448FCE70448FAE70448F8E7F5
:107720007C44002094170020028000F0018000F0CB
:10773000078000F0184B2DE9F0411F6D5B6D1F4075
:1077400000D5FEE701260025144CDFF858803742AB
:1077500018D02368C8F85060A3B1A1682846013149
:107760006268A1609847637B012B0BD150B90C4B29
:1077700003EB45131A7B60F341021A731A7F60F31F
:1077800041021A770135082D4FEA460604F110042C
:10779000DDD1BDE8F08100BF000004509417002047
:1077A0009416002000200450024B1968024B186800
:1077B0000DF0AABD144C0020344C002070B594008C
:1077C000224605460E4639F0C7FB431C0AD058B97D
:1077D00022463146284633F08CFA0028034808BF79
:1077E000002070BD0248FCE70248FAE710E000F014
:1077F00021E000F024E000F010B5044639F0B0FBC1
:10780000431C10D088B901F0C1FB234620F00300CF
:107810002044984201D1002010BD53F8042B0132BE
:10782000F7D00348F8E70348F6E70348F4E700BF5A
:107830000EE000F021E000F024E000F008B52FF0A9
:1078400032F9014B186008BD041F0020014B186875
:107850002FF02DB9041F0020044BD3F88420D2064A
:10786000FBD4D3F88400C0F381107047004000506F
:107870002E4B98424AD022D82D4B984240D014D853
:107880002C4B984239D00AD82B4B984232D02B4BF4
:1078900098422FD02A4B98422CD000207047294B79
:1078A0009842FAD1284B186F7047284B98422AD03B
:1078B000274B9842F1D1244BD3F880007047254BD9
:1078C00098422BD009D8244B984223D0234B98427E
:1078D000E3D11D4BD3F88C007047214B984221D047
:1078E00003F5740303F510539842D6D1164BD3F821
:1078F00098007047144B986D7047134B586E704743
:10790000114B586F7047104B986F70470E4BD3F860
:10791000840070470C4BD3F8880070470A4BD3F8AB
:1079200090007047084BD3F8940070470048E80176
:107930000024F400C0CF6A0080841E0000093D00CE
:1079400040420F00405DC6000080E00FC0EA210108
:1079500080BA8C01007E560380D54302006CDC02A5
:107960000090D00338B5104B0546D3F880300C4654
:1079700003F00303022B0BD0032B0DD0012B0FD1EF
:10798000FFF7AAFB0E2305B1286004B1236038BDC0
:10799000FFF7ECFB0723F6E7FFF792FB0623F2E77E
:1079A00000231846EFE700BF0080005038B5184BA1
:1079B0000546D3F820010C4600F00700062823D81E
:1079C000DFE800F0040A0E16121A1E00012305B1AA
:1079D000286004B1236038BDFFF772FB0523F6E78A
:1079E000FFF7AAFB0323F2E7FFF7C0FB0723EEE74D
:1079F000FFF7B8FB0223EAE7FFF762FB0623E6E79F
:107A0000FFF79AFB0423E2E700231846DFE700BFF5
:107A10000080005038B5174B0546D3F828310C4686
:107A200003F00703013B052B20D8DFE803F0031325
:107A30001B0F0B17FFF744FB052305B1286004B1AA
:107A4000236038BDFFF73CFB0623F6E7FFF78EFB0C
:107A50000723F2E7FFF770FB0323EEE7FFF76CFB6A
:107A60000423EAE7FFF77EFB0223E6E7002318463C
:107A7000E3E700BF0080005073B50D460021114BB5
:107A80000191D3F88041064604F00304022C13D080
:107A9000032C0CD0012C13D101A8FFF787FF102471
:107AA0000EB1019B336005B12C6002B070BDFFF7D1
:107AB0005DFB07240190F3E7FFF754FB0190EFE72C
:107AC0000C46EDE700800050002337B50193164BBC
:107AD0000546D3F820320C4603F00703042B21D8C7
:107AE000DFE803F0030B11161B0001230DB1019A0F
:107AF0002A6004B1236003B030BD002101A8FFF764
:107B000089FF1223F2E7FFF731FB07230190EDE72E
:107B10002EF0F4FF0A230190E8E7FFF769FB092341
:107B20000190E3E70023E1E70080005038B5104BF7
:107B30000546D3F840310C4603F00303022B0BD06B
:107B4000032B0DD0012B0FD12EF0D8FF0A2305B146
:107B5000286004B1236038BDFFF74AFB0923F6E72C
:107B60002EF0CFFF0C23F2E701230020EFE700BF48
:107B700000800050002337B50193164B0546D3F81B
:107B800060320C4603F00703013B032B1FD8DFE8EC
:107B900003F0020E1914002101A8FFF707FF1023BC
:107BA0000DB1019A2A6004B1236003B030BD0021F9
:107BB00001A8FFF7BBFF1123F2E7FFF7D7FA07236E
:107BC0000190EDE7FFF7CEFA02230190E8E70023EA
:107BD000E6E700BF00800050002337B50193164B45
:107BE0000546D3F894320C4603F00703013B032B00
:107BF0001FD8DFE803F0020E1914002101A8FFF7D7
:107C0000D5FE10230DB1019A2A6004B1236003B0A0
:107C100030BD002101A8FFF789FF1123F2E7FFF72C
:107C2000A5FA07230190EDE7FFF79CFA02230190E4
:107C3000E8E70023E6E700BF0080005038B5144BAA
:107C40000546D3F800020C4600F0070004281BD8B4
:107C5000DFE800F003090D111500012305B12860CC
:107C600004B1236038BD2EF049FF0A23F6E7FFF781
:107C7000BFFA0923F2E72EF044FF0C23EEE7FFF7EB
:107C800045FA0F23800AE9E700231846E6E700BF1C
:107C90000080005038B5144B0546D3F808020C4656
:107CA00000F0070004281BD8DFE800F003090D11DD
:107CB0001500012305B1286004B1236038BD2EF002
:107CC0001DFF0A23F6E7FFF793FA0923F2E72EF0E8
:107CD00018FF0C23EEE7FFF719FA0F23800AE9E7F4
:107CE00000231846E6E700BF0080005038B5104B6F
:107CF0000546D3F840320C4603F00303022B0BD0A9
:107D0000032B0DD0012B0FD12EF0F8FE0A2305B165
:107D1000286004B1236038BDFFF76AFA0923F6E74B
:107D20002EF0EFFE0C23F2E701230020EFE700BF67
:107D30000080005038B5104B0546D3F860310C4632
:107D400003F00303022B0BD0032B0DD0012B0FD11B
:107D50002EF0D4FE0A2305B1286004B1236038BD9B
:107D6000FFF746FA0923F6E72EF0CBFE0C23F2E7E5
:107D700001230020EFE700BF00800050B0F5207F16
:107D80001FD009D8B0F5007F15D003D868B1B0F581
:107D9000C07F0AD000200CE0B0F5607FFAD10B4B19
:107DA000D3F88000C0F3011003E0084B186FC0F354
:107DB000033001307047054BD3F89000C0F30460E6
:107DC000F7E7024B186FC0F38020F2E70080005005
:107DD00002464FF48030104B10B598660020FFF734
:107DE000CDFF504341F671320C4BDC69DA635A68BF
:107DF00004F4803422F4401259B90949884294BFEE
:107E000000200120000502435A600CB10022DA6311
:107E100010BD0449F2E700BF00900050000003507D
:107E2000005A6202002D3101430905D0012B0CD00C
:107E3000022B084B18BF002300F01F0039B103F5D7
:107E40008053012282401A607047034BF4E703F528
:107E50000053F6E768800050648000501FB5002191
:107E600080280446CDE9001100F0A58035D85E28B1
:107E700046D85E2844D8DFE800F0A243434343439A
:107E800043434343434343434343434343434343C2
:107E900043434343434343434343A2AAA2AABABA38
:107EA000BABABAAAC44DDA714DAAAAAA4343434347
:107EB00043434343AAAAAA79E4AA4343434343431F
:107EC00043434343434343BAA2A2A2DF4D4DE98853
:107ED0005EBF434343434399A200B0F5B06F00F047
:107EE00090802DD8B0F5207F71D00CD8B0F5C07F30
:107EF00065D0B0F5007F65D0B0F5807F00F086805A
:107F0000009804B010BDB0F5607F6BD00DD8B0F50F
:107F1000407FF5D1FFF7FAF802464FF42070FFF7E3
:107F20002DFFB2FBF0F252085AE0B0F5806F5ED040
:107F3000B0F5A06FE4D100216846FFF7C5FDDFE78B
:107F4000B0F5106F78D016D8B0F5E06F79D00AD8B8
:107F5000B0F5C06F6BD0B0F5D06FD1D100216846BD
:107F6000FFF76CFECCE7B0F5F06FC9D10021684691
:107F7000FFF7E0FEC4E7B0F5406F3DD013D8B0F591
:107F8000206F63D0B0F5286FBAD10021324B039136
:107F9000D3F8703203F00303012B02D103A8FFF7DB
:107FA000C5FD039B3CE0B0F5486FA9D100216846B0
:107FB000FFF712FEA4E7FFF78FF80090A0E7FFF7A6
:107FC000A5F8FAE7FFF788F80246204604E0FFF735
:107FD0009DF802464FF42070FFF7D0FEB2FBF0F29E
:107FE00000928DE701A8FFF7BDFC019AEDE70021A3
:107FF0006846FFF7DBFC83E700216846FFF70AFDD0
:108000007EE700216846FFF737FD79E74FF0E02370
:1080100002911B695B0705D5FFF778F80290029B78
:1080200000936DE703A902A8FFF780FDF7E70021A1
:108030006846FFF77BFD63E700216846FFF72AFEED
:108040005EE700216846FFF751FE59E700216846C8
:10805000FFF790FD54E700BF0080005008B5802076
:10806000FFF7FCFE034B98429EBF4FF48032024B59
:108070001A6708BD005A620200A000501FB50346EF
:108080000020B3F5807F019000F0C18064D85D2BA3
:1080900055D84C2B07D82D2B48D8232B2CD80198FA
:1080A00005B05DF804FB4D3B102BF8D801A252F847
:1080B00023F000BF058200089F8000089F80000811
:1080C0009F800008BB8100089F8000089F800008F7
:1080D00089820008D98100087F8100087F8200081A
:1080E0009F8000089F8000089F8000089F800008F4
:1080F0009F80000893820008243B092BCFD801A25F
:1081000052F823F005820008058200080582000865
:1081100005820008058200089F800008FB81000896
:108120009F8000089B8100083B8200083D2B7FD088
:108130003E2BB4D1002001A9FFF7D8FDAFE7802B7B
:10814000ADD1594B1B6F03F00703013B032BA6D89E
:10815000DFE803F0514E858DB3F5F06F68D021D87C
:10816000B3F5B06F49D00FD8B3F5607F00F08380CE
:1081700095D3B3F5806F45D0B3F5A06F8FD10020B4
:1081800001A9FFF7A1FC8AE7B3F5D06F55D0B3F58D
:10819000E06FCFD0B3F5C06F81D1002001A9FFF708
:1081A000C5FC7CE7B3F5206F6ED00BD8B3F5086F34
:1081B00048D0B3F5106F7FF472AF002001A9FFF72C
:1081C00069FD6CE7B3F5406F59D0B3F5486F60D0E7
:1081D000B3F5286F7FF463AF334BD3F8703203F0FD
:1081E0000303012B5AD0022B0CBF1523002300E000
:1081F0000523019353E70223FBE7002001A9FFF7C2
:108200003BFC4CE7002001A9FFF7D0FB47E74FF00C
:10821000E02302901B695B0705D5FEF777FF0D236E
:108220000393039BE5E703A902A8FFF77FFCF8E7A8
:10823000002001A9FFF77EFD31E7002001A9FFF72B
:10824000FDFC2CE7184BD3F8003103F00303022B9D
:1082500007D0032B09D0012B0BD1FEF76DFF0323B1
:10826000C7E7FEF7C5FF0923C3E72EF045FC082347
:10827000BFE70123BDE701A9FFF774FB0FE700206B
:1082800001A9FFF7C7FB0AE7002001A9FFF772FC6D
:1082900005E7002001A9FFF79FFC00E7002103A8E4
:1082A000FFF744FC1123A4E7008000504FF4803214
:1082B000074B0849586E03F580535A664B6A23F002
:1082C00001034B62C3035CBF034B5A66704700BF98
:1082D0000080005000C0075000A0005038B5044690
:1082E0008020FFF7CBFE032800F083804FF480123C
:1082F000524B4FF0A0615A6645F60E02504BC3F840
:108300008020504A91624FF4803102F58052916290
:108310009A6DD203FCD4996D11F08041FBD1D4E960
:108320000002120542EA0062E07B0243207B42EA3F
:108330000042607B42EA0032A07B42EA80121A616E
:108340009869D4E90452120642EA856200F00040BE
:108350000243A07EE57E0243207E42EA0042607E28
:1083600042EA00229A611A6AE06922F00F0242EAA8
:108370008502354D00283DD11A6294F82420996A6F
:1083800094F82000D200294042EA40120A4394F8AF
:10839000211042EA011242F480329A622B49284AA3
:1083A000936D31EA0303FBD14FF080712548816260
:1083B0001369A56823F4700343EA055313614FF072
:1083C0000043836194F822300BB9214B996294F8F1
:1083D00023303BB94FF480321D4B9A62184A936D9B
:1083E0005B00FCD494F825301BB1154B194AC3F837
:1083F000802038BD024342F0080202281A6208D1E8
:1084000019614FF40852996113484FF47F412EF0DF
:10841000D1FB0B4994F822308A6A94F820001B069D
:108420002A4043EA4013134394F8242043EAC2034A
:1084300094F8232043EA02438B62D3E70090005074
:108440000040005A0050005AC7FFFEFE0300010022
:108450000060005AF1A7FFFF3440005A70B5194C74
:10846000FF28A66A2BD8A36D4FF0807113F4803FCC
:1084700018BF4FF48032144B18BF9A629962134AA6
:10848000A36992F9005023F47F03054423F47F434A
:1084900043EA002385F3080543EA0543A361324616
:1084A0000B482EF087FBA36DDB0301D4002070BDC9
:1084B00032464FF4803106482EF07CFBF6E721204F
:1084C000F5E700BF0040005A0050005AB0510020AC
:1084D0002840005A70B5104C4FF08071A66AA36D09
:1084E0000E4813F4803F18BF4FF480320C4B18BF76
:1084F0009A6299623246A5692EF05CFBA36DC5F3C2
:108500000725DB0305D532464FF4803103482EF0B2
:1085100051FB284670BD00BF0040005A2840005A59
:108520000050005A014B93F900007047B0510020F1
:108530004FF4803311481249826A8B62836D03F0D5
:108540000303032BFAD14FF080730E488B620B4B61
:10855000996D30EA0101FBD1012009490865996D47
:108560008907FCD4054B996D8807FCD5996D89075F
:10857000FCD5054905482EF01DBB00BF0040005A40
:108580000050005A03000100000001012840005A79
:10859000014B1880704700BF705100204FF48002DB
:1085A00008B5184B5A660223174A5360936813F4B0
:1085B0008033FBD1012822D1FEF7BEFD134B984238
:1085C00015D003F5122303F5F863984213D0104B2E
:1085D00000EB8002400AB3FBF0F3520A0A49CA6278
:1085E0000B6301234B620022074B5A6008BD45F61E
:1085F0007A13084AF2E745F61A03074AEEE7536290
:10860000F1E700BF009000500040025000F0490226
:1086100064666666D8B80500BBCF0500B0F5207F5C
:1086200010B50C465DD008D8B0F5007F4ED003D809
:10863000C0B1B0F5C07F15D010BDB0F5607FFBD1E3
:108640002C4B4C1ED3F8FC202B4912F0807F4FEAB4
:10865000041427D1D1F8803023F030032343C1F82C
:108660008030E9E72EF0B5FA2EF0C1FA4FF48031F0
:10867000224B214A1967136F013C23F4704343EAEC
:1086800004331367FEF742FD0446FFF7E5F8C0F137
:10869000020120462EF0A5FA00F042F8BDE8104095
:1086A000FFF7DCBCD3F8FC2022F08072C3F8FC207A
:1086B000D1F8802022F030022243C1F88020D3F884
:1086C000FC2042F08072C3F8FC20B5E70A4A4C1E39
:1086D000D2F8903023F0F85343EA0463C2F89030A4
:1086E000AAE7054A4C1E136F23F4806343EA8423F0
:1086F0001367A1E700ED00E00080005000900050FB
:1087000008B50121022000F06DF92EF062FA2EF07A
:108710006EFA4FF48032014B1A6708BD009000508A
:1087200008B54FF4C070FFF799FBBDE80840044955
:10873000884294BF012102214FF42070FFF76EBFE1
:1087400080F0FA024FF4C02270B50546FFF790F8AA
:10875000314B04465A6603F598335A68012A04D10E
:108760002E494A605A689207FCD48020FFF786FCA5
:10877000052807D12EF02DFA2EF039FA4FF4803269
:10878000254B1A67264B24F040749D4230D0254B70
:108790009D4230D0FEF794FC8542064603D9012164
:1087A000284600F05FF9204BDA6812F0060FFBD183
:1087B00099689C609A68624012F4F81F1ED128469E
:1087C000FEF784FC8020FFF759FC05280DD1FEF749
:1087D0009DFC0446FFF740F8C0F1020120462EF050
:1087E00000FAFFF79DFFFFF739FCAE420CD270BDD7
:1087F00044F00074CEE744F08074CBE780209960A9
:10880000FFF73CFC052805D0BDE8704001210020A1
:1088100000F028B93546DAE70090005000E001503A
:1088200040420F0080841E0000000150304B314A4E
:10883000984251D020D8A3F5B703A3F558639842C6
:1088400046D00DD82C4B984231D02C4B984239D081
:108850002B4B4FF4002198421DD00023516622E09B
:10886000284B4FF400219842F7D1274BD3F8BC3066
:10887000516623F0407316E0244B984230D0244BCD
:10888000984231D0234B4FF400219842E5D11E4B42
:10889000D3F8C830ECE71C4BD3F8A030516623F076
:1088A000407343F000734FF0B442936070474FF44D
:1088B0000021154BD3F8A030516623F0407343F0EC
:1088C0008073F0E7104BD3F8A0304FF40021CFE7CE
:1088D0000D4BD3F8B830F8E70B4BD3F8C030F4E7C2
:1088E000094BD3F8CC30F0E7074BD3F8D030ECE7A6
:1088F000C0EA21010090005080841E0000093D0064
:1089000040420F000024F4000080E00F0048E8011E
:10891000005A620280BA8C01024A536B0342FCD1B6
:10892000704700BF00400950044A4178536F23F458
:10893000407343EA01235367704700BF0040005073
:108940000E4A10B51369044643F00403136105F0A1
:1089500059F82EF068F90A4B5B6E5B0142BF094B78
:10896000094AC3F8202430BF2EF05EF905F084F8E0
:108970001CB9BDE81040FEF7C9BB10BD00ED00E01A
:108980000080005000E003500000FF0F0C4A10B5BB
:108990001369044643F0040313610A4B5B6E5B01E9
:1089A00042BF094B094AC3F8202405F02BF830BF19
:1089B00005F062F81CB9BDE81040FEF7A7BB10BD7A
:1089C00000ED00E00080005000E003500000FF0FC9
:1089D000034A0179D36E23F030030B43D36670470B
:1089E00000400050F8B504461C4BD3F88420D10653
:1089F000FBD4D3F88430C3F381139C422CD0FEF710
:108A00006BFB012C064602D121462EF0EAF82EF02F
:108A10004AF84FF00072124B07465A6620462EF075
:108A200006F94FF480630D4D621E93402B676B6E09
:108A30009A0103D4D5F884309B060AD538462EF027
:108A400036F8022C08D13046BDE8F84000212EF05F
:108A5000C8B8D5F88430EAE7F8BD00BF0040005040
:108A60000060005010B50C4608B9FEF735FB074B07
:108A700021461B783BB1064B984204D80120BDE843
:108A80001040FFF7AFBF0220F9E700BF7D44002090
:108A9000005A62020278034B012100201A70FFF78E
:108AA000E1BF00BF7D4400204FF0004238B5244BA9
:108AB000244C5A664AF6CD33656C014605F0010533
:108AC000236428BB0120FFF727FF6368DB0715D568
:108AD0001D4B586008461D4B226BD2070CD49842A0
:108AE00008D1072415B1174B194A1A6432F000FE59
:108AF000204638BD0130EFE79842F2D00024F1E77C
:108B00000132236B13F0080305D08A42F8D1E8E75D
:108B100000220E49F5E78A42E3D020210A4A9162F9
:108B20000121A2F5805251600649084A886A8006F0
:108B300003D49342D5D00133F8E79342DDE700BF79
:108B400000900050004009500060095040420F0062
:108B50003254FFFF4FF0004238B5164B01465A66BB
:108B60004AF6CD33144C154A656C236443780B20C8
:108B70005B0043F00103D363FFF7CEFE63688A789E
:108B800023F4F87343EA02136360CA784B7943EA2B
:108B90000223A3600A798B7943EA022323610878D0
:108BA000FFF782FFEB0744BF054B236432F0A0FDC3
:108BB000012038BD00900050004009500040005096
:108BC0003254FFFF4FF00042124B70B55D6E03F55B
:108BD00080535A664AF6CD3304460F4980204E6CC6
:108BE0000B64FFF799FE0B6A23F00F030F2C94BF61
:108BF000234343F00F030B62F30744BF074B0B649F
:108C0000002DA2BF4FF00042054B5A6632F070FDB6
:108C100070BD00BF00800050004009503254FFFF7B
:108C200000A000504FF00042104B70B55D6E03F590
:108C300080535A664AF6CD3304460D4980204E6C67
:108C40000B64FFF769FE0B6A23F4F85343EA04232D
:108C50000B62F30744BF074B0B64002DA2BF4FF01C
:108C60000042054B5A6632F043FD70BD0080005053
:108C7000004009503254FFFF00A000502DE9F041A0
:108C800005460F461E4690464AB101233022194C34
:108C90008B4002FB004436B304F5825423600F215D
:108CA000072F05EB450388BFA7F108044FEA03131C
:108CB000114895BFBC00A40004330C3308FA04F239
:108CC000A14018442DF0B4FFB8F1000F09D10123E1
:108CD0003021084ABB4001FB05223EB102F5825219
:108CE0001360BDE8F08104F50154D7E702F50152A5
:108CF000F6E700BF00C0035030C0035010B5152088
:108D000002F020F80024FF22064B21465C6520205B
:108D10009A625C60FFF788F82146BDE81040212088
:108D2000FFF782B800000450044A054B002908BF31
:108D30001346012282401A60704700BF4010045061
:108D40004020045010B5012104462020FFF76CF8A4
:108D500001212120FFF768F80122114B15205A60EC
:108D6000227812069A606178A27842EA01429A61FA
:108D7000FF229A6200229A631A644FF000425A65F9
:108D80004FF0FF3203F500531A6501F0FBFF152089
:108D9000E17802F005F8BDE81040152001F0E4BFCD
:108DA00000000450F8B50125C3B2D1F800E091F8F5
:108DB0000AC00F7B0C469D40CB7A1D491D4E0D65A8
:108DC000810001F1A04101F58821C1F804E04FF0D4
:108DD000300E0EFB00601B05617B43EA0C4343EA47
:108DE000475322F003020166C36502672DF066FE59
:108DF000114B5D65237A13B1336C2B433364637A73
:108E000013B1B36B2B43B3632279A37943EA0243D3
:108E1000074A93616179E37943EA014306498B612B
:108E2000044B55639D64BDE8F8402DF04DBE00BF76
:108E300000200450000004500010045010B501241C
:108E4000C0B284402DF03AFE044B5A6D22EA04026F
:108E50005A659C62BDE810402DF036BE00000450FB
:108E600010B50124C0B284402DF028FE074BDA6A09
:108E7000224208D15B6B9C430CBF012400242DF0DF
:108E800023FE204610BD0024F9E700BF0000045077
:108E90004FF48032054B9A6641F6713203F51C336C
:108EA000DA63012203F50053DA6070470090005046
:108EB00041F671320121064BDA6303F50052D160AD
:108EC0000022DA634FF48032A3F518339A667047B4
:108ED00000000350013831289ABF024B185C002073
:108EE000704700BFDD0F040838B5C2F306250446FD
:108EF00002F0070241B942EA052242F44022063458
:108F0000074B43F8242038BD114628462DF0A0FE1B
:108F100002462846FFF7DEFF163442EA0022EFE75A
:108F200000800350044B1868421C02BF034AD2F869
:108F300094001860704700BF384C0020004000507B
:108F40004FF48032064B5A6603F5E6239B69C3F360
:108F50008512827003F03F021B0B42700370704752
:108F60000090005040F6B732064B5B689BB29342CC
:108F70009FBF4FF47A72B3FBF2F3034AD05C88BF11
:108F8000002070470080E00F0F1004080120034B01
:108F90009B680A3303F01F03984070470080E00F7E
:108FA00070B5054616461C4621B94FF42070FEF7F1
:108FB00055FF0146402C1BD003D8DCB1202C1BD020
:108FC00070BD602CFCD1042303FB06F2530803EBB5
:108FD0004113B3FBF2F3094A203B02EAC303AA6838
:108FE00022F06002AA60AA681443AC60EB61E7E774
:108FF0000623E9E71023E7E70823E5E7F8FF7F000A
:10900000012100F5805310B5596040F6AA6341F282
:10901000050243610023094C8360C365C26000F50B
:1090200000520361C361C3649464054C8365A0422C
:1090300004BF03654365516010BD00BFFFFF010021
:1090400000C0055070B50D46FFF7DAFF012300F5AB
:1090500080567360AB7C04461BB1836843F0804349
:109060008360EB7C5BB1244B9C4202BF2A7DA3F55D
:109070001033C3F8C821E36D43F08003E3652A8A07
:109080006B7B20461343EA891343E3602B7BD5E9CE
:109090000112FFF785FF6B7D1BB1A36843F480339A
:1090A000A360AB7D1BB1A36843F40043A360EB7DD9
:1090B0002A7E1B07120502F4E00203F0E04313438B
:1090C000A3656B7E9A1E012A4FF0020209D80B4954
:1090D000032BC1F8202709D10423F3652B786361A2
:1090E00070BD0749012BC1F82027F4E7042204F5DD
:1090F0000053DA65F2E700BF00C0055000D003500E
:1091000000E00350034B5A68D20702D5DA69002AFF
:10911000F9D1704700800A50054B9A689107FCD43A
:109120005A689207F9D4DA69002AF6D1704700BF6D
:1091300000800A5008B5FFF7E5FF0222014B1A61D3
:1091400008BD00BF00800A5008B5FFF7E5FF012207
:10915000024B03F580514A601A6108BD00800A5035
:1091600008B5044B5968012903D1FFF7E3FF024B0F
:10917000596008BD00800A5000A00A5010B5064C86
:10918000FFF7CAFF6368012B03D1FFF7E9FFFFF781
:10919000C3FF0378E36010BD00800A50B8B94A6885
:1091A0000B7812B1127843EAC2034A7843EA4203C9
:1091B0008A6812B1127843EA82138A7843EA8203FA
:1091C000CA6812B1127843EA4223014A9364704795
:1091D00000800A5008B9014B5964704700900A504A
:1091E00008B9014B5964704700A00A5008B9014BF7
:1091F0001964704700A00A5010B9024B186C7047F0
:109200000020704700800A5048B911B1012903D0ED
:109210007047044BD86C7047024B186D70470020A4
:10922000704700BF00800A5040B911B1012903D036
:109230007047034BDA647047014B1A65704700BFF3
:1092400000800A5010B9024B586D704700207047DB
:1092500000800A5038B50446054D32F0A5FA0FCC0F
:109260000FC594E8030085E80300002038BD00BF67
:10927000081F002047F6FF739A42F0B56FD002290D
:109280006FD8394B5B5C012B6BD8384DDF0005EB99
:10929000C30415F83330A178012B13D10025E078F1
:1092A000401AA84202D80844C0B2F0BD431B666809
:1092B000A0EB530336F913609642D4BF1D4603F169
:1092C000FF30EEE760680028EFD0B0F9004094422C
:1092D00004DBB0F902409442B8BF144683883D4491
:1092E000FF2B19BFC8224FF0280CB0F90620B0F9A7
:1092F00008C0A2EB04030CBF0126002693FBFCF37D
:1093000033446E781BB29E4201DD002B01DA731EDE
:109310001BB24FF47A7C01339BB2071D5D1E2DB248
:109320004FEAC50E00EBC505EA88AD689E4214FB06
:10933000025222EAE27202F15C02B2FBFCF204DDAC
:1093400037F8335001339542E8D200EB0E0398888A
:10935000904228BF1046884238BF0846A4E7FF2045
:10936000A3E70020A1E700BF12100408081F002097
:109370000229F0B555D82C4B585C012851D82B4CFC
:1093800004EBC00114F830004B6801280FD1C878F5
:109390008C78904294BFC4EB0001C4EB0201001B27
:1093A000CAB28242C8BF002233F91200F0BD002BBE
:1093B00037D08878904202D3B3F90200F6E7CC7830
:1093C000B3F900009442F1D94C789988013CA1F19D
:1093D000FF06714203F10405E4B2714103F10C0789
:1093E000CEB2B44216D805EBC1014FF47A756A4388
:1093F000B1F902404968521A04EBD47102EB6102E0
:1094000092FBF4F29042D1DBB3F902009042CDDC42
:1094100010B2CBE737F831C04E1C9445E3D3314648
:10942000DEE70348C2E700BF12100408081F00204F
:109430000080FFFF08B50448FFF70CFFBDE80840B7
:10944000012032F0D6B900BF181004087FB51422ED
:10945000002101A831F077FC044B01A94FF0FF3047
:10946000029332F006FA07B05DF804FB006A1800B8
:1094700008B5B0B14FF480620B4B9A662DF090FFA7
:109480004FF098435A6CD202FCD54FF48062586D6D
:10949000064B10F470209A6604D0BDE808402DF009
:1094A000AEBC212008BD00BF0090005000A00050BD
:1094B0002DE9F0418CB08846DDE912761D46044660
:1094C000002847D0002945D0002F43D0002E41D09E
:1094D00013F00F033ED120482049A360002A08BFA3
:1094E0000146E361C4E90013404609A92DF083FD5C
:1094F00068BB204609992DF04AFF294620462DF0E9
:1095000046FF6946404600F0F7FA00BB6946204630
:109510002DF029FF404603A92DF06CFEB8B9204676
:1095200003A92DF020FF06970127204645F000559E
:1095300006A9079708952DF016FF204609A9099658
:109540000A970B952DF019FF2046FFF791FF0CB0FD
:10955000BDE8F0812120FAE70001000400010104C8
:109560002DE9F04F97B0894690461F460546DDF835
:1095700080A0002800F0BB80002900F0B8803AB13C
:10958000229B002B00F0B380239B002B00F0AF80C8
:10959000BAF1000F00F0AB80219B002B00F0A780F8
:1095A00067B13C680026229B43440293464507D39B
:1095B00007B13C60002017B0BDE8F08F3C46F1E7F2
:1095C0005CB1229B219A9B5D125D01345340239A2A
:1095D00004F00F0493550136E8E7A8EB060BBBF146
:1095E0000F0F58D9434B4846C5E90034AC60EC61D5
:1095F00013A92DF000FD0028DDD1284613992BF08A
:109600000F0B2DF0C4FE594628462DF0C0FE4846EB
:1096100004A900F071FA0028CDD1284604A92DF044
:10962000A2FE484607A92DF0E5FD0028C3D1284633
:1096300007A92DF098FE012322992F4ACDF828A0E2
:109640000B930C928A190D9228464BF000520AA9EE
:109650000E9303920F922DF086FE28460DA92DF051
:1096600082FE239B039A9919012310911193129260
:10967000214A284610A9CDF84CA0149315922DF03C
:109680007CFE284613A92DF078FE2846FFF7F0FE51
:109690005E4400288FD1229B03EB060B239B1E44C4
:1096A000029B5B4501D1464680E7ACB9219B22462F
:1096B000CDE900A3494610232846FFF7F9FE00280C
:1096C0007FF479AF0AF1100212F8013D0133DBB2E9
:1096D00013700BB95245F7D1219A1BF8013B125D6B
:1096E0000134534006F8013B04F00F04D8E7212071
:1096F00061E700BF03030004100000202DE9F04FD4
:1097000097B0894615469A460446209FDDF8888022
:10971000DDF890B0269E002800F09D80002900F022
:109720009A80002E40F08A80002B00F09480B8F1DF
:10973000000F0AD0219B002B00F08D80002A40F002
:109740009F80F10700F1878002E0002A40F08580C9
:10975000FB1F062B7FD8524B0BEB05029A427AD89F
:109760000023504A4846C4E90023A360E36113A9DB
:109770002DF041FC00285ED1204613992DF007FE04
:10978000204646EA07412DF002FE414620462DF0D4
:10979000FEFD294620462DF0FAFD484601A900F0BD
:1097A000ABF9002847D1204601A92DF0DCFD484641
:1097B00004A92DF01FFD00283DD14FF001092046DE
:1097C00004A92DF0D0FD239B45F000550793219B64
:1097D000CDF82090204609950DA90A9347F000572F
:1097E00048F00053CDF82C900C93CDF834A0CDF870
:1097F00038900F972DF0B7FD20460AA92DF0B3FD44
:10980000204607A92DF0AFFD259B204610A946F064
:109810000056CDF840B0CDF8449012951393CDF892
:10982000509015962DF0A9FD204613A92DF0A5FD09
:109830002046FFF71DFE17B0BDE8F08F259B53B102
:10984000BAF1000F07D0B8F1000F01D0219B13B17E
:10985000B5B9022E20D12120EDE7239B002BFAD0B1
:10986000BBF1000FF7D0C7F10F03DBB2032B3FF6BC
:1098700068AF0122DB0002FA03F3AB42EBD9E8E761
:10988000239B002BE7D0BBF1000FE4D0C7F10F03FF
:10989000DBB2032BDDD8ECE7102E7FF652AFDAE710
:1098A00000000420000005042DE9F04F99B088461F
:1098B00015469B460446229FDDF89890289E60B18D
:1098C00059B1279B4BB1BBF1000F06D0249B0BB1C4
:1098D000239B13B11DB9022E13D121239AE0259B9E
:1098E000002BFAD0B9F1000FF7D0C7F10F03DBB2AC
:1098F000032BF0D80122DB0002FA03F3AB42ECD9D0
:10990000E9E7731E0F2BE8D816F0010AE5D1FB1F1B
:10991000062BE2D8414B09EB05029A42DDD8404BB9
:109920004046C4E9003AC4F808A0C4F81CA015A930
:109930002DF061FB034600286CD1204615992DF0CF
:1099400026FD204646EA07412DF021FD20462499B8
:109950002DF01DFD294620462DF019FD404603A996
:1099600000F0CAF80346002854D1204603A92DF080
:10997000FAFC404606A92DF03DFC0346002849D1DB
:109980004FF00108204606A92DF0EDFC259B20464E
:10999000099345F00053CDF8288001930B93239B46
:1099A0000FA90C93249B47F0005743F00052CDF8C9
:1099B00034800E92CDF83CB0CDF8408011972DF058
:1099C000D2FC20460CA92DF0CEFC204609A92DF092
:1099D000CAFC019B204612A9CDF84890CDF84C80D6
:1099E00014932DF0CAFC279B204615A946F000567B
:1099F0001593CDF8588017962DF0B5FC2046FFF74B
:109A000037FD034630B101902A465146484631F0B1
:109A10009AF9019B184619B0BDE8F08F00000420A8
:109A2000000006042DE9FF474FF000080E461746D8
:109A30000446CDF80080002859D022B900252846D8
:109A400004B0BDE8F087002951D032F0030902F0DC
:109A5000030A1FD04FF0E063C0E9003801230191F1
:109A6000C0F808800293C0F81C8049F0005301A997
:109A700003932DF082FC494620462DF088FC2046B9
:109A8000FFF7F6FC054628B14A464146304631F01C
:109A90005AF9D4E7BAF1000FD0D04FF000084FF0D8
:109AA000E063C4E900380123CDF804D00293114BE0
:109AB000204601A9C4F80880C4F81C8003932DF047
:109AC0005CFC042120462DF062FC2046FFF7D0FC10
:109AD000054608B13A46D8E7009A4E44EB000135F6
:109AE00022FA03F3AA4506F8013BF7D1A6E72125A0
:109AF000A5E700BF0400002090B189B101234B60AD
:109B0000C368013B012B08D88269064B1AB10A6071
:109B100000208B607047044AF9E74FF00053F7E7E5
:109B2000212070470800002068160408012300F077
:109B30001F02A0F506200949A0F550604009934096
:109B400051F820201A4341F82020054951F82020DF
:109B500022EA030241F82020704700BF401F002086
:109B6000201F00200122A0F506230D49A3F5506314
:109B70005B0900F01F00824051F82300024341F8C6
:109B8000232000231946074A52F8040B0133082BFF
:109B90000144F9D119B92022014831F0D4B87047F5
:109BA000201F0020401F00202DE9F04FA9B0039294
:109BB0001E4604460822339FCDE90401414021FAA4
:109BC00002F34B40980702F1080218BF9B00202ABD
:109BD0001C44F4D1744BE4B21B7804F5062404F55C
:109BE0005064002B3ED1FDF7DFFD054620B16FF03C
:109BF000910029B0BDE8F08F0146402208A831F05D
:109C0000A2F84022294618A831F09DF8DFF8B48167
:109C1000DFF8B491C3460BF10F0ACDF800A05B4604
:109C20001022D9F8000008A931F0C1FB0023024638
:109C300008F1100808AD9A423DD1CDF800A05B466E
:109C40001022D9F8000018A931F0BAFB4FF0000A31
:109C5000834618ADD34538D1544B9845DAD101220B
:109C6000514B1A704FF480780025DFF860B1A4F5ED
:109C70000623A3F5506252095BF8221004F01F007E
:109C8000C140C90734D44A4951F82220C240D20702
:109C900022D5A3F6FF43DBB2002D08BF254603F50E
:109CA0000624B8F1010804F55064E0D1039BABB180
:109CB000A5B12C4618E055F8040BCDE90623FFF7B3
:109CC00035FF079B069A0133B5E755F8040BFFF7FC
:109CD00049FF0AF1010ABDE7039B13B96FF08B003E
:109CE00087E7002D18BF2C46349B00201C6080E7BE
:109CF000329B13B10023329A13600FB100233B60F3
:109D00004FF0100ADFF8C090CDF800A000233246D3
:109D10002146D9F800000BF069FC58BB3299326833
:109D2000244BC1B99A4206D02146D9F800000BF065
:109D3000C5FD0028D2D1D6E90223DDE90410834213
:109D400008BF8A4226D0A4F50624A4F6FF44E4B254
:109D500004F50624A5E732999A42C1F800A0E3D1A0
:109D6000002FE8D03B462146D9F8000018AA0BF096
:109D700061FD48B1104B9842D6D0104B9842D3D0D9
:109D80000F4B9842D7D032E7329A3B6812689B1A41
:109D90003B60D0E7039B002BA6D07368012BA3D1B7
:109DA0006FF0840025E700BF7E44002000710800AA
:109DB000201F0020105D175EFFDF00F011E000F0B3
:109DC000FEDF00F0006D0800344C0020401F002032
:109DD0002DE9F04F87B08246894698461646DDF851
:109DE00040B02AB1002B4FD040F26C739A424ED84B
:109DF000BBF1010F4ED8002406F1100739460120AF
:109E000005942EF0CDF90546002846D021463A4665
:109E100030F099FF05ABCDE9014300942B460122B8
:109E200050464946FFF7C0FE044680B110F18C0F42
:109E300008BF6FF08D043A460021284630F083FFBA
:109E400028462EF08FF9204607B0BDE8F08F144B5E
:109E5000C5E902A92B60C5F804B02EB132464146CF
:109E600005F1100030F038FF059E0E483B462A46AB
:109E7000314600680BF022FB18B93046FFF756FE5A
:109E8000D9E76FF09104D6E76FF08604DBE76FF057
:109E90009104D8E76FF08504D5E76FF08C04D2E722
:109EA000105D175E344C00202DE9F0438DB08146E3
:109EB000DDE914780E4615461C469BB1B8F1000F3B
:109EC00005D16FF0860630460DB0BDE8F083002F57
:109ED000F7D0B7F1005FF4D3C3F1005303F580234B
:109EE0009F42EED81022002108A830F02CFF00225B
:109EF00007AB029305AB019306AB3146009348468E
:109F000008ABCDE90522FFF74FFE06460028DAD15F
:109F1000059BA4B1AB4215D853EA0504D1D1069BE9
:109F20000B48C8F8004000943A46079900682B4453
:109F30000BF05CFB002818BF6FF09106C3E7AB4243
:109F4000EDD2BEE75B1B9C4228BF1C46E7E700BF83
:109F5000344C002030B58DB00C460546102200214F
:109F600008A830F0F0FE002207AB029305AB019386
:109F700006AB21460093284608ABCDE90522FFF742
:109F800013FE0446D8B9099B012B1BD0079D104B2B
:109F9000294618680BF092FCB8B90122A5F50623F2
:109FA0000C49A3F550635B0905F01F00824051F88E
:109FB00023004240284641F82320FFF7D3FD2046E6
:109FC0000DB030BD6FF08404F9E76FF09104F6E74F
:109FD000344C0020401F002030B5048804F4E043D6
:109FE000B3F5005F2ED1C4F30223042B2AD181F0F4
:109FF000AA6383F4807333F47E132AD081F0AA63BA
:10A0000083F4007333F47E1323D00023144D21F422
:10A010007E11A9421AD1B4F5105F17D1418821F001
:10A020004000802802D0B1F5807F15D1191F0C297E
:10A0300012D8DB0710D4073A072A34BF00206FF08C
:10A04000860030BD42F204039C42DED16FF08500F1
:10A05000F7E7C1F30543D9E76FF08600F1E700BFEA
:10A06000000140052DE9F04F9BB08146DDE92876DF
:10A070001D468B46DDF8A880DDF8BCA0099241B1F1
:10A0800038B1249B2BB1269B0BB9279B0BB91FB969
:10A090004EB16FF086047FE02EB1B8F1000FF8D01A
:10A0A0002B9B002BF5D02C9B002BF2D0BAF1000F8C
:10A0B000EFD02E9B002BECD02D9B002BE9D0B9F8D4
:10A0C000003003F4E042B2F5005F69D1C3F302222D
:10A0D000042A65D185F0AA6383F4807333F47E1378
:10A0E00006D085F0AA6383F4007333F47E1360D145
:10A0F000C5F3054329464846259ACAF80030FFF7BC
:10A100006BFF0446002847D1014620220AA830F000
:10A110001AFE2022214612A830F015FE0AA82CF0C3
:10A120009CFE002855D159464846099A12AB00F0CA
:10A13000C3FA044600282FD12B9B9E424CD8DAF854
:10A1400000302E9A934247D8474508D2BB1998450C
:10A1500005D239463246404630F0DBFD4746204BBB
:10A1600025F47E159D4226D1DAF80030324606935A
:10A170002D9B0397CDE90483279B12A90293269B6D
:10A180000AA80193259B0093249BFFF7B7FA212887
:10A1900019D0D8B92C9B1E6020461BB0BDE8F08FAB
:10A1A00042F20402934204D185F0052383F4801324
:10A1B0009BE700239EE76FF0880400232C9A13602E
:10A1C000CAF80030E8E76FF08604F6E76FF0920413
:10A1D000F3E76FF09204DFE76FF08904DCE700BF7C
:10A1E000000140052DE9F04F99B08A46DDE926656A
:10A1F0009346984681462A9F28B96FF086042046E8
:10A2000019B0BDE8F08F0029F7D0229B002BF4D0C5
:10A21000249B13B9259B002BEFD10EB9002DECD157
:10A2200017B92B9B002BE8D12C9B002BE5D0289B4A
:10A23000002BE2D041464846239AFFF7CDFE044664
:10A240000028DCD1202201460DEB020030F07BFD1E
:10A250002022214610A830F076FD08A82CF0FDFD44
:10A2600010B16FF09204CAE75A465146484610AB07
:10A2700000F022FA04460028C1D12B9B9D422AD827
:10A28000BE4208D273199F4205D231462A4638464B
:10A2900030F03FFD3E46144B28F47E1898451DD102
:10A2A000299B2A460693289B0396CDE90473259B98
:10A2B00010A90293249B08A80193239B0093229B3F
:10A2C000FFF7F2FA212898D02C280AD00028C8D10C
:10A2D0002C9B1D6093E76FF0890490E76FF0880472
:10A2E0008DE76FF094048AE700014005084B98421F
:10A2F00002D0084B984207D10B88B3F5105F0CBF12
:10A3000000206FF0850070476FF08500704700BF38
:10A31000004440040013C0042DE9F04F9946002387
:10A32000A3B09346DDE92E74DDE93068CDE906334C
:10A33000CDE90833CDE90A33CDE90C33DDF8C8A007
:10A340000490059129B96FF08605284623B0BDE831
:10A35000F08F002AF7D00FB9002CF4D12C9B13B941
:10A360002D9B002BEFD116B9B8F1000FEBD1BAF14C
:10A37000000FE8D048460499FFF7B8FF05460028CB
:10A38000E3D10146202212A830F0DDFC202229462C
:10A390001AA830F0D8FC12A82CF05FFD002878D164
:10A3A000DDE904015A461AAB00F086F9054600289B
:10A3B000CBD11A982DF034F905460028C5D114B92F
:10A3C000CAF80000C1E7B7420AD23B199E4207D241
:10A3D0004445B8D839462246304630F09AFC3746D4
:10A3E0004E4B994558D003F54073994515D04C4BC9
:10A3F000994540F08C804445A5D814F00F02A2D1B5
:10A400002346CDE900761AA912A8FFF751F80746AE
:10A41000002834D1CAF8004097E700234445CDE92D
:10A420000E33CDE910338ED82D9B0D2B8BD101230C
:10A430008DF838302C9B0DF1390203F10C0153F8E3
:10A44000040B8B4242F8040BF9D11B7813700123E3
:10A450008DF8473014F00F0933D10F2CDAD906AB41
:10A4600001930EABCDE90276009324F00F02002396
:10A470001AA912A8FFF774F80746002843D04246ED
:10A480000021304630F05FFC0023012FCAF8003075
:10A4900040D06FF0920558E744453FF654AF2D9BEE
:10A4A000102B7FF450AF2C9B0DF1380C03F1100EE4
:10A4B000624618685968083303C273459446F7D159
:10A4C000C8E724F00F033B440DF1280C03F1100EF4
:10A4D000624618685968083303C273459446F7D139
:10A4E0000F2CBCD824F00F03334403930AAB029320
:10A4F00006AB01930EAB00934A4600231AA912A89B
:10A50000FFF72EF883E7B9F1000F83D0EAE76FF089
:10A5100085051AE76FF08B0517E700BF0010C00430
:10A52000004440042DE9F04F994600239FB0934624
:10A53000DDE92865DDE92A788A46CDE90633CDE9EB
:10A540000833CDE90A33CDE90C33059029B96FF012
:10A55000860420461FB0BDE8F08F002AF7D00EB960
:10A56000002DF4D117B9B8F1000FF0D12C9B002BBE
:10A57000EDD048460599FFF7B9FE04460028E8D11A
:10A58000014620220EA830F0DEFB2022214616A82C
:10A5900030F0D9FB0EA82CF060FC002844D15A46BC
:10A5A0005146059816AB00F087F804460028D0D134
:10A5B00016982DF035F804460028CAD115B92C9B01
:10A5C0001860C6E7BE420AD273199F4207D24545BA
:10A5D000BDD831462A46384630F09BFB3E46344BC8
:10A5E000994549D003F54073994520D0314B9945A1
:10A5F00054D1454555D82B07A9D12B460122CDE989
:10A60000006716A90EA8FEF753FF2C9B06461D6097
:10A6100000289ED042460021384630F094FB0023AB
:10A620002C9A012E13603FD06FF0920491E70D3DFC
:10A63000454536D801238DF8283033460DF12902DF
:10A6400006F10C0153F8040B8B4242F8040BF9D1CC
:10A650001B780D3613704FF48073ADF8363006ABAF
:10A6600001930AAB00932A460023CDE9026716A99D
:10A670000EA8FEF775FFC8E7103D454511D83346D3
:10A680000DF1280C06F1100E62461868596808335F
:10A6900003C273459446F7D11036E0E76FF08504A6
:10A6A00057E76FF0890454E76FF08B0451E700BF60
:10A6B0000010C00400444004F0B5164600221C46B9
:10A6C00043688DB01B0A07460D46009204D0012B4B
:10A6D00038D06FF08B0071E02246314600962CF0A6
:10A6E000C6FF00286AD1F31CC4E9030523F0030365
:10A6F0006361002E00F0A3802022002101A830F029
:10A7000022FB3146384601AA2CF0B1FF002840F068
:10A7100096802368019A9A4240F091806368029A79
:10A720009A4240F08C80A368039A9A4240F0878056
:10A73000A369079A9A4240F08280E369089A9A4294
:10A740003CD07CE0032E7FD90B78012B40F0878032
:10A75000497800294BD0F7390829BAD801A353F812
:10A7600021F000BFCBA7000889A70008D3A60008E6
:10A77000C1A70008D3A60008E5A70008D3A60008D3
:10A78000D5A70008DDA700084FF41056F825354F6F
:10A790001C22002102A830F0D6FA03230197CDE94C
:10A7A0000435039601AA09AD134603CBAB422060E2
:10A7B00061601A4604F10804F6D100200DB0F0BD26
:10A7C00010274FF08076FA25E2E720274FF0007639
:10A7D000F725DDE7FE25234F234ED9E7FF25214F3F
:10A7E000224ED5E74FF41056FC251E4FD0E72B2EF6
:10A7F0002AD92022204630F0A6FA05F11003236161
:10A80000AB070DD001AB05F1280C1A462868696822
:10A81000083503C265451346F7D1286801AD1060BD
:10A820006B68103E2360AB6869466360EB68204646
:10A83000A36001236661E3602CF01EFB38B1202287
:10A840000021204630F07FFA6FF08600B6E7009EC8
:10A85000626906F11C039A42BFF44BAFEFE76FF059
:10A860009100ABE720000080004400020044000398
:10A87000B8B1036813F4E07F03F03F00C3F3821222
:10A880000AD0012A0DD1084B41B103F580530122B2
:10A8900082401A6000207047044BF5E703F500532F
:10A8A000F5E70E20704700BF6880005064800050BC
:10A8B00030B58BB06C466D4D0FCD0FC40FCD0FC4AE
:10A8C00095E8030084E80300694BD3F84C21110399
:10A8D00040F1AE80A3F5FE431C884FF6FF739C4207
:10A8E00008BF8C248DF81940FDF71CFE044484F346
:10A8F000080460488DF81840FCF724FC6846FDF712
:10A90000EDFC3220FDF744FE5B48FDF71BFF5B4882
:10A91000FDF78CFF5A4C01213620FDF785FA002007
:10A92000FDF73CFEFDF7ECFE236F002023F007034C
:10A9300043F003032367236F23F4744343F48063DA
:10A9400023672CF059F94F4BD3F8FC20D20173D474
:10A95000D4F8803023F0030343F00103C4F88030BF
:10A96000D4F88030C4F88030454CD4F8203123F03E
:10A97000070343F00203C4F82031D4F8283123F050
:10A98000070343F00203C4F82831D4F8803123F0E0
:10A99000030343F00103C4F88031D4F8403123F0BD
:10A9A000030343F00103C4F84031D4F8603123F0CD
:10A9B000030343F00103C4F86031D4F8403223F0BC
:10A9C000030343F00103C4F84032D4F8003223F00B
:10A9D000070343F00103C4F80032D4F8083223F02F
:10A9E000070343F00103C4F80832D4F8703223F0AF
:10A9F000030343F00103C4F87032D4F8203223F08B
:10AA0000070343F00103C4F82032FDF74FFC4FF079
:10AA1000E0220020136963F004031361D4F860326C
:10AA200023F0070343F00103C4F860320BB030BDDC
:10AA3000D3F85041E4B255E7D3F8FC2022F08072FD
:10AA4000C3F8FC20D4F8802022F0030242F0010277
:10AA5000C4F88020D4F88020C4F88020D3F8FC20EB
:10AA600042F08072C3F8FC207EE700BF7016040835
:10AA70000080E00FC017530200B4C404C0EA2101F3
:10AA80000080005000ED00E007B5094B18689A8877
:10AA90009B7900906846ADF804208DF80630FEF7EB
:10AAA00059F80920FEF78EF8002003B05DF804FB8A
:10AAB0009816040870B503F09FF90446E8B903F04E
:10AAC000FDFB03F083FA4FF4167343430C4A03F57E
:10AAD000742303F23F23B3FBF2F30A490A480B60E5
:10AAE0000A230268094D0E68013B45F8046B0E68A5
:10AAF00013F0FF033244F6D10260204670BD00BF60
:10AB000040420F00941F0020641F0020681F002097
:10AB1000012208B5034B1A702DF0B5FB024B1860EB
:10AB200008BD00BF7F440020601F002010B503F067
:10AB30004DFA04462BF0E5FF844207D92DF0AFFB18
:10AB400020B10122024B1860024B1A7010BD00BFE9
:10AB5000601F00207F440020F8B51F4C2378E3B12C
:10AB60002DF091FB1D4B1E4D1B68C01A28602B68F1
:10AB7000A3B12B682B6003F029FA4FF416725043EF
:10AB8000184A00F5742000F23F20B0FBF2F02B6869
:10AB90002B68834204D900232370F8BD0123E9E721
:10ABA0001148124E0378296856F82320104F511A85
:10ABB0003A68521A29683A6046F823100A21093285
:10ABC000B2FBF1F20B4D0133DBB22A60B3FBF1F2C1
:10ABD00001FB12330370DEE77F440020601F00207A
:10ABE000901F002040420F0080440020681F00207A
:10ABF000641F0020941F0020014B1868704700BF9D
:10AC0000941F002070B503212C2000F0C9F84FF4E8
:10AC1000801204250E4C0F4B0F4E5A6604F500535C
:10AC20005E672C205D671E671D6700F0ABF82C2067
:10AC300000F09AF804F580535E675D67A36A23F01D
:10AC40000073A362A36A43F48053A36270BD00BF84
:10AC50000040005A00900050010000A0064B074A37
:10AC6000996D11F0050F01D0117811B10028F7D1BD
:10AC700070470120704700BF0040005A8144002007
:10AC8000164B10B51C6F14F0040111D0144A116753
:10AC9000082191629B6DDA0701D4FFF747FF02F0AC
:10ACA000DDFD02F0BDFD012003F0B4FA2DF0F9FA4C
:10ACB000E30706D501220A4B1A67FFF74DFF02F0A2
:10ACC000AFFD14F000521CBF054B1A67002CBEBF2D
:10ACD0004FF00042024B1A6710BD00BF0040005AFF
:10ACE0000060005A6FF00403502110B50A480B4C65
:10ACF00013F0800F03F1010206D123444C2A83F89C
:10AD000000131346F4D110BD03F00F03043B0344BA
:10AD100019761346ECE700BF00ED00E000E100E02B
:10AD2000BFF34F8F0549064BCA6802F4E062134334
:10AD3000CB60BFF34F8F00BFFDE700BF00ED00E029
:10AD40000400FA0500280CDB01220649430900F043
:10AD50001F008240203341F82320BFF34F8FBFF301
:10AD60006F8F704700E100E0002807DB01234109F5
:10AD7000034A00F01F00834042F82130704700BFB3
:10AD800000E100E0002808DB01224309034900F04C
:10AD90001F008240603341F82320704700E100E04B
:10ADA0000028ACBF00F16040064B4FEA0111C9B268
:10ADB000ABBF00F5614000F00F0080F8001319549C
:10ADC000704700BF14ED00E010B504462BF06BFE99
:10ADD000024B1C602BF06BFE002010BD981F002062
:10ADE00010B52BF060FE034B1C682BF060FE204674
:10ADF00010BD00BF981F002038B50C46154601460F
:10AE000010B9FFF7EDFF01462B462246034808F034
:10AE100055F90028D4BF3720002038BDDD7A03085B
:10AE200010B5002400F024F80348044B846043600C
:10AE3000FFF7CAFF204610BD9C1F002041AE00084E
:10AE400013B5064C23780093054B1B882CF063FE4A
:10AE500010B923780133237002B010BD8244002062
:10AE600072510020014B1880002070477251002061
:10AE700008B5074B1A6842B9012208201A602BF066
:10AE800043FE0449044802F071FB002008BD00BFE6
:10AE9000B01F0020584C0020A81F002030B51446D9
:10AEA000054687B010462CF08FFE63690246834248
:10AEB0003CBFD4E903315B181B1A7BB10F490494E2
:10AEC00003910021CDE90131012300932846D4E903
:10AED00000132BF024FE002007B030BD0122627663
:10AEE00094F82D20002AF6D084F835301321E36938
:10AEF000204698472046636A9847ECE79DAE0008D5
:10AF00002DE9F04788B004460F46164698462BF0C8
:10AF1000D5FD8146002E7AD0237E03F0FF02002B60
:10AF200000F0A28020462CF04FFE6569A84205D1B2
:10AF3000637ED4E9033213445D1B01E0F9D9451B5C
:10AF4000B54228BF35462BF0B9FD94F82D30824626
:10AF5000002B6DD12A46384661692FF0BDFE63692A
:10AF60002E462B44636121E0037803F0FD01112993
:10AF70005BD1216B814205D1A3F111014B424B41C1
:10AF800084F83430013E6369216B01328B4203F156
:10AF9000010308BF2363636195426069E4D1D4E98A
:10AFA0000323216B1344994200D122630025D4E985
:10AFB000032361691344994208BF6261207A657670
:10AFC000FCF70EFB20462CF0FFFD6369834232D173
:10AFD000257694F82D30E568656103B12563204638
:10AFE000636A9847214B04940393002302932369D7
:10AFF0002A4601930123009363682168207A2BF08D
:10B000008EFD207AFCF70CFB50462BF05DFD484688
:10B01000C8F800602BF058FDD8F80030002B0CBFAA
:10B020001B20002008B0BDE8F08707F8013BAAE725
:10B030002E460022B0E70123207A23760DF11E016F
:10B04000FCF756FB9DF81E30002BDAD00DF11F01E6
:10B05000207AFCF725FB9DF81F100029D1D122464C
:10B06000207AFFF71BFFCCE71646D0E79DAE00081D
:10B070002DE9F0410C461546064686B040220021D7
:10B0800020461F462FF05FFE95E8030000232A6943
:10B090002376EB6884E80300C4E904232A7DE36097
:10B0A00084F82C20AA7D2363012384F8343084F8AB
:10B0B00035300C9B84F82D2023620D9BE761636281
:10B0C0000E9BA3622B7A84F836306B7A84F8373083
:10B0D0002D4B346073602D4BB3602D4B33612D4B82
:10B0E00073612D4BF360FCF747FA38B12B4B984254
:10B0F00004D01024204606B0BDE8F081002104F100
:10B100000800FCF7C1F907460028F2D14FF001080A
:10B11000234B3362234B84F83C80B361224BF361B1
:10B120009DF8403084F8390084F83B309DF83C307D
:10B13000204684F83A30697D84F838802CF081FD0F
:10B1400095F90900FFF71EFE95F90900FFF70CFEBF
:10B15000164B0494CDE902732369CDE9008363683B
:10B16000E2682168207A2BF0DAFC04460028C0D17E
:10B1700095F90800FFF706FE95F90800FFF7F4FDC2
:10B180003046FFF721FEB5E7937C030801AF0008C6
:10B19000B77B0308BD7B0308E97B0308038000F04D
:10B1A000917B0308437C0308C37B03089DAE000822
:10B1B0002DE9F04101271C465B4B86B002935B4BA7
:10B1C0000C9D01935A4B904600930A46CDE90377B4
:10B1D0002946584BFFF74CFF0646002840F09B805D
:10B1E000236839462B6463683A206B64637A85F878
:10B1F0004930237A85F84830E37A85F84B30A37AD2
:10B2000085F84A30637B85F84D30237B85F84C30D8
:10B21000E37B85F84F30A37B85F84E30FCF704FEC6
:10B220003B460422617A207AFDF728FD3B46022244
:10B23000E17AA07AFDF722FD39466068FCF7F4FD5B
:10B2400088F8006041462068FDF7FCFE1420617C10
:10B25000394B01F1390252019850607A227A03EB9E
:10B26000411342EA0042C3F83827E17AA27A42EA5F
:10B270000142C3F8302785F8506098F81930032B45
:10B280004FD8DFE803F0394C021C022385F8503018
:10B2900000230422E17BA07BFDF7F0FC0220617C0F
:10B2A000254B01F1B9025201985003EB411341F2D1
:10B2B0002C71E07BA27B42EA00425A501CE001273D
:10B2C00085F8503002220023617B207BFDF7D6FCFD
:10B2D000617B227B637C42EA014241F228715B017F
:10B2E00003F1A04303F570335A500422236803F599
:10B2F0008053DA65002FCBD1237A2A6C85F8483049
:10B30000637A052185F84930D36C206843F0040343
:10B31000D3642BF0C0FC304606B0BDE8F0810027B6
:10B32000CEE72326F7E700BFC17D0308B57D0308FC
:10B330004D7E0308417E030800C0035013B5064C40
:10B340002378009311232CF0E6FB10B92378013306
:10B35000237002B010BD00BF8344002037B5FFF753
:10B3600087FD01250E4C0F4A0F49206020230095D0
:10B37000082007F033FF0D4B204663600C4BA360A1
:10B38000FFF722FD2BF08FFB04462946284602F0EA
:10B3900059F820462BF08BFB002003B030BD00BFD6
:10B3A000B41F002084440020C21604083DB30008E6
:10B3B000FF7E03081A2812D8102814D940F28523DA
:10B3C000A0F11102D2B2D340DB070CD50122064B0B
:10B3D00080F020001A70054B18707D2003E0A0F16A
:10B3E0007D03012BF2D97047AB440020AA44002012
:10B3F000F8B50E461446204B00B3204A2049107081
:10B4000000221A7022700A704FF6FF721D4B1A80CC
:10B410001B4D2B78EBB91B4F304639882CF0DDFDE6
:10B42000164A38801378013BDBB213706BB90123E5
:10B430002B703046BDE8F840FFF7BCBF1A78002AF1
:10B44000E6D01870104B1878F8BD237801332370BC
:10B45000EFE7012B05D102232B700A4B1888000A55
:10B46000E8E7022B04D103232B70064B1878E1E7A1
:10B47000FF237E202370E7E7AB440020A844002090
:10B48000A944002056350020AA4400202DE9F047A9
:10B49000394E8846337817465BB9384A1370384AB4
:10B4A0001370384A1370384A13704FF6FF72374BD7
:10B4B0001A807D2850D02DD8182851D01A2852D063
:10B4C000314B2E4D1A78DFF8BC9080EA020400223E
:10B4D0001A702B78CD2B9CBF01332B702B78022B4D
:10B4E00012D9DFF8A8A099F80000BAF800102CF0E3
:10B4F00074FD2B78AAF80000CD2B9FBF99F800208F
:10B50000023B88F800203B701D4B1A781C7089F8AC
:10B51000002006E07E28D3D1184B1B781BB91A4AAD
:10B520001370202011E0FF2B1FD0184A1188154AF4
:10B530001078134A127802EB0022914217D1022BA5
:10B5400017D9CE2B34BF00207A20A0F1200253421D
:10B5500053413370BDE8F08720220B4B1A70E0E7AF
:10B56000FF22064BFAE77420EFE77720EDE776201D
:10B57000EBE77920E9E700BFAC440020A7440020B6
:10B58000A5440020A4440020A644002054350020F7
:10B5900008B52CF0D4FC4FF6FF73002818BF034603
:10B5A000014A138008BD00BF5A35002010B5074C72
:10B5B000208850B12CF0C3FC2388C01A044B00B281
:10B5C0001B889842B4BF0020012010BD5A350020CE
:10B5D000583500204FF07E624FF6FF732DE9F041A1
:10B5E000B2F84670B2F84460154D9F4208BF4FF460
:10B5F00048679E4208BF4FF4C8762C88DFF8448025
:10B6000050B164002C802B88BB4215D92F800023B9
:10B61000A8F80030BDE8F081B8F80030002BF2D077
:10B620002CF08DFCB8F80030C4EBC404C01A80B212
:10B6300004EB8004E408E5E7B34238BF2E80E6E778
:10B64000583500205A35002008B52CF078FC4FF012
:10B650007E634FF6FF72B3F85430934208BF4FF445
:10B660007A73034413F47F6FC3F3071208BFFF22FA
:10B67000014B1A7008BD00BFAD44002010B5084C46
:10B68000237843B12CF05BFC2378C3EB10131B062B
:10B690005CBF002323702078B0FA80F0400910BD11
:10B6A000AD44002007B502F077FC6A4602F0DAFCF0
:10B6B00018B14521034800F01DFBDDE9000103B08E
:10B6C0005DF804FBD816040808B502F095FB18B124
:10B6D0006D21024800F00EFB002008BDD8160408BA
:10B6E00008B500F053FA0D4A536A43F470235362CD
:10B6F000EFF308834FF0CD31094A043B93420AD25D
:10B700002CF06CFD00F08CFCFFF7DEFFBDE808407C
:10B710000448FDF79FBD43F80419EFE700ED00E092
:10B72000000000201810040807B5042200200DEBCB
:10B7300002012FF0DFFF042803D0F621044800F0B7
:10B74000D9FA019800F020FC03B05DF804FB00BFBB
:10B75000D81604081028034670B535D020D8032821
:10B7600015D9002070BD032202231A491A4D0C6816
:10B770000021C8B28442F4D955F8200028B1067AD5
:10B780009E4202D1467A9642ECD00131F1E7421E48
:10B79000022A19D8DFE802F0021B16000022E3E7B4
:10B7A000A0F12002032ADCD8213B022BF6D801A20B
:10B7B00052F823F0C1B70008C5B7000867B7000802
:10B7C0000122D1E70222CFE700220323CDE70122A5
:10B7D000CBE700BF6C2904088C4C0020082310B56F
:10B7E0000A0A41400648C9B201F00104490804B1FF
:10B7F0004140013B13F0FF03F6D181EA020010BD86
:10B800002083B8ED2DE9F8430025134C134EDFF8E3
:10B810005480134FDFF8509023780BB9BDE8F883BC
:10B8200022464146002056F8043B2CF060F922786D
:10B8300023460134002AFAD15B7853B105F00303A3
:10B84000032B0CBF3946494600202CF050F9013536
:10B85000E2E73946F8E700BF541C04080010002056
:10B86000AD1A04081E1704081B17040840F6052229
:10B870006A4B2DE9F0411B8893420ED8B3F5206F37
:10B880000DD840F20252934218D040F20172934216
:10B8900020D040F2015293420AD0BDE8F081A3F6D5
:10B8A00002235F4C032B1ED8DFE803F0376396B208
:10B8B0005C490020BDE8F0412CF019B900205A493C
:10B8C0002CF015F9564B1A6C0020BDE8F041574991
:10B8D0002CF00DB9524A0020D2E92523BDE8F041F1
:10B8E00053492CF004B9002052492CF000F994F887
:10B8F0006C309E0703D500204F492CF0F8F894F8DF
:10B900006F305D0603D500204C492CF0F0F894F917
:10B910006F30002BC1DA4A49CBE7002049492CF0AF
:10B92000E6F894F86830980704D00020226C3F496C
:10B930002CF0DDF894F96830002B04DA0020626FF7
:10B9400041492CF0D4F800250126404FDFF808814A
:10B95000A26E06FA05F3134207D057F82520137894
:10B960001BB1414600202CF0C2F80135082DEFD163
:10B9700093E7374900202CF0BAF82C490020226CBC
:10B980002CF0B5F894F86930590703D500203149F7
:10B990002CF0ADF894F96930002B04DA0020626FC6
:10B9A00029492CF0A4F80825284E2B4FA36EEB4014
:10B9B000DA0707D556F8252013781BB13946002041
:10B9C0002CF095F80135102DF0D194F8680000287E
:10B9D0007FF463AF21496DE7214900202CF087F8FF
:10B9E0000020226C11492CF082F81025174E1A4FB6
:10B9F000A36EEB40DB0707D556F8252013781BB163
:10BA0000394600202CF073F801351A2DF0D144E7A7
:10BA1000002014492CF06BF8226C55E75C350020AF
:10BA20000010002028170408661704089717040858
:10BA3000B2170408CE170408E717040822180408F0
:10BA40005618040893180408B9180408A420040818
:10BA5000E0180408F8180408D71804083F19040867
:10BA6000701904088A1904082DE9F04F3A4D85B081
:10BA7000D5E90D32580748BF0026D5E9121B48BF4B
:10BA8000B046D5F83CA05FBFD5F850808B469246B3
:10BA9000324E54BFDFF8E890DFF8E89013F0080F5B
:10BAA0002F4B304A18BF1A46B6EB08071FBF642356
:10BAB0007C0803FB0B44B4FBF7F40CBF3C46A4B278
:10BAC0004B4629490020CDE9016ACDF80080BFB27C
:10BAD0002CF00DF823460020CDE9009723491FFAEA
:10BAE0008BF22CF004F8B24501D8C24504D24A4684
:10BAF00000201F492BF0FBFFD5E9170318436B6E9D
:10BB0000184309D11B492BF0F2FF00201A4905B058
:10BB1000BDE8F04F2BF0EBBF002018492BF0E7FFFA
:10BB2000002501270C4EDFF860800024F26D07FA33
:10BB300004F3134204D0414600202A192BF0D7FF0A
:10BB40000134202CF2D12035602D06F10406ECD111
:10BB500000200949D7E700BF001000200010002096
:10BB6000B9190408C0190408C8190408FA19040806
:10BB7000341A0408531A0408AE1A0408691A04088F
:10BB8000B4190408AC190408991A040837B5FDF76C
:10BB9000C9F905462BF079F8EB072ED40123194695
:10BBA0001A4601FA02F42C4003F1010327D0214B7D
:10BBB00033F812402AF01EFF062C83B21E4A4FEAC9
:10BBC000104022D14FF20F0188421BD1B3F5406FD4
:10BBD00028BF4FF4C06313804CF23C314FF0005348
:10BBE000598040F2017312889A4201BF134B144AE4
:10BBF000D2E90001C3E9000117E00022D7E7102BCA
:10BC0000CED1D7E74FF4C063E5E740F207218C427D
:10BC10000DD14FF20F01884209D1A34207D14FF055
:10BC200000534CF23C315980148003B030BD148075
:10BC3000D7E700BF341C04085C350020C01F00207B
:10BC400094100020014B1888704700BF5C3500201D
:10BC5000014B1888000A70475C350020164B188885
:10BC6000020A10F0FF00134604D1012A23D143F049
:10BC700080007047072BFAD801A252F823F000BFCA
:10BC8000A5BC00086FBC0008A1BC0008B5BC00083A
:10BC9000B5BC0008A9BC0008ADBC0008B1BC0008D8
:10BCA0000920704718467047032070470B207047E3
:10BCB00006207047022070475C350020044B054881
:10BCC0001B881A0AB3F5406F38BF00EB820070473B
:10BCD0005C350020041C0408044B1888044B020A3D
:10BCE00053F82230C0B203EB800070475C3500206F
:10BCF000D41B040838B504460D460B4602460749D6
:10BD000000202BF0F4FE00F0B7F92AF0D3FE29460C
:10BD10002046BDE838402CF06FB900BF9D1A0408DA
:10BD20006E4A2DE9F0416E4B55686E4C5D65516A67
:10BD300099656D49D1F80002D865D1F804021866FA
:10BD4000D1F80812586B5966916A10F0040F996681
:10BD5000D16A4FF00000D966116B1967516B5967B2
:10BD6000D26BD8649A67D3E90E1218BF11465F4AA6
:10BD700091421A655DD301F12000A04259D888692B
:10BD8000C5F308051864CE69062D5E6455D1584D7B
:10BD9000A84252D3574DA8424FD205884DF6426073
:10BDA00085424AD11868C3F894005868C3F89800CF
:10BDB00040F20170A242154604D22E680432B6F158
:10BDC000CD3FF7D00022C3E91F22C3E92122C3E9F6
:10BDD0002322641BDFF818C1424DDFF818E19C6490
:10BDE0008D422DD8D3E91FC7D3E92165D3E923417B
:10BDF0004FF0000E013AD2B2FF2A3BD1BEF1000F44
:10BE000005D0C3E91FC7C3E92165C3E92341B3F8DE
:10BE10005430C3F308030C2B3AD8022B53D9DA1E43
:10BE2000092A50D8DFE802F030563F424F4F4F4FBB
:10BE30004F4C0021C3E910112C494FF42060B9E7A1
:10BE400055F8044D6445CBD37445C9D2E607C7D530
:10BE50000026294F57F8048FA045C1D00136062E81
:10BE6000F8D12AB1013AD2B203EB8206F467B7E700
:10BE70000522F9E7E0464FF0010EBC4637462E4654
:10BE800025460C464146B5E740F60120BDE8F08165
:10BE90003A2B18D1194B9B6913F0020F40F2025351
:10BEA00018BF1846F2E740F60320EFE740F20172B0
:10BEB00040F60423B0F5206F14BF10461846E5E79E
:10BEC00040F60520E2E740F60722013B5A2B98BFD7
:10BED0001046DBE740F60220D8E700BF00ED00E0A7
:10BEE000001000200010002000E100E00000002011
:10BEF00020630008400F0408781000200040005B19
:10BF000000F00CB800F00AB800F008B800F006B86D
:10BF100000F004B800F002B800F000B872B61EF0ED
:10BF2000080F09D01EF0040F0DD0DFF850E0AEE886
:10BF3000FF1F6FF002000CE0DFF840E0AEE8FF1FEB
:10BF40006FF00E0005E0DFF834E0AEE8FF1F6FF0A1
:10BF500006006946EFF309828EE807008646084826
:10BF6000084C854501D3A54501D384F30888FFF724
:10BF7000D7FE84F308882CF041F800000010002060
:10BF800040000020001000204BF6EF6283B2002B2F
:10BF900008BF1346044A000C13804FF6CE2308BF97
:10BFA0001846024B188070477651002074510020CB
:10BFB0000B4BB3F900201888002AB8BF80F062004C
:10BFC00042001A80074AB2F9001013880029BCBF4A
:10BFD00083F4805383F00B0359001180584070475D
:10BFE000765100207451002008B502F069FA60B162
:10BFF0000A4B0344072B0DD8072B0BD8DFE803F0BF
:10C000000C060A080A0A0A045D2008BD5A20FCE74B
:10C010005B20FAE75C20F8E75920F6E7FF1FFF0FE7
:10C0200030B50D2485B012482BF0BBFC2246002110
:10C030000DF101002EF087FE01238DF8003003235F
:10C0400002258DF80A400B4C694620468DF80B30CE
:10C050002AF05AFE2A20FEF795FE04F500532A2006
:10C060009D61FEF781FE04F58054E56105B030BDA9
:10C07000A01604080040005B01482AF034BE00BF4F
:10C080000040005B10B5054C20462AF078FE2046A3
:10C09000BDE8104000212AF012BE00BF0040005B46
:10C0A000024B586800F00100704700BF0040005B81
:10C0B00010B5094A137813F002040CD10749084857
:10C0C00009780078884206D0064863F07D03048032
:10C0D00005481370017010BD7B450020824500208B
:10C0E000804500205A3500207F450020054B064A38
:10C0F00019881288914202BF0121044A117000225E
:10C100001A80704768350020663500207945002088
:10C1100007B50346009102223D20034930F080F824
:10C1200003B05DF804FB00BF1921040807B5064BF6
:10C1300002221B783D2000930449812330F070F8DF
:10C1400003B05DF804FB00BF8545002019210408F9
:10C1500038B50C4D0C4C2A7823789A4200D138BD62
:10C1600000210A4831F0E6FC094B1B88834202BFDC
:10C170000122084B1A702378013303F00703237060
:10C18000E9E700BF824500207D45002060350020A2
:10C190006635002079450020074B93F90030002BCD
:10C1A00008DB064A137803F04101402904BF43F03D
:10C1B00005031370704700BF854500207B450020B4
:10C1C000282307B5054A3D20CDE9003204497023F4
:10C1D000022230F025F803B05DF804FB3800E00FD0
:10C1E000122104087028034607B504D103B05DF896
:10C1F00004EBFFF7E5BF074A3D201278064901929C
:10C20000064A12780092022230F00AF803B05DF874
:10C2100004FB00BF7A450020182104088545002052
:10C2200008B50A4815F02CFF094815F029FF094800
:10C2300015F026FF084815F023FF084815F020FFE9
:10C24000BDE80840064815F01BBF00BF6835002058
:10C2500064350020623500206035002066350020FE
:10C260005E35002008B5CA220021044831F0BEFB2B
:10C270000122034B1880034B1A7008BDAF44002005
:10C28000663500207945002030B585B0FFF7EAFF1C
:10C29000FFF7F2FE4FF07E634FF6FF72B3F84C30BB
:10C2A000214D934208BF4FF47A732B8000231F4C1B
:10C2B0002380FFF76DF9FFF779F90028FBD04FF0E5
:10C2C0007E634FF6FF72B3F84230934208BF4FF4DB
:10C2D000C8632B8000232380FFF7C0FC431E144D4E
:10C2E000DBB20A2B134C287018D840F2035222FA02
:10C2F00003F3DB0712D50222C1230290CDE90032FD
:10C300003D2084230C492FF08BFFFF232B70D0237B
:10C31000237005B0BDE83040FFF752BFFFF750FF74
:10C32000A023237005B030BD583500205A350020B9
:10C33000834500207B4500201721040837B50446BB
:10C340000D4616F093F8022825D84FF48B711B4840
:10C35000FFF7D0FC1A4B197801F14003DBB2022B36
:10C360001FD901F0A003A02B04D00B0619D57E2005
:10C37000FFF7CEFE4FF07E63B3F8403013B1204696
:10C380002BF064FEB5B1002221460E4803B0BDE893
:10C39000304031F063BB204616F068F8CA28D4D884
:10C3A000D8E7CDE90014842302223D2006492FF06E
:10C3B00037FFDFE72A4621460448E7E71D21040846
:10C3C00087450020643500205B2104086235002089
:10C3D0002DE9F84FFFF7EAF8A84C48B32378580640
:10C3E00026D599074CBFA64BA64BA74A1B781278B7
:10C3F0009A4232D00120FFF7EDF87320FFF7F2FEEA
:10C40000A24A4FF6FF7113780133DBB213704FF07D
:10C410007E62B2F848208A4208BF0322934219DDA7
:10C4200051229B4B72201A70FFF7DCFE20232370F1
:10C43000984D994E94F900202378002A18DA13F0C9
:10C4400030030ED01A202BF020FE237803F07F0358
:10C450002370EFE7FFF72CFEEAE700228F4B1A80EC
:10C46000E6E72A78022AF0D18C4A2B701380E9E79C
:10C470002A78012A00F0F1800DD9931E012BD9D81A
:10C480003178FF2900F01E81002940F0EE80844BB6
:10C4900019783246E7E09A0719D579497A4A7948F6
:10C4A00092F800C007780A78ACEB0200BA1A02F0E2
:10C4B000070200F00700904298BF81F800C00A7898
:10C4C000BA4204D123F002032370FFF741FE237820
:10C4D00013F0300F1ED013F0200F714F15D0C22370
:10C4E0003B706B4B187802237B702378B87023F075
:10C4F0003C0323700320012332462B70684B1978CC
:10C50000FEF776FF2BF0C1FD94E7C1233B70FFF7E8
:10C51000A5FBE8E713F00C081FD0624F13F0040FDF
:10C5200039785F4B0FD06039C9B280201970FFF79E
:10C53000EFFD237803F0F3033A7823705A4B1A7017
:10C5400001231846D8E781F080017E201970FFF79B
:10C55000DFFD237803F0F703EEE79B0732D5DFF822
:10C5600020A1524B9AF800701B78DFF844B1FF1AF3
:10C570002AF0A4FA414681464D4831F069FA8046D6
:10C5800007F00707B7B948462AF09EFA494B4046DC
:10C59000A3F8008015F06AFF424B9AF800201B7840
:10C5A000013043EA02133E4A43F008031370C0B25D
:10C5B0000323A1E74146584631F0A0FA013F8046E7
:10C5C000FFB2DFE7304B4FF6FF7019784FF07E6314
:10C5D000DB8F2C4F834208BF05233A780B44013B85
:10C5E000521A5B1A02F0070203F007039A42DFF8BF
:10C5F000B48028DC304831F026FAE0B92E4831F01A
:10C6000022FA01462C4B2D48002908BF18462C4B16
:10C610000021186031F01CFA264B188015F026FF17
:10C620003A7898F80030013043EA02131C4AC0B24D
:10C630001370022360E7214831F005FA18B9FFF7BB
:10C640001DF80028DAD1184B1A7898F800309A4271
:10C650005ED0237843F00803FAE63378FF2B4DD001
:10C6600032460F49C95C00204AE7124B013989B2B2
:10C67000188816F0D9F801460BE700BF7B4500206B
:10C680007F45002080450020824500207C45002019
:10C690008345002084450020AE4400205A35002008
:10C6A000874500207E450020814500207D450020F3
:10C6B000603500205E3500206435002062350020A2
:10C6C000C81F0020022A1CD1124A0021137801330E
:10C6D00003F007031370104B186831F02BFA0F4B5F
:10C6E000002219880E4831F0B9F90E4B1B880BB99E
:10C6F000FEF74EFF0C4B1A780C4B1A7000232B7070
:10C7000098E60B4A1378013303F007031370ECE744
:10C71000BDE8F88F80450020C81F00205E3500204E
:10C72000603500205A3500207E45002081450020DC
:10C730007F4500202DE9F04F8046AC4F85B00023A7
:10C74000DFF8DC92A8F8003099F8003013B93B709C
:10C75000FFF7CCFCDFF8CCA2A54E0DF10E002BF0BC
:10C7600098FC272800F0A0813A469DF80E000DF1B4
:10C770000F013D78FEF78AFE2028044630D070B1C4
:10C78000FFF7B4FC7A2804D8732877D8272C00F058
:10C790008B814FF4AA719748FFF7ACFAD4E73B7846
:10C7A0009D4205D0022B3ED89DF80F20924B5A5542
:10C7B000DFF844923B7899F80010904CC02940F083
:10C7C0008180012B40F0C980FFF7B0FCFFF7AEFC81
:10C7D0002BF0CAFBFFF78AFC23785806AFD4B9E0E8
:10C7E0003B789D42B9D0022B04D89DF80F20824B94
:10C7F0005A55B2E7032B1ED07D4B1888804B1B88FF
:10C800008342AAD115F032FEDFF8E4B1C5B2691C4B
:10C81000584631F03AFA29469DF80F20BBF800003F
:10C8200016F016F820E0032B05D0754B30881B88D6
:10C830008342BDD1E6E79AF80030714D83B14FF0E5
:10C84000000B3388012128462B808AF800B031F094
:10C850001CFA012300935A4629886A4831F02EFABF
:10C8600030882B888342CDD0202C3FF476AF7A2CB1
:10C870008FD8732C02D8002C88D199E7743C062CF1
:10C8800087D801A353F824F0A5C8000893C700086F
:10C89000ADC80008B9C8000893C70008BDC80008A3
:10C8A000C1C800087420FFF79DFC4DE77620FFF714
:10C8B00099FCFFF771FC47E77720F8E77920F6E766
:10C8C0007A20F4E70E0607D4032B46D926787306A0
:10C8D00045D4FFF70BFC3DE001F0E002802A23D1B4
:10C8E000012B3AD17D20FFF713FCFFF7FFFB2678E1
:10C8F00071062FD50225DFF830C1434A99F8003080
:10C900009CF80000117803F0070BABEB000E091A3E
:10C910000EF0070E01F007018E4529D97820FFF7A8
:10C9200061FCFFF739FC0AE7A02A0BD1012B14D1D7
:10C930007F20FFF7EDFBFFF7D9FB2678720609D5BC
:10C940000325D8E77B20FFF74DFCFFF7CFFB2378CB
:10C950005D06E6D420232370F1E67C20F3E72B4B21
:10C960001B78B3EB111F01D0FFF7C0FB0125C2E715
:10C97000A5F1020A83451FFA8AFA0DD00021244846
:10C980008CF800B0017016F002004FD0214A1180DF
:10C99000214A12785A4517D1BAF1010F1BD91B4908
:10C9A00099F800200B78C2F30210984271D1144D0F
:10C9B0002888002848D12620FFF7EEFBFFF712FC5D
:10C9C000262005B0BDE8F08FFEF7E2FDBAF1010FB9
:10C9D000E5D899F8003013F0080332D10F4A1370EC
:10C9E000032D7FF4ACAEFFF763FBA8E67A45002089
:10C9F000663500201D210408854500207B45002068
:10CA00006835002086450020804500207E450020B6
:10CA10007C4500205A3500207F450020AD44002091
:10CA2000AC4400207945002082450020FEF7D2FD6D
:10CA30001E4A13785B4501D0FEF7AAFDFFF788FB7D
:10CA4000C4E7FEF701FECBE7013303F007030B70E9
:10CA50004FF07E63160742BF227842F00802227030
:10CA6000227822F005022270B3F840300BB12BF08F
:10CA7000EDFA2B883D20019399F8003002220093B3
:10CA80000B4985232FF0CCFB2B880020A8F8003021
:10CA900097E71207237802D543F008035BE7DB072B
:10CAA0003FF53FAF75203AE727208AE78045002011
:10CAB0005B21040808B50F4B1B780BB1002008BDA3
:10CAC0000D4B1A780D4B1B789A42F7D113F076FA7A
:10CAD0000028F3D10A4830F0B6FF0028EED009480C
:10CAE00030F0B1FF0028E9D0074B1878B0FA80F099
:10CAF0004009E4E7AC440020814500207E45002049
:10CB0000623500206435002084450020F0B551B125
:10CB1000002807DA2D23B0F1004F137000D04042F7
:10CB2000012100E0002100252C460E4F002357F87C
:10CB3000046B01E06346801B864203F1010CF9D9C6
:10CB400013F0FF0300D125B14D1C30335354E9B22B
:10CB500001250134E4B2092CE8D130305054481C8E
:10CB6000C0B2F0BD602104082DE9F04F002495B05B
:10CB70002146029480461646A1464422274603A831
:10CB800002AC9A4625462EF0DEF8317859B9641B7E
:10CB9000E4B2224629460020C047002840F0908099
:10CBA0003819C0B28DE0252918D0B9F1000F19D17C
:10CBB00004F8011B12AB9C42C0F0D680641BE4B2A7
:10CBC000294622460020C0470146002878D13C442F
:10CBD00048222846E7B22EF0B6F8C4E0B9F1000FBB
:10CBE00000D101363278622A48D022D8252A3FD097
:10CBF00004D8002ACBD04FF00009DBE7392A15D83A
:10CC00002F2AF8D9717801F0DF01582940F0DB8034
:10CC1000322A06F1010940F0C380204604223AF886
:10CC2000041B2BF047FA04464E46E4E7582A17D077
:10CC3000E1E7632A6BD0A2F1640C5FFA8CFCBCF1D3
:10CC4000140FD8D80121614B01FA0CF919EA03003D
:10CC500040F08C8019F4104960D1BCF1140FA9D1B7
:10CC6000204602221AF8041B2BF024FA0446C2E7DD
:10CC7000214601F8022B62700C46BCE74FF0000918
:10CC8000DAF800300DF1480B0193DAF80430009324
:10CC9000009B994502D10AF1080AACE7019B2046A6
:10CCA000022213F809102BF005FA5845044612D356
:10CCB000441BE4B2294622460020C047014618B171
:10CCC000002015B0BDE8F08F3C4448222846E7B26A
:10CCD0002EF039F82C46009B5A1E4A4584BF20226C
:10CCE00004F8012B5C450FD3641BE4B229462246AD
:10CCF0000020C04701460028E2D13C444822284693
:10CD0000E7B22EF020F82C4609F10109C0E753469E
:10CD100053F8042B9A4604F8012B6CE7D146641BA8
:10CD2000E4B22246294659F804ABC047834600289E
:10CD3000C6D101463C4448222846E4B22EF003F80E
:10CD40005FFA8BF31AF803005F460BF1010B002822
:10CD5000F6D1FFB23A465146C0470028B0D1CA4684
:10CD600081463C44E7B22C4601360EE76C2ADAF8DD
:10CD700000000AF104090FD17378752B01D0642BE0
:10CD800004D1B3F1750118BF012101362246FFF726
:10CD9000BDFECA4604442EE7752A08BF0021F5E708
:10CDA000342A10D1564656F804AB04224FEA1A41F1
:10CDB00020462BF07FF91FFA8AF104222BF07AF932
:10CDC000B246044630E74FF00109F3E601010200E4
:10CDD00073B50024684600F0AFF90C4B00981C6056
:10CDE0000B4B0C4D1C600C4E0C4B306018602C60D3
:10CDF0002BF0E3F92046019B3268013BDB085380AE
:10CE00002B6801332B6002B070BD00BFD01F002023
:10CE1000CC1F0020D41F0020DC1F0020D81F0020C2
:10CE20002DE9F04F0027924687B04A1C0E4614BFEA
:10CE30000C46082499460597002B00F0B0801F602F
:10CE4000002800F0AE80073020F0070529F036FEFC
:10CE500005AB31460290009352463B46284600F00F
:10CE600075F9059E804606B130B9029829F02CFE6E
:10CE7000192007B0BDE8F08FDFF83CB17788DBF808
:10CE80000010FB00C0EBC7070139272FCBF80010BB
:10CE90006CD9BAF1000F48D1854205F1080740D09E
:10CEA000214630462BF018F904460590059B1F4497
:10CEB00038462BF082F9059905F10F034A88C3F330
:10CEC000CF03D21A7A80CA88BB8062B3D31A9BB2CE
:10CED00001EBC202FB8093808B88ED08A380BB88A6
:10CEE0000022314638466580E38000F0A7F92378B8
:10CEF00043F001032370DBF800300133CBF800303E
:10CF00002B4A02981368083443441360294A116875
:10CF10008B4288BF136029F0D7FD0020C9F800407C
:10CF2000A7E73446C2E7FA80D6E7F4192046039310
:10CF30002BF043F908F10702D20805996280FA1D27
:10CF4000D208A280CA887AB1D200039BD01DC31A2E
:10CF50004344C3F3CF030A44E3809380A388013F93
:10CF6000FF084F80CB80C2E7E280F7E7BAF1010FFC
:10CF700019D106F10803B3FBF4F204FB1233A3B199
:10CF8000214630462BF0A8F804462378012243F0CE
:10CF9000010331462046237000F050F9B0E722200B
:10CFA00067E7212065E78542EAD13446EDE700BF17
:10CFB000D01F0020CC1F0020D41F00202DE9F347F4
:10CFC0000446684600F0B8F8002C00F0AB8029F069
:10CFD00075FD14F8086CF30704D534F806ECBEF1BF
:10CFE000000F05D129F070FD012002B0BDE8F087E7
:10CFF0004D494E4D0A68D5F80080A2EBCE020A607A
:10D0000034F8041C0EF1010308F10102A4F1080C2C
:10D010009BB22A60B9B3ACEBC10292F800A0B2F89F
:10D0200006901AF0010F578806F002061FD1FEB9CC
:10D03000A9EB0701012926D80EF102031F44BBB258
:10D04000C5F8008034F8026CFEB9013B9BB214F8BD
:10D05000081C6FF3000104F8081C002124F8061CCA
:10D0600053801378D18061F30003137031E056B11F
:10D0700019448BB214F8081C6FF3410104F8081C22
:10D0800000219180DEE76246DCE70CEBC608DDE9B3
:10D0900000710F44B845D8D21CF83670414617F0DD
:10D0A00001072AD0013B9BB214F8085C6FF300051E
:10D0B00004F8085C002524F8065C5380137865F3B7
:10D0C00000031370C2F107030B44C3F3CF03D380F3
:10D0D0008B8017490B681BB1934201D85B8803B959
:10D0E0000A6014490B681BB1934201D35B8803B9F2
:10D0F0000A6029F0E9FC002077E7A6EB0E06012E76
:10D10000D0D8B8F80260A8F802703344B8F80670B6
:10D110002E689BB2013E1FB108EBC7012E60C3E72A
:10D120002E6094E7222060E7D01F0020D41F00204B
:10D13000DC1F0020D81F00200249034A0160521A58
:10D1400042607047C85D002000000420F0B506462C
:10D150000020059F4C1C08BF08213860BAB91F4841
:10D160000568002D38D0B5F802E0DB0003EBCE0EE9
:10D17000C1F1000C2878C0070BD52ABBE888B0B1F4
:10D1800005EBC005B5F802E003EBCE0EF2E714485C
:10D19000E6E7B645F1D35AB905F10804B4FBF1F05E
:10D1A00001FB1044A0190CB17045E7D83D60F0BDFB
:10D1B00008290FD06C88013405EBC404A01B00EAD9
:10D1C0000C00201A8645F1D2A8880028EFD0A5EBE4
:10D1D000C005D7E73046E9E72846E8E7DC1F00202E
:10D1E000D81F0020134B13B51B6804460846FBB13B
:10D1F00021B96846FFF7A0FF6CB900980378D907FA
:10D2000007D55CB9C3889BB100EBC3000378DA078C
:10D21000F8D402B010BD084B1868EFE7012C07D115
:10D2200083882BB1A0EBC3000378DB07F8D4F0E7C9
:10D230000020EEE7D41F0020D81F0020F8B5154FBE
:10D2400005460C463B68144EB2B1994209D041B133
:10D250003368994204D129460120FFF7C3FF3060AB
:10D26000F8BD29460020FFF7BDFF33683860A342B0
:10D27000F1D0002CEFD0F3E7994205D13D6033683F
:10D28000A34204D13560EBE79842F7D3F7E7AB420E
:10D29000F8D3E5E7DC1F0020D81F0020054B1A78E3
:10D2A0002AB95B78002B0CBF0320022070470120B5
:10D2B000704700BF944500200329F8B598BF124B72
:10D2C00005460E468CBF00245C5C032805D8DFE8C9
:10D2D00000F002080B0E44F002040C4B1F684FB91B
:10D2E000F8BD44F00804F8E744F02004F5E744F002
:10D2F0008004F2E77B681A68144203D0314628465E
:10D300005B6898473F68EAE7842104080C20002006
:10D3100038B5104D2B78ABB10F4C23781BB100F012
:10D32000DDFB00232370002000F000FC0B4C50B10B
:10D3300000F006FC0023012120782B70FFF7BCFFD2
:10D340000123237038BD0122054B1A702278054B4A
:10D350001A70F7E78F4500208D4500209645002084
:10D36000904500209145002010B529F09CFB064B0C
:10D3700004461B781BB1BDE8104029F098BBFFF7AD
:10D38000C7FF2046F7E700BF8C450020094A137805
:10D3900030B101331370084B1B78012B03D8704751
:10D3A000013B13707047054B1B780BB9FFF7B0BFFB
:10D3B000704700BF9445002096450020904500200E
:10D3C00070B529F070FB184E054618482AF0E9FAA6
:10D3D0003378E3B900F010FD044620B1284629F067
:10D3E00066FB204670BD00F04FFF114829F06FFB2F
:10D3F00001F026F80F4B1C6000F0E8FD0E4B0F4AC1
:10D400001860536F43F0010353672AF0EEFE00F0FB
:10D4100059FA2AF0E5FE0A4B002418600123284639
:10D42000337029F044FBDCE797450020AC16040874
:10D430000C200020E01F00200820002000400050A9
:10D44000E41F00202DE9F843284A0138135C39B164
:10D45000274F013339781354012904D8BDE8F883E4
:10D46000013B1354FAE7FFF719FF0128044635D8AA
:10D4700029F019FBDFF88480054698F8003013B3D3
:10D480001C4E33781BB9012232701B4A1370DFF82F
:10D49000709099F8003023B100F020FB002389F848
:10D4A0000030284629F003FB012000F03FFB29F063
:10D4B000FAFA337805461BB100F042FB00233370C3
:10D4C000002388F80030284629F0F1FA3878A04285
:10D4D000C4D02146FFF7F0FE3C70BFE70329F5D129
:10D4E0000228F3D12AF080FEF0E700BF9445002027
:10D4F000964500208C450020904500208F45002057
:10D500008D45002010B5044629F0CDFA002C0CBF43
:10D51000FF210121064A13780B44DBB21370B3FAE2
:10D5200083F3BDE81040034A5B09137029F0BFBACA
:10D53000934500209245002038B529F0B4FA094BF4
:10D5400005461B78012B04D829F0B1FA00242046A7
:10D5500038BD054B1C6800F04DFB0444284629F0FB
:10D56000A6FAF4E796450020E01F002038B5416098
:10D57000044629F098FA05462146044829F0AAFAFB
:10D580002846BDE8384029F092BA00BF0C200020A0
:10D59000054B1B685843054B00F5742000F23F20F3
:10D5A000B0FBF3F0704700BF0820002040420F009E
:10D5B0002DE9F04F85B0EFF3108772B6AFF300801E
:10D5C0002DF062FA00286FD07F4EDFF82882337882
:10D5D00023B10020FFF7DAFE00233370FFF75EFE71
:10D5E0000446002867D0841EE4B2012C6AD9FFF7F4
:10D5F00055FE01280546754CDFF8FC9100F28C8041
:10D600002078854240F0C480207800F0DDFA99F857
:10D61000003013B16E4B1B782370AFF3008007B955
:10D6200062B6EFF3108772B66A4B1A7852B10022D5
:10D630001A70674B20781B78984203D10121217022
:10D64000FFF73AFE644800F011FC2DF031FA054670
:10D650000028BCD1614BDFF89081187098F8003039
:10D66000ABB189F80000DFF8889199F800301BB160
:10D6700000F034FA89F80050002000F057FA002832
:10D6800000F0998000F05CFA002388F800303378CD
:10D6900023B10020FFF77AFE0023337000212078A9
:10D6A000FFF70AFE00232370AFF3008007B962B6CC
:10D6B00005B0BDE8F08F3378002B98D0FFF766FEF9
:10D6C000347094E7002003A900F020FC04460028F1
:10D6D0008DD1D8F80030039A9A4205D80120FFF77F
:10D6E00055FE0123337082E73D4B1D6800F082FA3E
:10D6F000039B05449D42F1D200F092FA8200039907
:10D7000042F0020292B2CDE900422346354A491B5B
:10D7100031482AF075FD6AE7334BDFF8C0A01B786B
:10D7200003F0FF0B2BBB00F057F9207885422FD177
:10D730009AF800307BB92C4D2B78002B7FF464AF26
:10D740002A4B1B7823B900F0C3F90122284B1A7029
:10D7500001232B7058E7022DEDD18AF800B014E0B8
:10D760002378022B24D100238AF800302EF0BEF853
:10D770001EE0207885420BD19AF80030002BDAD0D9
:10D78000022DD8D100238AF800302EF0AFF8D2E76E
:10D790000023DFF848A08AF8003099F8003013B968
:10D7A0002946FFF789FD9AF800302570002BD7D164
:10D7B000012DC0D828E7012000F006FA07B962B6AB
:10D7C000EFF3108772B657E78E450020964500208C
:10D7D000914500208A450020E81F00209245002046
:10D7E000E01F002069D300088F45002093450020EA
:10D7F0008D450020E41F00209045002010B529F041
:10D8000052F90022054B1C781A7029F050F900F0EB
:10D81000F5FCE4B22043C0B210BD00BF8B45002030
:10D8200010B5094B1B786BB1084C237853B100F04D
:10D8300087F90023064A237013700123054A1370E9
:10D84000054A137010BD00BF96450020904500208A
:10D850008F4500208B4500208A450020034B1B7814
:10D8600013B10122024B1A70704700BF9645002089
:10D870009045002073B5114E0446337883420FD093
:10D880004FF400730E4DADF8043058B101A8FBF70A
:10D890004BF84020FFF77CFE2B68181A2860347084
:10D8A00002B070BD8DF8050001A8FBF73DF84020DF
:10D8B000FFF76EFE2B681844F0E700BFB15100205F
:10D8C0001020002073B5002401A88DF80440FBF758
:10D8D000E1F82046FFF7CEFF364A3749136F374845
:10D8E00003F007030B60D2F80011354C01F003017F
:10D8F00001604FF480103349032B48664FF4003029
:10D90000486601F59831896901F00200C1F34001D0
:10D91000217046D0D2F8203103F00703991E4B4204
:10D920004B41D2F82811284D01F00701022908BF08
:10D9300043F0010325490B7058B33BB9D2F80031CD
:10D9400003F003035A1E534253410B70194BD3F893
:10D95000003103F00303022B25D0032B26D0012B2B
:10D9600017D1F9F7E9FB024698B1194B194EDC685B
:10D9700000231946C4F30B04013404EB840401387A
:10D98000E4FB060106F0DCF9FFF702FE2B68034416
:10D990002B601F20FFF7FCFD2B6803442B6002B0B7
:10D9A00070BD0123BDE7F9F723FCDCE729F0A4F8FB
:10D9B000D9E700BF0080005014200020182000206C
:10D9C0009A45002000900050102000209B45002028
:10D9D00000C0015040420F00074A0849D2F82031E8
:10D9E00003F007030B60D2F82831054A03F0070360
:10D9F000136029F01AB900BF0080005020200020D9
:10DA00001C20002008B5164B1A7822B300221A7089
:10DA1000144B1A6F22F0070242F001021A67D3F882
:10DA2000202122F0070242F00302C3F82021D3F89C
:10DA3000282122F0070242F00302C3F828210A4BF2
:10DA40001B7833B10122094B5A60094A53689B077E
:10DA5000FCD4F9F75BFB0122064B5A6708BD00BFF7
:10DA600099450020008000509A45002000E00150B8
:10DA700000C001500060005A0122114B10B55A67D6
:10DA8000104B114C1B78A3B102202AF019FC80B175
:10DA900000F06CFA68B1A36DD90302D5E36D9A0763
:10DAA00003D4094B9B6DDB0704D54FF48032044B44
:10DAB0009A6210BD0122054B1A70FDF729F8F4E7B0
:10DAC0000050005A9B4500200040005A9845002015
:10DAD0000122014B1A707047994500200F4B10B579
:10DAE0001B7883B10E4C2378A3B90E4B9A6DD103EA
:10DAF00002D5DA6D920702D49B6DDB0704D54FF493
:10DB00008032094B9A6210BDFDF702F84FF4803263
:10DB1000054B9A6200232370F5E700BF9B45002068
:10DB2000984500200040005A0050005A034B1B78D3
:10DB30000BB1FDF793B80120704700BF9B45002053
:10DB400008B529F073F8174B1B7833B10122164B37
:10DB50005A60164A9369DB07FCD5154B15491A6FB5
:10DB6000096822F007020A431A671349D3F82021F3
:10DB7000096822F007020A43C3F820210F49D3F8AD
:10DB80002821096822F007020A43C3F828210C4B18
:10DB90001B781BB14FF480320A4B9A62BDE80840F3
:10DBA000F9F7B4BA9A45002000D0015000C00150E6
:10DBB0000080005014200020202000201C20002085
:10DBC0009B4500200060005A02280AD003280BD091
:10DBD00001280CD1064A136923F00403136130BFF6
:10DBE00070470020FAF7ACBE0020FAF7CFBE7047AE
:10DBF00000ED00E008B5054B187818B1FCF7FCFF04
:10DC000000EBD000024B1B68184408BD9B45002068
:10DC1000102000200122014B1A7070479B45002004
:10DC2000014B1878704700BF9B4500200222014B32
:10DC30001A6770470040005038B500F057FB0025C8
:10DC4000084B094C1A682368C31A2AB123B15169D9
:10DC5000994203D3C91A5161206038BD55615B1ADE
:10DC60009268F2E72C20002028200020C38870B59D
:10DC700004460D463BB9FFF75FFC8542064602D2DB
:10DC80002AF0A1FA35460E4965610B688BB90C6024
:10DC9000A3600DE0AD1A9A68184665616AB1134633
:10DCA0005A69AA42F6D930B18460521BA3605A6106
:10DCB00070BD0020F4E70C60F7E79C60A260F7E716
:10DCC0002C20002038B5134D2B685B6993B1124AA4
:10DCD000022014681C442AF0EAFA204600F03AFBBD
:10DCE00000230E492A680B70D088800709D50123CC
:10DCF0000B7038BD02202AF0DAFA022000F078FB1F
:10DD0000EEE79268002AF4D050690344012BEBD966
:10DD1000EFE700BF2C200020282000209D45002098
:10DD2000F8B515469DF81C20BDF820700271069AC2
:10DD30000446026000220E46C0E903358260C780B7
:10DD4000ADB900F0D3FA3044A0615EB13546062F7C
:10DD50001FD1194A2846936A43F00803936200F0E2
:10DD6000CDFA02E0E36866617BB90020F8BD00F0FF
:10DD7000BDFA2844A061002EE8D1E3686661002B5B
:10DD8000E5D0204621689847E1E72046216898477A
:10DD9000EBE728F088FE0646FFF74EFF29462046AF
:10DDA000FFF764FF054B1B68A34201D1FFF78AFF11
:10DDB000304628F07CFED8E70040005A2C20002096
:10DDC00000220C490B687BB183420AD183687AB187
:10DDD000936083681BB15A6941690A445A61002003
:10DDE00070471A469B68EEE70028EFD00220704784
:10DDF0000B60EEE72C20002070B528F05FFE144E7B
:10DE000005463478FCB9134B1C60134B1C60134B54
:10DE10001C8000F005FA01202AF049FA00F0F0FA1F
:10DE20000F4B0246186020B9284628F04DFE2320EB
:10DE300070BD234640F2E7310A4805F081FF0A4BE6
:10DE4000186001233370284628F03EFE0020EFE7DB
:10DE50009E4500202C200020282000206A3500202C
:10DE60003020002018FCFFFF24200020C38870B55C
:10DE7000062B044601D100F0CFFA28F014FE134E11
:10DE80000546FFF7D9FE33682046A34208D0FFF7C6
:10DE900097FF0446B0B1284628F009FE204670BD21
:10DEA000FFF78EFF04460028F5D133683BB9022006
:10DEB00000F088FA284628F0FAFD0024EEE7FFF784
:10DEC00001FFF7E73368002BF4D1F0E72C200020A6
:10DED00038B50C460546A8B1A1B100230B7028F057
:10DEE000EDFD0121084B1B6833B928F0EDFD002042
:10DEF00038BD9D4204D121702278002AF9D0F4E780
:10DF00009B68F1E72220F3E72C200020F8B50646B5
:10DF10000F4628F0D3FD00250446124B1B6823B999
:10DF2000204628F0D1FD1B2011E05A691544DA88FB
:10DF3000B2420DD100F0DAF90B4E3368C01AA84294
:10DF40000AD3002320463B6028F0BEFD0020F8BD28
:10DF5000FF2EEFD09B68E2E700F0C8F933682B444E
:10DF60001B1AEFE72C2000202820002008B5084BC2
:10DF70001B7803F0FF004BB12AF085F9054B1B68B5
:10DF80009B69C01A02288CBF0020012008BD00BF79
:10DF90009D4500202C20002070B528F08FFD0646FE
:10DFA00000F0A4F9084B04461D880120ADB22AF008
:10DFB00087F918B100F09AF904460135304628F087
:10DFC00083FD2046294670BD6A350020014B186844
:10DFD000704700BF30200020F8B50C4B05461B6889
:10DFE0000E4683420FD3002440F2E7302146084B0F
:10DFF0004FF47A721F680023E5FB070105F0A0FECD
:10E0000030602046F8BD2120FCE700BF242000201E
:10E0100030200020014B1868704700BF24200020EA
:10E020000F4B10B51A689AB14FF47A71531E134210
:10E03000A0FB01010ED1B2FA82F2C2F11F04531CFF
:10E04000D243E04001FA03F3184321FA02F20243FB
:10E05000104610BD002305F073FE0246F8E700BF2E
:10E060003020002038B5154B14468342144B8B41A9
:10E0700021D3144B1A68F2B14FF47A75A0FB050353
:10E0800005FB0131531E134211D1B2FA82F2C2F1E3
:10E090001F05531CD24301FA03F3E84021FA02F2B0
:10E0A00018431043E940C4E90001002038BD0023B3
:10E0B00005F046FEF7E72120F8E700BFEFA7C64BC3
:10E0C0003789410030200020C2072DE9F04704467F
:10E0D0000BD5474A138801339BB21380FFF7ACFD81
:10E0E000444B1B680BB1FFF7EDFDA3077ED528F06D
:10E0F000E5FC4FF0000905464E46FFF79DFDC8467A
:10E100003C4F3C680CB163698BB100223A4B012E45
:10E110001A7003D119F0020F18BF1E70002C61D0C5
:10E12000FFF7D0FD2846BDE8F04728F0CDBC2346D8
:10E130005A693AB91A792179914288BF1C469B687D
:10E14000002BF5D1284628F0BFFC2569DDB100F091
:10E15000CDF8A269A0EB02094FEAE9734D4578EBCF
:10E16000030311DA23691344A361E368B4F806904A
:10E17000013613B120462168984728F09FFC0546D8
:10E18000FFF75AFDBDE7A94628F098FC82462046D5
:10E19000FFF716FE504628F097FC2369002BE4D0C9
:10E1A000A38BB5EB090533B1E28B13449BB2B3F5F6
:10E1B0007A7F0FD2E38328F081FC814629462046EE
:10E1C000FFF754FDA369226948461344A36128F070
:10E1D0007BFCCAE7A3F57A73E383A369013D013BA6
:10E1E000A361E8E7022000F0EDF89BE7BDE8F087C7
:10E1F0006A3500202C2000209C45002010B528F016
:10E200005DFC034B1C7828F05FFCE4B2204610BD97
:10E210009C450020014B1870704700BF9C450020B2
:10E2200010B50123002486B01548ADF80830CDE9BB
:10E2300003448DF804408DF80A40059429F0B1FBA1
:10E2400001A8FAF79BFF204602A98DF80840FAF7CB
:10E25000A5FF20460F21FAF7C3FF0F212046FAF74A
:10E26000C5FFFAF771FFFAF74DFF064B43209C619B
:10E27000FCF788FD4320FCF777FD06B010BD00BF1A
:10E28000A416040800800A5008B50A4829F089FB42
:10E2900040F6015200210120FAF726FE4FF4967253
:10E2A0000021012028F0E5FC034A936C43F48073BD
:10E2B000936408BDA816040800800A5008B50948F0
:10E2C00029F06FFB40F6016200210220FAF70CFEF4
:10E2D0004FF492720021022028F0CBFC024B9A6C82
:10E2E0009A6408BDA816040800800A5008B5FAF719
:10E2F00009FF014B986908BD00800A5038B50446F3
:10E3000028F0D1FB0546FAF7FDFE104B022C9A6966
:10E310004FF001018CBF12190332B2F1FF3F38BF39
:10E32000013A0020FAF780FF284628F0C0FB084990
:10E330000B7853B1054B9A6C42F002029A649A6CC6
:10E3400042F004029A6400230B7038BD00800A502A
:10E35000B2510020F8B5044628F0A5FB0746FAF7AD
:10E36000D1FE164B9D6929F09EFF06460020FAF764
:10E3700043FF830704D4731B032B01D8AE420FD194
:10E380000021631B022B98BFEC1C0846B4F1FF3F31
:10E390002CBF2246621EFAF747FF022029F087FFB2
:10E3A000384628F084FB064A137833B103498B6C56
:10E3B00043F001038B6400231370F8BD00800A5002
:10E3C000B3510020830700F0010109D50122064B5B
:10E3D00041F002011A70054A936C23F00103936423
:10E3E0000020FAF7FDBE00BFB351002000800A50A4
:10E3F000830742BF0222014B1A64704700900A5003
:10E4000007B5044B01A9187929F0C6FA019803B0A1
:10E410005DF804FBB016040807490B7853B9074BA5
:10E420009A6C22F002029A649A6C22F004029A64B6
:10E4300001230B70704700BFB251002000800A50CA
:10E440000A4B10B5D3F8403203F00303013B012B14
:10E450000BD828F028FB044601210220FEF7F2FF2A
:10E460002046BDE8104028F022BB10BD00800050BF
:10E4700024282DE9F341054604D82C46204602B055
:10E48000BDE8F08100240B4E0B4FDFF830800023F5
:10E49000CDF800801A46194638682CF088FF84426F
:10E4A000EBD2252CE9D056F8043BAB42E6D0013440
:10E4B000EDE700BF04250408344C0020FFFF0F00E7
:10E4C0002DE9F04F634E644D3168286889B006F03D
:10E4D0001BFF0446002827D033680024D3E900013D
:10E4E0009A6912689047336804A89B699B689847AB
:10E4F000336802209B69DB68984732680598536847
:10E50000E7B2B3FBF0F3BB42916904F101044CD8CC
:10E51000CB680020984733689B695B6898473168EF
:10E52000286806F0F1FE04460026DFF848914B4FBC
:10E53000DFF84481DFF844A1F4B9494B28689B5DBA
:10E54000002B00F08280D7F800B002AB594603AA36
:10E5500007F070F9504507D070B9039B012B0BD021
:10E560005946286807F0AAF9D9F8003059461A68C0
:10E57000286807F08FF804460136252E09F10409B2
:10E5800007F1040708F10108D6D1B4FA84F3354A3B
:10E590005B0913702B681B7C1BB1C5213248FDF74A
:10E5A000A9FB204609B0BDE8F08F12680B6907FB94
:10E5B00000209847A1E73B6803AA194402AB0191E8
:10E5C00007F038F95045034601992ED028682BB33F
:10E5D0000BF1010B009B5FFA8BF199422868EAD39B
:10E5E000224B9B5D002BC7D0DDF800B05FFA8BF3A8
:10E5F0007E2B2868C0D8396802AB594403AA009121
:10E6000007F018F95045B7D00099286807F056F977
:10E610000BF1010B04460028E8D0ADE7039B7BB962
:10E6200098F80020029B9A42D2D098F80030D9F88E
:10E630000020286806F042FF0028C9D00446CFE732
:10E64000019107F03BF90199EFE7094BA3469B5D68
:10E650000093BFE7144C0020344C0020042504082C
:10E66000DD2404089F45002098250408B8240408E8
:10E670006E24040888210408932404080BE000F0A9
:10E68000F8B50D4616461F46FFF7F2FE242804464D
:10E690001CD8164B1B780BB3154B1868154B53F849
:10E6A0002410154B1B5D3BB1324607F03FF8044682
:10E6B000A0B129F05DFE12E07F2D08BF00253B468A
:10E6C000324651FA85F106F043FFF0E7FF2808D9FA
:10E6D00081B23B463046EAB229F0ADFC0024204628
:10E6E000F8BDFB210548FDF705FBF7E79F45002036
:10E6F000344C002004250408DD240408982504086F
:10E70000F8B50D4616461F46FFF7B2FE242804460C
:10E710001CD8164B1B7803B3154B1868154B53F8D0
:10E720002410154B1B5D3BB1326806F0B3FF044665
:10E7300098B129F01DFE11E07F2D08BF00253B4652
:10E74000324651FA85F106F0B9FEF0E7FF2807D905
:10E750003A46314680B229F077FC00242046F8BDC5
:10E7600040F235110548FDF7C5FAF6E79F45002050
:10E77000344C002004250408DD24040898250408EE
:10E7800010B5FFF775FE0A4B1B7813B9002420461D
:10E7900010BD084B002253F82010074B186807F0F3
:10E7A00003F804460028F1D029F0E2FDEFE700BFAE
:10E7B0009F45002004250408344C002073B51646FC
:10E7C0001D46002B71D04BF23463984210D1082DB6
:10E7D00028BF082536492A4630462CF07DFA2A46BD
:10E7E000304634492CF085FA30B3002002B070BDB9
:10E7F000C9B27F2980B208BF0021984218D17F2278
:10E8000041F202016846082329F015FC08226846F7
:10E8100028492CF06EFA30B908237F2241F2F0111A
:10E82000684629F008FC6B4603CB30607160DCE77A
:10E8300041F2F01398421CD11F4B701E996CDA6C98
:10E840002B462C1F013B9C4200F8011F4FEA11216F
:10E850000CD1002CC9D00423D9B20729F2544FEAB5
:10E860001222C2D001339D42F6D1BEE7002BE9D17E
:10E87000BBE700F47043B3F5805F0AD1C0F30B042B
:10E8800004F17E642A46304605FB01412CF024FA4F
:10E89000ABE700F46043B3F5005FA6D1C0F30B040F
:10E8A00004F1016404F5FC24ECE721209EE700BF9D
:10E8B0000200E00F2A2604080080E00F08B5520885
:10E8C00029F057FD30B1BDE8084040F26F11024811
:10E8D000FDF710BA08BD00BFDE2504082DE9F74397
:10E8E0000446E0070F46154604D540F2C5113848E6
:10E8F000FDF700FAE90704D54FF4E3713448FDF75A
:10E90000F9F904F47043B3F5805F41D1C4F30B040B
:10E91000304A04F17E646B1E2344934232D826466B
:10E92000DFF8AC9006EB0508464546D1A2070ED0AD
:10E930004FF6FF7337F8022BA01E43EA024304226E
:10E940000DEB02010193FFF7B9FF0234023DAB0763
:10E950000ED0023D25F00103FB5A04226FEA034367
:10E960006FEA13430DEB020160190193FFF7A6FF55
:10E9700025B12A4639462046FFF7A0FF002003B004
:10E98000BDE8F08340F2CB111148FDF7B3F9C6E7BB
:10E9900004F46043B3F5005F06D1C4F30B0404F143
:10E9A000016404F5FC24BAE74FF4E9710848FDF767
:10E9B000A1F96FF00F060024B2E716F8013BFF2B18
:10E9C000B2D04FF4EE714846FDF794F9ACE700BFC2
:10E9D000DE250408FF03E00F2DE9F04FE2289FB089
:10E9E0002CD8DC2808D8702800F0CC80C03883B23E
:10E9F000092B0AD900205CE0DE38042800F296805A
:10EA0000DFE800F09FA6B1B6BD000928F2D801A347
:10EA100053F820F01FEB0008F5E90008F5E90008BD
:10EA2000F5E90008F5E90008F5E90008B9EA000889
:10EA3000F5E9000809EB00084FEA0008F52800F0A6
:10EA4000A480B0F58C7FD5D10EF0F4FF2EE02EF02F
:10EA500040FB044609A82EF0A1FC11F0C7FA0546B8
:10EA60002EF023FB06462EF020FB07462EF01DFB62
:10EA70000DF11C0A8046514608200DF1300B11F0B3
:10EA8000BDFA5946102011F0B9FA2EF022FB81464A
:10EA900011F0ACFA3346CDE904902A462046CDE980
:10EAA00002ABCDE9007809A90EF074FE11F0BCFAB2
:10EAB00001201FB0BDE8F08F11F098FA044611F064
:10EAC00095FA05460CA82EF069FC11F08FFA06465F
:10EAD00011F08CFA074611F09FFA804611F086FA81
:10EAE00081462EF0E2FA291E18BF0121CDE90290DD
:10EAF000201E334618BF0120CDE900780CAA2DF066
:10EB0000D9FD2EF0DCFAD3E711F070FA0CA90EF063
:10EB10008DFA2EF0D4FA0CA82EF07AFCC8E70CA8D7
:10EB20002EF03CFC0CA80EF0D9FABFE711F05EFA0B
:10EB30000CA90EF05FFF2EF0C2FA0CA82EF0B7FC65
:10EB4000B6E70CA82EF02AFC0CA80EF0D9FEADE713
:10EB500011F04CFA04460CA82EF082FC20460CA9B9
:10EB60000FF06CF8CDE711F041FA0FF055F89FE780
:10EB70000CA82EF013FC0CA80EF006FF96E70FF081
:10EB800035F895E70FF0E8F892E711F02FFA044610
:10EB90002EF09FFA014620460EF0D6FE88E700BF11
:10EBA0002DE9F0436A288DB000F2868032280DD816
:10EBB0000020D7E06FF49B731844032800F275819E
:10EBC000DFE810F078017D018C019401333837289B
:10EBD000EED801A353F820F05BED00086BED0008C0
:10EBE000B1EB0008ABED0008B1EB00080BEE00083C
:10EBF00057EE0008B1EB0008B1EB0008B1EB0008DC
:10EC0000B1EB0008B1EB0008B1EB0008B1EB000874
:10EC10007BEE00088FEE0008B1EB0008B1EB0008B6
:10EC2000B1EB0008B1EB0008B1EB0008B1EB000854
:10EC3000B1EB0008B1EB0008B1EB0008B1EB000844
:10EC4000B1EB0008B1EB0008B1EB00080FEF0008D2
:10EC50004DF00008B1EB0008B1EB0008B1EB000883
:10EC6000B1EB0008B1EB0008B1EB0008B1EB000814
:10EC7000B1EB000805EF00082DEF000837EF0008A2
:10EC8000B1EB000855EF0008B1EB0008E3EF000816
:10EC900001F00008B1EB000811F0000827F00008AF
:10ECA000B1EB0008F7ED0008B1EB0008B1EB00088C
:10ECB000B1EB00087FF0000840F21B13984200F00F
:10ECC000EA81B0F58E7F33D2EF2800F0DB8122D8C5
:10ECD000822800F05D810DD87E2800F04C817F28CD
:10ECE0007FF466AF082009A911F088F909A81FF080
:10ECF00073FD87E0AE287FF45BAF2EF0D6F90446B3
:10ED000011F074F9054611F087F9294602462046AC
:10ED100031F0F1FD76E0F42800F0AC81FE2800F03F
:10ED20008D81F3287FF444AF09A817F0A5FEACE16C
:10ED3000B0F59D7F3FF63CAFB0F59B7FBFF43AAF97
:10ED400040F21D13984200F0A98140F2211398422D
:10ED50007FF42EAF1EF06AFA01E01CF001F811F00A
:10ED600063F901200DB0BDE8F08311F03FF90446CE
:10ED70002EF09BF9054609A82EF000FA2EF095F921
:10ED8000064611F033F9074611F046F907ABCDE915
:10ED90000103294620460097F3B209AA2DF006FE8A
:10EDA0002EF08DF99DF81C00D9E72EF07EF905466E
:10EDB0002EF07BF9064611F019F9074609A82EF046
:10EDC000DDF911F013F980462EF06FF9044611F0C9
:10EDD0000DF9814611F020F9E4B207ABCDE9030348
:10EDE0003A4631462846CDE90084CDF8089009AB73
:10EDF0002DF0EEFDD4E7082009A911F0FFF809A8CD
:10EE00001BF0A2FF2EF05BF9ABE709A82EF0B6F9D4
:10EE100011F0ECF805462EF048F906462EF045F9BB
:10EE2000074611F0E3F880462EF03FF9044611F052
:10EE3000DDF8814611F0F0F8E4B207ABCDE9030349
:10EE400032463B462946CDE90084CDF8089009A812
:10EE50002DF0CEFDA4E72EF028F9044609A82EF0E7
:10EE60008DF911F0C3F8054611F0D6F82A4603468D
:10EE700009A920460FF01EFCC4E72EF016F904463F
:10EE800011F0B4F80146204619F082FDBAE72EF0E1
:10EE90000CF9044611F0AAF8054611F0A7F8294626
:10EEA0000246204610F0B0F8ACE72EF0FEF818F05D
:10EEB00053FEA7E72EF0F9F818F06CFEA2E72EF04B
:10EEC000F4F809A90446082011F098F811F08EF81A
:10EED00009A90246204622F0FBFB93E7082009A976
:10EEE00011F08CF809A831F00CF88BE72EF0DDF862
:10EEF000044609A9082011F081F8204609A930F03C
:10EF0000EBFF2EE711F072F82DF0FAFD7AE72EF004
:10EF1000CCF809A90446082011F070F82EF0C5F8C5
:10EF200009A9024620462DF0E9FD6BE711F05EF8D5
:10EF30001EF048F913E711F059F809A90446082012
:10EF400011F05CF82EF0B1F809A9024620461FF036
:10EF500067FC57E711F04AF809AA07A91FF072FBEE
:10EF60002EF0ADF8BDF81C002EF095F8082009A988
:10EF700011F06AF8F5E609A9082011F03FF811F040
:10EF800035F8011E18BF012109A81FF095FC39E7CB
:10EF900011F02CF807A90446082011F02FF82EF0E4
:10EFA00084F8054611F022F80DF1190302930DF1D2
:10EFB0001A03019309AE031E18BF01232A4607A9AD
:10EFC000204600962DF037FD2EF079F831460820C6
:10EFD00011F03AF8BDF81A002EF05DF89DF819000E
:10EFE000BDE609A9082011F009F807A909A814F03D
:10EFF0008BFA2EF064F8BDF81C002EF04CF8B0E649
:10F000002EF053F809A914F0A5FA2EF058F8ADE740
:10F0100010F0ECFF09A92DF031FD2EF050F809A8F1
:10F020002EF0C4F89DE610F0E1FF044609A82EF08A
:10F03000C7F8204609A92DF037FDE3E610F0D6FF0A
:10F04000003818BF01202FF032FCDBE610F0CEFFB5
:10F05000044610F0E1FF054610F0C8FF064610F028
:10F06000C5FF031E18BF01233246294620462DF056
:10F07000D0FCC7E62EF02DF81AF0C4FF71E62EF092
:10F08000CEFF6CE609A817F025FD2EF018F809A8A8
:10F090002EF09FF865E630F080FEB3E610F0A6FF94
:10F0A000044610F0A3FF011E18BF0121204616F0F0
:10F0B0008FFCA7E62DE9F043D328A9B000F23281F6
:10F0C000C92806D84C2800F2E98003284ED8002031
:10F0D000F1E1CA380928FAD801A353F820F000BF9B
:10F0E000BDF40008CFF00008CFF00008CFF0000812
:10F0F000CFF00008CFF0000817F8000821F800084A
:10F10000CFF0000805F50008B9380A28DFD801A3B8
:10F1100053F820F045FA0008CFF00008CFF00008BF
:10F12000CFF00008CFF00008CFF00008CFF00008C3
:10F13000CFF00008E1F70008DBF70008D5F700087A
:10F1400095380728C3D801A353F820F085F80008A4
:10F15000CFF00008CFF00008CFF0000869F80008F1
:10F1600075F80008CFF000083FF60008043848287A
:10F17000ADD801A353F820F0B9F90008CFF000088A
:10F18000CFF00008CFF0000839FA0008CFF00008EF
:10F19000CFF00008CFF00008CFF00008CFF0000853
:10F1A000CFF00008CFF000088FF80008F1F8000851
:10F1B000CFF00008CFF00008CFF00008A9F4000855
:10F1C000C7F40008D1F40008DFF40008CFF000080D
:10F1D000E9F40008CFF00008CFF0000819F50008A6
:10F1E0001FF500082DF5000803F600080DF60008CD
:10F1F00035F60008CFF00008CFF00008CFF0000887
:10F20000CFF00008CFF0000863F60008D7F600083A
:10F21000CFF00008CFF00008CFF00008CFF00008D2
:10F22000CFF00008CFF00008CFF00008CFF00008C2
:10F23000CFF00008CFF00008CFF0000867F9000811
:10F24000CFF00008AFF90008CFF00008CFF00008B9
:10F25000CFF0000843F500083FFA0008CFF000089F
:10F26000FFF70008CFF0000877F90008CFF000089A
:10F27000CFF00008CFF00008CFF00008CFF0000872
:10F28000CFF00008CFF00008CFF00008CFF0000862
:10F290004BF7000885F9000897F900089C282AD840
:10F2A00094283FF64DAF7A2800F0BD827B2800F00D
:10F2B000BD8279287FF40BAF10F098FE06A915F0F7
:10F2C000EBFA2DF0FCFEBDF818002DF0E4FE9DF8E1
:10F2D0001A0010F0A9FE9DF81B0010F0A5FE9DF885
:10F2E0001C0010F0A1FE9DF81D0010F09DFE0DF118
:10F2F0001E01082058E3C3283FF6E9AEB8283FF6C0
:10F3000003AFAC2800F04282AD287FF4E0AE06A93E
:10F31000082010F073FE2DF0DCFE014606A815F063
:10F32000C7FCC5E0F73883B25A2B3FF6D0AE5A2857
:10F330003FF6CDAE01A353F820F000BF45F9000819
:10F34000FBF8000827F9000831F900084BF900081C
:10F35000CFF00008B3F60008CFF000087FF80008EF
:10F36000CFF00008CFF00008CFF00008CFF0000881
:10F37000CFF00008CFF00008A3F70008CBF7000893
:10F38000CFF00008CFF00008CFF00008CFF0000861
:10F39000CFF00008CFF00008CFF00008CFF0000851
:10F3A000CFF00008CFF00008CFF00008CFF0000841
:10F3B000CFF00008CFF00008CFF00008CFF0000831
:10F3C000CFF000084FFA000867FA0008CFF00008F5
:10F3D000CFF00008CFF00008CFF000087BFA00085B
:10F3E000CFF00008CFF0000891FA00089BFA00085F
:10F3F000A1FA0008B1FA0008CFF0000881FA00086D
:10F40000CFF00008CFF00008CFF00008CFF00008E0
:10F41000CFF00008CFF00008CFF00008CFF00008D0
:10F42000CFF00008CFF00008CFF00008CFF00008C0
:10F43000ADF70008B7F70008CFF00008CFF00008DC
:10F44000CFF00008CFF00008CFF00008F1F6000878
:10F45000F5F60008F1F60008FBF6000801F70008D1
:10F4600021F7000827F7000833F700083FF70008E6
:10F4700045F700080BF7000811F70008CFF0000867
:10F48000CFF00008CFF00008CFF00008CFF0000860
:10F49000CFF00008CFF000088BFA0008D1F8000880
:10F4A000D7F80008DDF800082DF0FFFD20F050F837
:10F4B0002DF005FE012029B0BDE8F08320F042F8D0
:10F4C0002DF0E9FDF6E72DF0F0FD20F047F8EFE72D
:10F4D00006A82DF0D0FE06A816F06AFEE8E713F0A5
:10F4E0001BFC10F0A1FDE5E710F080FD04462DF0B7
:10F4F000F0FD054610F07AFD29460246204614F03C
:10F50000D7FCD5E72DF0E5FD044610F06FFD014670
:10F5100020462FF047F8CBE714F062FDC8E706A8B5
:10F520002DF010FE06A816F039FDC1E710F05EFDC3
:10F53000044606A82DF006FE204606A92FF0EAF99B
:10F54000B6E710F053FD16220021044606A82BF062
:10F55000FAFB10F04BFD8DF81C0010F047FD8DF804
:10F560001D0010F043FD8DF81E0010F03FFD8DF8DA
:10F570001F0010F03BFD8DF8200010F037FD8DF8D6
:10F58000210010F033FD8DF8220010F02FFD00381F
:10F5900018BF01209DF8253060F300038DF8253059
:10F5A00010F024FD003818BF01209DF8253060F3CD
:10F5B00041038DF8253010F019FD003818BF0120E7
:10F5C0009DF8253060F382038DF825302DF06DFD18
:10F5D000ADF818002DF069FD0DF12601ADF81A0007
:10F5E000082010F00BFD10F001FD054610F0FEFCA8
:10F5F000031E18BF012320466AB206A916F020FC9C
:10F6000056E710F0F3FC2FF0F5F951E710F0EEFC9F
:10F6100004462DF05EFD054610F0E8FC064610F0AD
:10F62000E5FC0346201E3246294618BF01202DF076
:10F6300063FA3DE710F0DAFC16F09AF938E72DF09E
:10F6400034FD04462DF045FD054610F0CFFC06467E
:10F650002DF02BFD32460346294620461FF0F6FCCE
:10F6600026E706A905A82DF034FA2DF028FD9DF80F
:10F67000140010F0D9FC06A9082010F0E5FCBDF834
:10F6800020002DF008FD9DF8220010F0CDFC9DF823
:10F69000230010F0C9FC9DF8240010F0C5FCBDF853
:10F6A00026002DF0F8FC9DF8280010F0BDFC0B980A
:10F6B000FEE610F09BFC06A913F0B4FB2DF0FFFC56
:10F6C0009DF8180010F0B0FC9DF8190010F0ACFC8B
:10F6D0009DF81A0005E705A906A82DF0FCF910F021
:10F6E000A3FC082006A910F0AFFCBDF81400E7E663
:10F6F0000020F6E600F076FFF3E614F07DFED7E694
:10F700002DF0E7FC15F00EF8D2E613F059FED7E61F
:10F7100013F056FE10F0070F0CBF01200020E0E6AA
:10F720002FF00DF9DDE613F04BFEB0FA80F0400942
:10F73000D7E61DF07BFD80F00100C0B2D1E613F0EA
:10F74000CDFEB7E62EF0DCFCB4E610F04FFC06A9C7
:10F7500021F030FE2DF0B3FC06A9082010F074FC57
:10F760009DF8200010F060FCBDF822002DF093FC05
:10F770009DF8240010F058FC9DF8250010F054FC72
:10F780009DF8260010F050FC0A9891E610F02EFC2F
:10F79000044606A82DF027FD204606A930F002FBFE
:10F7A00086E610F023FC30F095FB89E610F01EFC95
:10F7B00024F02AFFC1E710F019FC044610F016FCF3
:10F7C00041B2204624F036FF74E62DF06EFC30F096
:10F7D0007FFB86E62DF02BF983E62DF02AF980E6F3
:10F7E00010F004FC05AA06A92DF01FF92DF067FC06
:10F7F000BDF818002DF04FFC9DF8140071E60820AC
:10F8000006A910F0FBFB05A906A815F031FA2DF0AA
:10F8100056FC05984CE610F0E9FB2DF002F947E69E
:10F820002DF001F95DE615F029F85AE610F0DEFB3F
:10F8300006A922F051FD2DF042FCBDF818002DF074
:10F840002AFCBDF81A002DF026FC9DF81C0010F0D3
:10F85000EBFB9DF81D0010F0E7FB9DF81E0010F07B
:10F86000E3FB9DF81F003CE610F0C0FB40B22EF019
:10F8700099FB1DE610F0BAFB16F054F918E62EF0CD
:10F88000BAFB2EE610F0B2FB2EF0C3FB10E610F030
:10F89000ADFB04462DF009FC05462DF006FC06469E
:10F8A0002DF003FC074610F0A1FB804610F09EFBF4
:10F8B000814610F09BFBCDE90190201E3B4632466D
:10F8C000294618BF0120CDF800802DF097FAEFE50A
:10F8D00031F01BF8EEE531F01AF8EBE52DF0F9FB0D
:10F8E00004462DF0E2FB0146204625F013F9E1E540
:10F8F00010F07CFB2DF080FADAE510F077FB04467F
:10F9000010F074FB054610F071FB064610F06EFB1C
:10F91000074610F06BFB32460090294620467BB22A
:10F920002EF028FBC4E510F061FB2EF025FBBFE5AF
:10F9300010F05CFB044610F059FB41B220462EF05B
:10F940001DFBB5E524F078FCB2E510F04FFB044652
:10F9500010F04CFB054610F049FB294602462046B4
:10F960002EF00EFBA4E506A82EF0FBFA2DF0A7FB67
:10F970009DF81800B5E506A82DF0CDFD06A82EF0DF
:10F98000F2FA95E506A82EF0F0FA2DF098FB06A8FD
:10F990002DF0B4FD8EE510F029FB06A92DF0B2F88C
:10F9A0002DF08DFB862006A910F04EFB82E510F0AD
:10F9B0001DFB17F0F5F87BE510F018FB06A917F012
:10F9C000BDF82DF07CFB9DF81C0010F02DFB9DF880
:10F9D0001D0010F029FB9DF81E0010F025FB9DF87E
:10F9E0001F0010F021FB9DF8200010F01DFB9DF87A
:10F9F000210010F019FB9DF8220010F015FB9DF876
:10FA0000250000F0010010F00FFB9DF82500C0F369
:10FA1000400010F009FB9DF82500C0F3800010F0B5
:10FA200003FBBDF818002DF036FBBDF81A002DF0D1
:10FA300032FB0DF126015CE417F0ACF851E517F04C
:10FA40005BF835E510F0D2FA16F094F830E506A828
:10FA50002DF078FB10F0CAFA011E18BF012106A88C
:10FA600016F0F6FA24E52DF020FB044610F0BEFA5D
:10FA70000146204618F07EFB1AE515F0E1FC30E562
:10FA800006A82EF028FF06A933E429F0A8F828E5F7
:10FA900010F0ACFA14F042FF0AE514F04DFF20E537
:10FAA00010F0A4FA003818BF012014F04BFF01E554
:10FAB00014F04EFF15E500BF2DE9F041B0F5957F3C
:10FAC00098B009D2B0F5867F08D2762870D866281B
:10FAD00048D8142800F0DF8000208BE0A0F5867065
:10FAE0001D28F9D801A353F820F000BFE5FC000859
:10FAF00049FD0008FFFC000821FD00085FFD00082B
:10FB00006DFD000887FD000897FD000819FC00083E
:10FB10003BFC0008B7FC0008D9FA0008D9FA000835
:10FB2000D9FA0008D9FA0008D9FA0008D9FA000869
:10FB3000D9FA0008D9FA0008D9FA0008D9FA000859
:10FB4000D9FA0008D9FA0008D9FA0008D9FA000849
:10FB5000D9FA0008D9FA0008D9FA0008ADFD000862
:10FB6000B7FD000867380F28B6D801A353F820F076
:10FB700075FC0008BBFB0008FBFB0008D9FA000875
:10FB8000B1FC0008A7FC0008D9FA0008D9FA00085F
:10FB9000D9FA0008D9FA0008D9FA0008D9FA0008F9
:10FBA000D9FA0008D9FA000857FC00088DFC0008B3
:10FBB000B12891D102F006F819E02DF076FA0DF196
:10FBC0003601ADF83400102010F018FA0DF146019E
:10FBD000102010F013FA10F009FA0DF157018DF80A
:10FBE0005600082010F00AFA0DA81DF05BFC2DF05D
:10FBF00066FA012018B0BDE8F0810DA81DF04CFB9D
:10FC00002DF05DFABDF834002DF045FA08200DF115
:10FC1000360110F019FAECE70DA82DF0D5FC09A972
:10FC20000DA829F0A8FA2DF04AFA102009A910F021
:10FC30000BFA0DA82DF0AEFCDBE70DA82DF0C4FCEF
:10FC400009A9102010F0DAF909A90DA829F074FA11
:10FC50002DF035FAEDE70DA9082010F0CFF910F0DE
:10FC6000C5F9011E18BF01210DA829F08DFC10F067
:10FC7000DBF9BEE72DF019FA04460DA9082010F0B3
:10FC8000BDF920460DA922F0F3FFB0E710F0AEF960
:10FC900029F08CFCABE708200DA910F0AFF90DA8F6
:10FCA0001CF0E6FBA3E710F0A1F91CF0A9FC9EE70D
:10FCB0001AF09EFB9DE70DA801F062FA2DF0FFF906
:10FCC0009DF8340010F0B0F99DF8350010F0ACF953
:10FCD0009DF8360010F0A8F99DF8370010F0A4F94F
:10FCE0000E9884E70DA82DF06FFC09A90DA829F046
:10FCF00038FB2DF0E4F909A82DF07FFC99E710F00E
:10FD000075F9044609A9082010F078F90DA910200A
:10FD100010F074F920460DAA09A929F059FA66E7EE
:10FD200010F064F909AB05AA0DA929F03DFB2DF0EF
:10FD3000C6F90DA82DF02EFC102005A910F084F9AD
:10FD400009A82DF05AFC54E703A9082010F056F931
:10FD500009AB05AA0DA903A829F043FBE7E70DA805
:10FD60002DF032FC0DA801F0D7FC40E709A90820CE
:10FD700010F044F90DA9102010F040F90DA909A8C0
:10FD800029F055FA33E710F031F909AB05AA0DA9AE
:10FD900029F07CFBCBE703A9082010F02FF909AB71
:10FDA00005AA0DA903A829F04FFBC0E72DF091F992
:10FDB0001CF0B0F91DE710F019F9064610F016F91D
:10FDC000044610F029F9054610F010F907460DF128
:10FDD00034084146082010F011F9301E21463B46F8
:10FDE0002A4618BF0120CDF800802FF04FFC2DF0DF
:10FDF00066F9294620460CE7B0F5827F73B50446C4
:10FE00000AD2B0F5817F0DD2772836D0204602B0D5
:10FE1000BDE8704028F099BBF8D128F0A5F8012082
:10FE200002B070BD2DF055F905462DF052F940F2A3
:10FE300003139C42064612D0174C6A4623680146BB
:10FE400008332846019300F061FD2DF038F9009841
:10FE50002DF035F92368009A13442360DFE72DF075
:10FE600038F90E4B6A461B683146009028460193CC
:10FE700028F086FF2DF023F9D1E710F0B7F80446FB
:10FE800010F0B4F8011E18BF0121201E18BF012078
:10FE900000F058FDC3E700BF00330020043300200A
:10FEA00030B5DC2891B063D8B12804D8252800F0FB
:10FEB000FA80002071E0B2382A28FAD801A353F85A
:10FEC00020F000BF7BFF00089FFF0008FDFF000837
:10FED00019000108B3FE0008B3FE0008B3FE0008D5
:10FEE000B3FE000861000108B3FE0008230001080A
:10FEF000390001084D00010847000108B3FE000861
:10FF0000B3FE0008B3FE0008B3FE0008B3FE00080D
:10FF1000B3FE0008B3FE0008B3FE0008B3FE0008FD
:10FF2000B3FE0008B3FE0008B3FE0008B3FE0008ED
:10FF3000B3FE0008B3FE0008D3FF0008B3FE0008BC
:10FF4000B3FE0008B3FE0008B3FE00085700010826
:10FF500067000108710001087B00010881000108A9
:10FF6000870001088D000108930001089D00010829
:10FF7000F6289ED125F072FA0EE005A82DF08DF935
:10FF800010F034F8044610F031F8214642B205A8CA
:10FF900030F015FD2DF093F8012011B030BD01A90E
:10FFA000102010F02BF82DF094F8059010F01EF8AA
:10FFB0000DF119018DF81800102010F01FF80DF147
:10FFC0002901102010F01AF805A901A830F0D4FD7D
:10FFD000E0E72DF07EF8059010F008F80DF119011A
:10FFE0008DF81800102010F009F810200DF12901EB
:10FFF00010F004F805A830F0BAFDCBE72DF069F851
:020000040801F1
:1000000004460FF0F3FF05460FF0F0FF69B2024619
:10001000204625F0AFF9BDE72DF05BF825F024FA76
:10002000B8E705A901A830F014FE01A82DF059F990
:1000300005A82DF087F9AFE705A82DF06BF905A805
:1000400030F010FEA8E730F068FFA5E730F010FEB2
:100050000FF0EAFFA0E70FF0C9FF30F0B9FD9BE712
:1000600030F0BEFDF4E70FF0C1FF25F07DF993E716
:100070002DF01BF830F004FE8EE725F0B9F8E7E725
:1000800025F038FAE4E725F081FD83E725F084FDCB
:1000900080E72DF01EF825F085FD7DE72DF019F89D
:1000A00025F086FD78E725F02FFD75E7032208B5DA
:1000B000054B00201A802DF0ACFFBDE80840024639
:1000C000002102480CF0FCB93643002050260408F9
:1000D00038B50F4DFCF77CF92B886BB90D4C238894
:1000E00063B900230A482380FCF724FB288820B149
:1000F00012F0A0F9084B1860012038BD27F01FFF4F
:10010000064B1B88C01A238880B28342E9D3EDE7EF
:10011000703500206C350020342000206E35002022
:10012000034B1A881AB13C2002492CF079B8704769
:10013000703500205E21040838B50446064DFFF7EF
:10014000EFFF21462888FCF7F9F800232B80BDE853
:100150003840FCF73DB900BF70350020002273B570
:10016000054610460E462DF05CFC044630B1054AAB
:1001700000962B46002112882DF0D5FD204602B0B6
:1001800070BD00BF7035002008B5034B188812F011
:100190006DF9C0B208BD00BF70350020014608B53A
:1001A00007482DF072FD18B192210648FBF7A2FD19
:1001B000034B188812F03EF9034B186008BD00BFCE
:1001C00070350020772604083420002038B500213F
:1001D00009482DF0AFFC054612F048F9074B0446DC
:1001E00028461D8012F026F9054B50FA84F4186059
:1001F000044B01201C6038BD744300207035002082
:10020000342000200033002010B5044627F097FE6C
:10021000024B1880024B1C8010BD00BF6E350020C1
:100220006C35002008B513F065F828B1BDE808402A
:1002300043210248FBF75EBD08BD00BFB926040894
:1002400001482DF05FBE00BF3820002013B51C48C8
:100250002DF021FE2AF0C1FB2AF060FC2AF05FFCA1
:100260002AF05EFCFBF7F4FC0446FBF727FD23466F
:100270000121144A0090042000F0B6F8FBF7E2FCDC
:100280000446FBF729FD23460F4A01210090042074
:1002900000F0AAF8FBF7DCFC012340F2A1728340D6
:1002A00013420BD00020FBF7DFFB0020FBF7DEFA48
:1002B000002002B0BDE81040FBF7A4BA02B010BDA8
:1002C00038200020082704081E270408012908B543
:1002D00009D1FBF7E5FE084B187060B1BDE8084096
:1002E0000020FBF7CFBE31B9034B1B781BB1BDE833
:1002F0000840FBF795BE08BDB4510020012008B5A9
:10030000064B187028F0D4F9022028F0D1F9BDE886
:10031000084003490348FDF729B900BFA045002064
:10032000744C00206820002070B528F0BDFC10F04F
:10033000070F194D09D02B781BB90120287028F020
:10034000B7F9BDE8704028F007BD144C2378032BA3
:10035000F1D928F0BDF90028EDD028F0A5FC10B99E
:100360002378032B14D828F0F7FC04460028E2D0A9
:100370002B785BB100262E7026F095FB05463146A2
:100380000120FDF75FF8284626F091FB204670BD5E
:100390004FF0FF34ECE700BFA04500206D46002081
:1003A0001FB5FFF7C1FF0446FDF734FEA04228BF8A
:1003B000204688B103A9FDF70FFE034638B9CDE901
:1003C0000000064A0399064827F01AFF18B18D214C
:1003D0000448FBF78FFC012004B010BDAF86030872
:1003E000482000203E2704080CB413B502460C46F2
:1003F00028F07DF960B9094B1B681A4208D005A99D
:100400000498019102F04CFE14B105482AF0C1FA9B
:1004100002B0BDE8104002B0704700BF7C4C002025
:10042000882704082DE9F34102AB03E906000446DE
:10043000904612F0E9FB0546204612F0F5FB394FD5
:100440009DF80060384BFDB1202C98F8002033F85F
:10045000141037F8140008D9814254D34FF6FF72B4
:1004600091421DD102B0BDE8F081012A32D84FF689
:10047000FF752E4802EB4212224430F81210A942B6
:1004800002D0013120F8121033F8141037F814009C
:10049000814238D34FF6FF7291424FF0010502D0EE
:1004A000013123F8141004F0FD02092A2DD19A8A93
:1004B000B98A32448A42B4BF9A82998233F814309E
:1004C0008342CFD3002DCDD1204602B0BDE8F0410C
:1004D00028F07FBA022AD7D14FF6FF704FF6FF758A
:1004E000124A32F81410814218BF013104F1210080
:1004F00018BF22F8141032F81010A9421CBF0131A5
:1005000022F81010C0E70025CAE71D2CD6D15A8F5B
:1005100091198142BDBF02F1FF32B6185E8758873C
:10052000CCE700BFF63500204836002072350020A9
:1005300008B55222002102482AF005FC002008BD1F
:100540004836002008B55222FF2102482AF0FBFB62
:10055000002008BDF6350020024B23F810100020C3
:10056000704700BFF635002038B505464FF40050FF
:100570000C4603F0ABFD4FF400532860236030B904
:100580004FF4C571BDE838400148FBF7B3BB38BD37
:100590008A2704080048704770410020014B1878F2
:1005A000704700BFD0510020014B1880704700BF3A
:1005B0007E510020014B1888704700BF7E510020FB
:1005C000014B187000207047C8510020014B18786B
:1005D000704700BFC8510020014B187000207047C1
:1005E000BE510020014B1878704700BFBE5100205B
:1005F000014B1878704700BFC0510020014B18789C
:10060000704700BFA8450020014B1870704700BF1D
:10061000A8450020014B1878704700BFA74500206F
:10062000014B1870704700BFA7450020014B187898
:10063000704700BFC1510020014B1870704700BFC8
:10064000C1510020014B1888704700BF7C51002029
:10065000014B1880704700BF7C510020014B187877
:10066000704700BFC9510020014B1870704700BF90
:10067000C95100202DE9F74F414B424A0193424BAB
:10068000DFF844911B78DFF84481DFF844E1DFF8BC
:1006900044C13E4F3E4E3F4D3F49404802EB431A56
:1006A000019B524503F1200309F1200908F12008BC
:1006B0000EF1200E0CF1200C07F1200706F12006A8
:1006C00005F1200501930FD100221146344B324D24
:1006D0001C78344E344B314FD0B2844203F12003A6
:1006E00046D803B0BDE8F08F304B314C5360002347
:1006F00049E907432F4CDFF8E0B048E907432E4CA7
:10070000C2E902304EE907432C4C11604CE9074323
:100710002B4C136147E907432A4C49E9050348E993
:1007200005034EE905034CE9050347E9050349F8CC
:10073000201C48F8201C4EF8201C4CF8201C47F8C0
:10074000201C46F8201C46E90743019C45E907B3F5
:10075000DFF888B046E9050345E9050344E907B336
:1007600044E9050345F8201C44F8201C203297E793
:1007700043E9085643E9061743F8101C0132ABE77A
:10078000D4250020F4260020D75100203426002054
:1007900014260020F42500206C340020AF1A040831
:1007A000CE51002065C5020874260020156E02088F
:1007B0006BE8030899820208FD0F030893FC030805
:1007C000E9A5020899C70108D4260020B426002014
:1007D0009426002054260020154A03081D6A0208AA
:1007E000002208B5074B1A605A6028F035FA064B0C
:1007F000187028F031FA054B1870054B1A78054B24
:100800001A7008BD0E3400206A4600206946002098
:10081000BF51002068460020002100B593B0084673
:100820006A4610F025FF0146C8B90E4B0E4A0993DF
:100830000E4B0D920A930E4A0E4B0E920B930E4ADC
:100840000E4BCDE90F230C930D4B6A46119311F01B
:10085000EDF9003818BF012013B05DF804FB01204A
:10086000FAE700BF43E30308357C020841E50308CB
:100870009D410208A58C03089D930208ABE503087F
:1008800009760208074B1878112803D8064B034154
:10089000DA0704D5A0F143035842584170470120BC
:1008A000704700BF6C460020CBFFFDFF08B5064B2C
:1008B0001B78013B022B05D80020FFF7E3FF01382E
:1008C000C0B208BDFF20FCE76D460020242811D8E7
:1008D000094B53F820300B60084B1B5C4B71084BE5
:1008E0001B5C0B71074B1B5C8B71074B1B5C002067
:1008F000CB7170472720704704250408B8240408EA
:10090000DD240408932404086E24040838B5002369
:100910000A4C54F8045B854209D1094CE35C13602E
:100920005268FDF7ADFE003818BF012038BD013315
:10093000252BEED1002301201360F7E704250408DE
:10094000932404082DE9F04F80460F460025DFF878
:100950007490DFF874A085B06946E8B2FFF7B6FF7F
:10096000044638B10135252DF6D105B0BDE8F04F6C
:1009700000F00ABF009EB8F1000F18D117B10F4B5D
:100980009E42EFD00AEB850B9DF80730E1B28B4217
:10099000E8D99DF8063002AA0293DBF80030304611
:1009A0000393013428F0ECF9FBF766FBECE74E45C6
:1009B000D8D0034B9E42E1D1D4E700BF63E20100EF
:1009C00023E1010063E501008821040830B587B008
:1009D0006B460E4A05465168106802AC03C303C358
:1009E00000211A460A4804910594FFF78FFF58B971
:1009F000049A082A08D1214668462AF07AF918B1E3
:100A0000234603CB2860696007B030BDE82704089F
:100A10002AE101000022034B1870034B1970034BAD
:100A20001A7070476F460020704600206E46002006
:100A30002DE9F04FDFF89080064698F800300D461B
:100A400085B0002B3AD04FF6FB73984236D84FF062
:100A5000000B1C4FDFF874A03C7898F800305FFA68
:100A60008BF94B459AF8000011D9484402AA0DF1C0
:100A70000601C0B21DF0E6FD082229460DEB02007A
:100A80002AF037F90BF1010B0028E6D14C463B78F0
:100A9000A34208D198F80020631CDBB29A423B7055
:100AA00004BF00233B70324629469AF800301C44AC
:100AB000E0B205B0BDE8F04F1DF0B2BE05B0BDE834
:100AC000F08F00BF6E460020704600206F46002069
:100AD0002DE9F047002492B006A8CDE9004400F0CB
:100AE0007BFA04238DF818309DF82530DFF89080CC
:100AF00043F00103DFF88C908DF825300BAF5FFADF
:100B000084FA06A88DF819A000F006FE00B3192398
:100B100052461946384602AE0DAD27F07FFA95E8E9
:100B20000F0086E80F0097E8030007AB83E8030097
:100B30000822694618462AF0DCF848B1314606A872
:100B400028F0FAFA58B199F80130013389F80130E8
:100B500001340C2CD3D1002012B0BDE8F087102254
:100B6000FF2128462AF0EFF819233A461846514645
:100B700027F05DFA98F80130013388F80130E7E793
:100B800076460020714600202DE9F04397B004A876
:100B900000F022FA07230026DFF88C90214FDFF8BF
:100BA0008C808DF8103099F80030F4B2A34203D84D
:100BB000002017B0BDE8F08304A88DF8114000F0C4
:100BC000ABFDE8B1342322461F2109A827F026FAFD
:100BD0006A4694460DF136030DF1460E1546186827
:100BE0005968083303C573452A46F7D1614604A8FE
:100BF00028F0A2FA30B198F80330013388F80330B6
:100C00000136D0E71022FF2109A82AF09CF83423EE
:100C100021461F2009AA27F00AFAFB780133FB704E
:100C2000EEE700BF76460020CA5100207146002042
:100C30002DE9F04397B005A800F0CEF9082300266F
:100C4000DFF88C90214FDFF88C808DF8143099F804
:100C50000030F4B2A34203D8002017B0BDE8F083FF
:100C600005A88DF8154000F057FDE8B13023224665
:100C700021210AA827F0D2F901AA94460DF13603E2
:100C80000DF1460E154618685968083303C57345BB
:100C90002A46F7D1614605A828F04EFA30B198F8F7
:100CA0000330013388F803300136D0E71022FF21EA
:100CB0000AA82AF048F83023214621200AAA27F062
:100CC000B6F9FB780133FB70EEE700BF76460020F3
:100CD000F545002071460020F0B50446012593B08B
:100CE0000DA800F079F90DA88DF834508DF8354035
:100CF00000F012FD10B9002013B0F0BD9DF83500D2
:100D000008AC012818BF28466D464FF0110307BFF5
:100D1000022221460622214611F0DEFE94E80F0051
:100D200085E80F0004AA17461A4B03F1100C16466B
:100D300018685968083303C663453246F7D1102254
:100D40003946284629F0D5FF0028D5D029460DA8D8
:100D500028F0F2F9054628B10F4A01201378013333
:100D60001370C9E71022FF21204629F0ECFF9DF8FF
:100D700035302146012B08BF02224FF0110318BF66
:100D80000622284611F0A8FE044A13780133137096
:100D9000B1E700BF562804087146002076460020BF
:100DA000F0B591B004A800F017F9022304A88DF85B
:100DB000103000F0B1FC10B9002011B0F0BD1A23C2
:100DC0000822012009A911F087FE6A460DF12E03C1
:100DD0001D4616460DF13E0714461868596808333B
:100DE00003C4BB422246F7D1314604A828F0A4F937
:100DF000044628B10A4A0120537801335370DCE7D6
:100E00001022FF21284629F09EFF1A23082220469F
:100E100009A911F061FE034A537801335370CBE7FF
:100E20007146002076460020F0B595B005A800F088
:100E3000D3F8052305A88DF8143000F06DFC0623C7
:100E4000044605A88DF8143000F066FC054644B34E
:100E500028237F220DEB03001D2127F0DFF801AAD4
:100E600016460DF12D030DF13D071446186859681B
:100E7000083303C4BB422246F7D10523314605A8F7
:100E80008DF8143028F058F9044600283AD12F4A3A
:100E900093780133DBB293706DB963BB002015B05A
:100EA000F0BD0028FAD028237F221D210DEB03007E
:100EB00027F0B4F801240DF13D0301AA17461E46A0
:100EC0000DF14D0C154618685968083303C5634584
:100ED0002A46F7D10623394605A88DF8143028F0A4
:100EE0002BF91A4A00B31A498B7801338B70937827
:100EF000002BD3D084B91022FF210DF12D0029F051
:100F000022FF09E0124A937801339370002DD2D169
:100F10000E4B9B78002BC1D028237F211D200DEB89
:100F2000030227F084F8B9E793780133DBB29370BA
:100F3000002BB3D02CB91022FF210DF12D0029F088
:100F400002FF1022FF213046D9E700BF764600207D
:100F50007146002070B5FBF7A3F8044610B1A52038
:100F6000FBF790F80020FFF7B7FE0120FFF7B4FE73
:100F7000FFF716FFFFF758FFFFF7AAFDFFF704FE84
:100F8000FFF756FE00231D4619460F4E0F4816F870
:100F9000012B0133114410F8012BDBB22A44052B3D
:100FA00089B295B2F3D151EA050306D0084802F0A0
:100FB00063F82946074802F05FF81CB1BDE87040AD
:100FC000FBF72EB870BD00BF7646002071460020AA
:100FD000F72704081E28040810B50446142200212F
:100FE00029F0B1FE014B236110BD00BF0001440593
:100FF000014B0361704700BF0044400410B5037803
:101000000446013B8AB0082B17D8DFE803F0093308
:1010100010180522242A30004FF003100AB010BD2A
:1010200043781548002B08BF4FF44030F6E701A97C
:1010300027F0C4FE08B90698F0E70020EEE727F095
:1010400014FF0028F9D1607800F5403000F5807079
:10105000E4E70A48E2E7407800F5403000F5007028
:10106000DCE7407800F5403000F54070D6E7044BEF
:101070001868D3E70348D1E7010003000400030028
:101080003427002002000300044A054B10B11B68FE
:101090001360704712681A60704700BF2C27002049
:1010A0003827002030B543780446002B0B4808BF92
:1010B0004FF4403087B00D46059028F088FB102390
:1010C000CDE90153012300934FF4105140F2013355
:1010D000226905A828F03EFB07B030BD01000300DF
:1010E00010B501240C4886B005908DF8134028F007
:1010F0006EFB0DF11303CDE90043002240F20133F2
:1011000041F20101029405A828F024FB003818BF21
:10111000012006B010BD00BF1000030073B501240C
:101120000026054622460B4801AB0DF103018DF860
:101130000360019428F039FB10F1880F03D12D20B2
:101140002E7002B070BD18B99DF803302B70F8E70F
:101150002046F6E71000030007B510224378074841
:10116000002B08BF4FF4403001AB019228F01DFB6B
:10117000003818BF012003B05DF804FB0100030034
:1011800010B5044686B001A902221123012011F0F6
:10119000A3FC9DF814300C48E37027F051FE0622A2
:1011A00001A960701123012011F096FC9DF8143004
:1011B0004FF44030A37027F043FE207019F0A0FBDD
:1011C0006060002006B010BD0100030030B5054688
:1011D00019488DB00C46049028F0F9FA1023CDE997
:1011E0000143012400942A6940F201334FF4105165
:1011F00004A828F0AFFA0546D8B91A2308222046D9
:1012000005A911F069FCBDF91420BDF81430002ABD
:1012100002DA00200DB030BD6FEA43436FEA53435A
:101220000822ADF8143028461A2305A911F054FC01
:10123000EFE72046EEE700BF02000300F0B585B0FF
:1012400004460E462CF05DFFC8B102A81AF0DEFF7E
:10125000A8B1657B271D15F0020F09D0082238467A
:101260000DEB020129F045FD10B12D2005B0F0BDB8
:1012700002AB45F0020503CB606079606573102214
:101280003146034801AB28F090FA0028EED0ECE795
:101290000200030007B5102203780748052B08BF9A
:1012A0004FF0031001AB019228F07FFA003818BF0D
:1012B000012003B05DF804FB0400030030B50446D0
:1012C00091B07F220D4628231D2106A826F0A6FEF8
:1012D000069B002043F4007306932378052B0BBF75
:1012E0004FF00312124A0DF11D010DF12D010CBF3B
:1012F0000592059228F0BAF9059828F068FA1023AB
:10130000CDE9015301230093226940F201334FF4E8
:10131000105105A828F01EFA044628B928237F2179
:101320001D2006AA26F083FE204611B030BD00BF66
:101330000400030070B543780446FF2B0E4696B0B8
:1013400012D1002501212A460430CDE90C5500F0C8
:1013500031FBFF2801D0607006E02A4601210CA86D
:1013600000F028FBFF28F6D165782F4B05F54035B6
:1013700005F580759D42049553DC282200210CA8B8
:1013800029F0E1FC284628F022FA10230125CDE9B6
:101390000163009540F201334FF41051226904A813
:1013A00028F0D8F9002839D163686178CDF84D303C
:1013B000A3680CAACDF8513005238DF83230637B39
:1013C0005B0103F40073ADF8303000F067FB0546B5
:1013D00020BB19236278194605A826F01FFE9DF848
:1013E0002C305A060AD42846049A07A928F03EF958
:1013F0009DF82C3043F040038DF82C30637B6178EE
:10140000DB0648BF9DF82C3005AA44BF63F07F037C
:101410008DF82C301923184626F009FE284616B000
:1014200070BD1A25FAE700BF0B01030008B5037869
:10143000013B082B06D8DFE803F00C2D13172A2FE9
:101440001B212700002028F0C2F9003818BF012016
:1014500008BD43781148002B08BF4FF44030F2E735
:10146000BDE8084027F01BBEBDE8084027F0A5BD39
:10147000407800F5403000F50070E4E7407800F572
:10148000403000F54070DEE7054B1868DBE74FF0B1
:101490000310D8E70348D6E70348D4E70100030068
:1014A0003427002002000300040003007FB50C4E27
:1014B000044630680D4628F08AF91023CDE901531F
:1014C000002300934FF4105140F20133304622695B
:1014D00028F040F9003818BF012004B070BD00BFEB
:1014E0003427002007B50648102201AB006828F019
:1014F0005CF9003818BF012003B05DF804FB00BFA1
:10150000342700202DE9F043074620488FB0884655
:1015100016466B461022006801A928F046F90025FE
:10152000002D05AB0CBF36205C200024994601AA93
:1015300012F8011B0134E4B24140102C03F8011BE6
:10154000F6D109A82DF0E0FC4A46214609A82DF065
:10155000DFFCBDB941463A4609A82DF041FD3246AF
:1015600009AC0DF1340C234603CB63451060516088
:101570001C4602F10802F6D115B10FB0BDE8F083A8
:101580000125CDE732462146E6E700BF3827002097
:10159000F0B50C46064687B008461546FFF72EFD07
:1015A0006388214F1A0738602CD52A46314610200F
:1015B0002DF078FD1D4E306808B128F008F9102391
:1015C000CDE90153002300934FF4105140F2013351
:1015D0002269164828F0BEF820BB33683B60638858
:1015E000D90717D500232A4601210DF117008DF8E0
:1015F0001730FFF787FF6388002B0CBF21200020E6
:1016000007B0F0BDDE06EAD52A460821201DFFF707
:1016100079FFCFE79A0701D50223E4E75B07EAD514
:101620000323E0E70120EBE73827002030270020E4
:10163000F0B597B00446FFF7E1FC354E0546306043
:1016400010B92D2017B0F0BD002124220DA829F0DB
:101650007AFB28460DA928F0B4F80028F1D13768A4
:10166000A7F54033B3F5803F1FD222780E9D022AA2
:10167000119B4FEA15253DD0F7F774FC052814D1CE
:101680009DB940F20113384609AA0DA90E93099796
:1016900000F0F2FA002309A88DF82430FFF73EFD90
:1016A0009DF824300BB9FFF71BFD60880028C9D0D6
:1016B00005A92046174D09AF27F05DFD3A462146A2
:1016C00005A8FFF765FF286808B128F080F8102307
:1016D000CDE90173002300934FF4105140F2013320
:1016E00022690C4828F036F82B68003818BF012012
:1016F0003360A7E7002BBFD109A9204627F03BFDA7
:1017000009A9204627F018FDF7F72CFCC2E700BF17
:10171000382700203027002038B5034C2568FFF714
:1017200087FF256038BD00BF382700207FB50A9E9F
:101730009DF820409DF82450CDE90034CDE90256B3
:1017400013460A4601460448006828F068F804B0C9
:10175000BDE8704027F0E4BC3827002010B50446EF
:101760001346074A10680A4606492CB128F031F89A
:10177000BDE8104027F0D4BC28F03EF8F8E700BFE1
:10178000382700200044400438B54FF44034044D5D
:101790002046013427F09BFBAC42F9D138BD00BF95
:1017A000000103002DE9F04303780446092B0D46A0
:1017B0009DB050D005AA1646284B03F1080C1746D9
:1017C00018685968083303C763453A46F7D109AA30
:1017D000904618681B7938603B71214B03F1100C5F
:1017E000174618685968083303C763453A46F7D166
:1017F00020464FF0100904240DAFFFF719FF4246B1
:10180000234601213046CDE900940297FFF78EFF71
:1018100017A8FFF7E1FB0923294617A88DF85C30CC
:1018200012AD27F089FC17A8FFF702FF23464246B6
:1018300001213046CDE90145CDF80090FFF776FF54
:1018400014222946384629F054FAB0FA80F04009AB
:101850001DB0BDE8F0830020FAE700BF6628040849
:10186000742804082DE9F04186B0064603A80C460A
:101870001BF012FD054600284AD1BDF80C30980631
:1018800046D510222946204629F05DFA01A81AF013
:10189000BDFCC0B1777B06F1040817F0020F06D03B
:1018A0000822404601A929F024FA00282ED101ABD4
:1018B00047F0020703CB7060C8F8041077732388E1
:1018C00043F008032380238843F0020323801AF0A7
:1018D00045F860602CF015FC30B10E4B1B68A3601E
:1018E000238843F0040323800B4B1A68D1035EBFA7
:1018F000238843F010032380130203D5238843F485
:1019000000632380284606B0BDE8F0812D25F9E765
:101910002425F7E7242700202827002030B5234B73
:1019200005461B780C46834289B03DD919230246EF
:10193000194601A826F072FB182101A82DF084FF9A
:1019400010B9292009B030BD01AB03CB9DF81C3084
:10195000C4F8211013F0020F14BF082218225907EF
:1019600048BF42F020022280C4F81D00180642BF82
:10197000228842F400722280D907E2D50523A370A1
:101980000B4B53F82530A36119F0EEFF23886061FB
:1019900043F0060222809DF81C200020520644BF1E
:1019A00043F086032380CDE72720CBE7C2510020F8
:1019B000702000202DE9F04F8FB0064602A80C469B
:1019C0001746FFF709FB04238DF808309DF8153002
:1019D00043F001038DF81530002C56D06B462C4A8D
:1019E0001068516803C39EB108226946304629F049
:1019F00080F9B0FA80F56D094FF00009DFF898A082
:101A00009AF800305FFA89F4A34203D8FF2435E046
:101A10000125F1E71922FF2107A829F094F91923DC
:101A20002246194607A826F0F9FA9DF83480B8F145
:101A3000FF0F03D188211748FAF75CF93DB108215F
:101A400007A82DF001FFC8B109F10109D8E702A8E4
:101A50008DF80940FFF760FE08228346314607A84B
:101A600029F047F95BEA0000EED118F0010FEBD046
:101A7000FF2F03D037B918F0800FE5D120460FB003
:101A8000BDE8F08F37EA0808F7E70224F6E700BF61
:101A9000C328040885280408C2510020F0B5324B41
:101AA0000D461B7814468B4293B05AD980B1192247
:101AB000002108A829F047F900242C4B294643F8B7
:101AC0002540192308AA184626F0B1FA204618E046
:101AD00002F11D0630466A4604AB08A927F081FCD6
:101AE00088B1304611F0CCFDC0B1FF27384608A9B7
:101AF000FFF714FF2288BDF8203053409A050DD41B
:101B0000212013B0F0BD30469DF8217011F0B8FDD2
:101B10000028EBD1FF2F01D0BD42E7D123889B05E0
:101B200012D5D4F81D00716808AB03C327F040F943
:101B3000002814BF0122032223889B1023F07F0377
:101B400013438DF83830B7E704A81AF05FFB00287C
:101B5000E7D00822304604A929F0CBF80028E0D1CC
:101B6000CEE72720CDE700BFC25100207020002023
:101B700070B5134B04461B780D468342164688B059
:101B80001CD919230246194601A826F047FA192143
:101B900001A82DF059FE10B9292008B070BD9DF89C
:101BA0001C30214623EA060219231543184601AAD0
:101BB0008DF81C5026F03BFA0020EEE72720ECE7DA
:101BC000C251002038B50024054D2B78E0B2834285
:101BD00001D8002038BD27F0E9FC0134F5E700BF4B
:101BE000C25100202DE9F04398461E4B81461B78D8
:101BF0000E46174685B0ABB9C6B91B4B18689B8813
:101C00000190ADF80830194B1C68A4B1184B1D7831
:101C10008DB104EB450534F8023B9F420ED0A5423E
:101C2000F9D103E027F0A3FC0028E5D101263046D6
:101C300005B0BDE8F083032501ACEAE7B8F1000F79
:101C4000F5D19DF83430BDF8302047F4004101A8AB
:101C50002EF026F88D234846064A01A91DF0ECF81F
:101C6000E5E700BFD8510020CC2804083C2700201D
:101C70007B4600200F6D040870B505461446F9B187
:101C8000F2B11668864204BF0F4B136012684B68AE
:101C90008A60DAB222B923F0FF0343F001034B60FC
:101CA0002246284628F0B0F860B9AE420AD1304644
:101CB00027F091FF31462068BDE8704025F0BABB9F
:101CC0006FF0860070BD00BFF000020010B50A463C
:101CD000044619B1024B00211B68984710BD00BF94
:101CE000884C00200E4B0340B3F1607F06D1B1F564
:101CF000885F14BF6FF0860000207047B3F1707FDB
:101D00000BD101F4E043B3F5005F06D111F4E06FAD
:101D10000CBF6FF08600002070476FF086007047A0
:101D20000000C07F9142F8B506460C4600F01D81C8
:101D300021F0FF00B24988420CD122F0FF03834218
:101D40003CD114F0FF0334D0AE4943F000738B4212
:101D50002FD10AE1AC4DA84216D0AC4B98420DD021
:101D600024F4FF7323F00103B3F1062F06D0A84F2C
:101D7000B84203D0A7F5A067BB4267D122F0FF03AA
:101D80008B422DD10022F0E022F0FF038B42F9D0EC
:101D9000834227D184EA0203FF2BF3D89A4B98425F
:101DA00000F0FE809949884240F04C8114F0FF0118
:101DB0000FD112F0FF0340F0E1801EE192498B4207
:101DC00010D184EA0201FF29DCD814F0FF0100F0F1
:101DD000DC808C4841F00071814240F0EA80C4E030
:101DE000AB42D6E7894DAB4200F09B8022F4FF71F5
:101DF00021F00101B1F1062F06D0854FBB424AD038
:101E000005F50075A94221D184EA0201FF29B9D85C
:101E10007B4D24F4875121F01F01A94240F00E812F
:101E200014F0FF01D5D179498B4200F0DD8022F416
:101E3000FF7121F00101B1F1062F00F0D580744847
:101E4000834200F0D180734B9942B2D004F0FE453A
:101E5000B5F1A06F2AD102F0FE43B3F1A06F91D18A
:101E600084EA020333F47E138CD12504C4F30543C2
:101E7000C2F3054002F4004140F1F280002900F075
:101E8000EB80834238BF034624F47E1242EA0342C9
:101E900042F4004269E084EA0201FF2940F299809D
:101EA00004F0FE45B5F1A06F3FF46CAFB5F1407F93
:101EB0007FF468AF02F0FE43B3F1407F7FF462AF7E
:101EC00084EA020333F47E157FF45CAF314620468A
:101ED000FFF708FF00287FF455AF14F47C1300F0DF
:101EE000C780C4F3054312F47C1504F4004C02F4DB
:101EF000004700F0E280C2F30540BCF1000F00F0A3
:101F000014810546002F00F00C819D4238BF1D460C
:101F10002D0405F47C1524F47E142C4344F4004273
:101F200023E084EA0201FF29BAD8354988421ED04D
:101F300001F5805188420FD0984240F0838014F020
:101F4000FF017FF446AF31498B424DD112F0FF03C0
:101F500014D104F0FE45A9E714F0FF033FF429AFC4
:101F6000284943F000738B4204D11046F8BD14F0A9
:101F7000FF03F5D112F0FF033FF404AF214943F012
:101F800000738B427FF462AF08E012F0FF02ECD0E6
:101F90001C4B42F000729A427FF4F4AE2246E4E712
:101FA00014F0FF030AD0174943F000738B42DCD0D2
:101FB000034615498B427FF436AF15E012F0FF025D
:101FC000D3D0104B42F0007199420CBF2246002240
:101FD000CBE70B4988421FD114F0FF0304D0094915
:101FE00043F000738B42C0D012F0FF03C6D104F05F
:101FF000FE45B5F1A06F7FF459AF1A46B5E700BFB3
:1020000000030006FF0000020013000600020006A5
:10201000000900060004000645498842DCD0A842B9
:102020008DD0444D24F47F7121F00301A94201D0E9
:102030009842BED114F0FF01BBD0CAE63E498842A7
:102040003FF4EEAE3B4D24F47F7121F00301A94231
:10205000F0D03A498842ECE7834288BF002284E707
:1020600000293FF48FAE83422CBF224600227CE73A
:1020700033492140B1F1607F0ED13248E1B241F0E5
:102080000071814217D001F17E4104390F293FF6DA
:102090002AAF2D4B5B5C26E7B1F1707F7FF423AF55
:1020A00006F4E041B1F5005F7FF41DAF0123C6F3F4
:1020B00002218B4017E7102315E721491140B1F1A8
:1020C000607F1FD11F48D1B241F00071814226D0FC
:1020D00001F17E4104390F2911D93846BCF1000FB6
:1020E0007FF410AF002F7FF459AF83427FF44AAEE4
:1020F0001B0403F47C1324F47E121A4335E71348BF
:10210000405CFAE6B1F1707FE7D106F4E041B1F549
:10211000005FE2D10120C6F30226B040EDE61020B8
:10212000EBE6AB4288BF00221FE7002FDDD09AE725
:102130000013000600040006000200060009000665
:102140000000C07F03000002D2280408D22804083F
:102150008A42F8B506460C4600F0DB806F4922F44F
:10216000FF7323F001038B420ED06D4B22F0FF0171
:10217000994209D06B4822F47F7323F00303834212
:1021800002D0694B994228D1684B24F0FF01994253
:102190000FD114F0FF000BD0654B40F00070984257
:1021A00040F0B98082EA0400FF288CBF00200120A3
:1021B000F8BD5B4B9942ECD0A3F588539942E8D027
:1021C00024F4FF7323F00103B3F1062FE1D0564846
:1021D0008142DED053498B42DBD004F0FE43B3F1A1
:1021E000A06F14D102F0FE43B3F1A06F40F09380D2
:1021F00082EA040333F47E1340F08D8014F400402F
:10220000D6D0C4F30540C2F305429042CDE7B3F106
:10221000407F6AD102F0FE43B3F1407F7BD182EA76
:10222000040535F47E1576D131462046FFF75AFD78
:10223000002870D13F4B12F47C1703EA02031BD035
:10224000B3F1607FC2F305473FD13B49D3B243F0BE
:1022500000738B423DD003F17E43043B0F2B01D82A
:102260003649CD5C14F47C1FC4F3054333D1BD4221
:1022700014BF002001209BE7B3F1607F0DD12E49F0
:10228000D3B243F000738B421DD003F17E43043B75
:102290000F2BDAD82A49CF5CD7E7B3F1707FE1D1B1
:1022A00006F4E043B3F5005F03D10127C6F3022330
:1022B0009F4006F4E043B3F5005FD3D10125C6F398
:1022C00002218D40CEE71027BFE7B3F1707FC9D15F
:1022D000EFE71025C6E712F47C1F01D1AB4218D0FE
:1022E00022047FF565AFBB425FE7B3F1106F12D1F7
:1022F00024F01F6020F4702068B902F0FE43B3F1AF
:10230000106F7FF455AF0F48104040F01060A042AE
:10231000AEE701204CE700204AE700BF00020006BC
:102320000013000600040006000900060003000672
:10233000FF0000020000C07F03000002D228040852
:10234000D22804080000FFF6074B20F47E109842C4
:1023500006D10739072934BF00206FF08600704787
:102360006FF08500704700BF0001400500F0FE439C
:10237000B3F1A06F3FD1214B20F0FF029A4203D16D
:1023800010F0FF0027D170471D4B9A4220D0A3F5D3
:1023900088539A4218D020F4FF7323F00103B3F15D
:1023A000062F0DD017498A4206D0174A93421BD1F7
:1023B00010F0FF000FD1704710F0FF000BD17047F5
:1023C00010F0FF0007D1704710F0FF0003D17047F5
:1023D00010F0FF0011D00D4B40F00070984214BF78
:1023E00000206FF08600704710F4004F0CBF0020F3
:1023F0006FF0860070476FF086007047000300069C
:10240000001300060009000600040006FF00000299
:102410002DE9F8431746002288461C4600F0BCFA16
:10242000054688BBD8F80060B6F8009009F4E04390
:10243000B3F5804FF36808BF27F0010737EA0303BD
:102440001AD10CB3254B24F0FF029A421FD114F08D
:10245000FF0304D0224A43F00073934232D0224655
:1024600048463169FFF774FE074668B92246484678
:102470007169FFF76DFE70BB6FF084050023304675
:10248000C8F8003028F00CF82846BDE8F883154B52
:102490009A42DCD0A3F588539A42D8D024F4FF7333
:1024A00023F00103B3F1062FD1D00F498A42CED0D9
:1024B0000E4A9342CBD004F0FE43B3F1407F04D1E7
:1024C0002304CCD56FF08605D8E7B3F1A06FF7D021
:1024D000034B9C42C2E73D46D6E700BF000300061F
:1024E000FF000002001300060009000600040006B9
:1024F0002DE9F0471D460023164601F0FE4290B03C
:10250000B2F1806F0C46DDE918891A9F069305D059
:10251000184627F0C5FF6FF0860A0AE00B464FF415
:10252000007206A9FFF774FF824628B1069827F0CB
:10253000B7FF00233B6074E0DDF818C00DF11C0EFE
:10254000E246CDE90E00BAE80F00AEE80F009AE8C7
:1025500007008EE807003E49BCF800308C4203F4C7
:10256000E0420AD1B2F5005F2AD10120C3F3022272
:102570009040A8420CD96046CBE7B2F5005F21D06D
:1025800042F20402934234D1324B9C4231D125E0D5
:102590007AB1314A30498C4229D030498C4226D018
:1025A000A1F53F418A4222D042F20402934204D173
:1025B00011E042F20402934202D1254B9C4218D111
:1025C0000D2014E013F4E06FC3F3022208D142F2AD
:1025D000040293420DD11F4B9C42EED10C2006E029
:1025E00001201F49904024F480728A42D2D1A8422F
:1025F000C1D8DCE90912089B1B0A16D0012BBAD1FD
:102600002346CDE90397CDE90158009607A825F0A8
:10261000B7F90446069827F043FF8246ACB9002874
:1026200087D1504610B0BDE8F0872346CDE9039727
:10263000CDE90158009607A825F0AAF910F1860FF8
:102640000446E7D1069827F02BFFA24671E700BFAA
:102650000013C004000180040012C00400FF400405
:102660000010C00437B50B4D0C462B787BB100230E
:102670000A460193014601AB281D24F027FF20B92B
:10268000019BA34218BF6FF0930003B030BD6FF001
:102690008800FAE7402700202DE9F04F9B460023F1
:1026A000924601F0FE4297B0B2F1806F0E46DDE92E
:1026B0002089229F089305D0184627F0F1FE6FF07D
:1026C00086043CE00B464FF4807208A9FFF7A0FE99
:1026D000044618B1089827F0E3FE30E0DDF820C08A
:1026E0000DAC6546CDE914000FCD0FC495E8070089
:1026F000BCF8003084E8070003F4E042B2F5005F64
:102700001FD113F4E06FC3F302211AD0414826F41D
:10271000807282420AD000F50070864206D03E48A0
:10272000864203D0A0F53F4082420AD101258D4068
:10273000102D11D9604627F0B3FE6FF083040025F9
:1027400063E042F20402934202D1344B9E420BD02A
:10275000334B9E4223D10D25A94507D2604627F071
:102760009FFE6FF08904EAE70C25F5E7294609A8E2
:10277000FFF778FF04460028ACD1DDF820C0DCE983
:102780000912B8F1000F0CD008EB05000E9CA9EB64
:102790000503240A07D0012C1AD060468DE70025D6
:1027A000EBE74046F2E7CDE9053709ABCDE903B0E9
:1027B0000093CDE9015A33460DA825F0E7F810F152
:1027C000860F064611D1089827F06AFE3446B6E710
:1027D000CDE9053709ABCDE903B00093CDE9015A46
:1027E00033460DA825F0CAF80646089827F058FE8B
:1027F0000446002EEAD10028A1D125B12A46404640
:1028000009A928F069FA3B681D4420463D6017B0CD
:10281000BDE8F08F0010C00400FF400400018004F8
:102820000013C00408B500F065F8064B5A7812B1E1
:102830000022C3E90122BDE808400C210148FFF74E
:1028400045BA00BF4027002070B50E4D2B7893B9D4
:1028500024F031FE044688B924F036FE044668B9F7
:1028600002230126C5E90100AE706B7000F03AF852
:10287000044618B92E700024204670BDFFF7D2FF21
:10288000FAE700BF4027002000F100422532242A49
:1028900038B504460D4609D82C21114B01FB0233F3
:1028A0009A68824215D06FF08B0038BD012127F065
:1028B000A9FD88B10A48002203468168A14205D0DB
:1028C0000132252A00F12C00F7D1ECE72C2101FB85
:1028D000023300202B60E8E76FF08700E5E700BFD8
:1028E0004C2700200122024B002083F85C26704711
:1028F0004C27002070B5094C0025264604212046AF
:1029000027F091FD0135204627F01FF9252D04F110
:102910002C04F3D1002386F85C3670BD4C270020D0
:10292000F8B51B4C064694F85C360F464BB30025B1
:102930002346294693F820001A46B8B125B91A79DA
:1029400012B1022808BF1D460131252903F12C03CD
:10295000F0D115B96FF08C0015E00421284627F05E
:1029600062FD68B9284627F0F0F82A460020094B96
:10297000141BA4105C4304F10044253C34603A600D
:10298000F8BD6FF0880000233B603360F8E700BFBC
:102990004C270020A38B2EBA2DE9FF4100230B60AA
:1029A000394B804693F85C360D461646002B68D0AE
:1029B000FFF76AFF0446A0B92EB9286804B0BDE845
:1029C000F04127F05ABD012E04D00024204604B067
:1029D000BDE8F0810521286804B0BDE8F04127F08A
:1029E00022BD10F18C0FF1D1294601A8FFF798FF05
:1029F00004460028EAD101232F68CDE90200C7F878
:102A0000088038467B6003AA02A927F0F4FD04463B
:102A100088B1DDE9020127F0ECFD2D68042128468C
:102A200027F001FD284627F090F814F18C0F08BF1D
:102A30006FF08704CAE7DDE90212384627F008F88C
:102A40000446DDE9020127F0D4FD002CE5D1022186
:102A5000384627F0E8FC04460028DED12868C36821
:102A6000D90444BF43F48063C360C3689A0444BF7D
:102A700043F40063C360002EA0D0012EA5D1052130
:102A8000AAE76FF08804A1E74C27002030B40D4D71
:102A90002C681C606C685C6000249C605468DC607E
:102AA00014881C8254885C82D4685C6114699C61BF
:102AB000526930BCDA6119620A46014603F124000A
:102AC00028F00AB9E22804082DE9F843232904462E
:102AD0000F4691469846089E04D86FF09805284600
:102AE000BDE8F8830822194928F003F905460028B3
:102AF000F3D1A368002BF0D1216A243F8F42C8F89C
:102B00000010EAD3B1F5005FE7D271B9C9F800004F
:102B1000E3687360238A3380638A73806369F36038
:102B2000A3693361E3697361D9E7012025F038FBBC
:102B3000C9F8000030B1D8F8002004F1240128F0D1
:102B4000CBF8E5E76FF08C05C9E700BFE228040881
:102B50002DE9F04F9B4691B00B1E0A93AD4B90466A
:102B600014BF8146994600241A9E9BF8000070B954
:102B7000444538BF224643464FF000000A9928BF1B
:102B800008F1FF32C847204611B0BDE8F08F252874
:102B90000BF1010B06D0224643460A99651CC84733
:102BA0002C46E2E700230DE02D2A2AD0302A06D059
:102BB000303A092A4FF0000711D80A2532E043F0D5
:102BC00001038B46594611F8012B2B2A1CD0EBD858
:102BD000202A1CD0232A1DD02A2A2BD000279BF87C
:102BE00000202E2A64D19BF801100BF10102A1F103
:102BF0003000092843F4806351D800254FF00A0CB7
:102C000026E043F00203DCE743F00403D9E743F096
:102C10000803D6E743F01003D3E78B4605FB0722F2
:102C2000A2F13007594611F8012BA2F13000092812
:102C3000F3D9D4E756F8047B8B46002FBCBF43F092
:102C400002037F42CBE702460CFB0511A1F13005E0
:102C5000104610F8011BA1F1300EBEF1090FF2D998
:102C6000114611F8010B6C282CD024D8682830D0DC
:102C70006A2837D011468B461BF8010B672875D898
:102C800057284BD8452807D085D9462800F03181F0
:102C9000472880D143F4006343F020033FE12A2911
:102CA00007D156F8045B0BF1020225EAE575D7E778
:102CB0005A460025D4E7742801D07A28DAD143F4A3
:102CC0008073D8E750786C28F9D143F44073911C95
:102CD000D1E75078682802D043F08003CBE743F077
:102CE000C003F4E743F40073C5E70A2A00F06281E9
:102CF000072A7FF450AF43F0210305930823CDE961
:102D000003531023CDE9011356F8043B22460093E8
:102D1000484643460A9927F0A1FDFAE0A0F158027F
:102D20000F2A3FF638AF01A151F822F09D2D01087E
:102D3000972B0108972B0108972B0108972B010867
:102D4000972B0108972B0108972B0108972B010857
:102D5000972B01089D2D01083D2F01089D2D01088D
:102D6000172F0108F72E0108172F0108A0F169029B
:102D7000D2B20F2A3FF60FAF012149F2410C914028
:102D800011EA0C01B1D0782803F4806122D1002926
:102D900000F0908023F00D02102307E0622803F476
:102DA000806220D142BB23F00C02022312F4007196
:102DB00000F08380CDE907720022CDE9043206F1EC
:102DC000070A2AF0070A06950292FAE80223CDE9DB
:102DD00000233DE06F2812D123F00C0209B123F04B
:102DE0000D020823E2E7582816D1002A39D123F032
:102DF0000C0242F02002CFE723F00D02D5E769284C
:102E000023F0100230D023F01C0209B123F01D0280
:102E10000A23CBE79BA6030842BB23F010029305CD
:102E200027D5073626F00706B24671685AF8083BE0
:102E30000A26CDE907720027CA0F0029CDE90467E9
:102E40000695029202DA5B4261EB4101CDE9003165
:102E50004346224648460A9927F043FD0446564613
:102E600083E623F00D02C4E70029D8D023F0110235
:102E7000D5E7D00506F1040A01D5336802E0510612
:102E800013D53378CDE904720A22002B02924FEA5F
:102E9000D37203950192B8BF5B420093434622462A
:102EA00048460A9927F0DAFCD8E71306E5D5B6F9C3
:102EB0000030E7E723F00C026EE7D00506F1040AC4
:102EC00006D5CDE90472CDE9023501913368E4E716
:102ED000510608D53178CDE902350023CDE90472D9
:102EE000CDE90013DAE7316812F0800F18BF89B21C
:102EF000F1E743F02003CDE90173073626F007061A
:102F00000095B6EC020B4346224648460A99F3F771
:102F1000C3FB044629E6672801D143F40063CDE9E9
:102F20000173073626F007060095B6EC020B434600
:102F3000224648460A99F3F7F3F9EAE713F0020547
:102F400023D04FF0010A631C0B93224643460A9993
:102F500016F8040BC8475DB354460B9A1EE043466F
:102F600020200A99C8470AEB04020AF1010A5745D2
:102F7000F5D8002F07F1FF3308BF002307F1010A3E
:102F80001C4408BF4FF0020ADDE7AA46EBE7551CD8
:102F9000434620200A99C8472A460134BC42F6D34A
:102FA000A7EB0A03574538BF00230B9A1A440B922C
:102FB0000B9CDAE53246002D52F8046B14BF29460B
:102FC0004FF0FF310B9232463144107808B18A42FB
:102FD00011D1A2EB060A13F480620C9202D0AA452A
:102FE00028BFAA4613F002030D931BD1AAEB0403DA
:102FF00022460F9308E00132E7E7531C0E9320208E
:1030000043460A99C8470E9A0F9BD3189F42F4D89B
:10301000A7EB0A03574538BF00230AF101021C44FD
:1030200003EB020AA31B0E9304E01D46434622460F
:103030000A99C8470E9BF41816F8010B28B10C9B8F
:10304000002BF3D06B1E002DEFD10D9B93B12246C8
:10305000AAEB040505E0561C434620200A99C84700
:10306000324653199F42F6D8A7EB0A03574538BF9B
:1030700000231C440B9E78E50FB41FB506AA52F836
:10308000043B02A90392009204484FF0FF32FFF77D
:103090005FFD05B05DF804EB04B0704781A903083B
:1030A0001FB5034600914FF0FF3203A90248FFF716
:1030B0004FFD05B05DF804FB81A903081FB5CDE9FC
:1030C0000201009302A9134603484FF0FF32FFF7B5
:1030D0003FFD05B05DF804FB89A9030808B5154B51
:1030E0004FF4E4720021184627F02DFE0922034612
:1030F000026142611048114A98614FF48061DA61BF
:10310000002219629A625A62DA62C3F8F0000C482F
:10311000C3F8F400C3F8F8100A49C3F80021C3F853
:10312000FC20C3F8042111F8010D98540132102A33
:10313000F9D108BD005C0020502904080058002087
:1031400000540020692904082DE9F84FDFF8888031
:10315000824698F800308946532B164601D0FFF777
:10316000BDFF182707FB0A87D7F80051D7F8FCB036
:103170005D452FD9D7F8F840D7F8F410641BB44256
:1031800028BF344648462944224627F0A5FDD7F8F3
:10319000F8302544AB4208BF0025A144361BABEBF9
:1031A000050B5E4528BF5E465EB1182303FB0A830C
:1031B000D3F8F41032462944484627F08DFD3444B4
:1031C000354424B1182303FB0A88C8F8005120466F
:1031D000BDE8F88F0024E2E7005C00202DE9F84309
:1031E000174E1F4633780546532B8946904601D02B
:1031F000FFF774FF082D1FD8EFF311824FF0200165
:1032000081F311886DB11824002304FB0564C4F810
:10321000F090C4F8F480C4F8F870C4F80031C4F831
:10322000FC30182303FB0566089BC6F8043182F3C3
:1032300011880020BDE8F8834FF0FF30FAE700BFA7
:10324000005C002007B501A8F5F77AFE9DF805306F
:10325000012B14D19DF804308BB94FF48012144B1C
:103260001449586E03F580535A664B6B23F0E053B4
:1032700043F040634B63C3025CBF0F4B5A66F7F7E2
:1032800031FD24F0F1FBF7F7FFFB24F083FB24F082
:10329000EDFB27F09EFBF9F79BFDF3F707FEF8F730
:1032A0001FFAF4F781FA03B05DF804EBFAF788B877
:1032B000008000500040005A00A0005030B51E4D64
:1032C00095B00DAC0FCD0FC495E807004FF46133F6
:1032D0000F93032384E807008DF84D302923002144
:1032E000164A0DF12600CDE90223154B0E22049358
:1032F000A3F1FF73A3F5FF730593069127F023FD58
:103300004FF480210F4B0DAACDE9071309238DF847
:1033100024300A238DF825300B4B07A90A9340234C
:103320000B9301238DF83130084B0948009302AB11
:10333000F7F73EFF15B030BD7829040800C00550EE
:103340000008000924C005507C460020AC2D002058
:10335000002E0020831E012B10B512D8012922D87F
:10336000114B04221B6C08210020C3F30023F5F746
:1033700085FC0E4B1B681868A8B1BDE81040436A75
:1033800018478B1E012B0CD801280CD8BDE8104023
:103390000022054B08211B6C1046C3F30023F5F7F0
:1033A0006DBC0129E5D910BD00C00350A84C002018
:1033B00008B504490448FAF7D9F8BDE80840FFF712
:1033C0007DBF00BFAC4C0020242E0020014824F01B
:1033D0004CBD00BF002E0020014B1A6A1868104730
:1033E000002E0020014B1878704700BFBC4600201B
:1033F00008B502F06FFC0022014B1A7008BD00BF37
:10340000BC46002081F0004102E000BF83F0004391
:1034100030B54FEA41044FEA430594EA050F08BF6F
:1034200090EA020F1FBF54EA000C55EA020C7FEA33
:10343000645C7FEA655C00F0E2804FEA5454D4EBB0
:103440005555B8BF6D420CDD2C4480EA020281EA7A
:10345000030382EA000083EA010180EA020281EAB2
:103460000303362D88BF30BD11F0004F4FEA013104
:103470004FF4801C4CEA113102D0404261EB410113
:1034800013F0004F4FEA03334CEA133302D0524299
:1034900063EB430394EA050F00F0A780A4F1010455
:1034A000D5F1200E0DDB02FA0EFC22FA05F280188F
:1034B00041F1000103FA0EF2801843FA05F3594175
:1034C0000EE0A5F120050EF1200E012A03FA0EFCF4
:1034D00028BF4CF0020C43FA05F3C01851EBE3711E
:1034E00001F0004507D54FF0000EDCF1000C7EEB3B
:1034F00000006EEB0101B1F5801F1BD3B1F5001F79
:103500000CD349085FEA30004FEA3C0C04F1010497
:103510004FEA445212F5800F80F09A80BCF1004FC0
:1035200008BF5FEA500C50F1000041EB045141EA42
:10353000050130BD5FEA4C0C404141EB0101013C0B
:1035400028BFB1F5801FE9D291F0000F04BF0146FA
:103550000020B1FA81F308BF2033A3F10B03B3F1CC
:1035600020020CDA0C3208DD02F1140CC2F10C025C
:1035700001FA0CF021FA02F10CE002F11402D8BFBA
:10358000C2F1200C01FA02F120FA0CFCDCBF41EA86
:103590000C019040E41AA2BF01EB0451294330BD55
:1035A0006FEA04041F3C1CDA0C340EDC04F1140432
:1035B000C4F1200220FA04F001FA02F340EA030009
:1035C00021FA04F345EA030130BDC4F10C04C4F14F
:1035D000200220FA02F001FA04F340EA030029462F
:1035E00030BD21FA04F0294630BD94F0000F83F479
:1035F000801306BF81F480110134013D4EE77FEA5C
:10360000645C18BF7FEA655C29D094EA050F08BFA7
:1036100090EA020F05D054EA000C04BF1946104688
:1036200030BD91EA030F1EBF0021002030BD5FEACC
:10363000545C05D14000494128BF41F0004130BDF4
:1036400014F580043CBF01F5801130BD01F0004548
:1036500045F0FE4141F470014FF0000030BD7FEABB
:10366000645C1ABF194610467FEA655C1CBF0B46B6
:10367000024650EA013406BF52EA033591EA030FCD
:1036800041F4002130BD00BF90F0000F04BF0021C5
:10369000704730B54FF4806404F132044FF00005F8
:1036A0004FF0000150E700BF90F0000F04BF002171
:1036B000704730B54FF4806404F1320410F00045D7
:1036C00048BF40424FF000013EE700BF42004FEAD2
:1036D000E2014FEA31014FEA02701FBF12F07F434F
:1036E00093F07F4F81F06051704732F07F4208BF06
:1036F000704793F07F4F04BF41F40021704730B50D
:103700004FF4607401F0004521F000411CE700BF58
:1037100050EA010208BF704730B54FF000050AE0DB
:1037200050EA010208BF704730B511F0004502D5DC
:10373000404261EB41014FF4806404F132045FEADE
:10374000915C3FF4D8AE4FF003025FEADC0C18BF87
:1037500003325FEADC0C18BF033202EBDC02C2F179
:10376000200300FA03FC20FA02F001FA03FE40EA0B
:103770000E0021FA02F11444BDE600BF70B54FF00F
:10378000FF0C4CF4E06C1CEA11541DBF1CEA1355ED
:1037900094EA0C0F95EA0C0F00F0DEF82C4481EA55
:1037A000030621EA4C5123EA4C5350EA013518BF75
:1037B00052EA033541F4801143F4801338D0A0FB62
:1037C00002CE4FF00005E1FB02E506F00042E0FB0F
:1037D00003E54FF00006E1FB03569CF0000F18BF15
:1037E0004EF0010EA4F1FF04B6F5007F64F54074BD
:1037F00004D25FEA4E0E6D4146EB060642EAC62150
:1038000041EA55514FEAC52040EA5E504FEACE2EBC
:10381000B4F1FD0C88BFBCF5E06F1ED8BEF1004FBF
:1038200008BF5FEA500E50F1000041EB045170BD3B
:1038300006F0004646EA010140EA020081EA03017F
:10384000B4EB5C04C2BFD4EB0C0541EA045170BD7B
:1038500041F480114FF0000E013C00F3AB8014F1F5
:10386000360FDEBF002001F0004170BDC4F100043E
:10387000203C35DA0C341BDC04F11404C4F12005BF
:1038800000FA05F320FA04F001FA05F240EA02001A
:1038900001F0004221F0004110EBD37021FA04F650
:1038A00042EB06015EEA430E08BF20EAD37070BD0A
:1038B000C4F10C04C4F1200500FA04F320FA05F069
:1038C00001FA04F240EA020001F0004110EBD3706B
:1038D00041F100015EEA430E08BF20EAD37070BDDB
:1038E000C4F1200500FA05F24EEA020E20FA04F3B4
:1038F00001FA05F243EA020321FA04F001F0004163
:1039000021FA04F220EA020000EBD3705EEA430ED3
:1039100008BF20EAD37070BD94F0000F0FD101F002
:103920000046400041EB010111F4801F08BF013C3B
:10393000F7D041EA060195F0000F18BF704703F079
:103940000046520043EB030313F4801F08BF013D00
:10395000F7D043EA0603704794EA0C0F0CEA1355BC
:1039600018BF95EA0C0F0CD050EA410618BF52EA76
:103970004306D1D181EA030101F000414FF000007C
:1039800070BD50EA410606BF1046194652EA43068A
:1039900019D094EA0C0F02D150EA013613D195EAFE
:1039A0000C0F05D152EA03361CBF104619460AD146
:1039B00081EA030101F0004141F0FE4141F4700150
:1039C0004FF0000070BD41F0FE4141F4780170BD40
:1039D00070B54FF0FF0C4CF4E06C1CEA11541DBFA5
:1039E0001CEA135594EA0C0F95EA0C0F00F0A7F8A7
:1039F000A4EB050481EA030E52EA03354FEA0131D4
:103A000000F088804FEA03334FF0805545EA1313E6
:103A100043EA12634FEA022245EA111545EA1065AE
:103A20004FEA00260EF000419D4208BF964244F145
:103A3000FD0404F5407402D25B084FEA3202B61A64
:103A400065EB03055B084FEA32024FF480104FF438
:103A5000002CB6EB020E75EB030E22BFB61A7546AC
:103A600040EA0C005B084FEA3202B6EB020E75EB3F
:103A7000030E22BFB61A754640EA5C005B084FEAA7
:103A80003202B6EB020E75EB030E22BFB61A754674
:103A900040EA9C005B084FEA3202B6EB020E75EB7F
:103AA000030E22BFB61A754640EADC0055EA060E40
:103AB00018D04FEA051545EA16754FEA06164FEA83
:103AC000C30343EA52734FEAC2025FEA1C1CC0D12F
:103AD00011F4801F0BD141EA00014FF000004FF0BC
:103AE000004CB6E711F4801F04BF01430020B4F17D
:103AF000FD0C88BFBCF5E06F3FF6AFAEB5EB030C35
:103B000004BFB6EB020C5FEA500C50F1000041EB31
:103B1000045170BD0EF0004E4EEA113114EB5C04FE
:103B2000C2BFD4EB0C0541EA045170BD41F48011D1
:103B30004FF0000E013C90E645EA060E8DE60CEAD9
:103B4000135594EA0C0F08BF95EA0C0F3FF43BAFF6
:103B500094EA0C0F0AD150EA01347FF434AF95EAAD
:103B60000C0F7FF425AF104619462CE795EA0C0F91
:103B700006D152EA03353FF4FDAE1046194622E75E
:103B800050EA410618BF52EA43067FF4C5AE50EA38
:103B900041047FF40DAF52EA43057FF4EBAE12E728
:103BA0004FF0FF3C06E000BF4FF0010C02E000BF09
:103BB0004FF0010C4DF804CD4FEA410C7FEA6C5CEC
:103BC0004FEA430C18BF7FEA6C5C1BD001B050EA8F
:103BD000410C0CBF52EA430C91EA030F02BF90EA7A
:103BE000020F0020704710F1000F91EA030F58BF39
:103BF000994208BF90422CBFD8176FEAE37040F09B
:103C0000010070474FEA410C7FEA6C5C02D150EA38
:103C1000013C07D14FEA430C7FEA6C5CD6D152EAF3
:103C2000033CD3D05DF8040B704700BF84461046B8
:103C300062468C461946634600E000BF01B5FFF7B7
:103C4000B7FF002848BF10F1000F01BD4DF808ED87
:103C5000FFF7F4FF0CBF012000205DF808FB00BF58
:103C60004DF808EDFFF7EAFF34BF012000205DF8B2
:103C700008FB00BF4DF808EDFFF7E0FF94BF0120FF
:103C800000205DF808FB00BF4DF808EDFFF7CEFF00
:103C900094BF012000205DF808FB00BF4DF808ED3F
:103CA000FFF7C4FF34BF012000205DF808FB00BF10
:103CB0004FEA410212F5001215D211D56FF4787354
:103CC000B3EB625212D94FEAC12343F0004343EAF7
:103CD000505311F0004F23FA02F018BF40427047D2
:103CE0004FF00000704750EA013005D111F000405C
:103CF00008BF6FF0004070474FF00000704700BFF2
:103D00004A0011D212F5001211D20DD56FF478735A
:103D1000B3EB62520ED44FEAC12343F0004343EAAF
:103D2000505323FA02F070474FF00000704750EAFA
:103D3000013002D14FF0FF3070474FF00000704764
:103D400053B94AB9002908BF00281CBF4FF0FF3102
:103D50004FF0FF3000F082B9ADF1080C6DE904CEF0
:103D600000F006F8DDF804E0DDE9022304B0704756
:103D70002DE9F04F099D0C46002B4DD18A420F468C
:103D800084469646B2FA82F360D94BB102FA03FE3A
:103D9000C3F120029F4000FA03FC20FA02F217430D
:103DA0004FEA1E461FFA8EF44FEA1C42B7FBF6F1AB
:103DB00006FB117701FB04F042EA0742904208D962
:103DC0001EEB020201F1FF3702D2904200F2318174
:103DD0003946121A1FFA8CFCB2FBF6F006FB1022D1
:103DE00000FB04F44CEA024C644508D91EEB0C0CB1
:103DF00000F1FF3202D2644500F21E81104640EA13
:103E00000140ACEB040C002125B12CFA03F3002295
:103E1000C5E90032BDE8F08F8B4205D90DB1C5E987
:103E2000000100210846F5E7B3FA83F100294DD1DE
:103E3000A342C0F0F380904280F0F0800646234613
:103E40000846002DE6D0C5E90063E3E7002B40F00B
:103E5000A3808A1A4FEA1E471FFA8EF60121B2FB91
:103E6000F7F407FB14204FEA1C4242EA004206FB2B
:103E700004F090420FD91EEB020204F1FF382CBF70
:103E80004FF001094FF00009904203D9B9F1000F3A
:103E900000F0CC804446121A1FFA8CFCB2FBF7F0FB
:103EA00007FB102200FB06F64CEA024C664508D9D7
:103EB0001EEB0C0C00F1FF3202D2664500F2B3801B
:103EC0001046ACEB060C40EA04409DE7C1F1200629
:103ED0008B4004FA01FE22FA06F720FA06FCF440B1
:103EE0008A401F434EEA0C0300FA01FE4FEA1748CE
:103EF0004FEA13491FFA87FCB4FBF8F008FB1044A3
:103F000049EA044400FB0CF9A1450ED93C1900F123
:103F1000FF3A2CBF4FF0010B4FF0000BA14503D926
:103F2000BBF1000F00F08B805046A4EB09041FFA90
:103F300083F9B4FBF8F308FB134403FB0CFC49EAD8
:103F40000444A44506D93C1903F1FF3801D2A44525
:103F50007BD8434643EA0040A4EB0C04A0FB029844
:103F60004445CC46434602D306D1CE4504D201385F
:103F7000B9EB020C68EB0703002D6CD0BEEB0C0212
:103F800064EB030422FA01F304FA06F6CC400021A4
:103F90001E43C5E900643DE702FA03FEC3F12001B8
:103FA00004FA03F200FA03FCCC404FEA1E4720FA61
:103FB00001F11FFA8EF6B4FBF7F00A4307FB104439
:103FC000110C41EA044100FB06F48C420ED91EEBB1
:103FD000010100F1FF382CBF4FF001094FF000093B
:103FE0008C4202D9B9F1000F2CD04046091B92B285
:103FF000B1FBF7F407FB141142EA014204FB06F19E
:10400000914207D91EEB020204F1FF3801D291421E
:104010001ED84446521A44EA004120E7861A64EB4F
:10402000030301200DE7F44402384AE7023C7244DE
:1040300031E702397244CCE6F4440238DFE6023854
:104040003C4472E702387144D0E7023B3C4481E7CC
:10405000023C7244DEE72946DCE600BF704700BF41
:1040600008B5064B044613B10021AFF30080044BA2
:104070001B6803B19847204622F030FD0000000085
:10408000642F002070B50D4D00260D4C641BA4104C
:10409000A64209D10B4D00260B4C2CF051FF641B9E
:1040A000A410A64205D170BD55F8043B01369847CF
:1040B000EEE755F8043B01369847F2E7205200201E
:1040C000205200202052002024520020024B0146A2
:1040D000186824F06FB800BFB44C00202DE9F04FF1
:1040E000144687B09B46C36B06460D465B690122AA
:1040F00002A960689847F36B012203A95B6928460F
:10410000984702A827F0DEF9074648B10023A375B7
:1041100063754FF0FF33A360002007B0BDE8F08F58
:1041200003A827F0DCF90123A375237E04EBC30366
:10413000DD611F846368AB420ED1206003A827F0C5
:10414000F0F94FF0FF332075A360237D043B022B71
:1041500025D80023A375DFE723681A1A03A8534262
:104160005341A37527F0DDF9237D834203A818BFCF
:10417000A77527F0B8F9074602A827F0B4F98742D7
:1041800003A81CBF0023A37527F0B5F9074602A8B2
:1041900027F0B1F987421CBF0023A375D5E703A818
:1041A00027F0A1F980B1F36B022204A928465B69CC
:1041B000984704A827F0A6F90346207D032839D89C
:1041C000DFE800F03838040903A8F3E7237ECC22A7
:1041D00004EBC3031A8401F07FFC109B187003A842
:1041E000277E27F074F904EBC70787F8220003A89D
:1041F000237E04EBC303B3F8209093F8227027F0DA
:1042000072F9804603A827F076F98246B8F1000FCC
:1042100015D0F36B022204A928465B69984704A8CD
:1042200027F035F96075637D6BB90023A3754FF0F6
:10423000000838E0227E04EBC2021384CBE703A817
:1042400027F010F9EEE794F81680B8F1000FEED0E1
:10425000B9F1000F09D1DFB10123627EE375002AB5
:1042600044D19F4218D1677614E0736C05EB0A02C3
:10427000594285EA020008421CBF0021A175591E5F
:104280000A409B1A9945D0D8A37D002BE3D1CEE7F5
:10429000E37D43B94FF000084B465246294630466D
:1042A00026F08CFEA060A27D12B123694B442361ED
:1042B0001349237E097899421ED901332376BBF135
:1042C000000F1BD0D2B1E37DC3B1B8F1000F15D1FF
:1042D000032F13D0A1684B1C10D0109B22463046F0
:1042E00000930123FFF7FAFEA07507E0012FDAD053
:1042F000032F08BFA376CDE70023A375A07D0CE7AD
:10430000DC0F04082DE9F04F0E468BB098460023D1
:1043100004464FF0FF31104617468DF8133001F078
:10432000C5FBB6F5801F3BD3B21C53D1E56A6B1CAD
:1043300057D1616A204626F087FD0546B31CDFF899
:10434000189118BF01230193636A05A9626C4FF0AD
:10435000000B0293236802FB053AE36B05225B69BD
:104360005046984705A827F066F927F089F9504686
:1043700027F091F9824601464B1C05D0636C81EA17
:104380000A025B42134232D02946204626F05CFDE9
:10439000029BAB424DD0BBF1000F4DD10546D3E798
:1043A000314605AA04F1080027F042F80146481CEE
:1043B00010D0384601F07AFB0DF113030122394683
:1043C000204626F077FE28B19DF8133088F800309B
:1043D000002003E0237C002BA8D11D480BB0BDE8D2
:1043E000F08F2368ED1A636CB5FBF3F5A6E748463A
:1043F00001F05CFB0DF11303019A4946204626F0BB
:1044000059FE034690B1B21C03D0D9F80020B24245
:104410000CD19DF813204946039338460D4B88F87C
:1044200000201A6826F058FC039B9B46D9F8081018
:10443000A2E7BBF1000FD0D0B6F5801FC8D298F824
:10444000003031467A6804F1080001F073FABFE7E2
:104450000BE000F0D80F0408801E00202DE9F34186
:104460000E46044617469846816A194DE36A8B4208
:104470002AD04B1C18E0284601F018FB0DF1070369
:1044800001222946204626F015FE30B143469DF80C
:10449000072029462046B847B0B1A9684A1C05D074
:1044A000012E0AD0E36A9942E5D10DE06968204601
:1044B00026F057FD012E0146D8D16B6881EA030230
:1044C000636C5B421A42D1D002B0BDE8F08100BFFC
:1044D000541E00202DE9F041036B9046826B90B092
:1044E00007680E469A42426C01A9044688BF83635E
:1044F000436A02FB0377C36B05225B693846984722
:1045000001A827F098F801280146307056D0656C54
:1045100006A9E26B2368606AD2F814C0052205FB85
:1045200000300025E04706A827F085F8012823D0B1
:1045300001218DF834800E958DF83C10D4E90A32B3
:10454000CDE90B4593422AD11946204626F009FDB4
:10455000236B626C1433E0629B1A23630C9B53B988
:104560009DF83C303BB1626A616C2368E06B01FBF3
:10457000023127F018F80C9DE36B052201A938469B
:104580005B69984701A827F056F83070236B2846DE
:10459000A26B9A4288BFA36310B0BDE8F081237C70
:1045A00033B90BAA1C4904F1080001F013FAD5E74E
:1045B0000BAB1A4A2046FFF751FFCFE7237C23BB02
:1045C0002246174904F1080001F004FA616A204606
:1045D00026F05BFC616A421C204626F024FC05465E
:1045E00020B9236B626C1344143B2363A16A2046F9
:1045F00026F0B7FC2368A062C01A636CB0FBF3F02E
:104600006062204626F0F1FCB6E70023054A20460A
:10461000FFF724FFDAE700BFD54F0108514F01082B
:104620003DB10308D9B0030873B50D46D11E1C4631
:104630001B7E4A424A419A4226D129682368994200
:1046400022D3636899421FD8114E0DF107033246F9
:10465000FFF758FEC0B972686B689A4214D19DF892
:104660000730DA1E53425341227E93420CD16369D4
:1046700001336361D4E90323934205D22968A26818
:1046800042F8231001332361012002B070BD00BF46
:10469000AC1E00202DE9F04F8BB09A46DFF854B1E4
:1046A00080469DF850300D4616460293DBF81030D8
:1046B0005345C0F09880DBF80430D1460193B9F13E
:1046C000000F00F08C80D8F83C30012207A9019837
:1046D0005B69984707A826F002FFDBF80030984294
:1046E00040F0848007A826F006FF0428074614D16E
:1046F00007A826F007FF019B029A04463B44002AC4
:104700003ED1864212D9361A14460199404626F007
:1047100028FCA9EB04090190D1E7D8F83C3002222B
:1047200008A901985B69984708A8E2E7841B9F19CC
:10473000544528BF5446032CAAEB040A4FEA9402BE
:104740001CD9D8F83C302946384604F003065B698A
:10475000984724F003031F441D44002ED5D0D8F8F9
:104760003C30012208A938465B6998473246284602
:1047700008A9354426F0B0FA0026C6E72646ECE73D
:1047800000F003020344074603922A18059304929B
:10479000049BDD1B059BD81B039B9F420FD1002F61
:1047A000B3D0D8F83C30012208A95B6998473A4653
:1047B00008A9284626F09DFA78B93D44A5E7D8F81F
:1047C0003C30012208A95B699847042208A92846C1
:1047D00026F08FFA08B9043FDAE7DFF81C90484664
:1047E0000BB0BDE8F08FDFF81490F8E7DFF8109019
:1047F000F5E700BFD81E002012E000F011E000F045
:1048000022E000F02DE9F0410F4688B016469846A8
:10481000044660B390F83450FDB1012126F0D9FA76
:104820000E9B0021CDF804800496CDE902379DF857
:104830003C308DF81C30237CCDE905118BB901AAE1
:104840000C4904F1080001F0C5F8E06BDDE90553FF
:10485000002E08BF1D4626F07FFC284608B0BDE8A4
:10486000F08101AB044A2046FFF7F8FDEDE705466D
:10487000F3E700BF07B10308294601087FB590F8A8
:10488000426004460DF10B03019230460A4612497C
:1048900026F06AFC012E0546E36B19D15B693246AE
:1048A00003A998479DF80B10039B019A59B19BB23D
:1048B00043EA024303930122E36B03A928469B6961
:1048C000984704B070BD1B0C92B21B041343F1E770
:1048D0009B69012201A9F3E7D81E00202DE9F04FC2
:1048E00099B00F46044609920A69416C0E93D31D94
:1048F0001439B3FBF1F3013302EBC302036B9342B0
:10490000C0F00F820023DFF824940D93E36A484639
:104910001946079301F0CAF8D7E9033604930E9BB2
:10492000022B4ED1CC2E40F08C81099B002B42D023
:104930003946204626F06EFC656C079A6B1E149073
:104940001340ED1AE36B012216A978685B6998475A
:1049500016A826F0C8FD00280CBF04230823782ED3
:1049600006933FD9012300254FF0080A05933B68C1
:1049700005990E98C9F80030C9F8106026F0D5FDE9
:104980004FEA9A03DDF81CB089F814001093002355
:104990000B930F9308930C93616C4A1E0BEA02026F
:1049A0008B1A002E3AD05544AB4242D8236B5B1A87
:1049B00013442363ADE0049B1B6814930823069300
:1049C000D0E7656C782E079A05F1FF3303EA0203FE
:1049D000A5EB030516D8FB7D7BB9099B002BB1D154
:1049E00004230693331DAB4210D9A6B1082DB9D8C4
:1049F00004250023AA460593B9E7099B002BA1D102
:104A00000823EEE7099B002B9CD1D7E700250595ED
:104A10004FF0040AABE704250596F9E75345C5D3E3
:104A20000BEB0A03B0460393089B002B18BF03232C
:104A300013E0A3EB0A03B0460BEB0A029E4203927B
:104A400028BF98469E42EFD9D9F8102001239642FC
:104A500089F8173071D1C9F804B0089399F8173064
:104A6000002B6CD099F818200899D31C013209EB5F
:104A7000C30389F81820C3F804B0A3F8088099721A
:104A8000B8F1000F14D00E9B022B5BD10B9B7BB9AE
:104A90000F9B4344032B0BD9E36B012214A903980A
:104AA0009B6998470546002840F03D8101230B9300
:104AB000089B16A80193059B0093434699F8142080
:104AC000396800F0A9FFE36B109A16A99B69584654
:104AD0009847051E0D9B18BF5B4652460D935946DD
:104AE0004346204626F06AFA236B08F10302C9F810
:104AF0000800A3EB0A0322F003029B1A2363002D94
:104B000040F011810F9BA6EB0806DDF80CB0434482
:104B10000F935946204626F024FA00258346002E9E
:104B20007FF43AAF814A04F108003968936852680B
:104B3000E3620E9B00F0FEFEDEE002238DE7C9F883
:104B400004B09DE7099B002B30D1049BB8F1030F03
:104B500043440A9327D9E36B4FEA98029B69DDE946
:104B6000030198470546002865D118F003025FD07D
:104B700028F00305049B2B440493039B1D444FF032
:104B8000FF33049915A8159326F0A6F8E36B284681
:104B9000012215A99B6998470A9B05460493002D9D
:104BA00086D0039B99E7039D4246E8E7039B0A935F
:104BB00007F120031193FB7D78689BB13D7E0023B4
:104BC0000C9AD9B28D4211D9119903F1010C31F827
:104BD0003310914226D907EBC3030699D8690A44DA
:104BE000104403E00C9B069A13441844E36B012223
:104BF00015A95B699847159B012213A913930C9B78
:104C00000A9804330C93E36B9B699847039B0A9AB9
:104C1000054643449B1A042B07D978B9134604333D
:104C20000A93C8E7521A6346CBE70A9B0393B6E799
:104C30000A9B04933CE70A9B0493B2E70A9B039305
:104C4000AFE73B4E04F1080303932368079A606CB7
:104C5000A2EB030ABAFBF0FA00FB0A3026F01BFDB8
:104C6000E16A8046204626F07CF9A26A82424AD058
:104C7000626CD9F80830511E2568E0620B40216B48
:104C8000891A0B4423630D9B5D1BB5FBF2F5AA4506
:104C900036D1079BB3EB080A12D0E36B4FEA9A02B6
:104CA00041469B699847E36A079A834653440398B1
:104CB000DA46E362236B9B1A4344236326F089FBA5
:104CC0002368616CE06B01FB053126F059FC20463E
:104CD00026F08AF8204626F088F92063BAF1000F02
:104CE00011D03A69616CD31D1439B3FBF1F3013370
:104CF00002EBC3029042A8D2304619B0BDE8F08F53
:104D00004FF0000ADCE73A69616CD31D1439B3FB3C
:104D1000F1F3013302EBC302236B9342BFF4F6AD10
:104D2000EAE7044EE8E72E468CE700BF801E00202D
:104D300023E000F006E000F02DE9F3471E4643694A
:104D400004468846B34217469DF828903DD3002577
:104D50008DF80750D4F830A0204626F011F882458F
:104D60000AD2236AB5EB430F06D200220DF10701E8
:104D70002046FFF7AFFB30B39DF80730012B05D17C
:104D800000220DF107012046FFF7A4FBB9F1030F44
:104D900006D0256B3146204625F0DDFF854218D32D
:104DA0000D4D4FF0FF31284600F080FE4B460022AB
:104DB00029462046C5F80080C5E9037602B0BDE863
:104DC000F047FFF78BBD0135C4E7044802B0BDE8EA
:104DD000F0870348FAE700BFAC1E00200FE000F0A8
:104DE00006E000F02DE9F04790F8426086B00546F5
:104DF0008F1A012E039115D1B7F5807F4FF064080B
:104E000028BF03260024DFF844A14FF6FF7995F868
:104E10004230012B14BF322364239C420AD35FFA31
:104E200088F415E0B7F5803F4FF0320834BF012613
:104E30000226E7E705AB22465146284626F0C8F988
:104E400095F84230012B059B34D14B452DD1E4B26E
:104E500095F84230012B0CBF64223222121BB24261
:104E600017D3012E39D10022012B05978DF813207D
:104E700027D1082205A90DF1130026F063FB9DF848
:104E80001330059A42EA032221462846FFF7F6FC32
:104E900040B102232D4903AA28460093CC23096878
:104EA000FFF74AFF06B0BDE8F087DBB203B9023472
:104EB0000134ACE7591CCAD09BB2002BF8D10134A5
:104EC000F6E7102205A90DF1130026F03BFB9DF833
:104ED0001330059A42EA0342D6E7039A012B059262
:104EE00023D10823202205A90DF113008DF81330DA
:104EF00026F028FB9DF81320120221462846FFF7D2
:104F0000BDFC95F84230611C012BC9B21AD10028B2
:104F1000BFD1BDF814202846FFF7B0FC0028B8D157
:104F20000234BDF81620E1B2AFE71023202205A914
:104F30000DF113008DF8133026F004FB9DF81320BB
:104F40001204DAE70028A4D1059A9EE7D81E0020B3
:104F5000032A2DE9F34106460D4617461C4606D1A5
:104F6000237A012B23D0012002B0BDE8F081DFF8C5
:104F700060800DF1070309684246FFF7C3F96060DE
:104F80000028EDD19DF80720237A032AE8D0D8F82D
:104F900004106A689142E3D1012B2969D4F80CC04E
:104FA00007D10CEB01037269934202D92074207C73
:104FB000DAE708313B46012230466144E160294688
:104FC000FFF78CFC60600028CAD00020CCE700BF4F
:104FD000AC1E00202DE9F341089C032A17462668E1
:104FE00006D1237A012B24D0012002B0BDE8F08144
:104FF000DFF890800DF1070330464246FFF782F953
:1050000060600028EDD12568D8F80400A96AD5F8B9
:1050100044C04840227ACCF100031840E1D1012A73
:1050200009D1E268D8F8103013447269934202D96A
:105030002074207CD9E72868EB6A1B1A081AB3FB96
:10504000FCF3B0FBFCF083420BD1706CF36A421EA0
:105050001340326B121A28461344336325F081FF44
:10506000E862D8F81020E368083206492068134443
:105070000122E3603B46FFF731FC60600028B0D0BE
:105080000020B2E7AC1E00202DE9F04F4FF0FF33B7
:105090004FF6FF72002500F10806044687B0C36290
:1050A0000F4605620563C0E90923304626F091F9F1
:1050B000204625F099FE28BB2046394625F014FFEE
:1050C000204625F091FE28BB8A4D204625F0C0FFE2
:1050D000ECE0E26B01A92368606CD2F814C00522F1
:1050E00000FB0530E04701A826F0A5FA012828D1E9
:1050F0002946204625F0C9FE421C2946204625F0B7
:1051000092FE0135E3699D42E3D3204625F06CFE13
:105110000028D1D000254FF0FF394FF6FF73CA4663
:10512000A846C4E90853E369984514D3A5EB0905DB
:10513000012D37D8636A4FF6FF72934247D16E4D07
:10514000C3E726F0A2FA0028DBD02946204625F046
:105150009CFE0246D1E7236801A9E26B606C5769A7
:10516000052200FB0830B84701A826F064FA834600
:1051700001A826F037FA0746584626F081FA70B1A2
:105180005745236ABA4638BFC4F82480B94503F1AD
:10519000010328BFB946BD42236238BF3D4608F12E
:1051A0000108C0E74FF6FF7300256362E3699D4283
:1051B000C0D2676C0522206801A9E36B07FB0500DC
:1051C00001355B69984701A826F00CFAEEE7E26B1F
:1051D00001A9676C20685569052207FB0300A847F1
:1051E00001A826F0FFF9626A2368606C434D00FB5A
:1051F000023026F050FA4FF0FF33A0622A46E362F5
:105200006FF001010DF103032046FFF77BF8002842
:1052100050D1AD6829462046E56225F0C1FD2063E6
:1052200020B9E16A204625F09CFEE062294620462E
:1052300025F097FE0546A36A9D423DD1656920464B
:10524000626CE91C143AB1FBF2F105EBC1050335C0
:10525000B5FBF2F5023525F0FBFE8046A8423DD2B3
:10526000616A204625F0F0FD0027064604F1400A59
:10527000474512D3626C01A9236802FB0639E36B30
:1052800005225B694846984701A826F0ABF95346CA
:1052900002464946E06B26F000FA013731462046C7
:1052A00025F0D2FDAF420646E2D3154D284607B0A1
:1052B000BDE8F08FA56AADE72946204625F070FDD0
:1052C000236B0746294603442046236325F049FE05
:1052D0000546002FAFD1C4E90B07ACE730460025E7
:1052E00026F077F80023074A20461946FFF7B6F85C
:1052F000EBE600BF03E000F016E000F0AC1E00207B
:1053000013E000F0A3B00308634A00232DE9F04145
:1053100017680E460446136018B9604D2846BDE86C
:10532000F08190F834500DB309680268914240F062
:10533000AA8071684268914240F0A580B168826895
:10534000914240F0A080F168C268914240F09B8099
:1053500031694269914240F09680B169C26B9142D5
:1053600040F0918072691D468261D7E7502229463C
:10537000D0F8388025F0E7FC336804F10800C4F861
:105380003880236073686360336963617369D6E949
:105390000212A36126F02FF8B36904F14000E36321
:1053A0009B68984794F8432020B1E561002AB4D067
:1053B0003B4DB3E7656C002DF7D06668B6FBF5F39F
:1053C000E361002AA9D0B542F2D82268B2FBF5F118
:1053D00005FB1122002A58D105FB1363002B54D181
:1053E000204625F0CDFCA369043303449E424ED3EE
:1053F000636940F63472CC3B93424AD8B5F5007FDE
:10540000D6D30321204625F0E4FCE36BD4E9000168
:105410001B689847E36B05460220DB6898471DB17F
:10542000002384F834301EE039462046FFF72CFE76
:105430001C4B0546984204D139462046FFF724FE0E
:105440000546636C143B002DEAD1226A204602FB1C
:1054500003F625F095FCA369043303449E4206D26B
:1054600084F83450104DE06B25F076FE56E70F4A75
:10547000012384F8343013680133D4E90001136048
:1054800021F097FBEFE70A4D48E70A4D46E7064D46
:1054900044E7094D42E700BF6C2F002009E000F00F
:1054A00004E000F013E000F002E000F0682F0020BC
:1054B00008E000F001E000F005E000F02DE9FF4118
:1054C0000F4690461E46054698B390F8343093B385
:1054D000B1F5801F31D21A4C022125F07AFC0DF172
:1054E0000F03224639462846FEF70CFF024678B1E4
:1054F000012342463946284600933346FFF71CFCF9
:105500000446E86B25F028FE204604B0BDE8F08193
:105510009DF80F30012BEBD12169B142E8D1009306
:10552000414633462846FFF7B5F804460028DFD148
:10553000E7E7044CE8E7044CE6E7044CE4E700BF87
:10554000D81E002009E000F007E000F00AE000F0BB
:105550002DE9FF410C4616461F46054688B390F8D4
:10556000343083B3B1F5801F2FD2DFF87C80012166
:1055700025F02FFC21460DF10F0342462846FEF789
:10558000C1FE044670B99DF80F30012B11D1D8F837
:105590001030BB4213D10246009031462846FFF737
:1055A00079F80446E86B25F0D7FD204604B0BDE845
:1055B000F081074C074A022B08BF1446F2E7064C5D
:1055C000F0E7064CF1E7064CEFE7064CEDE700BFCD
:1055D0000BE000F00CE000F011E000F009E000F05A
:1055E00007E000F00AE000F0D81E00202DE9F043AB
:1055F00085B00C4617461E46DDF830800546A0B340
:1056000090F834309BB3B1F5801F32D2DFF8809030
:10561000012125F0DEFB21460DF10F034A46284605
:10562000FEF770FE044688B99DF80F30012B14D1A7
:1056300006EB0803D9F810209A4214D30090434691
:10564000324639462846FFF725F80446E86B25F030
:1056500083FD204605B0BDE8F083074C074A022BC6
:1056600008BF1446F2E7064CF0E7064CF1E7064C9B
:10567000EFE7064CEDE700BF0BE000F00CE000F0B8
:1056800011E000F009E000F007E000F00AE000F0AF
:10569000D81E002070B586B00E4605460392A0B312
:1056A00090F834309BB3B1F5801F32D2022125F03F
:1056B00090FB0DF11703184A31462846FEF722FEEB
:1056C000044618B99DF81730032B0ED1022303AA04
:1056D000314628460093CC23FFF72EFB0446E86BA7
:1056E00025F03AFD204606B070BD022B0BD10A49C9
:1056F000284625F08FFD039902468142EFD02846C7
:10570000FFF770FBEAE7054CE9E7054CEAE7054CD3
:10571000E8E7054CE6E700BFD81E00200DE000F0EA
:1057200009E000F007E000F00AE000F073B50C4675
:105730001646054630B390F834302BB3B1F5801FD0
:1057400024D2012125F045FB21460DF10703104A23
:105750002846FEF7D7FD044680B99DF80730032B95
:105760000CD0022B0CD10A49284625F053FD30609D
:10577000E86B25F0F1FC204602B070BD054CF7E760
:10578000054CF5E7054CF6E7054CF4E7054CF2E768
:10579000D81E00200BE000F00DE000F009E000F062
:1057A00007E000F00AE000F0F7B50C4616460546A3
:1057B00068B390F8343063B3B1F5801F2BD2022167
:1057C00025F007FB0DF10703144A21462846FEF792
:1057D00099FDC0B99DF80730032B14D0022B14D1CA
:1057E0000E49284625F016FD471C02462846394634
:1057F000FFF7F8FA044606B13760E86B25F0ACFC19
:10580000204603B0F0BD064CF7E7064CF5E7064C22
:10581000F6E7064CF4E7064CF2E700BFD81E00207E
:105820000BE000F00DE000F009E000F007E000F010
:105830000AE000F02DE9F3411F4600230C4616460E
:1058400005463B6050B390F834304BB3B1F5801F40
:1058500028D2DFF86480012125F0BBFA21460DF142
:10586000070342462846FEF74DFD0446A0B99DF8C1
:105870000730032B10D0022B0AD1012333600423FD
:105880003B60E86B25F068FC204602B0BDE8F08183
:10589000D8F810303060F3E7034CF2E7034CF3E73D
:1058A000034CF1E7034CEFE70BE000F009E000F0F8
:1058B00007E000F00AE000F0D81E002030B50C46EA
:1058C00085B0054628B390F8343023B3B1F5801F76
:1058D00023D2022125F07DFA0DF10F03104A214653
:1058E0002846FEF70FFD034688B99DF80F20032ACE
:1058F0000DD003222146009202462846FFF71CFAEB
:105900000446E86B25F028FC204605B030BD054C68
:10591000F7E7054CF8E7054CF6E7054CF4E700BF60
:10592000D81E00200BE000F009E000F007E000F0D6
:105930000AE000F02DE9F0414668002E46D00568E7
:105940004FF0000CA846AE4655F83C400CF1010C57
:10595000C4F31307013401D0B94218D0B4450EF195
:10596000080EF1D12F46002403E0B44207F10807E6
:1059700013D055F834C00134BCF1FF3FF5D1C1F369
:1059800013017A6041EA03513960BDE8F08141EAD0
:105990000353CEE90032BDE8F081032B16D000247A
:1059A00003E0B44208F1080810D055F8347001340F
:1059B000C7F30757032FF4D1C1F31301C8F804202C
:1059C00041EA0353C8F80030BDE8F08101230372B7
:1059D000BDE8F0812DE9F043476883B0C7B10646C2
:1059E0008846914600243368304653F8345003EB20
:1059F000C4030134C5F30752C5F31301013505D0C3
:105A00005B68CDF80090C04710B17768BC42EAD31C
:105A100003B0BDE8F08300BF73B5012A04462248F5
:105A20009DF8185000EAC11123F07C4007D9961E5A
:105A3000012E28D9073303F07F03194308E09DF8AE
:105A40001C300A43DB0603F0C053134343F06041AC
:105A50000023C4E900108DF80730B5B1202221469B
:105A60000DF1070025F06EFD1A220DF10700211D32
:105A700025F068FD63689DF80720082043EA8263EB
:105A8000636002B070BD1143E2E71B220DF1070015
:105A9000214625F057FD23689DF80720042043EA9E
:105AA000C2632360EDE700BF80FFFF0738B5094BF5
:105AB0000D46002104461A6825F045F900234FF0F1
:105AC000FF322361A260E3822383A376C4E9002529
:105AD00038BD00BFD80F04080138C0B205289ABFEE
:105AE000014B185C01207047942904082DE9F0410E
:105AF0000E46596888B007461546490A0024012910
:105B000022464FEA510104F10104F8D8DC7852032F
:105B100099784FF0000824031B88C9020DF1070093
:105B200004F48054C3F30A0301F4006192B28DF8C7
:105B300007800C4302A923449C18254B1B22039386
:105B400025F07843ED436FEA0444029325F0FAFC14
:105B50009DF8072025F07845029B02A90DF107006A
:105B6000029543EAC2631B228DF807806FEA144452
:105B7000049325F0E7FC9DF8072007A9029B06F196
:105B80001000079443EAC263012205934FF0FF33EC
:105B90000693BB6998470446BB6905A9012206F133
:105BA00008009847404518BF0446BB6904A9012274
:105BB000301D9847404518BF0446BB69012203A920
:105BC00030469847404508BF204608B0BDE8F08100
:105BD00001009AB213B50446694625F0E7FD204658
:105BE00025F015FFFF28024606D020469DF800103C
:105BF000F3F7BEFB02B010BD0048FBE70080FFFFDB
:105C00002DE9F0418AB001AC05460B462746194AFA
:105C100002F1200C264610685168083203C662451E
:105C20003446F7D1002B08BF3B46002710681C46BE
:105C30003060384603F10C0690B95FFA87F84246A7
:105C40002846218825F0B8FF50B942462846E18809
:105C500025F0C3FF20B942463146284625F0CFFF44
:105C60000137032F06F1080604F10204E4D10AB05B
:105C7000BDE8F081A4290408F0B589B005460E46B8
:105C800001F0C4FF044600BB01AC06F10C070FCFC6
:105C90000FC497E8070084E8070001A9284606F02A
:105CA000B9F92846311D26F0CAF9044648B92846F4
:105CB000074901F0A7FB044618B9284601F070FF18
:105CC000044628463168FFF79BFF204609B0F0BD27
:105CD0009C290408014925F0DDBD00BF917B010826
:105CE00070B5164E032804460D4633781ED023FAAD
:105CF00004F202F00102AA421DD053B10122A240D7
:105D0000A54023EA02032B43DBB233704BB10120E1
:105D100070BD2DB10A4B01201B6898473378EDE721
:105D20003570074B00201B689847F0E79A07DED0D4
:105D300003F0FC03E9E7002070BD00BFBE46002071
:105D4000AC2F0020F8B505460C4620F0ACFE104FF5
:105D500006463B7833B1012D04D01CB90D48F8F745
:105D600085F83C7021462846FFF7BAFF0A4B0446E7
:105D70001B783BB93B782BB925F0F8FE10B1074BE7
:105D80001B689847304620F092FE2046F8BD00BFC1
:105D9000BF460020802F0020BE460020044D00207A
:105DA000054A0B46117831B100211170034A0121D7
:105DB0005268187810477047BF460020044D0020F5
:105DC00038B5074D04462B78834207D001F044FED6
:105DD00020462C70BDE83840F7F794BB38BD00BFB3
:105DE000BD4600201B4B022910B5187002D00329B4
:105DF00004D010BD184B1B78002BFAD106F086F8A2
:105E00000028F6D04FF00052144BC3F88020BFF3A7
:105E10004F8FBFF36F8F01F0A7FD0028E9D001F08D
:105E2000A5FB0028E5D10E4B1C6834B123689847C8
:105E3000BDE81040002001F003BE25F027FD094B0E
:105E4000186022F020FA084B1860204601F094FDFB
:105E5000EEE700BFDA510020BD46002000E100E07F
:105E6000CC2F0020A82F0020A42F002038B50446F6
:105E70000D4606F04BF880B14FF00052124B1A60FD
:105E800001F072FD48B9012D07D8012001F0D8FDBD
:105E90000E4B1B6823B15B6898470D4B1C7038BDD7
:105EA00022F0F1F90B4B1A68801A1860F8F7B8F86D
:105EB0004FF47A72084B1B6802FB003025F0E8FCB7
:105EC000012001F059FDE8E700E100E0CC2F0020BF
:105ED000DA510020A42F0020A82F0020F0B585B0B3
:105EE00020F0E1FD324D04462B7823B13148F7F71D
:105EF000BDFF00284FD1F8F769F802AA03A925F0E1
:105F00001FFE034600283FD025F02EFE029B98423C
:105F100023D10020284B03991B68284E99423070EA
:105F200027D90027C91A012322482B70244A334657
:105F3000CDE9007722F083F9002834D1214A137883
:105F4000D90708D5317831B903F0FE03137013B9BE
:105F50001D4B1B689847204611E025F003FE029B6D
:105F600098421ED0002318461349144A096813703A
:105F700003910121FFF7B4FE002320462B7020F08F
:105F800096FD002005B0F0BD20462B7020F08FFD5F
:105F9000012005B0F0BD204620F089FD032005B0AA
:105FA000F0BD0220B6E7032320462F703370F3E7DD
:105FB000BF460020802F0020A02F0020D9510020B4
:105FC000A15D0108BE460020AC2F002038B520F0AE
:105FD0006AFD144D04462B78EBB9134A134913702C
:105FE000134B144A14481A60144A5A60F7F7BEFA61
:105FF00013491448F7F7BAFA134A144B1A60144BB2
:106000005B6F03F44073B3F5007F02BF0222114BB4
:106010001A6001232B70F7F7FDFD204620F047FDA5
:10602000002038BDC0460020BF460020C829040813
:10603000044D0020DD5E0108702F0020455D010841
:10604000D0290408782F0020C15D0108AC2F002062
:1060500000400050A02F002010B50446D0F8F820D2
:106060000A4B4FF40061C3F8C020027C120202F414
:10607000006205F085FE237C13F0080F4FF40073D7
:1060800014BF034A034A536410BD00BF003E00B072
:10609000001002B8002002B837B50C46264D69B989
:1060A0000A46012105F06CFE244BAC645C6005F0EF
:1060B000C1FE2022224B5A6603B030BD0122114698
:1060C00005F05EFE07221E4B0121DA60237901A84C
:1060D00085F848306379019325F0D9FE019BC2B25F
:1060E000D34000F00F0040EA031085F84900A27980
:1060F00085F84A20E27985F84B202068E86401930E
:10610000BBB1012102888B420CD821794B1E13446C
:106110000C4A1362C2F8CC1020220B4B5A6605F0D1
:1061200089FEC9E730F811500131AA4228BF2A463A
:10613000E9E71A46E9E700BF003F00B0483F00B07A
:10614000006000B8004000B8005000B8431C07D001
:106150006FF0FF02034B10405A62A3F58053586260
:10616000704700BF00E000B8D0F8C83013B11A681B
:10617000032A10D8094BDB6BC3F3C20213F0380FAC
:1061800003F0070018BF504313F4E07FC3F38212FB
:1061900003D050437047986A400E7047008001B8A2
:1061A0002DE9F0438D7880460F2D0E4685B003D93A
:1061B000012005B0BDE8F08325B901223A4B1A70E1
:1061C0000020F6E791F800904C78B9F1000F50D11B
:1061D000002CEDD196F90310F08803F0DFF80128C8
:1061E000E6D059EA0403B088304F48D103F03AF9B9
:1061F0004FF6050184B24FF604002D4A4FF008090E
:10620000136E9BB2834208BF0B463B80802301275D
:106210001766C2F880304B460022002C41D0611E28
:1062200002920122013DEDB2009201954A4608F129
:10623000D80002F0B7FF1FB14FF480121D4B5A6512
:1062400002211D4BB2681A60174B197098F81A306A
:10625000013B8B42B4D803230120184AC2F85032C4
:10626000174BC3F85002C2F864120422C3F8642228
:10627000A6E7B9F1080F9BD8082C99D8AAE703F034
:10628000F1F84FF604033A889A421EBF08490A669D
:106290003B804C4523464FF0000738BF4B4684B245
:1062A000BAE71146BCE700BFC14600208451002078
:1062B00000C001B800D001B8B42F0020006001B8C0
:1062C000005001B800F01803182B0AD003070AD4B5
:1062D00040F2011310F0100018BF1846034BD867A6
:1062E00070470020FAE70120F8E700BF003F00B048
:1062F0003B4B2DE9F7431E6801F4007900F00103E0
:10630000174653EA090205460C463DD04FF00008F7
:106310007BB30023002201200021CDE9008804F096
:106320004FFC4146304603F0BDFB01224146F0835D
:10633000104625F026FEB16B06F1D80003F058FC9C
:1063400028490868FFF702FF4FF0FF330B60264B28
:106350001A68511C06D06FF07E402449C863A1F52D
:106360008051CA634FF0FF321A60337C43F004035C
:106370003374B9F1000F07D00121304625F03BFA04
:1063800024F4007405430C43D6E94E232A402340ED
:1063900052EA030103D01649304609688847FB07D3
:1063A0000FD51449144A08680021136811600121AF
:1063B000124A117003B19847114B002102205B680B
:1063C000984717F00E0F08D040F20B223B21002017
:1063D00003B0BDE8F04306F003B803B0BDE8F083B6
:1063E000D8300020104D00200C4D002000E000B8F7
:1063F000144D0020C42F0020C82F0020C4460020C8
:10640000044D0020044B1868830654BFC0F30F20CE
:106410004FF6FF70704700BFCC300020F7B5044640
:106420001046D4E94EC7DDE908268CEA020587EA62
:1064300006010540194085EA0C057940C4E94E5132
:10644000002523F4004106EA010320F0010043F493
:106450000073024043F00203CDE9005504F0B0FBA5
:10646000237C9A0717D5D4F83C319B0513D54FF4FC
:106470008811204625F0BFF9237C65F3410323747E
:10648000D4E94E2302400B4052EA030103D00349F2
:10649000204609688847002003B0F0BD144D002055
:1064A00038B10368044A002B08BF1346034A13603F
:1064B0007047014BFAE700BF01B90308144D0020F3
:1064C000024B986E00F00F00704700BF003F00B015
:1064D0000F2938B505460C460ED801F0D3FA01282D
:1064E0000CD1074A2846936E23F00F03234393668B
:1064F00025F09CFB002038BD0120FCE70220FAE7D4
:10650000003F00B0014BD86E704700BF003F00B0A5
:10651000014B0020D9667047003F00B003282DE9E9
:10652000F347884664D8344B13F80090334B1E5C15
:10653000334B13F800A020F0B6FA074604F00CFD28
:10654000054640B100230022CDE90033012000239D
:10655000002104F035FB04F007FD48B100230022C0
:10656000CDE90033002000234FF4004104F028FB64
:10657000002E3BD0234BDC6C04F00804224B314648
:106580004846DC6404F0FAFD012352463146484691
:1065900004F07EFE1D4BDC64D5B11D4B1868816B89
:1065A000D83003F025FB1B490868FFF7CFFD4FF0FB
:1065B000FF330B60184B1A68511C06D06FF07E40F9
:1065C0001649C863A1F58051CA634FF0FF321A60C3
:1065D000B8F1000F04D0124B002103205B689847EC
:1065E000384602B0BDE8F04720F061BA3446C5E74E
:1065F00002B0BDE8F08700BFE0290408DC290408E8
:10660000D8290408004000B8006000B8005000B865
:10661000D8300020104D00200C4D002000E000B8C4
:10662000044D00200F4A536C13F0A00F15D1906C4D
:1066300010F0040013D10C4BD3F8EC3E23F07F4351
:1066400023F0FF035BB1D368C3F30362092A07D0C9
:10665000B2F10C0018BF01207047002070470120E4
:10666000704700BF000002B8003000B0074A084B76
:1066700030B10221C2F864120422C3F864227047C8
:106680000421C2F864120222F7E700BF006001B8DB
:10669000005001B870B50D46064620B91B4B1B686B
:1066A000D3B1032017E001F0EDF901282CD1184BEC
:1066B00093F90040D6F8C830C4F11C040BB193F92B
:1066C0002630E41A641BC4F12B03002BB8BF5B42D5
:1066D000232B0CDD012070BD01F10F03002BB8BF8F
:1066E0005B42232BF6DC0A4B19700020F3E7F574AC
:1066F00020F0D9F9074A136A23F4FF2343EAC4239D
:10670000136220F0D4F9F0E70220E4E7D83000204B
:10671000C246002000C000B818B9034B93F900002E
:10672000704790F913007047C246002010B5FFF77C
:1067300093FC03F0EFFE20F0B6F90A4A0121D2F8EB
:10674000BC3E044623F02003C2F8BC3E0222064BA6
:1067500008469A60054B5B689847204620F0A7F9E9
:10676000002010BD003000B0001002B8044D002021
:10677000094B08461A6D91020BD4D3F84021D20779
:1067800008D4D3F8803013F4706F14BF01200020B8
:1067900070470120704700BF004001B8F8B50D46B2
:1067A000836B02EA010423EA0103234383634C4A17
:1067B00001F00B0323EA0401D1642340A2F58052C7
:1067C0006F070646D36410D50121FFF7D1FF60B1F2
:1067D00004F076FC4FF4007314F0040F14BF414A28
:1067E000414A13650422414B5A64E90606D514F068
:1067F000100F14BF00221B223D4B5A652A0618D5E4
:10680000230611D54FF40012364BDA6420F04BF911
:106810000E210746032003F0FDF840F20122344B1D
:106820003846DA6220F043F9214606F1D80003F039
:10683000DFF9EF0503D5E0053CD503F0BBF8A9056A
:1068400003D5A20539D503F0C1F815F48C6F1CD01F
:1068500014F4806236D0737CDB070CD5B28BB6F8AB
:106860000A3193422CD0B6F80C319F1A7B427B41FF
:10687000204A82F8D830D6F8C810304625F041F8C2
:1068800080221D4B98671D4B1A612B0510D504F013
:1068900017FC1B4A14F4006FD2F8EC3E14BF43F00F
:1068A000006323F00063C2F8EC3E04220F4B5A64ED
:1068B0000020F8BD03F078F8C1E703F081F8C4E7E1
:1068C0000123D5E76805D6D5737CD907D3D5094B05
:1068D000114683F8D8200B4B30461B689847CAE70F
:1068E000006000B8005001B8006001B8002002B894
:1068F000004000B8003E00B0003F00B0000002B809
:10690000003000B0D42F0020014B1868704700BF42
:10691000C02F002037B520F0C6F800240123002244
:10692000CDE90034002305461946104604F048F925
:10693000022002F0FFFA064B21461C60054B0220A4
:106940005B689847284620F0B2F8204603B030BD77
:10695000C82F0020044D00202DE9FF4102290D46DB
:1069600016469846039004D1FFF7D4FF04B0BDE863
:10697000F08120F098F81D4F04463B683BB1B342CC
:1069800005D020F094F8002301203B60EEE7184B7F
:106990000022C3F8008001233E60CDE900330023CC
:1069A00000261046194604F00BF9124B02201E7007
:1069B00002F0C0FA33462A46022003A902F0D8FAB0
:1069C0000D4B039A1A6008B92046DAE70B4D2B6885
:1069D00098470128014604D0204620F068F800209E
:1069E000C4E76B6802209847F6E700BFC82F002075
:1069F000C42F0020C4460020C02F0020044D0020DA
:106A0000044B5B6E5B054EBF0120034B187800F012
:106A10000100704700C001B8C4460020014BD86C8B
:106A200003F018B8004001B8014BD86C25F0F3B959
:106A3000004001B8837C5A1F012A01D9082B05D1D7
:106A40004B7C2BB1012B05D0022B05D024F0BFBF0E
:106A500002487047024870470248704720A107006B
:106A600048E8010040420F0070B50E4620F01BF8C8
:106A7000054601F02BF8044620B1284620F017F80F
:106A8000204670BD04F01CFB104B3278D3F8EC3E6E
:106A9000022A23F0F00315D0101F42424241520057
:106AA00043EA02137278022A0ED0111F4A424A4169
:106AB000520043EA8213054AC2F8EC3E0422044B1A
:106AC0005A64DAE70122EBE70122F2E7003000B076
:106AD000002002B870B50E461FF0E5FF054601F034
:106AE0000BF8044620B128461FF0E1FF204670BD98
:106AF00004F0E6FA104B3278D3F8EC3E022A23F089
:106B00000F0314D0101F42424241520013437278C7
:106B1000022A0ED0111F4A424A41520043EA820320
:106B2000054AC2F8EC3E0422044B5A64DBE701221A
:106B3000ECE70122F2E700BF003000B0002002B80D
:106B40002DE9F8430E780446042E0D4690F8108186
:106B50000BD100275FFA87F9484601F0EBFD08B139
:106B60004E4602E00137042FF4D1304601F0E2FD39
:106B7000002845D094F81031B34208D1AA88A36CFC
:106B80009A4204D16A88B4F812319A4235D084F816
:106B90001061AB883046A4F814316B88A4F8123128
:106BA000AB8804F58875A364FF23237625F0A5F848
:106BB000E075284601F04EFD18BB284601F0B0FDF7
:106BC000F8B9D4F8C43053B194F81011414506D047
:106BD0002046B3F91220F2F74DFB84F81901204644
:106BE00001F026FE0949A4F814010123084AD1F84E
:106BF000FC1004F1D80003F0F9FD0020BDE8F88393
:106C000001200C2384F81031F8E700BF004F00B0DA
:106C1000A43F00B070B5054690F810010C460C2852
:106C20001DD0FF291DD01AB14FF0FF320E4B1A6054
:106C300025F063F8064695F8100101F0EBFD84425B
:106C400028BF0446E4B2B44238BF3446E0B22876E6
:106C500001F004FFA0F1FF035842584170BD02202B
:106C6000FCE70120FAE700BF204D002010B590F8A6
:106C7000103104460C2B3ED0D0F8C430C175BBB3E4
:106C8000D0F8D420DAB990F819318B421DD3002204
:106C90002046FFF7BFFF88B9184B1B7813F0FD0F94
:106CA0000BD1204601F0C4FD15490123154AD1F846
:106CB000FC1004F1D80003F099FD002010BDB0F9DC
:106CC0002820B3F912309A42E1DD0022204694F8E0
:106CD0001911FFF79FFF0028F0D1C4F8C400204627
:106CE00025F07DF901462046BDE8104005F0EABADE
:106CF000FF230376E1E70220E0E700BF8851002090
:106D0000004F00B0A43F00B0F0B504468FB001F0D2
:106D100043F8236C0546012B00D010B128460FB074
:106D2000F0BD7249204625F037F8D4F8C46001461A
:106D3000A58BC4F8C8003EB133682BB15B681BB1AA
:106D40001A68032A00F2A0801FF0ADFE014620461B
:106D5000FFF70AFA074608461FF0A9FED4F8C81044
:106D6000B3898DF80E70EB1A9BB2D6E9012000FBB7
:106D700003225F48ADF80C30036802928B4207D0C3
:106D8000204624F0BEFD80225A495B4B88671A6179
:106D90005A4D594E00F076FE0128FBD12B6CDB07D3
:106DA000F8D4736CDF01F5D4D4F8C81020460D91E7
:106DB0009DF80E20029908AB03F0CEF9002843D1CC
:106DC00000F060FE0128FBD14B4A4C49536CD801BE
:106DD000FCD40B6CDB07F9D408A901A803F042FB33
:106DE0000546002830D1A28B454B5A64237C60F3C2
:106DF0004103237401F09CF8D4F8C4305969431E50
:106E00000E68DBB2FD2B049622D84B68012805934F
:106E10002ED10126DF1C06D901333A4B5B6853D0D3
:106E2000DA1C4ED80593024604A9204600F0FAFF6A
:106E3000002E7FF473AFD4F83C31990527D4237C1E
:106E400043F00203237469E7022528460FB0F0BD22
:106E5000F71C13D92B4B01361B6818BF0126DA1C0F
:106E60002AD804934B68FF280593D3D00020DAE793
:106E70000246204604A900F0D5FF4FE74B68FF28E3
:106E80000593C6D02A46F4E79F6A7F0E68E74FF461
:106E90008031204624F0AFFCD4F8383100EA0302F8
:106EA000D4F83C310B4052EA03013FF437AF1649A6
:106EB00020460968884731E7FF284B6813D00593BF
:106EC000B6E7FF28B4D1D1E7DE1C06D8024620463B
:106ED00004A9059300F0A6FFADE7FF28ABD100227F
:106EE000204604A9F6E70120059393E7FC4F00B084
:106EF000B02F0020003F00B0000002B800C002B870
:106F0000008001B8284D0020144D002010B50C461B
:106F100019B124F04EFE00B10434204602F0A2FA6A
:106F2000024B4042C3F8DC0E002010BD003000B020
:106F300070B58030814214BF0C46002416461FF005
:106F4000B2FD4FF49C530C490546CA68C2F3036274
:106F5000D340DA0702D54B6C9B030AD420460122AA
:106F6000314601F009F9044628461FF0A0FD2046ED
:106F700070BD0324F8E700BF000002B82DE9F74F09
:106F800007461646084619B9012003B0BDE8F08F40
:106F9000002AF9D0032904D8002101F073FA00284F
:106FA000F2D004888378B4F5804F03F0070280F0B4
:106FB000DD80A2F1070EDEF1000141EB0E01052A92
:106FC00090F804C04579C088317394BF0021C3F3A1
:106FD0000011C3F3801E7173990986F810E001F067
:106FE0000201C3F3C00E41EA0E01C3F340137174F2
:106FF000B37486F813C0BB6BB082DB0600F1A280CD
:10700000063A012A00F29E80594B4FF001095B6D50
:107010004FF03A431A6DDB6C083C03F0070306336C
:1070200009FA03F9002309F1FF3942F0005A04EA92
:1070300009041AF80480013404EA0904B360631DEA
:1070400003EA0903B8F1800F1AF80320B97C03F1B1
:10705000010318BFA8F1320803EA090308BF6FF063
:107060007F081AF8033018BF4FFA88F861B3002080
:10707000D7F8D0300BB141469847631CF07386F8BF
:107080000E8003EA09031AF80310013303EA090327
:107090001AF80320013303EA090341EA02211AF82E
:1070A0000320013303EA09031AF8030041EA02410D
:1070B000002341EA0061727C384603F007FC062396
:1070C0003060B371002060E72A49D1F83812C80750
:1070D00009D51AF804305B0103F47E63FF2BC6D890
:1070E000D843C0B2C4E742EA0323D9040FFA83FBB2
:1070F00024D5D7F8C830A3B11A68022A11D993F859
:107100002400CBF30B03DB0008B1B3FBF0F39D428B
:10711000ADD8002BABD0C5EB0520B0FBF3F0C043DE
:10712000DFE731463846FFF785FC0190384624F00A
:107130003EFC019BB3FBF0F0C0B2E2E71AF804009A
:107140004000CEE700230020F3730B4BDA69C2F353
:107150000723120448BF63F0FF035AB212F1800FF5
:107160001CBF323B5AB2B2730346A9E702200CE7B8
:10717000004000B8004001B800C000B811F5004F51
:107180001FBF01F30E01044BC1F30E01002014BF19
:1071900099640120704700BF008001B82DE9F041DB
:1071A00004460E4611B9037C5A064AD44FF6FF73C3
:1071B000218CD4F8C870994204D0334B1B680BB1B2
:1071C00020469847314D2B68BB4255D0304B1B6849
:1071D00033B1002F53D0396801B1B96820469847C0
:1071E0004FF00708204601F023FB002E39D0294B31
:1071F00093F90030C3F11C0317B197F926209B1AAD
:10720000062094F9136024499B1B0A6ADB0222F4CE
:10721000FF2203F4FF2313430B62D4F8C8201F4B53
:107220002A60986701F0C6FC002501211C4A1D4B0D
:107230001170204683F8845024F0F8FC2846BDE8FD
:10724000F0814FF6FF71114DD0F8C8702A6866F3CF
:107250008613974201840374B8D101F0E9FA4FF024
:107260000108114A4346D2F8FC1004F1D800A2F6F6
:107270005C7203F0BBFABAE74FF00108B2E7394697
:1072800020469847ACE700BFBC2F0020B02F00205D
:10729000B82F0020C246002000C000B8006000B82F
:1072A000C3460020003F00B0004F00B02DE9F84376
:1072B0000D4600F0E7FB0128044630D1194F3B781A
:1072C00083B92846F1F7CAF8054610B9F1F730F945
:1072D0002C463B781BB10121022003F031F92046F6
:1072E000BDE8F8830021022003F02AF924F00DFD07
:1072F0000646DFF83490DFF83480D9F8F4331B0702
:10730000DFD424F002FD801B404541F60E424FF0D1
:1073100045018CBF0020012005F062F8EDE7022452
:10732000DDE700BFC5460020000002B83F420F0065
:1073300008B558220021064823F005FD1022FF2140
:10734000044823F000FD04F075FD002008BD00BFD7
:10735000F03E00B0343F00B00C2337B580F8103158
:107360000023C3746F23C0F8E0308623A0F8F43004
:1073700064234FF0FF35C0E93933C0E93B33FF23C5
:1073800004464375C0E908558564C575058303F057
:10739000F3FD2046FFF7CCFF0122164B2046C3F831
:1073A000382294F91310FFF775F96023124A41F659
:1073B000FF71D3644FF03A42116311670F4A2946B7
:1073C000D36440220E4B20465A64A26BFFF7E6F9C5
:1073D0000E230022CDE9003340F202231046194665
:1073E00003F0EEFB01F0C0F9204603B0BDE83040E9
:1073F00004F0DCBF005001B8004000B8005000B8F5
:10740000002002B810B50C46FFF792FFCCB1A3786C
:10741000082B18D8E278082A15D843EA021313F08B
:10742000FF030CBF19466168084AC2F8F0102178C2
:1074300082F84411617882F8473182F8451104F0EE
:10744000F9FC002010BD0120FCE700BF003E00B0A9
:10745000012A10B512D8032B10D803EB82020123A6
:10746000074C934094F84601DBB221B1034300205E
:1074700084F8463110BD20EA0303F8E70120F9E75C
:10748000003E00B0044BD3F8EC3E13F0806F14BF05
:1074900023200020704700BF003000B00246F8B53E
:1074A000B0F8144100F1D805FFF7ECFF0B688E68C7
:1074B000013304BFD2F8E0300B604B68013304BFE6
:1074C000D2F8EC304B60771C37D1D2F8E830CF6877
:1074D0008B607E1C38D1D2F8E4600F69CE60013732
:1074E00004BFD2F8D8700F614F69013704BFD2F8DA
:1074F000DC704F618F69013704BFD2F8F0708F6183
:107500008F6947BBC0F1640408688C61C2F8E83039
:107510004B68C2E93806C2E93B340B692846C2F819
:10752000D8304B690F49C2F8DC30D1F8FC10072382
:107530000D4A03F05BF90020F8BD04F16F031B1A3C
:10754000B34238BF3346C2E704F18606361ABE425C
:1075500038BF3E46C1E76F34241ABC4238BF3C46B0
:10756000D2E700BF004F00B0A43F00B070B51FF0DD
:107570009AFA05460B4E00F085FA012804D02846F9
:107580001FF095FA022070BDF36813F0706FF2D10E
:10759000F46814F08054EED128461FF088FA204693
:1075A000F1E700BF000002B838B51FF07CFA4FF6D3
:1075B000FF710A4A13888B4203D11FF078FA032027
:1075C00038BD074C074D1B046567A4F580546367FD
:1075D00011801FF06CFA0020F2E700BF86510020F6
:1075E000006001B80000FFFF2DE9F743044688461C
:1075F0001546FFF717F880B1704F02F08BFF7B69DB
:10760000DA0740F1D8801FF04EFA0646032001F059
:107610008FFD30B130461FF04AFA022003B0BDE8BA
:10762000F0837F6917F00607F4D130461FF03FFA68
:10763000634B4FF400612046D3F8EC9ED3F8C46E40
:1076400004F0B2FB40B14FF4007201215D4B0846DB
:107650005A643A4624F095FC637CDB0706D5A36B9D
:107660005F0542BF4FF40022574B5A644146204603
:1076700004F028FE524BC3F8EC9EC3F8C46E0028F9
:10768000CCD1237CD80601D4002D55D0C5F34000C1
:1076900003F0DCFC022315F4807F1FBF4A4A00215F
:1076A00053644FF03A420BBF464A916153645363AF
:1076B00003F006FD4FF4806315F0040F14BF434A36
:1076C000434A15F0400F13654FF004023D4B284626
:1076D0005A644FF0400314BF3E4A3F4AC2F8B830E4
:1076E000FEF7F0FD204624F0BDF938B14FF4807369
:1076F00015F0010F14BF344A324A5364A90644D529
:107700004FF6FF72E38C93420FD0344A3449526FE4
:10771000100CC2F301120132B3FBF2F308802B4AC2
:107720002B4930481B0448675367003D18BF0125AB
:10773000237C65F304132374204624F03AFAF0B155
:10774000204624F08FF9D0B14FF40031204604F0E8
:107750002BFB431C03229BB2234801A924F0BAFA55
:107760009DF8042002F00703052B9DF8053015D184
:1077700012070DD443F480731C4AC2F8CC300020A9
:1077800003B0BDE8F04324F0B2BAFFF70DFFCCE739
:1077900013F0040F09D19DF80630EBE703F0300237
:1077A000202A05D113F0010FF4E74FF48073E3E7CB
:1077B0009DF80630E0E7032030E700BF00C001B8C5
:1077C000003000B0002002B8001002B8005001B82C
:1077D000006001B800D000B800E000B8004001B877
:1077E000865100200000FFFF0C0000BA003E00B0F0
:1077F0002DE9F3410646884615461F461FF053F90A
:107800000446032001F094FC38B120461FF04FF9E4
:107810000324204602B0BDE8F081042001F088FC7A
:107820000028F2D120461FF042F92A464146304650
:10783000FFF7DAFE04460028EBD1DFF8C880002FFE
:107840003CD088F8000039463046FEF7A9FC0028F5
:1078500049D198F80030012B2DD02022234B5A64B7
:10786000234B9B6FB3F5817F30D2012024F054FA73
:107870001FF019F91F4B06461B6801934BB10420FA
:1078800001F058FB00230122042001A901F070FB44
:1078900028B301F0D9FC2B061CD50022164B9A67A1
:1078A00001F016FD154B012100205B68984730461A
:1078B0001FF0FDF8ADE703F0B3FBAAE798F800303E
:1078C000012BF8D0002BC8D10124A2E780220C4B59
:1078D0001A61CAE701F0FCFC03F08EFBE2E703F05B
:1078E00007FC0124E3E7044693E700BF001002B859
:1078F000003F00B0B42F002000C001B8044D0020AC
:10790000000002B8C146002008B50A4BD3F84C115C
:107910004B1C0DD011F080410AD10320FEF7FEFD73
:107920004FF08062044B1A6501225A6102229A626A
:1079300008BD00BF0080E00F001002B84FF4002225
:10794000034B586C03F500535A64C0F3C0407047B2
:10795000000002B8024B034A00201A60704700BFC3
:10796000B82F002099600108024B586900F001000F
:10797000704700BF00C001B808B50D4B5A69D10768
:1079800010D518B9BDE8084001F0B0BA5B69DA0754
:107990000DD401F09DFA0323064A1364A2F5805228
:1079A000536404E05B69DB0701D40028F1D108BD12
:1079B00000C001B800A0095030B56FF04044114D2F
:1079C0002040C5F85042104CC4F850024FF0FF3030
:1079D000C5F85402C4F8541238210A40C5F864129C
:1079E000C4F8642209490A4A0020C2F8C810A2F566
:1079F0008052C2F8C8300423C5F864320223C4F8A8
:107A0000643230BD006001B8005001B80000FFFFD3
:107A100000E000B890F91030002B0CDA4FF08053E2
:107A2000064A29B19360A2F58052D36000207047C6
:107A3000D3609360FAE70320704700BF006001B88D
:107A40004FF0806310B1024A53617047014AFBE76F
:107A5000001002B8002002B8202350B1064AC2F834
:107A6000F433064B196C11F0020104D1032002F02B
:107A700067BD034AF3E77047001002B800C002B8C0
:107A8000002002B80F4BDB68C3F30363013B0B2BF1
:107A90000FD8DFE803F006060C06060606080A08FB
:107AA0000808022070470420704705207047032013
:107AB0007047054B5B6913F0060F0CBF01200420D3
:107AC000704700BF000002B800C001B8094AD3687F
:107AD000C3F303630B2B08D06FF49050184100F0F0
:107AE000010080F0010040007047506C10F48030BD
:107AF000EDD17047000002B80E4AD368C3F30363A8
:107B0000062B07D8042BD8B20FD8C31E58425841B1
:107B100040007047072B0AD1D2F8680120F4C0203A
:107B200020F0A0000028E8D1704702207047002014
:107B3000704700BF000002B8094BDB68C3F3036362
:107B40009A1E012A8CBF00220122012B02701EBF47
:107B50004FF4026222FA03F303F001030B70704743
:107B6000000002B8094AD368C3F30363032B01D0B2
:107B7000072B08D1936CDB0605D4D06C80F008008D
:107B8000C0F3C00070470020704700BF000002B87B
:107B9000024B0022196823F0F4BF00BF64160408EA
:107BA00010B5FF224FF6FF71044624F005F868B9BE
:107BB000FF224FF6FF71204624F00FF830B920461F
:107BC000BDE81040FF22024924F019B810BD00BFE3
:107BD000EC29040810B55B0743EA02439DF808202E
:107BE00043EAC163520502F0BC621A43064942F4FB
:107BF000C872044604F0C4F8002220461146FFF77C
:107C000097F9002010BD00BF9007E12D37B50C4655
:107C100005460B4B1A680B4B19680B4B186801F0A3
:107C20001DFD94F828302846009394F82B3094F8E2
:107C3000292094F82A10FFF7CDFF03B030BD00BF14
:107C400068300020643000206C30002008B5FFF759
:107C500089FF90B10A4BDA6911030ED55A6C920371
:107C60000BD4DB6C13F0100F4FF0100303D1054A57
:107C70000020D36408BD044AFAE70220FAE700BFF7
:107C8000000002B8001002B8002002B8034610B588
:107C900000B3124AD16909031ED5946CC4F3811450
:107CA000032C15D0022C17D122460D49B1F8C8007B
:107CB00001F10061801A01F536710144184623F084
:107CC0000BF8064A0472D26C120A4272002010BDF0
:107CD0000822EAE70120FAE70220F8E7000002B8EC
:107CE000003E00B070B50C460546094E094800221A
:107CF000012C08BF3046084B0849FFF75DFE631EA4
:107D00005C425C412B7C002064F3C7132B7470BD74
:107D100091D1061990D106190000F6289E0C4B54FB
:107D200004292DE9F04104460F462CD84E1EF6B228
:107D3000032E8BBF0025154BA84613F806809CBF69
:107D4000134B9D5D23F035FF78B94FF000084FF4D9
:107D5000603200200F4B6D045A6245EAC835A3F526
:107D600080535D62A776BDE8F0812046FEF7CAFB2E
:107D700080B28428E9D8022EE9D8217C2046C9099E
:107D8000FFF7B0FFE3E70120EDE700BFE8290408B3
:107D9000E429040800E000B810B5837C022B08D168
:107DA0001A4BD3F8981031B9828B272A0ED90320A9
:107DB00002E0042B01D0002010BD144BD3F8983002
:107DC000002BF8D1828B272AF1D80121104B18689B
:107DD000104B984214BF31246FF003040B4818BFB6
:107DE0000023A0F8B24008BF012350246343282495
:107DF00004FB013308491944895CFA31A0F8B81032
:107E000006490B449A5C064B1A70D4E7003E00B05A
:107E10000430002000F04902E42A0408F429040890
:107E2000C646002010B5124B0C68C3F87842C3F860
:107E30007C42C8B1D0F8C430B3B15B69A3B1501E65
:107E4000C0B2FD2812D9013404BF6FF001000860F0
:107E50000868FF2A186007D14A68013202D16FF022
:107E600001024A604A685A60002010BD012AF2E708
:107E7000004001B8F0B585B06D460E460F4B074681
:107E800014460FCB85E80F000D4BD3F84802009045
:107E9000D3F84C2201923EB1631EDBB2FD2B0AD90E
:107EA0003060FF2C00D17260224629463846FFF729
:107EB000B9FF05B0F0BD012CF4E700BFD42B0408D6
:107EC0000080E00FF0B585B06E460D4B07460D46BD
:107ED0000FCB86E80F0000F02BF83146044602462F
:107EE000384624F022F84DB140B9FF2C1BBF04AB3B
:107EF00003EB8404009B54F8103C2B6005B0F0BDEC
:107F0000D42B0408FF2818BFC3434FF0180108BF43
:107F10001023064A18BFDB00C2F8FC1318BF03F099
:107F20000803A2F58052C2F8FC337047002002B863
:107F3000024BD3F8F807C0F3C0407047000002B806
:107F40004FF03A43D3F81421D2031ED54FF48032B8
:107F50000E49C1F81421A1F58051C1F818215A6DBC
:107F6000D1B2C2F30722C3F8A410C3F8A42004229C
:107F7000C3F8A4200022C3F8A420C3F8A420C3F8A7
:107F8000A420C3F8A420C3F8A4207047002000BA9E
:107F9000F8B54FF03A440D46174606461EF083FDED
:107FA000012304226363084BE76026616561C3F81F
:107FB00014214FF00042054BC3F880211EF077FDDD
:107FC0000DB102236363F8BD002000BA00E100E0B8
:107FD000054B012218604FF03A435A6740F6FF7292
:107FE000D96418651A677047E02F00202DE9F04129
:107FF00005460124006800F00700063004FA00F38B
:10800000A868EC685E1EA04262D000EA060E6C68AA
:1080100010441E430640A3EB0E000EEB040C8242FC
:10802000644618D9D31A0EEB030298B1431E052BF0
:1080300004D94B1CACEB0303022B59D80B46084464
:10804000ACEB010E03EB0E0113F8014B83420C70F5
:10805000F8D101466C688AB1531E052B01F101036A
:1080600002D9E01A022812D80A44611E00E0013346
:1080700013F8010C934201F8010FF8D11EF013FD23
:108080000223AE60AB62BDE8F0411EF010BD0B46AE
:10809000204622F0030E8E4453F804CB734540F87B
:1080A00004CBF9D122F00303D01A920701EB030CA1
:1080B00004EB0307E2D0CA5C0128E254DED09CF84E
:1080C000013002287B70D9D09CF80230BB70D5E714
:1080D000042A35D90878043AA86148780431A8619F
:1080E00011F8020CA86111F8010CA861A8688CE7CE
:1080F0000B4620F003070F44ACEB010E1C684EF852
:1081000003400433BB42F9D120F0030310F0030F06
:1081100001EB030EA0EB03040CEB030728D011F8CE
:108120000380012C0CF8038022D09EF80130022C31
:108130007B7018BF9EF80230084418BFBB7088E7F8
:10814000013A032A12D8DFE802F00F1507020B46A6
:1081500013F8012B1946AA610A4612F8013BAB61DC
:10816000114611F8013BAB610B78AB61BDE8F081C2
:1081700008446EE70A46F3E738B50B461546014654
:108180004FF03A4470B101221048C4F8F4201A4666
:10819000FFF72CFF25B14FF03A430422C3F8F42037
:1081A000002038BD73B1D4F8D8209A4284BF012290
:1081B000C4F8F4204FF03A42C2F8D4300223C2F897
:1081C000F430E7E70123C4F8F430E3E7CC0000BA69
:1081D00010B51EF068FC4FF03A4301225A67C3F80D
:1081E000B420C3F88C20154A1549C3F89020072203
:1081F000C3F8B020134B04461A800023124A1380A0
:108200004FF4A022C1F81421A1F58051C1F8182122
:108210000E4A13600E4B5B6C5B020AD54FF4800272
:108220000C4B18680C4BD8305A6450F8A01C01F065
:10823000DFFC2046BDE810401EF039BC08140020C9
:10824000002000BA4243002040430020DC2F0020E1
:10825000000002B8D8300020002002B807220D4BE1
:1082600001211A8000220C4B1A804FF03A43C3F8C8
:10827000F410C3F8CC204FF40052C3F8D000C3F878
:10828000F020F022054B9A64A022A3F580539A6453
:10829000FFF79EBF4243002040430020006000B82B
:1082A0002DE9F041044688B11EF0FDFB3E4E3F4AE9
:1082B0003388032C03F0780105463D4F03F07F0C13
:1082C00011445ED13C6824B91EF0F1FB0320BDE8E7
:1082D000F08124F00104386820F00100A04255D15B
:1082E00000223A6022888C426FEA42426FEA524290
:1082F000228041D12F4CDFF8D4C02788ACF1800810
:108300003A46083A92B201F10800604528BF40465B
:10831000082A04D9B0F800E0BEF5804F41D222808F
:1083200088780C884FF03A413B449B1ADBB2C4F387
:108330000C048C653380C1F89830C1F8B0204FF43C
:1083400080221D4B00F00700C3F814214FF00042BB
:108350001A4BC3F88021FFF7F3FD04280CD14FF42A
:108360008002174B5B6C174B1868174BD8305A6458
:1083700050F8A01C01F03CFC28461EF098FB0020A1
:10838000A5E7601E012898BF0C46A4E7094862448F
:108390000088A21A48BF803208389042A2DC2846E2
:1083A00092E70146ADE700BF4043002008140020DB
:1083B000DC2F002042430020002000BA00E100E052
:1083C000000002B8D8300020002002B88814002035
:1083D0001349144B0A881B8813481344083292B27D
:1083E0000A804FF03A41C1F8B0204FF480210F4A83
:1083F000073BC2F814114FF0004103F07803034427
:1084000098780B4A00F007000428C2F8801103D1C5
:108410000849CA681203FCD4074A1360704700BFBA
:10842000424300204043002008140020002000BAEE
:1084300000E100E0000002B8DC2F002010B5054C80
:10844000206828B1C30701D4FFF72AFF0023236067
:1084500010BD00BFDC2F00204FF48033084AC2F863
:108460001831A2F58052C2F814314FF03A43D3F8D4
:10847000AC30C3F30C03782B01D8FFF761BD704714
:10848000002000BA2DE9F84304460E461EF00BFB0F
:10849000504B81461A885048504D02F07801032C09
:1084A0002D8802F07F03014417D14D4C24688CB90C
:1084B0002A44073A02F0780284180344E31A48BFBA
:1084C0008033AB4210DB48461EF0F1FA0024204610
:1084D000BDE8F88324F00104EFE7012C02D0022C60
:1084E000EBD1083D0C46E8E7002E43D08C4245D145
:1084F0004FF03A42D2F858804FF03A410127CA6C07
:1085000002F0070206329740D1F8AC20C2F30C0209
:108510009A4246DD2588B5F5804FD4D2A378C5F3BD
:108520000C0503F007037A1EA5EB08053A43052B5B
:10853000337005EA02052CD82DB2E84340F23A42E6
:108540000421C00F03F04CFF7580E378254A337493
:1085500012687B1E03EA0803D118B160A9B213FAAE
:1085600085F5BD4291BF0023FF1AB780F2609CBF22
:10857000B180F36048461EF09AFAA8E7A4F1080219
:10858000824238BF04F17802B2F80080C8F30C08C8
:10859000B2E7154B5B6D003B18BF0123A5EBC3058C
:1085A000CAE74B6D7A1EA3EB08033A431A400F4B00
:1085B00015B2DB6862B9C3F30363D91E4B424B416A
:1085C000DB003370094B7280DB6CC3F30723BDE71C
:1085D0000823F6E74043002008140020424300200F
:1085E000DC2F0020E02F0020004000B8000002B87F
:1085F000054BA822D3F84C013121431C0CBF0120AC
:10860000C0F3807003F0ECBE0080E00F10B50F4B9C
:108610001C78ACB90E4BD3F8F8375B0309D490B192
:108620000F23441EB4FBF3F410300444E4B220469C
:1086300010BD40F62A023F21204603F0D1FEF6E7A6
:108640000001C4B2F3E71024F1E700BF8851002015
:10865000000002B838B5294D0446297819B92022FE
:10866000274822F070FB2378264A618813705180D6
:108670004FF2F0022449C1F8C821244A4BBBA1F5AE
:108680000051D1F8F81711F4002F4FF0FF011CBF73
:108690001F48C0F8DC3011704FF040731A4AC2F81E
:1086A00034311C4BD3F8F83713F480230BD14FF43B
:1086B0007F01C2F830111849C1F8303148F2C801C1
:1086C000164BC3F8F4100723C2F8FC330122124BF7
:1086D0000DE000240E48022BC0F8DC404FF0FF00F4
:1086E0001070D9D107230422C1F8FC330A4BC3F818
:1086F000FC23012300202B7038BD00BFC74600209B
:10870000E03F00B088510020002002B8DE51002078
:10871000004001B8000002B8001002B8003F00B0ED
:10872000034B1A6802609B8883800020704700BF5B
:108730008851002010B5044601F048F8094BD3F8E1
:10874000F80734B900F44020B0F5402018BF0120EC
:1087500010BD022C0ABF80F400300020C0F340405E
:10876000F6E700BF000002B82049D1F8FC37FF2B24
:1087700031D01F48C3F303120270D1F8F81703F089
:108780000F0309035BBFC2EB02120F3B02F1FF3282
:10879000D2184ABF03EB0213D3B2DBB2154A164913
:1087A00013700978154B1A68E9B1B2F1A06F1AD3AA
:1087B000D3F85012124A134BB1F1FF3F18BF1346C2
:1087C000114A136041F66A02104B1B68B3FBF2F3C7
:1087D0000F4A13607047D1F8F83713F4002F0CBF1D
:1087E000B4235A23DAE7074BEAE700BF000002B8D8
:1087F000DF510020C9460020DD5100200080E00F3D
:108800005082E00FE42B0408E42F00200430002005
:10881000E82F002020B1022804D1034B18787047BC
:10882000024BFBE700207047DF510020C9460020C3
:108830002DE9F74F846C4C22022C38BF0224784972
:10884000013CCB6CD1F8DC507649C3F38213DA409B
:108850000B680646A34290F81071734BDFF8F0A145
:10886000DFF8F091DFF8F08102F0010214D11878FE
:10887000904211D19AF80000B8420DD1F06C58B175
:10888000A84209D1357E99F80000854204D1B8F894
:10889000040003B0BDE8F08F98F800001A700C6077
:1088A000FFF7B8FF0346002A00F08E8004234FF044
:1088B0007F415E4AC2F8BC305D4BC3F8BC10337ECA
:1088C0001B06C2F8BC30002040F27122594B19211E
:1088D0001B68B3FBF2F36343182BB3FBF1F14FEAD0
:1088E000004400F29080002C00F09880B4FA84F2EA
:1088F000C2F12002C2F10F03012B38BF0123D44083
:10890000A14201D2013B6408421C03F01F01520046
:108910008A40121BDFF830B19208CBF8B0201A025F
:1089200042EA03121343019300EB002300EB0325FB
:10893000414B40F6A40218682B21003818BF0120D3
:1089400003F04EFDFA223C4B02FB04F01B6840F69C
:10895000FF72B0FBF3F00A235843384B00F57A74EA
:10896000C3F8D820019AA3F58053C3F8D820344A1D
:10897000A3F58053C3F8DC50D2F8F827520308D48B
:10898000D3F8DC3003F47F02C3F303531343CBF873
:10899000FC30F5642B4D00F6B8302C6001F094FEED
:1089A0004FF47A72284BC3F8A400C3F8F8002B6880
:1089B000B4FBF2F0B3FBF2F3A8F80430337E8AF88C
:1089C000007089F8003064E7307E984228BF18466E
:1089D000C0B22FB1022F7FF476AFFFF717FE73E717
:1089E000174BD3F8F8371903F7D450B10F230138D8
:1089F000B0FBF3F00130154B1B68034413F8010C76
:108A000062E70120F7E7B1FA81F23CB1B4FA84F3EE
:108A1000D21A002A3FF76EAF0F2371E70F2373E7D7
:108A2000004001B8204D0020C8460020001002B8C8
:108A3000002002B804300020E82F0020006001B8B8
:108A4000000002B8EC2F0020003F00B0E42F00200F
:108A5000DC510020DB5100208851002038B5254B27
:108A600005461A78244C0C2A02D1FF20207038BD0C
:108A7000104623F042F901461046FFF7CBFEA8420C
:108A800028BF2846C0B2884238BF08462378C0B203
:108A90008342ECD020703ABB184BD3F8F83713F46C
:108AA000002321D14FF2F001154AC2F8C811C8B114
:108AB0000F230138C0B2B0FBF3F3591CC3EB03130F
:108AC000C01A431C0D4A1B01D2F8C80143EA013306
:108AD0000343C2F8C831D2F8C8210A4BC3F8FC20BE
:108AE0002078C4E70121EDE7074B1868FFF7A0FEE7
:108AF000F6E700BF88510020DE510020000002B8D8
:108B0000002002B8003F00B0D8300020014B1870A0
:108B1000704700BFDD51002010B5044603F0F6F9A0
:108B200078B1154B1B786BB964B1144B1B784BB102
:108B3000134B1B78013B012B04D84FF40042114B1F
:108B40001A6510BD104B1B6D1B04FAD41DF0ABFF52
:108B5000044602F0B5FA4FF400420C4B2046BDE843
:108B600010401A6502220A4BC3F8D4240422054B94
:108B70005A641DF09CBF00BFCA460020CB460020AF
:108B8000F02F0020002002B8000002B8001002B848
:108B900000D003500122024B00201A70FFF7BCBF27
:108BA000CA4600200022024B01201A70FFF7B4BF12
:108BB000CA460020054BD3F8843013F0030F4FF45E
:108BC000802314BF024A034A93647047004000B8F0
:108BD000005000B8006000B870B5044600F0F6FD23
:108BE00001213A20EFF720F94C4B00201C70FFF7D1
:108BF00093FF4B4A4B4811784B1E012B16D900238B
:108C0000C0F8D43404B35068002836D103294FF09B
:108C1000F80360D04FF6FF71434AC2F88410A2F502
:108C20008052C2F8843000223E4B61E00125167C60
:108C3000D37BB540302606FB030303F501531D60CB
:108C40000023C0F8D434ACB94FF6FF72364BC3F8EA
:108C50008420F822A3F58053C3F884200022314BEE
:108C6000C3F8D424314B4FF080421A65FFF7A2FFBE
:108C7000002070BD506800283DD02D4B02291B6894
:108C800003EB5003B3FBF0F303F1FF334FEA03238D
:108C900043F0F80333D003291DD00129BAD14FF690
:108CA000FF70214943F00203C1F88400A1F580510F
:108CB000C1F8843007211B4BC3F8D41430230120A2
:108CC000D17B127C59431B4B00FA02F25A50FFF73A
:108CD00023FF194BC7E74FF6FF71134A43F0050313
:108CE000C2F88410A2F58052C2F8843004220D4BE1
:108CF000C3F8D424EDE702294FF0F803CFD14FF6A3
:108D0000FF70094943F00103C1F88400A1F58051C7
:108D1000C1F884300621034BCEE700BFCB460020CC
:108D2000F02F002000C00350006000B8002002B8FF
:108D30000430002040D00350001002B8F8B5214F95
:108D400006463D4604460FCE0FC533682B6000F043
:108D50003DFD01213A20EFF767F800221A4BC3F8D6
:108D6000D424A17A627A42EA0142C3F8E024217C49
:108D7000E27B42EA0142C3F8DC24207B617B40EACB
:108D80000142C3F8D8243B78032B19D8DFE803F05D
:108D90001202060C00230422EFF770FF00230422C6
:108DA000217CE07BEFF76AFF01230422A17A607A3D
:108DB000EFF764FF054B1878BDE8F840FFF70CBFEC
:108DC0000120F8BDF02F002000C00350CB4600204A
:108DD000034B1B6D002BBCBF024BC3F888007047D0
:108DE000000002B8004000B82DE9F04700F048FD4F
:108DF0004FF47A762D4BB0FBF6F618604FF4FA7309
:108E0000734307462A48190E1B021818294A4FF0C7
:108E1000000341F10001FAF793FF274BA0F58072A0
:108E200005461A6320B945222B2103F0D9FA012502
:108E30004FF47A724FF0000A6A43534650083102E9
:108E4000FAF77EFF1C4B1D4AB7F57A7F9A601C4BE0
:108E50004FEA056819601B4B8946044618604FEAC3
:108E6000152505D297222B21504603F0B9FA012689
:108E70004FF47A73A8FB030103FB05117308C018B4
:108E800041F1000100233246FAF75AFF0E4B02343B
:108E900019600E4B49F10009A408186044EA89746E
:108EA000054B013C9C63BDE8F08700BF0430002007
:108EB00020A1070040420F0000C001B802110100CC
:108EC00014300020103000200C300020083000202A
:108ED0000822044BC3F884215A600122024BDA6055
:108EE000704700BF00E100E000C001B80822064B57
:108EF000C3F88421C3F88420BFF34F8FBFF36F8F73
:108F00000422024BDA60704700E100E000C001B8C3
:108F100010B50446A242A2EB0000A3EB010104D26B
:108F2000034B01399B6B0133184401F0030110BD61
:108F300000C001B838B501250A4B02019D504FF41D
:108F400080730446084A834053661DF0ACFD074A0F
:108F5000A540137823EA05031370BDE838401DF0DF
:108F6000A6BD00BF00E101B800E001B8D446002072
:108F70002DE9F84F164605468A461F461DF093FD1B
:108F8000022E00F0918080461DF098FD5A4B5B4AFE
:108F9000D3F8209092F865405A6EE4B2520744BF6D
:108FA000D3F82090013404F003041DF08DFD4846F1
:108FB000214600F045FA8446DAF80000012E04BF8D
:108FC00001306044ACEB000C08BFCAF80000BCF1F3
:108FD000804F7DD300F046FA8145A1EB040188BFA4
:108FE000454BDFF838C188BF01F1FF3101F00301C3
:108FF00088BF9B6BA0EB090E0CF80510A1B1F90717
:1090000042BF41F61F723E4B5A67BA0742BF3C4B04
:109010003C4A5A677B0742BF0022374B9A673C079E
:1090200042BF0022344B9A6511244FF0010A324BA3
:1090300005F11002120103EB051BCBF80C013249BC
:109040009C501A6A0AFA05F4586E0B78A2EB0902D2
:10905000E4B2234372450B7025D34FF48073AB40C9
:10906000034220D11CF80520002A40D10EB3274A24
:10907000F807536607D541F61F7140F20110204BE7
:10908000596750675967B90706D51D4B1D4A1F49D7
:109090001F485A6748675A677A0742BF01221D4B2B
:1090A0001A613B071AD440461DF001FD0120BDE8BE
:1090B000F88F194A2D0142F805A042F89C3C1DF09A
:1090C000F2FC11490B7823EA04030B701DF0EFFC4E
:1090D00040461DF0ECFC0020BDE8F88F2120FFF792
:1090E00077FE4FF48032044B4046DA60DCE7074AF3
:1090F00040465366D8E700BF00C001B8003E00B04C
:1091000000E001B800001F1FD446002000D001B8C5
:1091100000000101000002B800E101B8CC460020C7
:10912000024B1878003818BF01207047D446002041
:10913000034B10300001185800F00100704700BFC9
:1091400000C001B8044B01F0F071103041F0030190
:1091500000011950704700BF00C001B870B5064645
:10916000FEF702FC044608B1FFF7C0FE00230A4DDB
:109170003046AB61EB612B6200F074F9074BC9B26A
:1091800083F8651028622CB1FFF7A2FE4FF08062D1
:10919000034B5A64002070BD00C001B8003E00B00F
:1091A000002002B82DE9F0419DF818800D46B8F175
:1091B000000F08BF0022214EB5F5803FB168074679
:1091C00021F4700141F4A001B1609DF820409DF8A8
:1091D0001C104FEA042444EA016444EA031444EAFC
:1091E000084444EA02044FF0180140F2D5222CBF93
:1091F00000200120746503F0F3F83564B8F1000F26
:109200001AD00F4BBC68D3F8B8306F2C38BF6F241E
:109210005B0606D500F010FC18B10A4BB3FBF0F367
:109220001C44204600F01EF90130854238BF002260
:10923000024B34BF5A645864BDE8F08100C001B8E5
:1092400000C000B800093D0038B51A4B5D6C2DBB5D
:1092500010242020FFF7BCFD174B9C6002F006FD98
:10926000164BC3F8844101F06FFE48B12A46002036
:109270000821FDF73DF8124B5C66A3F580531C678F
:10928000104AD36803F07063B3F1807FF9D9094BBA
:109290000D4A5A6741F201429A6738BD01F054FE07
:1092A0000028F4D0094B064A5366A2F58052136792
:1092B000EDE700BF00C001B8001002B800E100E017
:1092C00000E001B8000002B8011B011810000020E6
:1092D00008B52120FFF77CFD4FF48032014BDA60A6
:1092E00008BD00BF00C001B808B52220FFF770FD1F
:1092F0004FF48022014BDA6008BD00BF00C001B806
:10930000F8B5174D0446EB6BDB0124D500F046FCA5
:10931000A0FB0446E86B070A050C10F0FF0005D11E
:1093200040F255422B2103F05BF80120EDB2AD0174
:10933000B5FBF0F0FBB210EB831005D140F25A42BE
:109340002B2103F04DF80120024600232046314630
:10935000FAF7F6FCF8BD00F06FFBA0FB0401F9E79B
:1093600000C000B80246012030B50B4CA0F120032C
:10937000C0F1200524FA05F504FA03F32B4304FA9F
:1093800000F595428B4100D330BD0F2801D001304C
:10939000ECE7FF20F8E700BF40420F0010B50C4695
:1093A000FFF7AEFFC30943EA4163C01A61EBD11175
:1093B000FFF7D8FFFF2814D00F220C4B40F010000D
:1093C000C3F8B820A3F58053C3F8B800A3F58053C1
:1093D0005B6ADBB2802B06D02046BDE8104000F06F
:1093E000C9BB012010BD0220FCE700BF00E000B8AF
:1093F00038B51DF063FB084B084A1D6A92F86540BA
:109400005A6EE4B2520744BF1D6A01341DF05CFB82
:10941000284604F0030138BD00C001B8003E00B08A
:109420000346064A103302EB00111B01D1F80C0170
:10943000D158C1F3400122F07ABC00BF00C001B88E
:10944000064B1B68434303EB8171054B1B68A3FB71
:10945000003013F1004341EB000070470C30002056
:10946000083000200C4A20F04043014610B500208F
:1094700014684FF00042E4FB0320084A890F126889
:1094800002FB0300064B9B6B984204D90133013168
:10949000C01A01F0030110BD10300020143000206C
:1094A00000C001B840B1836833B10649C268096899
:1094B00003F13043032A00D8704743F8041B043AF1
:1094C000F8E700BF4830002070B51646054600B3E7
:1094D000F9B1F2B14268104B006803321B68920880
:1094E00000F130409847044688B9EA68A86803321A
:1094F0003146920800F1304022F032FC044630B987
:10950000D5E90402214600F1304021F01CFC204640
:1095100070BD0124FBE700BF244D002070B50C682E
:10952000651C15D0C4F302669E42C4F3074530D1D2
:10953000A4B294422DD804EB8506B24229D2141B62
:10954000A50824F003040E59340F04D0012C09D0CF
:109550000022012303E06B1C51F82320002302604A
:10956000037170BD0D4C34F8133042EA03431A689E
:109570006B1C51F8234001EB83014B6822405E4095
:1095800036F07044EAD11B0F032B04BF8B681A43DB
:10959000E4E7013501EB8501C1E700BFF82B0408C2
:1095A00007B501A8EFF7CCFC254B2649D3F860227C
:1095B000D2B2FF2A1DBFD1F87801130243EA021389
:1095C000D1F878311CBF20F47F621343C1F8F8331F
:1095D0001C4BD3F8F837190354BF09200C20EFF7C0
:1095E00021FBC822184B42F201015A654FF4C022F8
:1095F00003F51043C3F868214FF48032C3F86C219F
:10960000124AC2F8701202F52042D2F8F82712036B
:1096100008D44FF470610E4AC2F8A0104FF42062D3
:10962000C3F8A02001220B4BC3F8002403F53043FC
:10963000D3F86821084B1A6003B05DF804FB00BF43
:109640000080E00F000002B8008001B8006001B89F
:10965000002002B8005001B8D82F0020836810B451
:10966000074C03F1304324681B689C4203D15DF82A
:10967000044BFFF729BF00205DF8044B704700BF83
:1096800048300020134B1B78002B20D0124B134A7C
:1096900000201A60124B134A1A60134B134A1A60C7
:1096A000134B1A68134B1A60134B144A1A60144B6D
:1096B000144A1A60144B154A1A60154B154A1A6061
:1096C000154B164A1A60164B164A1A60704702204C
:1096D000704700BFD5460020543000200C350408E8
:1096E0004C300020542C040850300020882C0408F2
:1096F000384D0020483000206C3000203C2C0408FD
:10970000643000201430040868300020842C0408E1
:1097100060300020242C0408583000208C2C0408D1
:109720005C3000206C2C040838B500231F4C01214C
:1097300063643A20A364E364EEF776FB01221C4BDA
:109740005A6102229A62E368C3F303630D2B01D0CE
:10975000002BF8D11123E3630124164D2C701DF06A
:1097600048FB00232B70144D40F25B722868542193
:10977000C01A18BF012002F033FE104B28681A6887
:109780000F4B1968FFF7A0FE01F0BEF80D4B1868EB
:10979000FFF788FE0C4B1868FFF784FE4FF08062DD
:1097A000034B5A6103F580535C6138BD000002B879
:1097B000001002B8D54600204C3000205030002068
:1097C000543000206C3000206030002001230D4A0E
:1097D0000D49C2F8803291660C4A53600C4A5360BE
:1097E0000C4A5360A2F580425360A2F54042536098
:1097F00002F5C032536002F580425360A2F5004288
:109800005360704700900050FF0B001600D000B866
:10981000001000BA005001B838B50324FFF7D6FF96
:10982000114A124B124D1A65FFF7BAFE114BC3F8DD
:10983000104101232B6500F06DFE4FF460736B61E6
:109840004FF400732B65FEF773FB0021FEF75AFB04
:109850004022094B1C64A3F580535C64074BC3F89A
:1098600084215A6038BD00BF0048F000000002B8F3
:10987000001002B8005001B800A0095000E100E05B
:1098800008B5EDF729FC044B1B6FC3F3004301330C
:10989000B0FBF3F008BD00BF0080005070B5044677
:1098A00098B1B1B13A4A52F8043B834213D1002334
:1098B000384A116CC907FCD4374800EB830022F00A
:1098C00058FA364B106001221A6470BD01330C2B1C
:1098D00002D1334D2CE0012352F8041BA142F5D1F3
:1098E000304A32F81330E3E7C2F3016335F813006E
:1098F000110C93B211F0FE0F43EA0043606820D0D0
:109900000434CAB2022A216808D9D4E90160033AB2
:10991000C3E9001698600C340C33F3E704D1626895
:10992000C3E90012083403E0012A01D104341960AC
:109930002268531CD8D10022164B1A6003F58053BD
:10994000C1E7120F072AEDD8DFE802F00704090D7E
:109950001013181DC04303F500531860E2E71A689E
:1099600042401A60DEE703F58053F6E722F0D4F9AF
:10997000D8E7012203F580538240F2E7012203F584
:1099800000538240EDE71A6830EA0202FBD1C9E7D2
:109990001830002000C002B8404000B000D002B82B
:1099A000F82B0408424300200122014B1A6570473E
:1099B000001002B80122014B1A657047002002B85E
:1099C0004022014B1A657047002002B84022014B2B
:1099D0001A657047001002B80B4B1B68D3F8C830EB
:1099E00023B11A68022A01D9186A7047074B9A6E88
:1099F00090B238B1064BC2F307421B68DB085343F1
:109A0000B3FBF0F0704700BFD8300020004001B831
:109A100004300020064BDB68C3F30363984206D191
:109A2000044A936E23F0F00343EA011191667047F4
:109A3000000002B8003F00B0054B1B68D3F8C830E7
:109A400013B11A680A2A01D8FFF7C6BF186C70470D
:109A5000D830002008B50146FFF7BEFF0F4AD2F804
:109A600068311B040E4B48BF40089B6C03F4C05385
:109A7000B3F5805F0ABF536EC1F30113C3F34163B3
:109A8000012B02D0022B02D008BD4008FCE7C1F335
:109A9000C4210131B0FBF1F0F6E700BF004001B88E
:109AA000004000B82DE9F3470F4622F02EF90025BB
:109AB0008046DFF8B890DFF8B8A01CF0F4FF0DF195
:109AC000070106460DF10600FEF736F89DF8063050
:109AD0008BB9791C2CD022F018F9A0EB0805304680
:109AE0001CF0E5FF9DF8063013B99DF8073053B31D
:109AF000AF42E2D827E0D9F80C3013F4603FE8D049
:109B0000D9F818301A04C3F389141ED4013701D0D0
:109B100022F0FBF830461CF0CAFF24B26FF4FF734A
:109B2000A4F1C8009842B8BF184602B0BDE8F0875B
:109B300030461CF0BCFF9DF80630002BBDD19DF8CF
:109B40000730002BB9D10848EFE77B1C44EA0A0430
:109B500003D022F0DAF8A0EB080530461CF0A7FF8E
:109B600014F5007FBED0D9E700FEFFFF00C000B8AB
:109B700000FCFFFF10F1800F04D04D28CEBF7F20E6
:109B8000323040B2FF22044BC0B25A62A3F5805378
:109B900058620020704700BF00E000B80B4A10B5C3
:109BA000136F0B4C116F03F00703E35CC1F3CD019E
:109BB00001FB0333126F0748C2F3454202FB033334
:109BC00000688001B0FBF3F010BD00BF004001B899
:109BD000F02B040804300020044BD3F8B03010B14F
:109BE000C3F30332027003F00F007047000002B8A5
:109BF000064B01F080015B6C03F480030B4302BF52
:109C00004FF40012024BDA64704700BF000002B844
:109C1000006001B80F4B1B788BB1012B11D10E4A9C
:109C2000012102F580528B4291600FD80A4A0B49FC
:109C3000002B08BF0A4693689B07FCD47047074A6D
:109C4000EEE700224FF480539A60FFDE00239B680A
:109C5000FBE700BFD6460020004003B8000003B871
:109C600038B50B4B0B4C002818BF1C46A569E3699F
:109C70001D4007D0084B1B682BB12846984704F5B8
:109C80000054A56138BD6B05F9D5FFF7C3FFF6E7B2
:109C9000004003B8000003B870300020124B197860
:109CA00009BB124AD06C5860D2F888009860526F95
:109CB000DA600F4AD0681861D06B5861D2F8080199
:109CC0009861D2F80C01D861106B1862506B586221
:109CD000926B9A6201221A70064B074AD3F8BC0EA7
:109CE0001060C3F8BC1E704778300020004001B8F7
:109CF000004000B8003000B074300020164B1A78D5
:109D00004AB35968154AD1649968C2F88810D9686D
:109D100051671969A2F58032D1605969D163996997
:109D2000C2F80811D969C2F80C11196A1163596A8D
:109D30005163996A9163012102F5005291641021E7
:109D4000A2F58052C2F8841000221A70044B1A68DF
:109D5000044BC3F8BC2E704778300020004001B897
:109D600074300020003000B0194A38B5D36C03F4C9
:109D7000E071C02921D003F0C003802B23D1154B03
:109D8000154A01255A67302203F580535A67052288
:109D9000A3F59033DA6003F580539D641CF083FED5
:109DA00004460E4B29461D610D4B00205B68984709
:109DB0002046BDE838401CF07ABE23F4E07343F03F
:109DC0008003D364DBE70023C2F88830D7E700BF05
:109DD000004001B8005001B80F00FFFF000002B8BA
:109DE000044D0020012838B501D0042831D11D4B85
:109DF000D3F8082122F48042C3F80821D3F80C21BB
:109E000022F48042C3F80C210122DA6324221A636F
:109E10004FF480725A634FF49C729A63102203F5D8
:109E20000053C3F88420052201250E4BDA6003F5A8
:109E300080539D641CF037FE04460B4B29461D6180
:109E40000A4B00205B6898472046BDE838401CF06C
:109E50002EBE3F22064B5A67064AA3F580535A6727
:109E6000E1E700BF004000B8000002B8044D002048
:109E7000006001B81200FFFF2DE9F04F0A460C46C2
:109E800085B00021814620F05EFF304B5D6915F002
:109E9000010504D00024204605B0BDE8F08F02F093
:109EA000B3F80028F6D04FF06051294E294B2A4ACA
:109EB000D3F84C80D6F88C30D1644FF00061A2F515
:109EC0008052D16424220421C6F88C20234A4FF406
:109ED000804B91604FF480522F46DFF88CA0CAF877
:109EE00068B0F262A74213D304211D4A9160A2F523
:109EF000F032C2F88C304FF06052174BDA6408EA47
:109F00000203184AD3644FF48042174B9A66C2E7A3
:109F1000B26E5104FCD5B268D205F9D5CAF868B062
:109F2000D6F890200135012D0392DBD9E21B042ADB
:109F3000A8BF042209EB070003A90193009220F0B7
:109F4000CBFE009A019B3A4497B2CBE7000002B8DF
:109F5000004000B8004001B8006001B8001002B82D
:109F6000002002B8005001B8006000B84FF60401AC
:109F70004FF60502044B01201B6C9BB28B4208BFBD
:109F80001346024A136670470080E00F00C001B814
:109F90002DE9F74F81460F464FF0FF35FFF728FABE
:109FA000002601908A462C463046DFF8D8B006F1EC
:109FB00010031B015BF8033003F00308B8F1010F35
:109FC00015D13046FFF72CFA02460B460198514650
:109FD000FEF79EFFDBF8643006F10802D340DB0792
:109FE00039D5002F40D000252C463E604046013632
:109FF000082EDCD160B3234A0027D2F808C0916B49
:10A000000CF440330131A4FB0141641941F100011A
:10A01000B3F5003F30D1536B0CF4405C013347F192
:10A020000006BCF5805F22D1156B15F5807505FB28
:10A0300006F647F1000203FB0266A5FB0332324439
:10A04000594304FB0212A3FB04341444C9E900344D
:10A0500003B0BDE8F08FA84271EB0403C6D207B18C
:10A060003E6005460C46C1E73D463C46BEE732022F
:10A0700042EA13621B02E3E7136B13F5807347F1A7
:10A080000002DDE700C001B8034B1A6E596E03F5FC
:10A0900000530A401A66704700800A502DE9F341C8
:10A0A00005460F4668461146FFF772FF0646B0B1F7
:10A0B000AFB1DDE900321B0A43EA0263A5FB03846A
:10A0C000094B120A05FB02441A6812B9FFF7D8FBC4
:10A0D0000246002340462146F9F732FE38603046FA
:10A0E00002B0BDE8F08100BF04300020F8B50B4697
:10A0F000002213F8044B944225D91D68854224D1CF
:10A1000006245A791D79124B88181E6804FB050332
:10A11000104F33F8063C7B43B3420ED900238A5AD2
:10A120007A43964202D804FB0300F8BD9D42FAD957
:10A13000013304FB03F2825AF2E740F243423D212D
:10A14000002002F04DF90020EFE708330132D2E79A
:10A15000A830002040420F002DE9F04F4FF0000ED4
:10A16000A2FB016BDFF8F4C2DFF8F48216EB0C0CF3
:10A170001F466BF10003E0457EEB030383B009D279
:10A1800040F23D220E21704602F02AF9022003B06F
:10A19000BDE8F08FD7F814A00C4615468146BAF1F9
:10A1A000000F04D0DAF80030032B00F29A809E4BA7
:10A1B0009E4A9B6BD2F8FCA0C3F314089C4B1B6F08
:10A1C0005A074EBF4FF440039B0503F0E07348EA83
:10A1D0000308984BD3F8EC305B0048BF48F0807818
:10A1E00048EA4568ECF7A8FF012D0246CED10028C9
:10A1F000CCD0914B984200F0858003F5122303F5F3
:10A20000F863984200F090808C4B984200F0EB800D
:10A21000002501902B4600204FF00071F9F790FDCA
:10A220002B46019A013006FB03F300FB0B33A6FB20
:10A2300000600344C8F31300A0FB0221203300FB9D
:10A2400005119B093B607E4BD20C1C6042EA4131F8
:10A250007C4B18F4801F08BF494219607A4B0C44AC
:10A260001C60BAF1000F5BD000237B60BB60DAF8A2
:10A270001C5018F0807F18BF6408002D46D099F854
:10A280001220093A012A41D9694ED6F83C21D00260
:10A290007FD4DAF80000002C00F0A980B4FA84F131
:10A2A000072900F3A480C1F1080325FA03F304FA97
:10A2B00001F10133B1FBF3F14B004FEA442C0133C0
:10A2C000E40D01E002330131A5FB0362B44574EBF8
:10A2D0000202F7D2C1F30E031B0343F00063BB601D
:10A2E00016E0042BDAF828807FF47CAF18F0807F2A
:10A2F00014BF4FF4400308F0E07328F0E07848EA18
:10A3000003086FE7002351481D468CE7DAF8000088
:10A3100000230628FB603B6102D9DAF830303BB9F4
:10A32000002003B0BDE8F08F002349481D467AE7BE
:10A33000ECF702FFDAF83010FFF7D8FE044610B150
:10A340008378002B56D1ECF7BBFEDAF83010FFF71C
:10A35000CDFE04460028E3D08378002BE0D040797E
:10A3600040F26F52003818BF01203D2102F038F84A
:10A3700020794FF4AE6200384FF03D0118BF012044
:10A3800002F02EF8237962791B0243EA02133B6143
:10A39000C6E781EAE172A2EBE1722E49C8F3815867
:10A3A00011F808C019464FEA8C6C6008CCFB02011A
:10A3B0002246F9F7C5FC0346DAF800000E280ED94C
:10A3C000194A916BB26CD6F83C61D20607D501F4FC
:10A3D000801106F40016314308BFC3F58013C3F3A0
:10A3E00013037B6057E700231B481D461BE72B46E2
:10A3F00021025FE7407940F25452003818BF012033
:10A400003D2101F0EDFF207940F25552003818BF90
:10A4100001203D2101F0E4FF237962791B0243EA28
:10A420000213FB608FE700BF008001B8004F00B04F
:10A43000004001B8000002B800F04902005A620270
:10A44000B0300020AC300020A83000200A3BB2DF42
:10A45000313641DC002C0408D694BFD6006CCA8883
:10A46000807C814A10B5044686B059B9214B4168B9
:10A47000D3F8FC30827A2048059300686B46FFF7DA
:10A480006BFE69461D4B0A685A631A4BD3F8FC30C1
:10A4900033B34B6843B11A4B1A4AC3F83C214A689C
:10A4A000A3F58053C3F83C218B6843B1144B164A83
:10A4B000C3F81C218A68A3F58053C3F81C21134AF2
:10A4C000C868D2F8983123F4EE630343C2F8983198
:10A4D000D2F89031096923F4EE630B43C2F890314E
:10A4E000002022890A4B9A6203F5A033186406B053
:10A4F00010BD00BF004F00B0D8300020008001B870
:10A50000006001B8FFFF0F0000F0FF0F000002B86D
:10A51000004000B8074BD3F88022D20707D55B6E06
:10A52000002B4FF48043B4BF034A044A1365002054
:10A53000704700BF00800050002002B8001002B831
:10A54000064B1A6C9207FCD4022240EA01205860A4
:10A55000034B1A640122034B1A70704700C002B803
:10A5600000D002B8D74600202DE9F041184F05462B
:10A57000FB68C3F30363022B19D121F0C6FB064627
:10A58000DFF85880BC6A14F4802413D1284621F0E7
:10A5900010FB28B10F4B93F8D8200AB183F8D940AB
:10A5A00000220D4B83F884208022094B1A61002081
:10A5B000BDE8F08121F0A9FB801B40454FF07E02F1
:10A5C0004FF047018CBF0020012001F009FFD9E7BF
:10A5D000000002B8003E00B0003F00B03F420F0054
:10A5E00040B10368012B05D90069034B002808BF5F
:10A5F0001846704700487047082C040810B590B101
:10A600000468012C0FD902696AB11168094B102C3A
:10A61000196051685960916888BFD268996094BF89
:10A62000D960DA6010BD10220021024820F08BFBB7
:10A63000F8E700BFB83000201E4B2DE9F0410D4671
:10A6400016461C6888B34FF47A7343438A68A3F6AE
:10A65000AC539B1A4A689B1A174A92F86820D20793
:10A6600001D5A3F6B833154AD8171168144FA1FBCA
:10A67000033201FB002213F1807342F100025B0EF2
:10A6800043EAC213803B33620E4BD3F8C43073628B
:10A690003B686BB1204621F08CFA48B1324629461E
:10A6A0003B68E06FBDE8F04118474AF6C873DAE747
:10A6B000BDE8F081D8300020003E00B0C830002056
:10A6C000B4300020003F00B0084BC1171A68A2FB4D
:10A6D000000302FB013310F1807043F10003400ED0
:10A6E00040EAC310803820EAE0707047C83000208C
:10A6F0000722194B70B51A64184B194A1D68194B7B
:10A70000EC08E005C0184FEA153141F100010023C3
:10A71000F9F716FB144B154E18601548FFF7D4FFD8
:10A720004042C6F8DC0049F65800FFF7CDFFC6F8F6
:10A73000A8001048FEF796FE024660B1E3015008FB
:10A7400018184FEA15714FF0000341F10001F9F7B5
:10A75000F7FAC6F8B40070BD000002B8043000205B
:10A7600065CD1D00B2E60E00C8300020003F00B0ED
:10A770007011010040420F0098B14FF47A735843B2
:10A78000094BA0F6B830DB681844084B93F86830E2
:10A79000DB075ABFA0F59C500838A0F6AC50FFF775
:10A7A00093BF47F23050FAE7B8300020003E00B0C7
:10A7B00010B5044698B10B4BD3F8FC00FFF71EFF11
:10A7C0004FF47A7303FB04F0074BA0F6AC50DA6841
:10A7D0009B681044C01ABDE81040FFF775BF4AF6E9
:10A7E000C870F8E7004F00B0B8300020F8B5044654
:10A7F000084615461E46FFF701FF9CB106F002070A
:10A8000016F004060FD16FB14FF47A7063685843A5
:10A81000002B4BD1FFF758FF28636069FFF7ACFFAF
:10A82000E8623EBBF8BD2069002839D04FF47A7346
:10A830005843254BA0F6AC509B68C01AFFF744FF65
:10A84000A862A08B78B34FF47A7358431E4BA0F6DE
:10A85000AC509B68C01AFFF737FFE8612A461A49D7
:10A86000E068FFF7E9FE0021A069FFF7A1FF686338
:10A87000002FC9D1A06800BB47F23050FFF724FF7A
:10A8800068614FF47A70236858432BB10E4B1B68F4
:10A8900003F51C5310331844FFF716FFA861C1E7F6
:10A8A0004AF6C870CAE74AF6C870D4E7064B1B6878
:10A8B00003F51C5310331844ACE74FF47A73584334
:10A8C000A0F5FA50DAE700BFB830002010B508460E
:10A8D0001C4621F03DFA094B0246D3F8FC00FFF775
:10A8E0007FFE4368A018002B054AA8BF4FF4FA72F8
:10A8F0001A44044B92FBF3F2104410BD004F00B019
:10A900000CFEFFFF18FCFFFF70B588B06D46194CB8
:10A910000FCC0FC594E80F0085E80F004FF480724C
:10A920000021154820F00FFAB0220021134820F032
:10A930000AFA20220021124820F005FA21F09CFAA0
:10A94000104B1B783BB16D460A4E0FCD0FC695E8F4
:10A950000F0084E80F000C4A0C4B1068516803C3C9
:10A96000906818600A4BD3F878210A4B5A6608B0F1
:10A9700070BD00BFE03F00B0503E00B0503F00B09F
:10A98000E04F00B0C7460020182C0408AC3E00B0D1
:10A99000000002B8003F00B00A4B197801F0FF0236
:10A9A00029B10021197008499202C1F8082159788B
:10A9B00001F0FF0229B1002159709302024AC2F846
:10A9C0000C317047D8460020005000B8064BD3F831
:10A9D000EC0E064B9B6C1A0103D4054B9B6E1B04BB
:10A9E00001D500F580707047003000B0000002B85B
:10A9F000004000B808B51CF056F80E4B1A78A2B902
:10AA00000D4A126812F4843F0FD10C4A10211165CF
:10AA10001B7863B9084B1B68DB0508D4074B202261
:10AA20001A65BDE808401CF042B8054AEEE7044B41
:10AA3000F5E700BFDC46002088140020002002B8A3
:10AA4000001002B810B51CF02EF80E2104460320A9
:10AA5000FEF7E0FF40F20122034B2046BDE8104024
:10AA6000DA621CF024B800BF004000B8054B00209B
:10AA70001B681B7CDB0902BF0322034BC3F8502277
:10AA8000FBF7F4BDD8300020006001B80022044B71
:10AA90001A70044B197811B11A70FFF7ABBF7047E9
:10AAA000DB460020DC46002008B51BF0FCFF4FF021
:10AAB0008042264BC3F88020BFF34F8FBFF36F8FC8
:10AAC0004FF00042C3F88020BFF34F8FBFF36F8F6A
:10AAD0000122C3F88420BFF34F8FBFF36F8F022290
:10AAE000C3F88420BFF34F8FBFF36F8F0422C3F8E6
:10AAF0008420BFF34F8FBFF36F8F4FF00052C3F826
:10AB00008020BFF34F8FBFF36F8F0822C3F88420DC
:10AB1000BFF34F8FBFF36F8F1022C3F88420BFF3B2
:10AB20004F8FBFF36F8F2022C3F88420BFF34F8F66
:10AB3000BFF36F8F8022C3F88420BFF34F8FBFF322
:10AB40006F8FBDE808401BF0B2BF00BF00E100E01E
:10AB500008B51BF0A8FF4FF080420C4B1A604FF075
:10AB600000421A6002225A6004225A604FF00052DA
:10AB70001A6008225A6010225A6020225A608022ED
:10AB80005A60BDE808401BF092BF00BF00E100E042
:10AB9000012370B5074C2370074B1E68074B3240EA
:10ABA000D3E9005319402840FBF7A2FB0023237090
:10ABB00070BD00BFDA460020D0300020881400208D
:10ABC0002DE9F047DDF820A003EA0108099B0646BD
:10ABD0000D4602EA000703EA0A09BAF1000F40F045
:10ABE0005981031F0B4300F01981052871F10003FF
:10ABF00080F0EF8050EA010300F06F81431E0B43A9
:10AC000000F02F81FFF750FFB54AD2E9004323EA55
:10AC1000050324EA06043C4343EA0807B14BC2E9B2
:10AC200000471E6826EA0A0646EA09061E60FFF784
:10AC3000E1FE14F02A4F14BF48F202034FF4004320
:10AC4000A94AB007D26EA94848BF43F4005383EA2B
:10AC5000020122EA0302C266A54A0B408166D3665E
:10AC6000C4F380421203210348BF42F48072E3061A
:10AC700048BF42F400529F4BA50648BF42F4007201
:10AC8000600648BF42F480622106D96848BF42F49A
:10AC9000006282EA010323F08053974819401A406A
:10ACA000C1608360954BDA60BA0507F4007300F168
:10ACB0001081934A1D46D2F8A41002F50052C2F842
:10ACC000A410C2F8A0104FF05022C2F8A4308D4A50
:10ACD000DFF86C8282F88830E30448BF45F48035A1
:10ACE000A00348BF45F48015A10748BF45F40015EF
:10ACF00014F4001F06D0D8F8000021F013FA08B9A8
:10AD000045F40025E20248BF45F40035FB067E4BC2
:10AD100048BF45F480051A6A7C4985EA020323F09E
:10AD200001031A400A621D40CB61794B16F0010FF6
:10AD30001D62784B784A18BF1A46784B7D071B6F07
:10AD400048BF42F00062764882EA030123EA020328
:10AD50000367744B0A4041661A67734A04F00103A3
:10AD6000D16CA0F5803081EA030221EA0301C164BD
:10AD700082641A406D4B2002DA64D8F8002048BF84
:10AD80006B4B92F8292158BF6A4B610748BF43F4C7
:10AD9000806322B114F4C06F18BF43F4807332078C
:10ADA0004FF03A42BDE8F047D2F8181148BF43F0DF
:10ADB000004383EA010222F4A0225F481140C0F858
:10ADC00018111340C0F814215C4AC2F81831FFF77B
:10ADD000BFBEA0F580630B4306D020F48063A3F5CB
:10ADE00000730B437FF40EAF1BF05DFE3C49D1E9CD
:10ADF000003223EA060322EA050242EA08023B4344
:10AE0000C1E900324E4A126892F829114A4A09B340
:10AE100013F4C06F1ED04FF4807311E01BF043FE9B
:10AE20002F4AD2E9003123F004033B4341EA0801F1
:10AE300057EA0807C2E900314FF480633E4A0BD05D
:10AE4000C2F81431A2F58052C2F81831BDE8F047BB
:10AE50001BF02DBE4FF48073C2F81831C2F81431C4
:10AE6000F4E71BF020FE1E4AD2E9003123F0010373
:10AE70003B4341EA0801C2E900310123314A57EA64
:10AE800008071BBF9364A2F58052D364D36408BF44
:10AE90009364DBE750EA01037FF4B4AEBAF1010F2B
:10AEA0007FF4B0AE1BF0FFFD0E4A136823F00103E0
:10AEB00043EA090313604FF48063194AB9F1000FA4
:10AEC00004D05366A2F580521367BFE71367536639
:10AED000BCE701234FF48025F9E6BDE8F08700BF09
:10AEE00088140020D0300020004000B8006000B876
:10AEF000005000B8004001B8006001B8005001B82F
:10AF000000400050003F00B0000002B8002002B82E
:10AF1000001002B8041C00030418000300C001B8AC
:10AF200000E001B800D001B800C000B800D000B8FF
:10AF30000D0A0A09090A0A09002000BA001000BA1D
:10AF4000D830002000E000B8024B5868C0F3C000C1
:10AF5000704700BF88140020024B186800F0010001
:10AF6000704700BF88140020024B5868C0F3C030FF
:10AF7000704700BF8814002010B50446FEF74CFC53
:10AF8000FFF792FD04F18000FDF768F9FEF7CCFBB6
:10AF9000FDF72AFFFDF79CFFFFF7AAFB13490723E4
:10AFA000134AD1F8FC1004F1D800FFF71FFC4FF052
:10AFB00080710020FEF7C6F84FF000720D4B4FF481
:10AFC00000110120C3F80021FEF7BCF8FEF7CEFF08
:10AFD00020B940F22132142101F002FA20F04AFF98
:10AFE000BDE810400120FDF7F7BD00BF004F00B0E5
:10AFF000A43F00B000D001B88022074B5A64082259
:10B0000003F580535A64054AD2F8BC3E23F020036E
:10B01000C2F8BC3E704700BF001002B8003000B05C
:10B0200010B51BF040FD01210446FFF7E5FF054B7D
:10B0300000201961044B5B6898472046BDE810402A
:10B040001BF035BD000002B8044D0020F8B5194CC6
:10B050000546207840F25E42B0FA80F03E21400979
:10B0600001F0BEF955B9607840F25E42BDE8F840A3
:10B07000B0FA80F03E21400901F0B2B94FF44066C9
:10B080000D4F0E4DD7F8083140F25E42C3F38123D5
:10B090002370C5F8086160783E21B0FA80F040095D
:10B0A00001F09EF9D7F80C31C3F381236370C5F822
:10B0B0000C61F8BDD8460020004000B8006000B820
:10B0C000F8B5084C084D636C0423084F6B64636C3F
:10B0D0005B0300D4F8BD042602207E6420F01CFE31
:10B0E0006E64F4E7000002B8001002B8002002B855
:10B0F000A82238B51A4B5D6C03F500535A64102230
:10B100009A60A3F5804302F100521A675A66FFF76E
:10B1100043FC144B1B7813B90320FDF70BFF0024ED
:10B12000114B9C67FFF7CCFF104A114BD2F8EC1E75
:10B130000B40C2F8EC3E04220E4B5A640E4BAA069A
:10B14000C3F8C44008D503F580739B6FB3F5817FC6
:10B1500022BF8022024B1A61BDE83840FCF724BAB6
:10B16000000002B8DF46002000C001B8003000B087
:10B17000DF0000FF002002B8003E00B010B551B95A
:10B1800020B3154BDB681B0E13F00E0F1ED1134BB3
:10B190001B6CD9071AD4FFF755FC0F4C0020FEF7A3
:10B1A0001BFD032801D0092805D1A36ADA07F5D4CD
:10B1B000A36CDB03F2D4FFF783FF0122084B5A6133
:10B1C00002229A62042203F580535A644FF4C0624B
:10B1D000044B9A6510BD00BF000002B800C002B861
:10B1E000001002B8006001B808B503210920FEF77D
:10B1F00011FC2022014B1A6108BD00BF000002B8FB
:10B200000D4A10B5D2F8A030D2F8A4100B40B3F11B
:10B21000804F0CD34FF040400849094CC1F8A400BE
:10B22000D467C1F8A0004FF48021064AD161034AD7
:10B23000C2F8A03010BD00BF0040005000600050B8
:10B240000000FF01001002B838B505461BF02BFCCA
:10B250000446FCF7BDFF35B1FFF718FC2046BDE8FA
:10B2600038401BF024BC084B1B78002BF6D0074B52
:10B270001D78002DF2D1FFF709FC2A464FF48040DB
:10B280000021FFF785FCE9E7DB460020DA460020D5
:10B290002DE9F84F594B06460D4614465B6C002AC3
:10B2A00040F0A98013F0A00F14BF4FF001094FF038
:10B2B0000009FCF779F9A0234FF0000ADFF8588164
:10B2C0000320C8F84430FDF735FE0420FDF732FEB8
:10B2D0004B4FFFF7DBFB4B4B4FF0040B7B67C7F883
:10B2E00078A0FFF7EDFE484B4FF48071D3F8BC2EE9
:10B2F00042F02002C3F8BC2EFF22C8F808203F4AC3
:10B300001161D3F8EC2E41491140C3F8EC1EC8F886
:10B3100044B0C3F8C4AE7B6913F0060F04D0FDF748
:10B32000E3FF5846FDF706FEB9F1000F08D04FF4D1
:10B330000062374B5A644FF40042A3F5E0339A663B
:10B3400066B1344BDB6C180701D4FFF77BFBFFF7CA
:10B350004BFF0420FDF7EEFDFFF71EFB274B5A695C
:10B36000D10746D5DA6812F0706FFBD12A4B2B4A11
:10B370005A642B4A936E23F0F003936615B120466E
:10B38000FFF762FF274BD3F84C315A1C01D05B000A
:10B3900002D50122204B5A615CB31E4BDA6E03F5D5
:10B3A00000539A6603F5D0331B6A1B4A23F001034E
:10B3B000D3611D4BD96803F50053996003F5005321
:10B3C000D3F8841003F5005399674FF03A43D3F84C
:10B3D000181103F50053C3F81411144BD96C03F57D
:10B3E00000539964124903F5803359664FF60843B8
:10B3F0005364BDE8F88F4FF000095AE7000002B827
:10B4000000C001B800000101003000B0DF0000FF03
:10B41000001002B8004000B8002002B81000300050
:10B42000003F00B00080E00F004001B800C000B84D
:10B430005000002F9E4B2DE9F04F9A6EDB6E85B0C9
:10B4400002EA03089B4BC3F868804FF03A43D3F8F5
:10B450001461D3F818311E40974BC3F81461974B11
:10B460009A68DB6802EA030A954BC3F808A003F563
:10B470002043DA691B6A02EA0309924B09F4770256
:10B48000DA61914BD3F80422110706D4D3F80431C2
:10B490001A07C3F3C00740F1E9801BF004FB8B4B94
:10B4A0005A695F6E1B6F12F0060F07EA0307884A9E
:10B4B00027F0007323F4006314BF4FF0010B4FF02B
:10B4C000000B53667B0706D5824A92F8653001333C
:10B4D000DBB282F865301BF0EAFAB8F1000F00F039
:10B4E000E38018F400442BD01BF0DDFA0146FFF78F
:10B4F0006DFA0446784D2B6818681A689042FCD0A3
:10B5000018689042FCD0FFF761FAA04240F0B0808A
:10B5100008461BF0CCFA714B1C60714B5D6C15F446
:10B52000E05240F0A78024F07F4424F0DF040CB9FF
:10B53000FFF7DEFD6B4B01201B6898474FF08074CE
:10B5400018F0020F4FF0000514D0654B5D495B6C9D
:10B5500003F460424A64002A00F0A0801D0400F158
:10B56000A08013F4005F0CBF4FF000534FF0006356
:10B5700000251C43C8F340384FEA48085A4B334073
:10B58000002B4BD016F4206F0AD040F6DF020621C4
:10B59000002000F025FF0020FFF756FE26F480264D
:10B5A000F00506D5FF22474B44F4C0649A60FFF7CC
:10B5B00049FA16F0090F0BD040F6F40208210020DA
:10B5C00000F00EFFFFF710FE4FF03A4301225A63DE
:10B5D00016F0106F0CD040F6FD020921002000F09B
:10B5E000FFFEFFF701FE002211461046FCF7C4FDE6
:10B5F00016F4202F0AD040F605120721002000F093
:10B60000EFFE0020FFF720FE26F48026F10301D58F
:10B61000FCF722FF002EB8BF48F0080872070ED5CD
:10B620004FF03A431B6B13F4005F4FF4005317BF06
:10B63000214A2E4A136344F4000408BF13637305C0
:10B6400048BF44F0040416F48023019300F0B48052
:10B65000FCF7BEFE013806284AD8DFE810F03801B2
:10B660003B0138013E01410144014401BB4634E73E
:10B67000044640E70192FFF73BFD124B019A5A64E2
:10B6800015F4805307D115F4806F0CBF4FF0805430
:10B690004FF0806454E74FF0804451E74FF000735F
:10B6A00066E74FF0004363E74446454666E700BF60
:10B6B000004000B8006000B8002000BA004001B8A7
:10B6C000006001B8002002B800E100E000C001B84D
:10B6D00000E001B8003E00B0184D0020CC30002042
:10B6E000000002B81C4D0020090B0B89001000BAA5
:10B6F00040F636120321002000F072FE4FF03A426D
:10B700000121D2F88C30D2F8AC0003F007030633E5
:10B7100001FA03F3C0F30C001B1A9BB2072B12D9DA
:10B720007D4B5B6C58020ED47C48D36CD26E406D5E
:10B7300058B103F0070306339940C2F30C03C91A4A
:10B7400089B2072901D844F40074754B1B78002B8B
:10B7500032D04FF03A43D3F8143113F4A02F2BD149
:10B76000704B714A1B7893B9FB0410D4137873B1F2
:10B77000E3086E4943EA457383F00103D1F8EC1EF8
:10B7800003F001035B0021FA03F3980714D10420AE
:10B79000FDF7D0FB664B67495967FFF777F9624AB7
:10B7A00013782BB9644B654A1B682340134201D1BF
:10B7B00044F4804427F48057BAF1000F27D01AF4DC
:10B7C000805F18BF44F480241AF4807F18BF44F4CB
:10B7D00000241AF4005F18BF44F010041AF4007F2C
:10B7E00018BF44F020041AF4806F18BF44F04004DE
:10B7F0001AF4006F18BF44F080041AF0805F06D07E
:10B800004F4B0021186845F48055FCF703F9B9F156
:10B81000000F3ED019F4802F18BF45F4007519F4BD
:10B82000803F05D0474B03201B6844F48054984761
:10B8300019F4801F18BF44F4003419F4001F18BF16
:10B8400044F0020419F4003F18BF44F4801419F4C2
:10B85000800F18BF45F0100519F4002F19D0334B95
:10B86000D3F8BC3E13F0C00F13D02B4AD368C3F3F8
:10B870000363032B01D0072B05D1936CD90602D4A7
:10B88000D36C1A0736D54FF400222F4B29F4002928
:10B89000DA61002F00F018813B0540F18F802B49C1
:10B8A000DFF88CA0CB782A4A002B57D04FF40060E9
:10B8B000013BDBB25066CB7033B9264B1B78E3B14A
:10B8C00040F60142244B5A670023002274E044F4FE
:10B8D000803413E744F4006410E744F480640DE717
:10B8E00044F480740AE7174B02201B6844F00804F4
:10B8F000984703E744F40014CBE7DAF8783013F400
:10B90000A05F15BF4FF4807340F60143CAF858306A
:10B91000CAF87830D8E700BF000002B8004000B88D
:10B92000DC460020DB460020DD460020003000B071
:10B9300000C001B80000010188140020088D01003A
:10B94000D83000201C4D0020002002B8CC4600203A
:10B9500000E001B8DF46002000D001B80320FDF769
:10B96000E9FADAF81430AA4813F0060F04BF41F6DA
:10B970001F73A84AA84908BF53674FF40062A54B3C
:10B980005A66DAF8143013F0060308BFCAF87830A4
:10B99000B0F8623013F400625CD023F40063A0F8C6
:10B9A00062300B7803F0FF0A002B57D1FDF79CFCA7
:10B9B000FFF79EFB534620221C431543B80009D5D0
:10B9C0002E20FDF705FA4FF00052924B45F0080586
:10B9D0001A675A66F90606D52B20FDF7F9F91022E9
:10B9E0008C4B1A675A6617F0306F05D1FA045FD591
:10B9F000BBF1000F00F0B3803B0111D52920FDF70A
:10BA0000E7F9FFF7A1FA48B1844B8549814A5366AB
:10BA10000B6701F54051C968480422D445F004057C
:10BA200017F0007B28D00420FDF784FA2720FDF7CB
:10BA3000CFF9FFF75DFB4FF00072764B5A66794BFA
:10BA4000D3F8EC2E520674D40222774B9A6045F05C
:10BA5000020528E00B784FF40053ADE74FF40043A4
:10BA600033E7136720205366FDF7B2F92D2045F028
:10BA70000C05FDF7ADF9D3E717F0807FDFF8ACA137
:10BA800042D00420FDF756FA2820FDF7A1F9DAF894
:10BA90007830002B35D1FFF72BFB5E4B5F4A45F02A
:10BAA00001051A675A66FEF7E1FF00225F4B9A65AF
:10BAB0007B0509D55E4A9378002B00F0A380013BFB
:10BAC0009370002348EA0308424620462946FFF7C0
:10BAD0005FF8019B0BB1FCF7B1FC4FF00042554BF6
:10BAE00006F00436C3F81461534B19F4002FC3F861
:10BAF00080211EBF4FF400224B4BDA6105B0BDE838
:10BB0000F08FCAF878B0C8E7F904CED50420FDF765
:10BB100011FA4A4BCAF87430FDF7E6FBDAF86430E4
:10BB200013F0407FC1D12A20FDF752F9FFF7E0FA68
:10BB300085E7D3F8BC3E9B0689D40222404B9A602D
:10BB4000404B1B685B7CD80781D5314B93F8D830CC
:10BB5000002B3FF47CAF80223B4B1A6177E7344ADD
:10BB600013794BB1013BDBB2137113B92C4B374A3C
:10BB70005A6700231C439BE70420FDF7DBF90320F1
:10BB8000FDF7D8F9294B2D4A5A671AF08CFF8246E7
:10BB90000DF10F00FEF720F82D4B83461B780BB1FB
:10BBA000FEF750FFBBF1030F0ED1DFF89CB0002071
:10BBB000FEF712F8032807D1DBF82830D907F6D4AE
:10BBC000DBF84830DA03F2D49DF80F30032B06D1AE
:10BBD0000122204B50461A701AF069FFC9E74FF056
:10BBE0003A43D3F8143113F4A02FF1D1FEF74EFFEE
:10BBF00050461AF05CFF184B03201B6898474FF41F
:10BC00008043B7E70220FDF795F901235AE700BF0B
:10BC1000003E00B000E001B8DF4600201000002028
:10BC200000D001B8003000B0002002B800C001B858
:10BC3000CC460020002000BA00E100E00000010135
:10BC4000001002B8D8300020000002B80000010D3A
:10BC5000DE460020DB4600201C4D00200122024B66
:10BC60001A62DA61704700BF002002B8084A08B5BE
:10BC7000D369116A0B40074923F47F00DB07C861D1
:10BC800004D5D068C0F30360FFF7E8FF08BD00BF2C
:10BC9000000002B8002002B80C4A08B5936CD26CC0
:10BCA00013400B4A9364DB070FD50A4B4FF43862FD
:10BCB0001878122100F0010000F092FBBDE8084066
:10BCC000002201200021FEF763BF08BD00C000B8BC
:10BCD00000E000B888140020164B10B51C6C5A6C9C
:10BCE0001440154A24F002011164E20705D540F61C
:10BCF000DF320020196800F073FBA30718D5022279
:10BD00000D4B1A640D4AA3F5005314685B687CB1AF
:10BD1000DBB2042B07D100220121094B186823460E
:10BD2000BDE810401847052B02D100221146F4E768
:10BD300010BD00BF0080095000A00950D42F002082
:10BD4000D830002038B50B4C0B4DD4F88430DB07CD
:10BD500006D4A36FD4F884201340084A936738BDF3
:10BD6000D5F804315A06F0D5FFF7B6FF4023C5F8E1
:10BD70008431EAE7008001B800E100E000A001B8EA
:10BD800070B514460D461AF08EFE064BD3F8BC6E05
:10BD900074402C407440C3F8BC4E1AF088FE06EA8A
:10BDA000050070BD003000B0034BD3F8BC3E994392
:10BDB0000CBF012000207047003000B02DE9F04199
:10BDC00017460A43012A1D469DF818409DF81C603D
:10BDD000DDF8208029D8B44227D2082E25D8032B9D
:10BDE00023D8B8F1000F20D00A460021FBF730FB22
:10BDF000FF21EB009940C943DFF834C008F1FF3858
:10BE0000FF00E2B2964202D80020BDE8F0813D1961
:10BE10000CEB8505D5F8F42018F8010F0A4098407E
:10BE20001043C5F8F4000134EBE70120EDE700BF53
:10BE3000003E00B0174BD3F8BC2E12F0010312D015
:10BE4000154B93F84830154A43F08073C2F8D03050
:10BE50004FF4801302F50052C2F8B430A2F58052BC
:10BE6000C2F8B83070471106EDD40D4B93F8471166
:10BE700021B1D20602D593F84431E4E74FF48012A1
:10BE80000020084B0549C3F8B820C1F8D000C3F81A
:10BE9000B4207047003000B0003F00B0004000B850
:10BEA000003E00B0006000B8034B1868034B002848
:10BEB00008BF1846704700BFD43000200869040846
:10BEC000F8B50D4610B900242046F8BD0E4F3E6867
:10BED000002EF8D100F03AF804460028F3D038607C
:10BEE00000F080F8204620F040F838B130463E603F
:10BEF00000F078F8204620F033F8E4E7002DE3D096
:10BF00002046A847E0E700BFD8300020024B186861
:10BF1000003818BF01207047D8300020002108B534
:10BF2000024B08465B689847002008BD044D00207E
:10BF3000431E033306D8044B984228BF1846642892
:10BF400038BF6420704700BF40420F00F8B5054677
:10BF50001AF0A9FD07460F4B1E6826B938461AF09D
:10BF6000A6FD344611E0B4688CB194F810C01CF002
:10BF7000010F0CD14CF0010C95E80F0084F810C0B3
:10BF800084E80F0038461AF092FD2046F8BD366866
:10BF9000E3E700BF404D002038B505460C4641B1EF
:10BFA0000B6833B11B68013303D0CB680BB18B68CE
:10BFB0004BB91FF098FEBDE838404FF4867241211E
:10BFC000002000F00DBA0846FCF712FB0023044ADB
:10BFD00085F81C31C5E93043C2E9003338BD00BFE4
:10BFE0009014002010B5044618B9054B054A13609B
:10BFF00010BDFAF755FAD4F8CC30002BF6D1F4E79F
:10C0000049BF03083C4D0020014B1868704700BF32
:10C010009014002008B502460868FFF789FF086001
:10C020004868FFF785FF48608868FFF781FF8860F0
:10C03000C868FFF77DFF0B69C860581C03D00B4828
:10C04000834228BF03460B614B69581C03D0074845
:10C05000834228BF034688694B61FFF769FFBDE84B
:10C06000084088611046FBF719BA00BF40420F0034
:10C070002DE9F84FD0F8C43006460F4613B1838B34
:10C080008B4244D0D6F8C0B0BBF1000F42D0DBF8F1
:10C090000830002B3ED0DBF80C1000293AD0D6F83F
:10C0A000D4A0BAF1000F38D04FF000094D46C84671
:10C0B00001E0DBF8083005EBC50203EB8204E389FD
:10C0C0000135BB4214D8238ABB4211D3B4F91220E4
:10C0D000B6F92830934250DD304696F81011EDF74E
:10C0E000C9F8F37D81468342A04606D9DBF80C10DF
:10C0F0008D42DED3B8F1000F39D0002342463046DE
:10C100001946D047B783C6F8C48086F81991002035
:10C11000BDE8F88F0320BDE8F88FD14647F6FF75DC
:10C120005446524604EBC40803EB8808B8F80E30B6
:10C13000BB4216D8B8F81030BB4212D3B8F912205F
:10C14000AA4202D14FF0FF09DCE7304696F8101101
:10C15000EDF790F8F37D81468342D3D94246DBF870
:10C160000C100134A14204D9DBF80830DAE70120D1
:10C17000CEE7002AFBD09046C4E7A046BDE700BF4B
:10C180002DE9F04782B004460F461646FBF7D6FB72
:10C19000002856D1474D2B68D4F8C0A0D4F8C480ED
:10C1A0000BB1534567D04FF00009AF60FBF76AFC55
:10C1B0000128074656D120461FF0FBFC002844D139
:10C1C0002B68DAF80010D8F8002013B118688842FC
:10C1D0005CD020461FF0A6FCC5E900A8D4F8D450D6
:10C1E0008DF80760002D58D00022204611460DF131
:10C1F0000703A8472046FAF787FD0546B9F1000F67
:10C200000CD05EB9012F05D025B12B4B00210320A6
:10C210005B689847284602B0BDE8F087B5FA85F01C
:10C2200040F2DB323321400900F0DAF83146204693
:10C23000FAF7B4FF214B0546414620461B68984754
:10C24000E0E700231B4D6B60A5E7637CDA07B7D5F9
:10C25000A36B5B05B4D51A4B0122002120461B6855
:10C260009847ADE700210120FAF758F9FBF70AFCDF
:10C270000128FBD19FE76B68002B94D0434592D1F6
:10C28000AB689F4214D04FF001098EE7696811B185
:10C2900009689142A0D059689BE7E17D94F8193173
:10C2A0003246994228BF19462046FAF7B3FCA1E767
:10C2B0000025AFE790140020044D00203C4D0020E5
:10C2C000D42F0020F8B50D4607461AF0ECFB29469E
:10C2D00006463846FFF7CCFE0446F0B138461FF05C
:10C2E00068FC30B17B7C13F0010307D1104A82F85F
:10C2F000D83030461AF0DBFB2046F8BDBA6B12F49A
:10C30000806213D0B7F80A21AA42EFD0B7F80C31F7
:10C310005B1BB3FA83F35B09E8E7FBF7F5FA224608
:10C3200029463846FFF72CFF0446D7E71346DDE7DA
:10C33000003E00B0F8B51B4B05461B680E4603B126
:10C34000984731462846FFF727FED5F8C0305BB145
:10C350005B694BB1144A4221106840F25312C31A70
:10C360005842584100F03CF800224FF6FF734FF05E
:10C37000240CF768D0B2874208D81C4621462846CC
:10C38000FFF7A0FF1FF0B7FC2046F8BDB1680CFB1B
:10C390000011CC899C4202D2002CEFD023460132FE
:10C3A000E8E700BFD02F0020043000204FF40073D6
:10C3B00007B50A490DF10602ADF806301FF088FEF8
:10C3C000BDF80630B3F5007F05D1022808BF002074
:10C3D00003B05DF804FB0120FAE700BFDC30002069
:10C3E00008B550B90548064B01601A60054B1A683C
:10C3F000054B1A60186805F019F808BD444D002077
:10C40000E0320020D8300020DC32002070B5064633
:10C410000D461446EEF726FD0022044B1E80044B09
:10C420001D60044B1C60044B1A6070BD5C4300200F
:10C43000EC320020E8320020E4320020054B10B539
:10C440001968054C054B226818681BF013FB00B9EE
:10C45000206010BDEC320020E4320020544C00205B
:10C460002DE9F84F0E4614460AB34FF0000BDFF8E3
:10C470004480DFF84490DFF844A0D8F80070D9F881
:10C480000050DAF80000ED1BA54228BF25463844CD
:10C490002A4631461EF03DFC2F44641BC8F800704C
:10C4A00004D0FFF7CBFF2E448346E6E75C462046E8
:10C4B000BDE8F88FE4320020E8320020EC320020A2
:10C4C0000FB400B50B4BA3B01B786BB180220220D8
:10C4D00002A9FFF79BFF25AB0021249A0648019390
:10C4E000F0F742FBFFF7AAFF23B05DF804EB04B0BE
:10C4F000704700BFE04600203BC203080022024B09
:10C500001A605A609A6070475E4300200122024B15
:10C510001A70FFF7F3BF00BFE046002008B50548DA
:10C5200006F060FABDE808401022FF2102481EF024
:10C530000ABC00BF684D0020F032002070B50D4DE0
:10C540002B68A3B9BDE870400B4806F04BBA00F069
:10C5500037FE01343378E0B28342F8D84FF47A7171
:10C560002B6805485943BDE8704006F09FB9002488
:10C57000024EEFE7844C0020484D0020F745002094
:10C580002DE9F3470F4600219846234B81461B882F
:10C590001646118023B90024204602B0BDE8F0877A
:10C5A0001E4821F055FA0446DFF870A009F1040591
:10C5B000002CF0D0204605F03DFF011D284620F05C
:10C5C000A5F810B3002514232A46214648460095B5
:10C5D00021F074FB204605F049FF14280BD82B46A8
:10C5E0003580002FD8D000222146009238461422F0
:10C5F00021F064FBD0E7204605F038FFA0F11405D8
:10C60000ABB243453380C7D8EBE72146504621F013
:10C6100075FA0446CCE700BF6A4300206C43002053
:10C620000023024A1380024A138070476C430020A3
:10C630006A4300202DE9FF4100238DF80C304FF0B4
:10C64000FF33061D304601A9019320F05FF805462F
:10C6500018B1FFF7E5FF01250AE0144F3B883BB115
:10C660000146134821F0F4F90446DFF844801CB970
:10C67000284604B0BDE8F081204605F0DBFE011D30
:10C68000304620F043F850B100222146084821F0FE
:10C6900070FA3B88002BDED0013B3B80DBE7214674
:10C6A000404621F02BFA0446E1E700BF6A43002030
:10C6B0006C4300202DE9F7430D461646074620B986
:10C6C0000024204603B0BDE8F083FFF7B3FFDFF896
:10C6D0006C80184BB8F800201B889A42F0D23DB30A
:10C6E00006F1140189B20022104621F09AF904469D
:10C6F0000028E5D04FF001090146142300223846F6
:10C70000CDF8009021F0DAFA3DB1334614222146EB
:10C710002846CDF8009021F0D1FA002221460648A3
:10C7200021F09CF9B8F800300133A8F80030C8E7D0
:10C730001421D8E78E5100206C4300206A4300206A
:10C7400008B500F0C7FE094B1B6853B14FF47A716E
:10C750000748594306F0AAF8064B074A00201A601A
:10C7600008BD034806F03EF9F6E700BF844C002000
:10C77000484D0020803400203C69040808B5044876
:10C7800005F07EFCBDE80840024805F079BC00BF1A
:10C790006C4300206E43002037B5124B124D1B78BE
:10C7A0000446F32B2A88114B14D111490978032927
:10C7B00010D100210193012308460093022321F0A8
:10C7C000DDF808B100232B80204603B0BDE83040DF
:10C7D00006F008B901930123009300231946184677
:10C7E000EDE700BFE14600206E43002019D00108AC
:10C7F000064700202DE9F041214F86B08DF80F301B
:10C800003B88BDF83060BBBB1FF0DAFEADF8160008
:10C8100005F02CFE012304461A460DF10F010DF11F
:10C82000160005F05DFF38BBBDF8160005F01EFED2
:10C830000546304605F01AFE291889B20DF116009A
:10C8400021F023FA0546B8B93046BDF8168005F048
:10C850000DFE611C2B4632460090C9B2404621F0C5
:10C8600062FABDF816309DF80F203B80054B14216D
:10C8700005481A7006F01AF806B0BDE8F08100BF4E
:10C880006E430020E146002014260020F8B504463F
:10C89000002859D10020F8BD928AA24252D04822E5
:10C8A00002FB035292F82C20022A11D148224FF6A3
:10C8B000FF7C02FB0352118E614507D192F83800CC
:10C8C000022814D1928F39E00846EFE78C4239D024
:10C8D000482202FB035292F83810022906D14FF683
:10C8E000FF71928F8A4202D094422BD040B14820EF
:10C8F00000FB035008301FF032FFA04222D001207D
:10C9000001363A78F3B29A42C4D9482159436A1899
:10C91000695C0129F4D1D2F804C01CF0800FBED0AC
:10C920001CF4005FB8D192F82C000228CCD092F809
:10C9300038100229DBD14FF6FF71928F8A42D6D090
:10C940009442D4D10120A6E70026024F3046024D82
:10C95000D7E700BFCA510020FC20002037B50546AC
:10C960000C4699B1FFF792FF80B1FF2208212046C3
:10C9700021F00AFB034648B96A4605490868496838
:10C9800003C26A461946284612F0F4FB03B030BDD4
:10C99000E82704082DE9F04F144698464FF0FF337E
:10C9A000B5B00546002289462046062111939DF820
:10C9B000F8A01FF0E9FC002206210E9020461FF08F
:10C9C000E3FC00220A2100F4804620461FF0DCFC34
:10C9D000042DC3B20D9300F03C81052D00F05A8167
:10C9E000012D5FD11BA8F4F7F7FA092316AA174601
:10C9F0008DF86C300DF5887C40AB15461868596889
:10CA0000083303C563452A46F7D139461BA81CF0F5
:10CA100093FB1BA8F4F70CFE98F8083012AD022B1C
:10CA200003BF2B46D8F80000D8F80410D8F800301F
:10CA30000CBF03C3CDE91233449B0A211493052391
:10CA40000DF1420220468DF854301FF09DFC062166
:10CA50000DF1410220461FF097FC0C210DF143021D
:10CA600020461FF091FCAAF1030C11AB1190DCF1F0
:10CA70000000CDE9005340EB0C0021469DF8423008
:10CA80009DF8412022F054FC002800F0DF80BAF12C
:10CA9000030F0AD04822944B449902FB09339A6948
:10CAA0008A420CD335B0BDE8F08F00220A2120461F
:10CAB0001FF06AFC00F0F000F028EBD1F2E74FF035
:10CAC000000B449A9A6100220A2120461FF05CFC68
:10CAD000C3B20D9300220A2120461FF055FCC0B2BC
:10CAE000E02840F0DE800022062120461FF04CFCAA
:10CAF000400640F1DF800121204605F025FD002899
:10CB000000F0E9800121204605F01EFD05460121C7
:10CB1000204605F019FD002800F0DF8001212046A5
:10CB200005F012FD07460B211BAA20461FF02CFC26
:10CB3000384605F09BFC00220746062120461FF0E0
:10CB400023FC9DF86C30C0F30030FF1A0B21A7EBDB
:10CB5000800716AA20461FF017FC0023FFB200939F
:10CB600029463B469DF858201BA821F0A7F8B9F1AB
:10CB7000FF0F16D0482303FB09F35B49CA18CB5CAF
:10CB8000FF2B0ED05368BAF1000F03D1590408D41B
:10CB9000927D32B94821544A43F4C06301FB092213
:10CBA000536016A813F076FA504B514A93F90030AF
:10CBB00010780F9321F068FD02280F9B40F28F80C0
:10CBC000042840F28E8006288CBF00250125AD0187
:10CBD0006FF06C029342B8BF1346082BA8BF08231E
:10CBE0006E3343F346030022012120461D441FF00B
:10CBF000CBFB002E14BF01230023EDB2C2B208D03C
:10CC00003C490E883C4909888E4294BF0026012683
:10CC1000760016A90A911BA93343CDE90871119931
:10CC200003930E9B06910D99C3F380130591029314
:10CC300044999DF8FC300491CDE900A32946434670
:10CC40005846CDF81C901CF031F82BE74FF0070B3D
:10CC500039E7BAF1000F14D1B9F1FF0F0ED0482314
:10CC6000214D03FB09556B685F0407D4AB7D2BB9DD
:10CC70005246012120461FF087FBA8614FF0060BAA
:10CC800028E700220C2120461FF07EFB4FF0030B0B
:10CC900011901FE7002E3FF405AF40461FF0E1FC66
:10CCA00000E700220A2120461FF06EFBC0B2E228F6
:10CCB0003FF419AF0022062120461FF065FB00F06B
:10CCC000030001283FF417AF002E3FF414AF404695
:10CCD0001FF0C7FC0FE7254619E7274623E7C025C5
:10CCE00076E7802574E700BFFC2000202247002063
:10CCF000234700208E5100206A4300202DE9F04F89
:10CD00008DB080460F4615469946BDF858A000F0F4
:10CD1000E5F90446002F39D108AE394610223046D5
:10CD20001EF011F8FF2C02AF22D04822374B02FB35
:10CD300004335A68500401D49B7DCBB100220A21F0
:10CD400050461FF021FBC0B2E02811D0CDF818905A
:10CD500096E80F0087E80F00002352460093214613
:10CD6000434602200195FFF715FE0DB0BDE8F08F98
:10CD7000CDF8189096E80F0087E80F000023019582
:10CD800000934346524621460420ECE7BB1E012B8C
:10CD9000EBD8FF2808AE0DF1080B29D0314600F082
:10CDA000D9FB4822194B02FB04339B7DD906C3F300
:10CDB000820201D4072A16D1BDB103F003039F42BA
:10CDC0000ABF4FF0010C4FF0040C1546CDF8189037
:10CDD00096E80F008BE80F00434652462146604616
:10CDE000CDE90075BFE7002DE7D04FF0040CEDE76B
:10CDF0001022002130461DF0A6FFCDF8189096E8CD
:10CE00000F008BE80F00CDE90075BAE7FC20002089
:10CE10002DE9F043002287B00D2104461FF0B4FA3B
:10CE2000002800F099800022062120461FF0ACFA6D
:10CE3000C0F3072515F0050640F08E803246062126
:10CE400020461FF0A1FA070400F186803246062131
:10CE500020461FF099FA400477D400220121204691
:10CE60001FF092FA05F0070507468DF81450002DC3
:10CE700075D12A46072120461FF086FA0390644E9A
:10CE8000FFB2337BB146BB420AD19DF81420337AFE
:10CE9000934205D1002B7CD13368039A9A425BD030
:10CEA0000DF10C0898E8070089E807004FF4FA61D3
:10CEB0005848377305F0FAFC0022062120461FF07F
:10CEC00063FA00F0030001284FF000026CD10A2140
:10CED00020461FF059FA00F0F000F0283CD0002264
:10CEE000062120461FF050FA10F4C05FC0F3C122A3
:10CEF00032D1062120461FF047FA02062CD45DBB32
:10CF00002A46062120461FF03FFA430602D4404637
:10CF10001FF0A7FB0022062120461FF035FA002251
:10CF20000546062120461FF02FFA00220646092159
:10CF300020461FF029FA00940346C6F340324046CB
:10CF4000C5F3C121FFF7DAFE06E00621324620468E
:10CF50001FF01AFA410680D507B0BDE8F083022D14
:10CF6000FAD105210DF10B0220461FF00DFA2046E3
:10CF700005F060FA9DF80B100822014403A81DF08B
:10CF8000C8FE0022082120461FF0FEF98DF815008A
:10CF900075E7022B84D10822314603A81DF0A9FEB3
:10CFA00000287FF47DAFD7E7062120461FF0ECF97B
:10CFB00010F00305D0D12A46062120461FF0E4F9DF
:10CFC00010F4C05F11D100220A2120461FF0DCF9C5
:10CFD00000F0F000F028BFD000220A2120461FF008
:10CFE000D3F9C0B2E32895D1B6E72A4606212046F8
:10CFF0001FF0CAF9C0F3C1200228E4D02A46062156
:10D0000020461FF0C1F9C0F3C120032882D0A3E756
:10D01000F0320020684D0020002108B5024B084680
:10D0200019801BF060FD08BD6E43002008B5204A42
:10D030000B461278824239D91E4900EBC0004822C3
:10D0400001EBC00118461DF064FE02780346012A78
:10D0500002BF426842F018024260827D1AB1426803
:10D0600042F4804242605A6803F1180011061946E2
:10D070005CBF42F480525A6091F82C20022A0BD0F7
:10D08000032A0FD01AB95A6842F480325A600C3120
:10D090008842F1D1002008BD5A6822F4805242F43F
:10D0A0008072F3E75A6842F04002EFE72720F2E788
:10D0B000CA510020FC200020064B1B78834207D970
:10D0C00048235843044B185C431E5842584170474C
:10D0D00000207047CA510020FC2000202DE9F843B1
:10D0E000064600254FF048080C4FDFF834903B7897
:10D0F000ECB2A34201D8FF240DE02046FFF7DCFF8D
:10D1000008B90135F3E708FB0491304608311FF0F8
:10D11000FDFA0028F5D02046BDE8F883CA5100206A
:10D12000FC20002030B5084B48211A780023074C1A
:10D13000D8B2824201D8FF2005E0013301FB03F59C
:10D14000655DFF2DF4D130BDCA510020B420002010
:10D15000F8B50546FFF7C2FFFF28044606462AD168
:10D16000FFF7E0FFFF28044625D003B203EBC3031B
:10D17000124FDB002868696803F108023A4403C2D1
:10D18000A8681C33106031461022F8181DF0DBFD32
:10D19000482200214FF6FF706243BB18996183F863
:10D1A00044609882287A58600120B854997583F8B1
:10D1B0002C6083F838602046F8BD00BFFC200020BA
:10D1C00013B5144B04461B78834220D9124B1B78AD
:10D1D00083421CD9FFF770FF60B148220F4B02FB5E
:10D1E00004339B69009304236A46214620201AF0E9
:10D1F0001EFF0CE0042322460DEB030020211AF051
:10D200000DFF4FF0FF330093019B0133EBD102B0D0
:10D2100010BD00BFF7450020CA510020FC200020AF
:10D2200070B54C4B04461B7896B0834270D96E465D
:10D230003422FF2109A81DF086FD1022FF2130466F
:10D240001DF081FD2046FFF737FF002849D0482216
:10D250006243414DAB18AA5C8DF824205A680A92AB
:10D260001A7C002A56D19B680B93482303FB045376
:10D270009A7D12F01C0F18BF1C338DF835201CBF8F
:10D280000FCB86E80F00482303FB045191F82C20B4
:10D29000032A8DF8462048D103FB0453D3F82E000F
:10D2A000D3F8321012AA03C2D3F83A00D3F83E10D2
:10D2B00003C2482101FB045292F83830032B8DF849
:10D2C000473001D0002B3BD101FB0455D5F82E008F
:10D2D000D5F8321012AB03C3D5F83A00D5F83E109A
:10D2E00003C33423214609AA1F201AF0A0FE2046BA
:10D2F000FFF766FF04A8F3F76FFE0723314604A883
:10D300008DF810308DF811401BF016FFEEF7B4FECB
:10D3100016B070BD022AA8D1D96898680BAA82E815
:10D3200003005B7C8DF834309FE7002AB4D0022ADA
:10D3300001BF0B8EADF84830CB8DADF84A30B8E761
:10D34000022B01BF938FADF85030538FADF85230A0
:10D35000C7E700BFCA510020FC2000202DE9F043A0
:10D360000027DFF82481474C97B098F80030FDB2D1
:10D37000AB4202D817B0BDE8F0832A4634231F2100
:10D3800009A81AF04BFEE94604A8F3F725FE072387
:10D39000494604A88DF810308DF811501BF0EBFEB3
:10D3A00048239DF824206B43FF2A02D1E254013721
:10D3B000DBE7E254DDF828C0E618C6F804C09DF8A3
:10D3C000353006F11C0EB37599E80F008EE80F009A
:10D3D0001CF0020206F108033BD0DDE90B0183E8F3
:10D3E0000300022333749DF83430737448236B4375
:10D3F0002CF4C062E1184A609DF84620032A81F8A7
:10D400002C202AD112AA03CA482203F12E0604EBCB
:10D41000060CA051CCF804104FF6FD7102FB05423A
:10D42000D186482202FB05429DF84710032982F865
:10D43000381000D0E1B93A3314AA03CAE618E05014
:10D4400048234FF6FD7203FB05437160A3F84220A9
:10D45000ADE70B9B3274B360C8E7002AD2D0022A32
:10D4600001BFBDF848200A86BDF84A20CA85D8E722
:10D47000022901BFBDF850309387BDF85230538761
:10D4800095E700BFFC200020CA510020F7B5FFF748
:10D4900065FF00240C4E0D4D0D4F3378A34202D989
:10D4A0002B78A34201D803B0F0BD042322460DEB34
:10D4B000030020211AF0B2FD482303FB0473019AF4
:10D4C00001349A61E4B2E8E7F7450020CA51002030
:10D4D000FC20002030B4084B48201978FF25002399
:10D4E000064CDAB2914202D830BCFFF7CFBF00FB46
:10D4F00003F20133A554F4E7CA510020FC200020B8
:10D50000F0B40B4611490546097881421CD94824DC
:10D510001C2114FB00140E4E03F1100C344427465A
:10D5200018685968083303C763453C46F7D1482358
:10D5300003FB0566B37D284623F01C0343EA820201
:10D54000B275F0BCFFF76CBEF0BC7047CA5100204A
:10D55000FC200020034630B40E4A084612789A4256
:10D5600004D830BC102200211DF0EDBB48221C2144
:10D5700012FB0312084B1A44034602F1100514462D
:10D5800003CCAC4218605960224603F10803F6D17F
:10D5900030BC7047CA510020FC2000202DE9F84F14
:10D5A00004461E464D4B88461B789146A342BDF863
:10D5B0002800BDF82C103FD9B8F1000F02D0B8F107
:10D5C000030F4FD1B9F1000F36D04FF0480B444F45
:10D5D00004EBC4050BFB047B9BF82CA0ED00BAF117
:10D5E000FF0F05D19BF83830FF2B0DD1002026E02E
:10D5F00005F12E000822494638441DF07AFBA0B1FF
:10D600009BF83830FF2B19D005F13A000822494623
:10D6100038441DF06EFB38B1BAF1FF0FE6D020465A
:10D62000BDE8F84FFFF7FCBD012048230C226343FF
:10D6300002FB00303844C686BDE8F88F01200C2379
:10D640004FF0480A58430AFB040A2E35BA442844CE
:10D65000082249468AF82C8038441DF05AFBAAF863
:10D660003660DCE7B8F1020FD9D148231C4A03FB2E
:10D67000042393F82C60022E0BD1DD8D854223D03C
:10D6800093F83850022D11D15B8F8342C7D101200E
:10D690001BE093F83850022D06D15B8F8342F6D001
:10D6A000FF2EBCD1002504E0FF2EFBD0FF2DB6D10C
:10D6B000012548230C26634306FB0533134402224D
:10D6C000D88583F82C2006E0002048230C256343EE
:10D6D00005FB003313441986A1E700BFCA5100209F
:10D6E000FC2000202DE9F0471F4B05461B7889469A
:10D6F0008342924635D900273E46DFF8708000EB22
:10D70000C00408EBC40494F82C30032B07D8013B69
:10D71000012B16D8DFE803F006200627F3E7FF2BDE
:10D7200018BF0126062F04F10C04F6D126B94823B0
:10D73000FF226B4308F803202846BDE8F047FFF7B7
:10D740006FBD0822494604F12E001DF0D2FA30B90F
:10D75000FF2384F82C30E5E7E38D5345F8D001260C
:10D76000E0E7BDE8F08700BFCA510020FC200020A0
:10D77000064A03461278824206D94822FF215343C3
:10D78000034AD154FFF74CBD704700BFCA51002077
:10D79000FC2000202DE9F04F04464FF6FF7585B0C0
:10D7A000174614F48032BDF83C60029208BF2E4642
:10D7B000E2060846BDF838909DF84C8007D5FFF783
:10D7C0008DFCFFF7D5FF002005B0BDE8F08F2107E5
:10D7D00071D514F4004BC4F3C22A04D09F2222FA5C
:10D7E0000AF2D207EFD50393FFF7B2FC3D4A054694
:10D7F0001278039B8242E6D93946CDE90096109A09
:10D80000FFF7CCFEBBF1000F04D052462846119919
:10D81000FFF776FE14F4C06F334BC4F3412E04F4CB
:10D8200080702DD1482202FB053268B112999161B6
:10D83000917D21F003019175482202FB0532516868
:10D8400041F02001516004E0917D906121F00301DD
:10D850009175482214F4003F08BF4FF0000802FB06
:10D860000533012F83F8448005D102995A68E9B93C
:10D8700042F080025A602846FFF7D2FC0120A3E75D
:10D88000AEF10202012A9FBF482202FB0532129923
:10D890009161482202FB053292F816C02CF0030C6D
:10D8A0004EEA0C0191750028D3D0C5E742F402522C
:10D8B0005A609E82DFE7FFF711FC0A4B1B78834218
:10D8C00081D9012F08D14822074B02FB00335A6847
:10D8D0009D8222F402525A6033464A461099FFF75D
:10D8E00001FFCBE7CA510020FC200020442358430D
:10D8F000024B185C431E584258417047B820002024
:10D900002DE9F843064600254FF044080C4FDFF898
:10D9100034903B78ECB2A34201D8FF240DE02046BE
:10D92000FFF7E4FF08B90135F3E708FB049130463F
:10D9300004311EF0EBFE0028F5D02046BDE8F88348
:10D94000F5450020B82000204422024B02FB0033A2
:10D9500019637047B820002030B500224424084BDA
:10D96000084D1978D0B2814201D8FF2007E004FBAE
:10D9700002F3EB5C0132013BDBB2FD2BF2D930BD8F
:10D98000F5450020B8200020F8B50546FFF7B8FFA0
:10D99000FF280446064628D1FFF7DEFFFF2804468D
:10D9A00023D003B203EB0313114F9B00286869686F
:10D9B0001A1D3A4403C2A86834331060314610225D
:10D9C000F8181DF0C0F9442200214FF6FF706243A1
:10D9D000BB18196383F82C605885287A5880012079
:10D9E000B85483F82D109E749E772046F8BD00BF72
:10D9F000B820002010B50D4B02461B780C46834220
:10DA00000ED9FFF773FF68B171B1094902EB02103B
:10DA100001EB8001442220461DF07BF9002010BD5F
:10DA20002720FCE72D20FAE70120F8E7F545002044
:10DA3000B820002000210A4610B5074B1C78C8B258
:10DA4000844201D8104610BDFFF750FF08B10132E3
:10DA5000D2B20131F3E700BFF545002013B5124BF8
:10DA600004461B7883421CD9FFF740FF60B1442273
:10DA70000E4B02FB04331B6B009304236A462146C2
:10DA800022201AF0D4FA0CE0042322460DEB030006
:10DA900022211AF0C3FA4FF0FF330093019B0133A8
:10DAA000EBD102B010BD00BFF5450020B82000202A
:10DAB00070B50D4D2B68A3B9BDE870400B4804F05C
:10DAC00091BFFFF7CBFF01343378E0B28342F8D83F
:10DAD0004FF47A712B6805485943BDE8704004F053
:10DAE000E5BE0024024EEFE7804C0020884D002068
:10DAF000F645002070B53B4B04461B7896B0834238
:10DB000063D93022FF210AA801AE1DF01CF91022B2
:10DB1000FF2130461DF017F92046FFF7E7FE0028E9
:10DB20003CD044226243304DAB18AA5C8DF82820CB
:10DB30005A88ADF82A201A7B002A48D15B680B93DB
:10DB4000442303FB045393F82D208DF83520D2068F
:10DB50001EBF34330FCB86E80F00442303FB04526F
:10DB6000917C03FB04538DF84610022904BF5269CF
:10DB700012929A7F022A08BF1B6A8DF8472008BFBD
:10DB80001393442303FB04556B8DADF854302B7C69
:10DB90008DF8563095F82C308DF8573030232146CB
:10DBA0000AAA21201AF043FA2046FFF757FF05A8DA
:10DBB000F3F712FA0823314605A88DF814308DF8D2
:10DBC00015401BF0B9FAEEF757FA16B070BD022AED
:10DBD000B6D1D3E901010BAA82E803005B7B8DF883
:10DBE0003430ADE7F5450020B8200020F8B500241A
:10DBF0004427074D074E2B78E0B2834200D8F8BD8A
:10DC0000FF2207FB00F3F254FFF774FF0134F2E741
:10DC1000F5450020B8200020064A034612788242CB
:10DC200006D94422FF215343034AD154FFF762BF70
:10DC3000704700BFF5450020B820002038B50D4AD8
:10DC400004461278824212D90B4D41B94423FF2277
:10DC50004343EA542046FFF74DFF002038BD00EB58
:10DC60000010442205EB80001DF053F8F2E7272056
:10DC7000F4E700BFF5450020B82000202DE9F0436F
:10DC80000026334F334D97B03B785FFA86F8434513
:10DC900002D817B0BDE8F0834246302321210AA8FC
:10DCA0001AF0BCF905A8F3F797F908230DF1040958
:10DCB000494605A88DF814308DF815801BF05BFAE5
:10DCC00044239DF8282003FB08F3FF2A04D1EA54DB
:10DCD000EEF7D2F90136D7E7EA54BDF82AC0EC18BE
:10DCE000A4F802C09DF8353004F1340E84F82D30CC
:10DCF0001CF0020C99E80F008EE80F0004F10403F9
:10DD000020D0DDE90B0183E80300022323739DF893
:10DD100034306373442202FB08529DF846309374FA
:10DD2000129B53619DF847309377139B1362BDF8A4
:10DD3000543053859DF8563013749DF8573082F84F
:10DD40002C30C5E70B9B84F80CC06360E2E700BF92
:10DD5000F5450020B8200020F7B500234420FF2619
:10DD60001B4D1C4C2978DAB2914216D8FFF786FF7A
:10DD70000024194E174F3378A34202D92B78A342BF
:10DD800010D8164B1B68E3B14FF47A71594314480D
:10DD900003B0BDE8F04004F089BD00FB03F201339D
:10DDA000A654E0E7042322460DEB030022211AF0DB
:10DDB00035F9442303FB0473019A01341A63E4B276
:10DDC000D9E7074803B0BDE8F04004F00BBE00BF40
:10DDD000F5450020B8200020F6450020804C0020AA
:10DDE000884D00200028024808BF002000F042B8FB
:10DDF00095C7030810B500240122084B20465C702B
:10DE0000074B1A7003F07CFB204603F093FB21467E
:10DE10002046BDE8104003F023B800BFF5510020B4
:10DE2000F746002070B5124D04462B68A0B0E3B150
:10DE30001FF09BFD7F2828BF7F208DF80000204623
:10DE40001FF08EFD9DF8002001460DF101001CF031
:10DE500043FF20462E681FF00FFD054620461FF0A9
:10DE600010FD294602466846B04720B070BD00BF8D
:10DE70000833002070B5124D04462E7816B10124E7
:10DE8000204670BD20F018FB0028F8D00D4B1C6018
:10DE9000EEF7F2F80C4B30465A780C4B0C491A70DE
:10DEA0000C4A03F043FC04460028E9D12B78012BEF
:10DEB00002D1EEF7E1F8E3E7002003F045FFF5E7D4
:10DEC000F746002008330020F5510020E2460020EC
:10DED000F5DD010825DE010870B5104E3378012B01
:10DEE00001D0042B18D118F0E9FD002405460C4B95
:10DEF00001201C60347003F003FB012003F01AFBC7
:10DF0000284618F0E1FD074B2046BDE870401A781E
:10DF1000054B5A7003F0C2BE012070BDF7460020C9
:10DF200008330020E2460020F551002010B5064CD1
:10DF30002378012B06D100201FF090FB0223002044
:10DF4000237010BD0120FCE7F746002038B5064DD0
:10DF500001242B78022B05D100201FF082FB00202A
:10DF60002C7038BD2046FCE7F746002010B5064C63
:10DF70002378012B06D100201FF06DFB0323002026
:10DF8000237010BD0120FCE7F746002038B5064D90
:10DF900001242B78032B05D1002003F08DFA0020FB
:10DFA0002C7038BD2046FCE7F74600202DE9F843E9
:10DFB000830704460D4604D040F231211A48EDF79C
:10DFC00099FE1A4B1B78012B0BD10026DFF86090CD
:10DFD000DFF8608018F072FD0746002002F030FF85
:10DFE00008B9012013E00020214699F8012002F031
:10DFF000CFFD384618F068FD002002F021FF40B147
:10E000000136EEF739F8B3B2AB42E3D90020BDE8F0
:10E01000F88302F0FDFD40461FF063FF0028EBD0BF
:10E02000404603F0C5F8E7E742690408F7460020D8
:10E03000F5510020E44E0020064B01461B78012BD1
:10E0400005D1054B83F85800002002F049BF01209C
:10E05000704700BFF7460020A433002010B50A4BDC
:10E060000C461B78012B0BD11FF0FDFA034640B97B
:10E07000064B214683F85A40BDE8104002F002BF2B
:10E080000123184610BD00BFF7460020A43300202E
:10E09000074B1B78012B07D1012807D8054B00F04F
:10E0A0000100587000207047012070472120704700
:10E0B000F7460020F5510020034B1B78012B06BFCB
:10E0C000024B587800207047F7460020F551002099
:10E0D000FF2838B504461AD80F4B1D78012D01D002
:10E0E000012038BD1AF036FE2A4600211DF0F1FE4F
:10E0F00078B9204619F065FF084B1C68FFF7ECFE65
:10E100000028EDD12046BDE83840FFF7B3BE2120FE
:10E11000E7E70320E5E700BFF746002008330020CB
:10E12000F8B5204B05461B882D2B28D82A2B28D93B
:10E1300001F05CFF1C4B1D4A1B680646053300219D
:10E140001B4813601FF084FC0446194FCCB1032117
:10E1500020461FF0FBFD312814D11221204604F087
:10E1600063FBB04205D140F60F401EF0A8FF00232C
:10E170002B70214638461FF0C1FC0446E6E7382BD9
:10E18000D6D0F8BD3228F4D10521204604F04CFB4E
:10E19000B042EED140F60F401EF091FF00232B70ED
:10E1A000EFE700BF7243002034200020043300203A
:10E1B0007443002070B50021054611481FF048FC4B
:10E1C00004460F4E0CB9204670BD032120461FF0B7
:10E1D000BDFD3F2805D0214630461FF08FFC044688
:10E1E000F0E70921204604F01FFB0228F3D10A21A1
:10E1F000204604F019FBA842EDD10120E4E700BF5E
:10E2000074430020F8B50021054619481FF020FC92
:10E210000446174F04B9F8BD032120461FF096FDB0
:10E2200045281ED11B21204604F0FEFAA84218D131
:10E230000521204604F0F8FA831EDBB2012B0BD82F
:10E2400021460B481FF05AFC06462146002208488A
:10E250001FF08FFC3446DDE7FF221B21204604F02F
:10E26000F7FA214638461FF049FC0446D2E700BFC2
:10E2700074430020F0B589B00446F2F7A7F9334B98
:10E2800006461B78112B1FD1607801A91EF0C3FD33
:10E2900020BB0027F2F79AF9FEB2B0421CD93046F3
:10E2A00003A921F0F6FB9DF80C500137002DF1D1A8
:10E2B0002146304610F054F818B340F60445A84201
:10E2C00014BF8C258D251CE0122B05D16188607848
:10E2D0001EF02EFE0028D7D18C2512E040F2091343
:10E2E000BDF804209A42D4D16388B3F5006FD0D131
:10E2F000601D1AF061FD0E28CBD000280CBF002550
:10E300008D2503A831211BF0ADF92388618804A86D
:10E31000ADF80E301BF0A6F9237912218DF81230DA
:10E32000D4F8053003A8CDF81330D4F809308DF8AF
:10E330001C60CDF81730637B8DF81D508DF81B30B5
:10E340001EF06BFE284609B0F0BD00BFE051002072
:10E3500037B5144B05461B78113B012B0FD98D2483
:10E36000684632211BF07EF9072168468DF802507D
:10E370008DF803401EF051FE204603B030BDFFF77C
:10E3800019FF0028EBD128460FF0C2FF044618B948
:10E390002846FFF737FFE3E740F604439842DED014
:10E3A0008824DDE7E051002003787BB94378012B16
:10E3B0000CD1074B1B88562B064B15BF027A1B78D6
:10E3C0001A7003720023436001230370704700BF7B
:10E3D00072430020E051002070B50578044665B90D
:10E3E0004378042B09D10C4B1B88522B06D1F2F732
:10E3F000EDF8656020810123237070BD0689F2F776
:10E40000E5F8864202D921236360F4E7207A65604B
:10E41000F2F7D6F8EFE700BF72430020037810B59B
:10E4200004466BB90121194A436012880170417892
:10E4300039B9174B562A0BBF1B88027A03721A8010
:10E4400010BD05290FD1562A05D1F2F7D7F840F0B3
:10E4500050002072F4E7007A00F00F002072BDE84F
:10E460001040F2F7D1B806290ED1562A04D1F2F79E
:10E47000D1F840F06000ECE7007A00F00F00207265
:10E48000BDE81040F2F7CCB80370D9E77243002022
:10E4900036430020037810B50446CBB9012243600F
:10E4A00043780270242B14D006D80D2B09D01E2BD4
:10E4B0000BD0002323700BE0362BFAD1F2F7C2F811
:10E4C00001E004F0D1FB208102E0034B1B782381A3
:10E4D00010BD024BFAE700BFC2510020A445002046
:10E4E000037863B90122436043780270242B19D06A
:10E4F00006D80D2B09D01E2B0AD0002303707047BD
:10E50000362BFAD10089F2F7A3B8007A04F0B2BB37
:10E51000074B02891978914202D221234360704748
:10E520001A70704703890A2BF7D8024A1370704794
:10E53000C2510020A44500202DE9F043164693B0B7
:10E540000C461D4607461AF04EFB1AF04AFB02A87D
:10E550000EF0A2FE012EDFF8CC8045D0032E0ED0A7
:10E560004FF003091FF0CDFDA84213D029463846CD
:10E5700016F056FC21463846F2F75AFA0AE018B966
:10E58000BDF808309B07EBD4B8F80030980746D4A4
:10E590004FF00209CDF8049098F800303246214639
:10E5A000009338462B461AF07BF8804624210DA8AC
:10E5B0001BF058F839460DF136001BF053F820686F
:10E5C00061680EAB03C329460DF142008DF840602F
:10E5D0008DF841801BF046F810210DA81EF01DFD9E
:10E5E000404613B0BDE8F083B8F80030D907CFD566
:10E5F000DA0603D413F0200FB2D10BE009AB2046AA
:10E6000005AA0DA91AF020FFB8F800309B06A7D480
:10E610000028BDD1B8F80090C9F38009A2E713F033
:10E62000080FE9E7364300202DE9F04387B017468D
:10E63000DDE911841A469DF840300E9D7D2BBDF812
:10E640003CE030D8DFF86890B9F80090B9F1360FA7
:10E6500013D0B9F1380F1AD0B9F1340F25D1009386
:10E660002A467346CDE901840CF0A2FD10B90CB125
:10E67000AB7A237007B0BDE8F083CDE901E30090E9
:10E680002B463846CDE903840CF00EFDEEE7CDE9CC
:10E6900001E300923B460A46CDE903840146284641
:10E6A0000CF042FDE2E73820E4E70120E2E700BF9A
:10E6B0007243002010B4084C2478202C03D1B1F907
:10E6C0000640002C03DA5DF8044B0CF019BE022062
:10E6D0005DF8044B704700BFE25100201FB503787E
:10E6E0000446EBB901224360037A0274142B0270D2
:10E6F0000ED8142B0ED8DFE803F02F101B0D0D0DD4
:10E700000D0D150D0D0D0D180D0D0D0D0D25280000
:10E710003D2B1DD00023237002E005F0C1F860748A
:10E7200004B010BD06F066FEF9E710F0EBFEF6E768
:10E7300005F0C2F8014604F111001AF093FF02231C
:10E740002374EDE706F094FEE9E715F089F9E6E7B2
:10E75000144B1B784374E3E710230722694601201A
:10E7600004F0BAF9BDF8001004F111001AF07AFFB4
:10E770009DF80230BDF80610E3749DF8033004F1F3
:10E78000170023759DF8043063759DF80530A37557
:10E790001AF068FF02AB03CB1023C4F81900C4F8C9
:10E7A0001D10CDE7045200202DE9FF4702780446F2
:10E7B000002A40F0118101230370037A292B2DD800
:10E7C000292B31D8DFE813F033005C006300300000
:10E7D00030006C006C003000A2008500AB00B1007E
:10E7E000F70030003000FC00300030003000300016
:10E7F0003000300030003000300030003000300099
:10E8000030003000300030003000300030000B01AC
:10E810000B011C01300030003000F500342B00F0FB
:10E82000F6803D2B00F0FB8000232370D4E0057CB4
:10E83000102D6BD111301AF013FFE37CADF80000FE
:10E840008DF80230237D04F117008DF80330637DCD
:10E850008DF80430A37D8DF805301AF001FFD4F84F
:10E860001D10ADF80600D4F8190002AA03C22B4609
:10E8700007226946002004F02FF900236360ABE013
:10E88000037C012B42D1407C05F010F8F5E7037CB6
:10E89000022B3BD111301AF0E3FE05F013F8ECE740
:10E8A000037C022B32D111301AF0DAFE237A052BC9
:10E8B0004FF6FF7307BFADF80000ADF80230ADF8BA
:10E8C0000200ADF8003068468DF8043010F05CFEB0
:10E8D000D3E7564A037C12785E08B2EB530F15D982
:10E8E000534F00F11105B8460FFA86F905EB460AB9
:10E8F00055450DD14FF4004531464D4828F8195083
:10E9000004F0A2FF0028B8D0A8F800502123B5E7F2
:10E9100028461AF0A5FE023527F8020BE8E7113069
:10E920001AF09EFE0EF096FCA7E711301AF098FE42
:10E93000404B05461B7833B94FF6F773984233D8EE
:10E940001FF0EBFB99E74FF6F672431E9BB2934222
:10E950002AD805F05FFD38BB6946284604F0FAFD69
:10E9600010B3284621F099FBF0B928461FF0DFFECE
:10E97000D0B928460BF0B4FBB0B9284621F006FA0E
:10E9800090B92846FDF782FF70B928461FF0C5FBF5
:10E9900040F607431322032027491DF050FC40F6A0
:10E9A00007401AF0CFF968E71FF0ABFBA8423FF42D
:10E9B00064AF022362E74FF0FF330093437C82E7AA
:10E9C000457C12301AF04CFE6A46ADF8000029462C
:10E9D00001201EF045FA606004B0BDE8F087037CBA
:10E9E000042B93D100F1110101201AF04DFE237A7E
:10E9F000232B02D120F061F9EDE720F0EFFDEAE7EB
:10EA0000407CC31E012B81D806F0F6FF35E7437C1E
:10EA10000A49003B18BF012342600B70DCE7407CD1
:10EA200008F0BEF800283FF428AF6FE7B55100208A
:10EA30009A3600206C4600201A210408F351002069
:10EA4000144B027810B51B8804466AB942604278BC
:10EA5000032A0AD1562B104B02D11B78237201E0F6
:10EA6000227A1A700123237010BD022A02D1562B7C
:10EA70000A4BF1E7092AF7D1562B03D107F0C8FF5B
:10EA80002072EFE7007A003818BF012007F0A8FFD6
:10EA9000E8E700BF72430020E1510020E25100206E
:10EAA00038B50378044673BB012202704278436094
:10EAB0001F2A25D00DD8122A1FD0182A17D0052AB0
:10EAC0000ED0174DD9B2685CFF281FD100232370E8
:10EAD00019E0382A18D0402AF3D1F1F7A7FD11E048
:10EAE000104B114A1B7812789B1A23810BE00F4BB5
:10EAF0001B78B3FA83F35B09F7E70D4B1B88F4E748
:10EB0000F1F758FD208138BD0A4BF7E7824203F147
:10EB10000103D7D1084B53F821301B78E5E700BF3C
:10EB2000A0690408C651002070460020D35100207F
:10EB30007A510020965100204C690408027803465F
:10EB400030B4002A3CD1012101704178426019297A
:10EB500023D00DD8122935D018292BD0052911D052
:10EB6000324DD4B2285DFF2843D100221A7027E02D
:10EB7000382933D0402935D01F29F1D130BC008944
:10EB8000F1F712BD2A4A007A11782A4C42182478EB
:10EB9000A2420ADD19225A6012E0274A017A10784F
:10EBA000234A1278801AC0B2EFE7234B1A7030BCA8
:10EBB000F1F730BF0389214AB3FA83F35B0913707D
:10EBC00030BC704747F230520089904201D921226F
:10EBD000E1E71B4B30BC188011F06CBC0289194B6B
:10EBE0001A80EDE700890228F1D830BCC0B2F1F7F5
:10EBF00023BD814202F10102B3D1134A082C1889C6
:10EC000052F8242001D934290DD111788142C1D381
:10EC100010705A68002AD3D15A78112AD0D130BC4A
:10EC2000187AF1F7D9BC1070CAE700BFA0690408D0
:10EC300070460020C5510020C6510020D35100204D
:10EC40007A510020965100204C6904082DE9F043C8
:10EC50008DB0DDF85080B2F80090CDF80080074606
:10EC60000C4616461D4619F053FD002845D1452196
:10EC700003A81AF0F7FC21880DF10F008DF80E7033
:10EC80001AF0F0FC61880DF111001AF0EBFC237909
:10EC9000E1888DF8133063790DF115008DF814308B
:10ECA0001AF0E0FC21890DF117001AF0DBFCA37AC1
:10ECB0000DF11A0130468DF819301DF065FF4846F8
:10ECC0008DF82C5016F0BCF98DF80B00003818BFE9
:10ECD00001200DF10B030190009342462B462121A8
:10ECE00003A801F0E5F818B1054B1B78212B04D1DE
:10ECF000044A137843F0040313700DB0BDE8F083A9
:10ED0000E2510020424700202DE9F0430D4606461F
:10ED100091461C4689B0014628469DF84480129FC2
:10ED200015F0E0FE02A83F211AF09CFC32460DF1DE
:10ED30000A0101201AF09AFC49460DF10F008DF8E6
:10ED40000E501AF08FFC21880DF111001AF08AFC88
:10ED500061880DF113001AF085FC2379E1888DF8A4
:10ED6000153063790DF117008DF816301AF07AFC22
:10ED700021890DF119001AF075FCA37ABDF8401035
:10ED800007A88DF81B301AF06DFC0B4B17211B7870
:10ED900002A8402B08BF00274FF0000308BFB84669
:10EDA000CDE900333A4643468DF81E8001F080F8E5
:10EDB00009B0BDE8F08300BFE35100207FB50446F1
:10EDC0000D4616467D2168461AF04CFC21460DF191
:10EDD00002001AF047FC2868696801AB03C30D21E3
:10EDE00068468DF80C601EF018F9044B196811B1D3
:10EDF0002046F1F71DFE04B070BD00BFC8340020EE
:10EE00002DE9F04705460F46194800211646984659
:10EE10001EF01EFE4FF0000A0446DFF85490BCB10D
:10EE2000D5B15FFA8AF080450AF1010A19D120466E
:10EE300003F01CFB411E89B2204603F0F5FC0FB124
:10EE4000C30705D5FF2E04D0C0F34100864200D091
:10EE500000242046BDE8F0872946204603F0E4FC64
:10EE6000E1E7214648461EF049FE0446D7E700BFC9
:10EE700070430020014803F003B900BF7043002035
:10EE80007FB5ADF8060003F0D5FA05468479C6795A
:10EE900019F0A5FE0021400040F001008DF80F00A0
:10EEA000FF2208462B78FFF7ABFF10B1002004B01B
:10EEB00070BDBDF8060003F0D9FA3444640008348C
:10EEC00004F0FE048442F1D101230DF10F011A4632
:10EED0000DF1060003F004FC02460028E6D10548C7
:10EEE000BDF806101EF0BAFD034A01201378013365
:10EEF0001370DCE770430020E446002010B50D4B92
:10EF000004461B7883420DD919F06DFE012102469B
:10EF100023460846FFF774FF50B1BDE810400021BA
:10EF200003F082BCC01AC0B2BDE8104019F08ABB21
:10EF3000FF2010BDE4460020034B1878034B1B78DC
:10EF40001844C0B2704700BFE4460020E3460020EA
:10EF500070B50A4D00EB4004A60005EB840419F0DF
:10EF600040FE09F059FE08B119F09AFEA279A18875
:10EF7000A859BDE870401EF018B800BFA84D002089
:10EF800013B5044619F02FFE114A00B200EB400001
:10EF900002EB8002D4B13F2C18D0137A0133DBB2DC
:10EFA000D179137299420FD8002343211372684616
:10EFB0001AF058FB01200DF1020122461AF056FB0F
:10EFC000062168461EF029F802B010BD0023E7E7CD
:10EFD000A84D002037B50B4B05461B780C46312B4E
:10EFE0000ED1442168461AF03DFB29460DF102007E
:10EFF0001AF038FB052168468DF804401EF00DF824
:10F0000003B030BDE151002038B5030415D4032905
:10F0100013D80B4B0B4D1B7803EB430305EB830419
:10F02000A171E271A0800A46014655F823001DF047
:10F03000BCFFBDE8384009F0EFBD022038BD00BF7D
:10F04000E7460020A84D002010B50C4C237843B1B2
:10F05000EDF730FD28B140F2022018F0CFFF002379
:10F060002370F1F735F808B100F040FB044B187835
:10F0700018B9BDE8104000F00FB910BDE5460020FA
:10F08000E84600202DE9F041234BDFF89C8005463F
:10F090001868D8F800300E46C01A83B2CA2B17463B
:10F0A00031D9CA20F1F77AF882241C4B1A7812B1B0
:10F0B000002282241A701A4B1A781AB1002244F0E6
:10F0C00001041A7000F07AFF08B144F0040417B18B
:10F0D000F6B144F00804D8F800305C706B1EDBB267
:10F0E000012B04D800F06AFF002818BF00250D4B43
:10F0F0001D7000F063FF08B919F0B4FA3046BDE89E
:10F10000F041F1F719B8C0B2F1F748F88024CCE724
:10F1100044F01004DFE700BF00330020EA4600207F
:10F12000ED460020E646002034200020144B0278F3
:10F1300010B51B880446BAB942604278072A14D138
:10F14000562B07D10BF07AFD012814BF63236223ED
:10F15000237207E0007AA0F16203584258410BF095
:10F1600073FD60600123237010BD042AFCD1562B6F
:10F17000044B01D11B78EBE7027A1A70F2E700BF6B
:10F1800072430020E3510020037810B5044653BBBE
:10F190004360012303704378342B27D00FD8172BFB
:10F1A00022D006D8012B17D00C2B11D000232370AE
:10F1B00019E02D2BFAD1104B1B78238113E0412B42
:10F1C00016D0422B16D0392BF0D11DF03AFB01E0BE
:10F1D00004F02EFA208106E0084B1B68B3F5803F4F
:10F1E000EBD31D23436010BD054BE5E7054BE3E77B
:10F1F000054BE1E7054BDFE7CE510020D42704089B
:10F20000E9460020CC510020CA510020F5450020DD
:10F21000037810B50446B3B9012243604378027005
:10F22000342B27D008D8172B1BD02D2B0CD00C2B10
:10F2300012D00023237006E0392B21D0413B012B53
:10F24000F7D80223636010BD0389022B01D9212363
:10F25000F8E70E4A1370F6E7007ABDE8104004F0B4
:10F26000EDB9008919F072FD0028F0D12289084B10
:10F270001A70E8E7074B028919789142E7D3F7E75C
:10F280000089FEF725FF6060DDE700BFCE5100205A
:10F29000E9460020CC51002038B5054600F08EFE2E
:10F2A00010B90024204638BDF0F790FF044600282E
:10F2B000F7D0034B012229461878FFF7E3FEF1E768
:10F2C000E646002038B503780446002B40F09B80CA
:10F2D0004360012303740370037A472B0AD8102B71
:10F2E0000BD8042B00F0E380072B00F0C680032B23
:10F2F00000F0B8800023237085E0113B362BF9D84D
:10F3000001A252F823F000BFE5F30108F5F201086D
:10F31000F5F20108F5F2010881F40108F5F201089F
:10F32000F5F20108F5F20108F5F20108F5F201081D
:10F33000F5F20108F5F20108F5F20108F5F201080D
:10F34000F5F20108F5F20108F5F20108F5F20108FD
:10F35000F5F20108F5F20108F5F20108F5F20108ED
:10F36000F5F20108F5F20108F5F20108F5F20108DD
:10F37000F5F20108F5F20108F5F20108F5F20108CD
:10F38000F5F2010809F401081DF4010823F401084D
:10F39000F5F20108F5F2010841F401085FF40108F3
:10F3A0003BF4010817F4010897F40108F5F201088D
:10F3B000F5F2010887F40108F5F20108F5F20108F9
:10F3C00091F40108F5F2010811F40108A3F4010811
:10F3D000A9F40108B7F401089DF40108BDF401087F
:10F3E000C3F401080723384D0374298811301AF03B
:10F3F00039F9AB78E374EB7823752B7963756B7906
:10F40000A375AB79E37538BD17F0E3FC6074FAE7D8
:10F41000F3F7E8FFFAE717F0D3FCF7E717F0BFFCC4
:10F42000F4E70423037417F0B0FC024604F1110161
:10F430000120BDE838401AF019B917F0BDFCE5E726
:10F440000323037417F0AFFC30B10278437880785F
:10F450006274A374E074D6E703460246F8E717F037
:10F460009AFCD3E70223037402F0ACFD014604F1D9
:10F470001100BDE838401AF0F5B803F09DFBC5E770
:10F4800002F082F8C2E7042303741DF08BFDCCE781
:10F4900008F016F9BAE707F0E5FAB7E707F0D6FA89
:10F4A000B4E705F0D3FFB1E7084B1988DFE7084B55
:10F4B0001B784374A7E71AF006F8A7E704F0C4F82E
:10F4C000A4E70EF05FFEA1E7406B04088051002026
:10F4D000E846002038B503780446002B3DD10123CF
:10F4E0000370037A043B432B00F2B780DFE803F09C
:10F4F00022B5B530B5B5B5B5B5B539B5B58CB5B579
:10F50000B578B57D8689B5B5B5B5B5B5B5B5B5B57B
:10F51000B5B5B5B5B5B5B5B5B5B5B5B56E4452B5B6
:10F52000B5644B5D738E9AB59EB5A1A7B5B5B5AB65
:10F53000B592B5B1037C012B1BD1437C484A003BFB
:10F5400018BF01230020137019F08CF8002311E07C
:10F55000437C1BB103F0F8FA606038BD03F008FB90
:10F56000FAE7407C003818BF012017F01EFC002885
:10F57000ECD021236360F0E7407C003818BF012005
:10F5800017F00BFCF3E7037C012BF2D1407C17F062
:10F5900000FCECE7037C042BEBD100F1110101200E
:10F5A0001AF072F817F0F3FBE1E7037C012BE0D1CE
:10F5B000407C17F0FCFBDAE7037C032BD9D1C37C3A
:10F5C000827C0021407C17F0ECFBD0E790F9110021
:10F5D00017F001FCCBE790F9110017F0F3FBC6E739
:10F5E00090F9110001F0ACFCB0E7457C12301AF044
:10F5F00037F801462846F0F7AFFFA7E7F0F7A2FF7C
:10F60000A4E7F0F795FFA1E70223B3E7407C07F0FA
:10F610000FFAA1E7407CBDE83840003818BF012050
:10F6200007F01ABA407C01F03DFF95E71DF0BCFCE5
:10F6300093E711301AF014F808F02EF886E7407CB2
:10F6400008F030F882E711301AF00AF8054B1880FC
:10F650007CE7407C0EF09CFD78E7002303707CE79C
:10F66000E84600208051002038B50446EFF798FAAC
:10F6700010B10125284638BD2046EFF71BFD0028B4
:10F68000F7D12046F0F718FA0028F2D1204618F0FA
:10F6900079FF0028EDD12046F0F702FC0028E8D1E0
:10F6A0002046EFF799F90028E3D1204618F003FF30
:10F6B0000028DED1204618F08EFE0028D9D1204641
:10F6C000F0F79AFB0028D4D1204618F0BDFF00289F
:10F6D000CFD1204618F0BDFF05460028C9D12146EC
:10F6E0000148FCF7EDFEC5E7B76904082DE9F04FC6
:10F6F000B5B0F0F715FDF0F747FDDFF84483064697
:10F70000D8F80030C84D9A78DFF8389302F003013A
:10F7100001290BBF05200320B3F80110597808BF59
:10F72000B3F8032001F003042A8005941C780344F5
:10F73000BE48DFF814B303604FF00000C9F8003092
:10F74000BB4B0CBF4FF0000A4FF0010A09068BF8C3
:10F750000040187005D5582332202B8000F064FC3F
:10F760002CE1B44F397821B91AB1582330202B80BD
:10F77000F4E718F0C9FF18B9582342202B80EDE7B1
:10F780004FF001030FA88DF83C301BF029FA9DF8CB
:10F790003C20002A00F012812C88562C00F2B28006
:10F7A000462C31D8272C57D92046FFF75DFF00287B
:10F7B00040F00481582331202B80CFE7A4F18F0340
:10F7C0000E2BF1D801A252F823F000BF9BFD0108D7
:10F7D000B7FD010835FE0108A9F70108A9F70108DE
:10F7E000F5FD0108A9F70108A9F70108A9F7010823
:10F7F000A9F70108A9F70108A9F70108A9F7010865
:10F80000A9F7010851FD0108A4F147020F2ACBD83E
:10F8100001A151F822F000BF6BFD0108A9F7010812
:10F8200055FC0108A9F70108A9F70108A9F7010883
:10F83000A9F70108C5FC010895FD0108A9F7010811
:10F84000A9F70108F5F901084DFA0108A9F701081F
:10F85000A7FA0108C5FA0108272CA5D801A252F879
:10F8600024F000BF97F901085BFD010883FA010845
:10F870002DFB0108A9F701081BF901084BFB010842
:10F88000A9F70108A9F701085DFB01085DFB010864
:10F890006BFB01086BFB0108A9F7010877FC010865
:10F8A000A9F70108A9F70108A9F70108A9F70108B4
:10F8B00065FD0108A9F70108A9F70108A9F70108E2
:10F8C00081FD0108A9F70108A9F70108A9F70108B6
:10F8D000A9F70108A9F70108A9F70108A9F7010884
:10F8E000A9F70108A9F70108A9F70108A9F7010874
:10F8F000A9F70108A9F70108A9F7010871FD010896
:10F900007BFD01089D2C11D88E2C3FF657AF652C3E
:10F9100000F0FB81812C7FF447AF052E4ED9D9F83A
:10F920000030053E3344C9F8003047E0F12C00F0C8
:10F93000EC811ED8AA2C00F0DB80AB2C7FF434AF16
:10F94000942200210FA81BF0FEF913AB0DF14D021C
:10F95000019301203849009211AA00F08BFB0FA8F7
:10F960001BF0F1F89DF83C30002B40F08680212000
:10F9700084E0FC2C00F00B8240F205139C427FF4E3
:10F9800013AF00F033FB044600F030FB0146204685
:10F9900005F086FA72E000F029FB0446102000F022
:10F9A00043FB022000F040FB48F230001DF073FBE7
:10F9B0003A781AB9102C01D101223A70D8F80030E7
:10F9C0009BF800201A70D8F800209378002B40F0A4
:10F9D0003D82BAF1000F00F039822B88937001212B
:10F9E0002A880598D31F5A425A4135B0BDE8F04FD6
:10F9F000FFF748BB0023CDE90F33119300F0F6FA6F
:10FA00008DF83D000FA81BF0C1F89DF83C301BB9E4
:10FA10002122ADF844301092084911AB10AA002001
:10FA200000F028FBCAE700BF724300200433002027
:10FA3000E7460020EB460020E4690408D169040889
:10FA40003420002000330020EC46002038780128C4
:10FA500001D0022012E00023B449CDE90F33119305
:10FA60000DF13D0211AB00F005FB0FA81BF0A3F850
:10FA70009DF83C300BB92123109310981DF01FFB0B
:10FA80009CE73B78012BE4D1711F0520C9B2F0F748
:10FA900065FB30B1FFF7F4F900280CBF21200020EE
:10FAA000ECE71920EAE700230120CDE90F33119399
:10FAB0009F4911AB0DF13D0200F0DCFA0FA81BF0DD
:10FAC00063F8D5E70023CDE90F33119300F08EFAE8
:10FAD0008DF83D000FA81BF045F89DF83C301BB990
:10FAE00021228DF844301092924911AB10AA96E76A
:10FAF000942200210FA81BF026F900F077FA8DF868
:10FB000044000FA81BF00EF89DF83C301BB92122D1
:10FB10008DF84C3010920DF14D0213AB0092002085
:10FB20008549019310AA00F0A5FA47E79422002125
:10FB30000FA81BF008F90120804912AB11AA00F0B0
:10FB400099FA0FA81AF0FDFFDEE70120FFF7A4FBEA
:10FB5000002840F0828107232B802FE7A4F10902BF
:10FB60005042504118F072FD28E700F03FFA062895
:10FB7000074616D10C2C3FF46CAF0024282000F06F
:10FB800053FA6F4B1E88E2B2022331460FA818F0D9
:10FB900045FA0134BDF83C001DF07DFA142CF2D179
:10FBA0000CE7082804D10C2C3FF453AF002065E784
:10FBB0000B28F8D00C2C02D109283FF44AAF4FF0A3
:10FBC0000009604E3378BB4225D10C2C02D07078EE
:10FBD00000F02AFA71680022737809880FA818F0DB
:10FBE0001DFA0C2C29D100F001FA034670788342EB
:10FBF0007FF4BDAE00230FAAD9B2884216D80FA950
:10FC000000F0FCF97368727818880FA918F01CFAD4
:10FC100000201DF054FA09F10109B9F10B0F06F1AA
:10FC20000806CFD10C2CC1D1272027E712F8011BE1
:10FC30000133FF29E0D03B2020E7092F05D1152211
:10FC400000210DF182001BF07EF870780FA900F002
:10FC5000FBF9B3E601210FA819F000F830B91DF047
:10FC60002EFABDF83C001DF016FAA7E621201DF083
:10FC700026FA0020F7E700F0B9F904461DF015FA5E
:10FC8000814600F0B3F9074600F0B0F919F4004FCF
:10FC900006467FF4DEAE032F3FF6DBAE012C3FF6C7
:10FCA000D8AE294823B200EBC3043A46494650F87F
:10FCB00033001DF07AF9002E18BF3E46A4F80490D8
:10FCC000A67173E700F092F900230128ADF83C30EB
:10FCD0008DF82C3017D81C4B00B203EBC0040BAAD4
:10FCE00053F830000FA91DF07CF9A3791C1E18BF32
:10FCF0000124BDF83C001DF0CEF99DF82C0000F069
:10FD000093F920462AE51C46F3E729240F4E36F8DE
:10FD1000020B013C1DF0BFF914F0FF04F7D12B8852
:10FD2000652B7FF44BAEF0F703FC47E6D46904087B
:10FD3000D7690408DA690408DD690408E169040880
:10FD400042260408F0690408584E00204836002076
:10FD50001DF0ABF9F0F758FA30E600F047F902F081
:10FD600033FFFBE418F0DFFC28E618F0D3FC25E6AF
:10FD700003F082FC0146082069E71EF0C2F972E731
:10FD80000FA81DF078FA0FA806F012FA76E61EF01A
:10FD900042F9E3E418F06BFFE0E41DF0ECF84FF6F5
:10FDA000FF73984205D000F021F92D4B1870002008
:10FDB000D4E40120D2E408230BAA8DF81B3007AB52
:10FDC000CDE9013203930DF11B0301202549009376
:10FDD0000DF11A020FAB00F04DF99DF81A000B9BC4
:10FDE000003818BF01209DF81C200FA91EF06AFAE8
:10FDF000C0B2B3E4102007A900F000F90BA910204D
:10FE000000F0FCF80FA8F1F7E7F809230FA88DF828
:10FE10003C30F1F7EDF80BA90FA819F08DF90FA8F8
:10FE2000F1F706FC07AA11460120F1F797FC102014
:10FE300007A90CE71DF09FF81DF02DF9042000F034
:10FE4000F3F8182000F0F0F80F2087E42B88D37027
:10FE5000D8F800201B0A1371C1E535B0BDE8F08F5A
:10FE6000E5460020E869040813B504460A4B03EB95
:10FE7000C0018A7953F8300089881DF096F801A8EE
:10FE80000F2119F0EFFB032101A88DF806401DF0AA
:10FE9000C4F802B010BD00BF584E002008B503489A
:10FEA0001DF0D1FD80F00100C0B208BD74430020F8
:10FEB0002DE9F04782460F4691461C469DF8248066
:10FEC00018F024FC00283CD008F103002044002155
:10FED000384402F075FB054620B901221A4B1A700E
:10FEE000BDE8F08702F0A6FA184B06461B783A46A2
:10FEF00003708023437001235146837003301AF04E
:10FF0000EBFE2CB1F81C2246494630441AF0E4FEC0
:10FF1000B8F1000F06D003343C444246089930192A
:10FF20001AF0DAFE012018F09DFB094A29461378E1
:10FF30000848013B012B9CBF0023137000221DF0D9
:10FF40008DFD0120CCE700BFED460020EC460020EF
:10FF5000E64600207443002013B504461921684684
:10FF600019F080FB22460DF10201012019F07EFB01
:10FF7000062168461DF051F8152C02BF0222024BE3
:10FF80001A7002B010BD00BFEB46002013B50A4B3B
:10FF900004461B78022B0DD10D2101A819F062FB3C
:10FFA00021460DF1060019F05DFB04210DEB010067
:10FFB0001DF033F802B010BD6C46002008B50348B0
:10FFC0001DF041FD80F00100C0B208BD7443002067
:10FFD00008B5054802F054F8FEF74CFFECF720F99D
:10FFE000BDE8084018F03BBB74430020024A136888
:10FFF000591C1160187870470433002038B5044646
:020000040802F0
:10000000044D0846224629681AF083FE2B682344D3
:100010002B6038BD043300200346024A10680344B5
:100020001360704704330020054B064A19681268B4
:100030008A1AC92AD8BF08701A6801321A60704734
:10004000003300203420002038B50446074D084B0B
:1000500028681B68C31A2344CA2B02DC22461AF004
:1000600058FE2B6823442B6038BD00BF00330020AE
:10007000342000200EB477B5054607AB53F8046B67
:100080000193013E16F8013F23B903B0BDE870406B
:1000900003B07047019A622B02F1040114680191C8
:1000A00033D0703BD9B20729ECD8072BEAD801A18D
:1000B00051F823F025010208850002088500020896
:1000C000D500020885000208D5000208E7000208F2
:1000D000F90002081DB1FFF789FF2070D2E72078F0
:1000E000FFF7A2FFCEE71DB11CF0DFFF2080C9E7BC
:1000F00020881CF0D0FFC5E71DB11CF0EAFF20608E
:10010000C0E720681CF0DBFFBCE702F108030193A5
:1001100053682146187815B1FFF770FFB2E7FFF773
:1001200093FFAFE702F108030193002DAAD0044822
:10013000536801681B780B4403602160A2E700BF8D
:100140000433002038B50D46044616F0B7FC064AC5
:1001500013889BB22DB123431380BDE8384016F0BD
:10016000B3BC23EA0403F7E7784300200022034BE3
:1001700001214FF480701A70FFF7E4BFF4460020AD
:1001800008B5054B18681BF0A2FE00F00300C31E63
:100190005842584108BD00BF203300200023F0B56D
:1001A00085B0CDE901330393124B134D1B78134EE9
:1001B0008DF8043016F082FC2A78337804469A428F
:1001C0000F4F0CD03178386801AA29701BF0A6FEB9
:1001D00050B140F6A1110B48EBF78CFD04E03868F4
:1001E0001BF075FE0128EDD0204616F06DFC05B021
:1001F000F0BD00BFF0510020ED510020EE51002075
:1002000020330020486A040838B504461AF081FCFF
:100210000C4B05461978987881420FD0631E082B45
:100220000CD8DFE803F0050D0B0D0B0D0D0D0D00C7
:1002300000220146044B18681BF047FE284638BDD3
:100240000022F7E7F051002020330020F8B52D4BB5
:100250001B7823B140F683312B48EBF74BFD16F0AA
:100260002DFC2A4B07461C8814F0060409D00121F6
:100270004FF48070FFF766FF3846BDE8F84016F08F
:1002800023BC21464FF48070FFF75CFF204601F04D
:1002900065FC02280AD180221D4B802118681BF0C2
:1002A00016FA17F065FEFFF779FFE5E7204601F043
:1002B00055FC054638B1012807D040F6C531124833
:1002C000EBF718FDD8E70246E6E7FF22104E114B88
:1002D00030681A70FBF722FE30681BF0F8FD012829
:1002E0000CD02A46294630681BF0F3FD21462C200D
:1002F000FFF78AFF21460A20FFF786FF17F039FE35
:10030000BAE700BFF4460020486A0408784300209A
:1003100020330020ED51002038B54FF0FF300C465F
:100320001BF0AFFA0A4B054618681BF0AAFA641BCB
:10033000241A20B210F1630F06DB10F1240F05DA46
:1003400064308000C0B238BD0020FCE7FF20FAE72F
:100350002033002010B50E4C236823B940F63441F9
:100360000C48EBF7C7FC2068013019F079F900F070
:10037000070003280AD1246809220121204601F040
:1003800055F9205C031F5842584110BD0020FCE77E
:1003900010330020486A040808B5134B1B78062B5D
:1003A00004D040F2E5711148EBF7A4FC104B1B8818
:1003B0001B0704D440F2E6710C48EBF79BFC0D4B95
:1003C0002A201978FFF720FF00210820FFF7BAFE46
:1003D0000222094B1A70094B1868FBF79FFDBDE814
:1003E000084018F049B900BFF4460020486A0408E4
:1003F00078430020F1460020EB51002020330020FC
:100400000021014802F052BAE44E00207F2837B59F
:10041000044612D14FF6FF7318490246ADF8063074
:10042000098802230DF1060017F005FEBDF806400D
:10043000E2054CBF6FF04A0464B216F03FFB104B6C
:1004400005461C700F4B1B88DB0710D50E4B1B7825
:10045000002B0E4B0CBF21466FF07F0118681BF07C
:1004600059F920B140F60A610948EBF743FC2846E8
:1004700003B0BDE8304016F027BB00BF402604089B
:10048000E451002078430020F5460020203300206E
:10049000486A040808B50A4B1B88DB0604D440F6FA
:1004A00008010848EBF726FC00211020FFF74AFE60
:1004B000002001F0B5FABDE8084018F0DDB800BF33
:1004C00078430020486A040810B5044616F081FC01
:1004D000034628B116F07BFC012814BF1023082323
:1004E000044905482246BDE81040097800681BF021
:1004F0000EBD00BFEE51002020330020F7B5124C96
:10050000D4E9006586EA020C85EA03070CEA000CD0
:100510000F405CEA070E15D086EA0C067D40C4E960
:100520000065CDE900230B460849024608681BF028
:1005300082FD38B140F2F511054803B0BDE8F04046
:10054000EBF7D8BB03B0F0BD3816002020330020F5
:10055000486A040810B516F022FC60B116F02EFCB3
:100560000B4A80B141F20D03BDE8104041F20D018C
:100570000748FFF7C3BF074B1A789B789A4204D10C
:1005800000220023F0E70D23EEE7034AF9E700BF5E
:10059000400D0300F0510020488D010038B5264B76
:1005A00004461B889B0741D50128244B2DD119787F
:1005B00059B30139C9B2197011B92020FFF7C2FD32
:1005C00000210220FFF7BEFD04221D4B00211D4823
:1005D0001A7002F06BF91C4C2068013019F040F8D9
:1005E00000F44060B0F5006F23D12468012104229B
:1005F000204601F01BF8204419F032F80146BDE80E
:1006000038400022202018F0F0BA00210F4D0220BF
:100610001970FFF797FD2B78FF2B04D040F256613D
:100620000B48EBF767FB2C7018F026F8012CD2D0A2
:1006300038BD4FF6FF71E2E778430020F346002013
:10064000F4460020C44E002010330020EC5100205E
:10065000486A040838B5124C05462388580709D55E
:10066000FFF78EFD01460720FFF7CEFD0021042095
:10067000FFF768FD238899070AD50A4B28461978A1
:100680008A1F51425141FFF7BFFD0120FFF786FF4E
:1006900023881B0703D5BDE83840FFF77DBE38BD72
:1006A00078430020F44600202DE9F04F570680469D
:1006B00014461D4691B005D5FFF762FD01460120A5
:1006C000FFF7A2FDEE0403D500212D20FFF79CFDCE
:1006D000A00223D540461BF0F7FC0146F0B94020AC
:1006E000FFF730FD40460AA91BF0F7F8B0B99DF8B6
:1006F0003030022B6DD1BDF8280010F005FAFF282C
:1007000008D140461BF0E7F840B901214020FFF72F
:1007100019FD03E010F030FA0028F2D1A10305D54D
:10072000FFF72EFD01460320FFF76EFDE20104F006
:10073000807354D5AD4B1B889F072FD5AC4E3068C6
:100740001BF055F850BBAB4BAB4F18703B78FF2BF1
:1007500004D040F21461A948EBF7CCFA4FF000093D
:1007600000210220FFF7EEFC87F80090A44F3B78B1
:10077000062B07D101210820FFF7E4FC4946282079
:10078000FFF742FD3B78052B06D100212B20FFF718
:100790003BFD3068FBF7C2FB17F06EFF260740F108
:1007A000C180934F0321386805AA1BF093FC0646CD
:1007B00020B940F286619148EBF79CFA9DF814301D
:1007C000072B49D0FFF7DCFC01460420FFF71CFD96
:1007D000A8E0032BA2D10AA81FF088FA9CE705F035
:1007E000020213430BD0864B262019788E1F7142CC
:1007F0007141FFF709FD0120FFF7D0FECEE704F0BD
:1008000080531A4309D07E4B1978881F41424141D9
:100810002620FFF7F9FC0220EEE704F088410B43A5
:1008200006D0774B272019788A1F51425141F0E7B3
:1008300005F008030B4302D02320FFF7E5FC6B070C
:1008400003D500212420FFF7DFFCEF07A6D5002108
:100850002520FFF7D9FCA1E7314638680AAA1BF02A
:1008600041FC20B140F28D616448EBF743FABDF8DA
:100870001610386802310AAA89B21BF035FC20B183
:1008800040F29C615D48EBF735FA00230093314656
:100890000423386804AA1BF03EFC042804D040F26C
:1008A000A2615648EBF726FADFF8609199F800301C
:1008B000002B40F0AD800DF1110018F0D1FE00F0DA
:1008C0000700022840F0A480FFF75AFC01460920E7
:1008D000FFF79AFC4A4B1B78062B23D1494B9DF816
:1008E00013201B789A421DD19DF8353023B94FF45F
:1008F000D7614248EBF7FEF90DF1110018F0B0FE98
:10090000C0F3001631462920FFF77EFC00210820A5
:10091000FFF718FC3C4B1E70FFF71CFD10B9386840
:10092000FBF7FCFAE20505D5FFF72AFC0146042097
:10093000FFF76AFC14F4863F05D0FFF721FC01465F
:100940000220FFF761FCA30111D5FFF719FC014656
:100950000820FFF759FC00210420FFF7F3FB284B88
:100960001B78012B03D1224B1868FBF7D7FA14F040
:10097000084F09D0FFF704FC01460720FFF744FCAD
:1009800000210420FFF7DEFBA70009D5FFF7F8FBE5
:1009900001460620FFF738FC00210420FFF7D2FBB8
:1009A000A60705D5114B1B881C0701D5FFF7F4FCE2
:1009B000680603D500210A20FFF726FC290602D588
:1009C00001201CF037FEEA0540F1C08040461BF0D4
:1009D0007AFA052800F2B0800138042800F2B680C7
:1009E000DFE800F0B1C1B1B1B10000BF7843002031
:1009F00020330020F3460020EC510020486A040810
:100A0000F4460020EF460020EB510020F74600207E
:100A1000BDF816000121083080B201F0D1FD03902D
:100A200000283FF4CFAE01F005FD0799BDF818206E
:100A300006461AF051F9089941B1BDF81800BDF801
:100A40001620121A92B230441AF046F999F800A012
:100A5000BAF1000F20D106F1010B584618F000FE44
:100A6000800658D538681BF02FFB0746FFF788FB38
:100A700005370146F8B2FFF7C7FB584618F0F0FDFE
:100A800000F0070003283D4F2DD001210420FFF77F
:100A900059FB1AF0FBFE386000223949BDF81630C8
:100AA0000978F718F1549DF83630BB709DF837304F
:100AB000FB700A9B190E3971190C7971FB71190AB7
:100AC00099F80030B97123B9737892B343F02003D9
:100AD0007370002001F0D2F97870039801F0D6FD10
:100AE00017F0CAFD1EE701210922304600F09EFDE5
:100AF000305C01210428C9D1FFF724FB1AF0C6FE9F
:100B0000204B38601B885906C6D551464020FFF758
:100B100019FB0122C1E7FFF733FB01460920FFF76C
:100B200073FB194B1B78012BB6D13868FBF7F6F92C
:100B3000B2E723F02003CBE7342804D00FD81428E1
:100B400001D0242811D12620FFF784FDAB0512D552
:100B50000121802011B0BDE8F04FFFF7F3BA00F09B
:100B6000EF004428EEE72720EEE740F6A40107480F
:100B7000EBF7C0F8EAE711B0BDE8F08F0C330020C6
:100B8000ED51002078430020F4460020486A040814
:100B9000F8B5164E0D46337802F0010423B140F249
:100BA00092311348EBF7A6F8124B134F1D60134D0B
:100BB000A4B1134B997801B101212020FFF7C2FAAB
:100BC0002B783B700F4B1C780F4B00211C700423BB
:100BD00033700E48BDE8F84001F068BE2146202081
:100BE000FFF7B0FA2B783B70EEE700BFF446002029
:100BF000486A040810330020F1460020EF5100201D
:100C000014330020F2460020F3460020E44E00207A
:100C10002DE9F84315F052FFDFF8A0810546B8F83A
:100C20000030614C13F4807F03D0237873BBFFF74F
:100C30000DFB00210846FFF7E7FA5C4B1A78FF2A04
:100C400013D01A7802F0FF0632BBFF221A70237805
:100C5000052B0AD100232846237015F035FF3046B6
:100C60001CF0DBFC15F02AFF05462378504E062BBE
:100C700009D13378FF2B06D03378022B15D1002110
:100C80004C4801F013FEFF2333702BE000214FF49A
:100C90008070FFF757FACCE71A78012A4FF0FF026D
:100CA00014BF33264C261A70D4E7337813B1337847
:100CB000012B22D1FFF74EFB07463E4896F80090E5
:100CC00001F090FEFF235FFA89F9337077B1B9F133
:100CD000010F44D16421374884F8009001F0E6FD0B
:100CE000FFF75CFA284615F0EFFE06E0284627706D
:100CF00015F0EAFE38461CF090FCB8F800301B06F0
:100D000005D500218020FFF71DFA18F019F801F031
:100D1000CFFC294E308000B32778012F42D101F05B
:100D200089FB054610B3013018F09AFC00F44060CE
:100D3000B0F5006F1AD104223946284600F076FC3F
:100D4000284418F08DFC4FF6FF7398420ED1002016
:100D5000318800F0B9FD00233380BDE8F88300231B
:100D60002846237015F0B0FE3F20C4E7114801F07B
:100D700039FE002108462170012500F057FD237837
:100D80000BB9FFF763FA0020318800F09DFD0023C6
:100D90003380002DE1D020780028DED1BDE8F84373
:100DA0001CF0E9BD0025EAE7F4460020EC510020E4
:100DB000EB510020E44E00207643002078430020D1
:100DC000074B1A7842705A7882709B781A1E18BFA7
:100DD00001220370034B02711B78C370704700BF80
:100DE00014330020EF51002008B513460A46194677
:100DF000064B18681AF055FD30B1BDE8084040F2C6
:100E0000B6410348EAF776BF08BD00BF2033002093
:100E1000486A040808B513460A461946064B18687E
:100E20001AF039FD30B1BDE8084040F2BD41034839
:100E3000EAF760BF08BD00BF20330020486A0408FD
:100E4000024B1878B0FA80F040097047F446002051
:100E5000024B1878431E584258417047F446002010
:100E600008B5064B1B7823B140F2E6410448EAF787
:100E700041FFFFF7EBF9002008BD00BFF44600205A
:100E8000486A040808B5064B01EB8101186849005F
:100E90001AF08EFC002814BF2120002008BD00BFDE
:100EA0002033002008B5044B1868F4F793FE0A239A
:100EB00090FBF3F040B208BD20330020014B1878BE
:100EC000704700BFEE51002008B5044B18681BF0B6
:100ED0006FF8B0FA80F0400908BD00BF2033002051
:100EE00038B5124D0C462B78012B04D940F207512E
:100EF0000F48EAF7FFFE21460020FFF7E5FF90B11B
:100F00000C4B1C702B785BB9FFF7A0F90A4B93F9D7
:100F100000100A4BC90118681BF08FF8002038BD7B
:100F2000FFF73CF9F2E72120F9E700BFF446002083
:100F3000486A0408EE510020F646002020330020C5
:100F4000014BD870704700BF1433002008B5054B23
:100F5000012118681AF0E6FF0028B8BF033040F3FB
:100F6000870008BD2033002008B5074B18681BF028
:100F700019F830B1054BB3FBF0F083B20BB1184652
:100F800008BD0120FCE700BF2033002040420F00D5
:100F900008B5074B18681BF009F830B1054BB3FBD7
:100FA000F0F083B20BB1184608BD0120FCE700BF8A
:100FB0002033002040420F002DE9F347534F01201A
:100FC00016F0D8FF3B88990704D440F6D331504837
:100FD000EAF790FEDFF85C8198F80030053B012BC2
:100FE00004D940F6D5314A48EAF784FE494E3368C1
:100FF00023B940F6D8314648EAF77CFE3C8814F025
:1010000020045CD001212220FFF7FEF84FF47A740F
:10101000FFF7BEFF33681B780933434304EBC30477
:1010200098F80030A5B2062B0BD1FFF79DFF0446C0
:10103000FFF7AEFF602358430C2303FB0400284452
:1010400085B2D6F80090344B99F800801C7808F1EE
:10105000FF38324E1FFA88F8002C3FD13B885A05E2
:1010600032D57378DFF8C8A026468AF80030CAF86F
:10107000085015F0AEFE30B115F0A9FE012814BFDE
:10108000102308231E43264D8023494642462868E4
:101090001BF01CF8234B1978234B19703B889B06D7
:1010A0001FD5CDF800A03246204B28681AF02DFF3E
:1010B00010BB002002B0BDE8F04716F05BBF214630
:1010C0002220FFF7A1F8A3E709F1010018F0C8FA00
:1010D00010F020047378C5D00124C3E7002473788E
:1010E000C0E73246124B28681AF00DFF014618B9C6
:1010F0002520FFF789F8DCE721462620FFF784F852
:1011000040F67B310248EAF7F5FDD2E7784300204C
:10111000486A040810330020F7460020F0510020F0
:1011200020330020EE510020ED5100201433002028
:10113000A84E0020F446002008B5174B1B889B07DB
:1011400004D440F638611548EAF7D4FD144B1B78F7
:10115000053B012B04D940F639611048EAF7CAFD76
:10116000104B1B6823B940F63B610C48EAF7C2FDFF
:1011700000220D4B21200D491A70FFF745F818B9D0
:10118000BDE80840FFF718BF022803D1BDE80840BA
:10119000FFF704BA08BD00BF78430020486A04087E
:1011A000F446002010330020EE46002049130208C8
:1011B000F8B5594C23889A0704D540F2DE215748E8
:1011C000EAF798FD564801F00DFC15F077FC2388EE
:1011D00005465B070BD51AF059FB524B1B68C01A2A
:1011E000B0F5717F03D900210420FEF7ABFF28463C
:1011F0004D4D15F069FC2B78042B32D115F05EFCB7
:10120000238806465F0708D54548002101F04EFBBC
:101210003046BDE8F84015F057BC15F055FC15F008
:101220004DFC424B06461B78414F13B923885905A4
:101230000FD50523012102202B70FEF783FFFFF756
:101240007BFF304615F040FC3B68DA78394B1A706A
:10125000F8BD3868013018F003FA8206E9D5062394
:10126000E8E7062B4DD1344B1B78FF2BF0D1334EE2
:1012700015F0B6FD3378002B3DD015F01FFC238808
:1012800005465B0705D52648002101F00FFB2846DF
:10129000BFE715F019FC3378013B337015F00EFCF5
:1012A000044601210220FEF74DFFFFF745FF2046CF
:1012B0001F4C15F009FC2068013018F0D1F900F43A
:1012C0004060B0F5006F13D124680121042220464C
:1012D00000F0ACF9204418F0C3F90146184B042083
:1012E0001A783378D21AD2B2BDE8F84017F07DBC34
:1012F0004FF6FF71F2E740202B70BDE8F8401CF07C
:101300008CB9012BA4D100232B700E4B1868FAF76F
:1013100005FE3F20F1E700BF78430020486A04083B
:10132000E44E00200C330020F4460020F746002055
:1013300010330020EF460020EB510020F146002042
:10134000EF5100202033002008B50A4B1A7882B9EB
:10135000012210281A7004D040F62F610648EAF7DF
:10136000C9FC00212020FEF7EDFEBDE80840FFF794
:1013700023BE08BDEE460020486A040838B5102098
:101380000C460121FEF7DEFE064B1D68FFF7ECFD63
:10139000012200FB04F1044B28461AF09FFD0020B7
:1013A00038BD00BF203300209504020808B5094B62
:1013B0001B88DB0604D440F27D510748EAF79AFC0B
:1013C00010200021FEF7BEFE044B1868BDE808405F
:1013D0001AF092BD78430020486A040820330020A8
:1013E00010B5064C20681AF027FAC30704D5206808
:1013F000BDE810401AF022BA10BD00BF2033002013
:10140000012208B5084B114618681AF062FD002148
:101410002C20FEF7F9FE00210A20FEF7F5FEBDE8BC
:10142000084016F0A6BD00BF203300200148EAF7AF
:1014300061BC00BF626A0408014B4008185C704739
:10144000E751002008B513460A461946064B1868AE
:101450001AF02DFA30B1BDE8084040F67941034852
:10146000EAF748BC08BD00BF20330020486A0408E2
:1014700008B5044B18681AF02AFD013818BF01207E
:1014800008BD00BF20330020054B10B54C0022469C
:10149000014618681AF02EF9031B5842584110BD36
:1014A0002033002003289DBF024B1870002021200C
:1014B000704700BFF24600201FB50023CDE901337D
:1014C00003930B4B0B4C1B7820688DF804301AF0FB
:1014D00020FD094B2068197801AA1AF01FFD20B1E0
:1014E00040F66F510548EAF705FC04B010BD00BF97
:1014F000F051002020330020EE510020486A0408FB
:10150000094B10B51B880446DB070BD5B0FA80F1F8
:10151000064B490918681AF0D0F9003C18BF01249D
:10152000034B1C7010BD00BF784300202033002007
:10153000E651002070B5054615F0C0FA0E4B0F4E6F
:101540001B880446DA07357008D50D4B0D4D1B7806
:10155000012B08D9012128681AF0B4FD2046BDE806
:10156000704015F0B1BA1BB115F00FFCC305F1D4F2
:10157000317881F00101EEE778430020E551002049
:10158000F54600202033002010B5054C94F90000EA
:101590007F2801D1FEF73AFF94F9000010BD00BF8B
:1015A000E45100200C4B10B51B880446DB0711D515
:1015B000FEF7D0FF094B84F0010208211868D20021
:1015C0001AF085F830B1BDE8104040F6C761044814
:1015D000EAF790BB10BD00BF784300202033002005
:1015E000486A040808B5044B014618681AF078F9EF
:1015F000003818BF012008BD2033002010B50A4C68
:1016000023787BB1FFF7FCFE00210420FEF79AFD52
:1016100000210220FEF796FD00232370BDE8104054
:10162000FEF714BE10BD00BFF4460020032A134687
:1016300001D91CF01AB8014AD05C70476C6A0408E2
:1016400038B5094800F01CFD0024084D95F84430D9
:10165000E0B2834200D838BD05EBC000043000F092
:101660000FFD0134F2E700BF44340020A433002012
:1016700008B510460249482219F02EFB002008BD8B
:10168000FC33002008B505481CF02BFC014620B9AE
:10169000BDE80840014801F009B908BD044F002029
:1016A000002238B51B4B15461C461A700132082A19
:1016B0005D609D8043F8085FF8D1482200211648FC
:1016C00019F041FB4FF6FE73A4F868306FF48033D5
:1016D0007F2200211148E36519F035FB104BC4E966
:1016E0001255C4E9283584F8445084F85050656593
:1016F00084F8A850EAF75CFCFF220A4B012118701D
:10170000094B00201A70E5F74FF90020FFF7BAFFE8
:10171000002038BDA4330020FC33002024330020F7
:101720000000FFFFF84600204A47002010B5AC2417
:10173000084B04FB0030836C53B990F850403CB91F
:1017400031B1C0E912122046FFF79CFF204610BDC0
:101750002120FCE7A4330020AC2370B503FB00F587
:10176000094E731993F850405CB9204611F0FEFD04
:10177000735D204643F002037355FFF783FF204655
:1017800070BD0120FCE700BFA4330020AC23584308
:10179000024A135C23F0030313547047A433002060
:1017A00070B516461F4A04461278C2BBAC211E4DC6
:1017B00001FB00518A6C92BB91F850203AB1022B88
:1017C0002DD191F84410072907D91C2026E091F863
:1017D00044100729F9D8012B08D0AC2000FB045095
:1017E000CA00011D0C3019F094FA0021AC2303FB50
:1017F00004F000249DF8143000EBC1012944CB71A2
:10180000049B8E808B602B1893F844202046013275
:101810008C7183F84420FFF735FF204670BD01200E
:10182000FCE700BFF7460020A4330020F8B5234BA7
:1018300004461B780F46002B3ED1AC23204D03FB02
:101840000053B3F8A03023B94FF44E711D48EAF7A6
:1018500051FAAC2202FB0452D2F8A46036B192F8DD
:10186000A33039460020B2F8A020B047AC230021B5
:101870006343EA18A2F8A010C2F8A410482192F815
:10188000A82001FB02322A44D2F89820964213D0B5
:10189000EB5C9B070CD5AC226243AB5C204623F08B
:1018A000020343F00103AB54BDE8F840FFF7EABE82
:1018B00011F07EFD0028EED1F8BD00BFF7460020F4
:1018C000A4330020C76B04082DE9F04F89B00590C0
:1018D00008460D4600F0AEFD044618B9212009B0B7
:1018E000BDE8F08F284600F0C1FDC0B208382218CC
:1018F00092F802B092F803A05268215C0292002292
:101900002778B4F80130ADF81E20424A049192F8CD
:101910000090B9F1000F09D03F4B1B6823B151462D
:1019200020464FFA8BF298470020D8E703F00703D0
:10193000022B6DD00134092249462046FFF776FE7E
:10194000023F3F1A3B0606465FFA87F8C6D4334F7C
:10195000D7F890303BBB00210DF11E0943462246CB
:101960000846CDF8009011F039FCC3B20546002BB3
:101970004AD1BDF81E001BF0F7FED8B9BDF81E0015
:101980001BF0EEFF0390BDF81E001BF0EDFEE8B962
:1019900006EB080201232146484692B200F0A0FE61
:1019A000C8B119209BE74A460121284698470028DC
:1019B000D1D193E7D7F89430BDF81E00002BDDD0CD
:1019C000A11998470028D9D1022088E742460398F8
:1019D000A11919F081F9BDF81E0000F02BFD049B40
:1019E000059A8372029B80F808A01BBAC360AC23DF
:1019F00003FB027393F8502080F809B0BDF81E0075
:101A000022B1DB6C03B19847E8B268E7BB6FF9E736
:101A1000012064E7F746002008330020A4330020AB
:101A2000AC2370B5094C054603FB00435E6D26B937
:101A300040F2EF310648EAF75DF9AC2303FB0544B9
:101A4000002363653346BDE870401847A433002087
:101A5000C76B04082DE9F84308460F46164602F105
:101A600001091BF082FF804638461BF076FE0428F1
:101A700056D138461BF095FE48F661054FF6FF72C9
:101A800048F64103294C904208BF1D46B4F85C104B
:101A9000301D17F0E7FD38461BF083FE0146B01DF0
:101AA00017F0E0FDB4F85E1006F1080017F0DAFD5B
:101AB00006F10A0438460EF021FE10B145F010057B
:101AC000ADB22946484617F0CDFD38461BF048FF19
:101AD00042460146204619F0FFF83846012100F041
:101AE00033FD4444074660B100F0C0FC054638466B
:101AF00000F0A0FCEDB201462A46204619F0ECF8B1
:101B00002C440B4AA41B13780134591C1170F37038
:101B100034703046BDE8F84309220121FFF786BD45
:101B2000484617F09DFD4C460546C3E7A433002008
:101B3000F846002010B40C461146AC22064B02FBBE
:101B40000033586D20B95C655DF8044BFFF716BC97
:101B500002205DF8044B7047A4330020AC2210B57E
:101B600048245043094B1A1892F8A81004FB0100AE
:101B7000034493F87700022806D092F850301BB93E
:101B8000032818BF012010BD0020FCE7A43300206B
:101B900070B508B1012070BD234C94F8A850002DF9
:101BA000F8D12946B4F85C20FFF734F929462846D5
:101BB000B4F85E20FFF718F92946284604F16002C0
:101BC000FFF740FC94F87730002BE3D0284694F8D8
:101BD0005860FFF773F9864215D1002094F95A50E6
:101BE000FFF760F9854216D10020FFF7B7FF0446E2
:101BF0000020FFF725F90028CDD02146BDE8704030
:101C00000020FFF72DB9284694F85810FFF768F91F
:101C10000028E2D0BFE7002094F95A10FFF732F90C
:101C20000028E1D0B7E700BFA43300200346AC2072
:101C300010B51446164A00FB032292F877000228DA
:101C40000CD1E07F022809D141B11249097801295C
:101C500013D992F85810227891420ED11846217863
:101C6000FFF732F990B1482221460B4819F034F8B9
:101C70000020FFF7E5F808B9002010BD044B93F8E9
:101C8000A8000028F8D1FFF783FFF5E72120F4E74B
:101C9000A4330020B9510020FC330020AC2208B549
:101CA000084B02FB003300205A6DD86483F85000C3
:101CB00012B15865FFF77AFB0020FFF769FF00209B
:101CC00008BD00BFA43300207FB51C4C94F8A83099
:101CD00023B1002084F8A800FFF75AFF94F85A3087
:101CE000B4F8A0508DF80F3025B94FF43C7114486A
:101CF000EAF700F8134A29460020FFF7ABFEE66F2B
:101D00000246104C9EB10DF10F03019300232146B2
:101D100028460093B0470246247854B9204621460D
:101D2000FFF784FD2046FFF7ADFC04B070BD012233
:101D3000F2E700200349FEF72BFFF6E7A43300206B
:101D4000C76B04082433002038B5494B1C78002C9D
:101D500058D1484800F046FE2046FFF771F80028A9
:101D600050D0454C2378D90733D594F850201AB178
:101D700023F00303237045E023F00103237011F0E7
:101D8000FFFA237805469A0701D511F0EFFA2946A4
:101D9000002011F005F840B92378284643F00103EC
:101DA0002370BDE8384011F0E1BA0023482284F8DE
:101DB000A33094F8A83084F8A25002FB0343D3F870
:101DC0009830A4F8A000C4F8A430BDE83840FFF76C
:101DD0007BBF94F84400B0B104F1A003251D95E841
:101DE000030083E80300FFF76FFF94F844202846C0
:101DF000D20004F10C0118F08CFF94F84430013B40
:101E000084F8443038BDA26C62B99B0711D52378A1
:101E1000002023F0020343F001032370BDE83840A3
:101E2000FFF730BC0123A06484F85030904723783A
:101E30009EE711F0BDFA0028E9D194F8A83073B1FB
:101E4000EEF734FD94F85030002BDBD1FF2818BF9B
:101E500084F8A800BDE838400020FFF799BED4F808
:101E60008C30002BECD098470028CBD1E8E700BF9E
:101E7000F7460020044F0020A4330020AC22034B7F
:101E800002FB003393F8A800704700BFA433002082
:101E900070B504460020FEF7D3FFAC235C430B4E25
:101EA000351995F850300BB1002070BD0028FBD0DB
:101EB00007481CF016F80028F6D1335D002BF3D14B
:101EC00095F84400B0FA80F04009EEE7A433002012
:101ED000044F002028B1034B1B68C01A401001308A
:101EE00080B270476834002030B1044B00F10040EC
:101EF0001B68013803EB4000704700BF68340020C6
:101F000010B5084A03461BF059FD14684FF6FF72DE
:101F100003EB40039C42184603D9018802339142E7
:101F2000F8D010BD603400202DE9F047204F054661
:101F30003B88A3B3B0F90230002B30DBDFF87C80A4
:101F40001C49D8F8000018F0BDFE20B940F2C311BA
:101F50001948E9F7CFFE0026DFF85CA0DFF86090B3
:101F60003A88B3B29A4204D840F2C5115046E9F714
:101F7000C1FED9F80030B2B253F83200D8F80010E0
:101F800003EBC20468B943F83210A3882846013332
:101F9000A3801BF013FDE38803EB4003E380BDE85F
:101FA000F08718F08FFE01360028D9D1EDE700BF89
:101FB0007A430020706A04087A6A0408244F0020DB
:101FC0005434002038B5094C094D22682B689A42D8
:101FD00004D94FF481710748E9F78CFE286823681B
:101FE000C01A20F0010080B238BD00BF603400206C
:101FF000643400207A6A040838B5124C124D214628
:102000002846EEF7B1FA23680BB12B681BB9D22131
:102010000E48E9F76FFE2A680D4B0E491A602368D7
:1020200023F0010313440B600B4B1A602AB9BDE87F
:102030003840EC210548E9F75DBEFFF7C3FF64288F
:10204000F5D938BD583400205C3400207A6A040881
:10205000683400206434002060340020064B1B6884
:10206000834206D8054B1B68834294BF00200120A1
:1020700070470020704700BF6834002060340020A3
:102080002DE9F0411D4B04461B78012B24D100881B
:10209000FFF72AFF0546D8B10426DFF864802C46F6
:1020A00014F00CFD07462046FFF73EFF638843EA25
:1020B00008036380A05BFFF717FF0446384614F05F
:1020C00003FD1CB1B4F90230002BE9DA062E01D170
:1020D000BDE8F0810626E2E7022BF9D114F0EEFC10
:1020E00002462088FFF700FF18B10388C3F30E03F0
:1020F00023801046BDE8F04114F0E6BCF94600200C
:102100000080FFFF2DE9F04F0024BA4B97B0064640
:102110001C8014F0D3FC0123DFF8EC82B64F3B7037
:10212000B8F80030A8F80040ADF81630B34B1B6883
:10213000019314F0C9FCB24B21461A88B14BD2006E
:10214000186818F000FE0DF11600FFF799FF002E39
:102150003CD1DFF8B8924FF0000B0125D9F80040D0
:10216000019B9C4239D3BBF1000F39D1002DF2D035
:10217000D9F80040DFF898A225462246019B9A42F2
:1021800073D302230DF116003B70FFF779FF002E89
:1021900040F08F80D9F800603246AA4280F0A280D9
:1021A0009088FFF7A1FE18B10388C3F30E03938054
:1021B000D088FFF799FE18B10388C3F30E03D380CC
:1021C0001046FFF79DFE0246E7E79847E3B256F850
:1021D00023300134002BF8D1BBE7BBF1000F3ED018
:1021E0000BF1FF335FFA83FB16AB03EB8B0252F864
:1021F000402CB2F9020051880028B1DA4B04AFD468
:10220000924641F48040931D2AF8020F02933AF857
:10221000020FFFF769FEF0B1B0F902E0B0F802C0BA
:10222000BEF1000F17DB6FEA4C4C6FEA5C4CA0F874
:1022300002C00390FFF778FEBBF10F0F8FBF0025A0
:1022400016AB039A03EB8B009EBF0BF1010340F822
:10225000402C5FFA83FB029B9A45D8D180E7204649
:10226000FFF74EFE22460446C3E710461BF0A6FBCE
:102270008346B2F90200118800280AEA010108DA4F
:102280002046FFF727FE084381B204EB4B0402EB24
:102290004B0510461180FFF733FE02466EE7984764
:1022A0005FFA8AF356F823300AF1010A002BF6D1BF
:1022B00070E74FF0000AF3E73046FFF721FE824651
:1022C0007EB1B6F902307188002B0ADA3088C0F38B
:1022D0000E00FFF709FE864203462DD1C1F30D0122
:1022E00071805646AE42E7D3DFF81CA114F0E6FB3E
:1022F0000021064650461BF01DFCFFF7F5FD054684
:10230000002800F08780304614F0DEFB28461BF0E2
:1023100055FB06462046FFF7DDFD81467600324636
:102320002946204618F0F5FC002249460DF116001A
:102330001BF094FB3444D9E71BD930461BF03EFB1D
:10234000C1F30D01420071801846314692B218F077
:10235000E0FCC6E75046FFF7D3FDD146854203D9DE
:10236000B0F90230002B01DA824603E0FFF7C8FD26
:10237000F4E7B146554507D9BAF80000C0F30E009E
:10238000FFF7B2FD8245E5D3B9F1000F30D0B9F8BF
:102390000000C0F30E00FFF7A7FD034638B933462F
:1023A000CB46994513D8B1459BD0D946ECE7484672
:1023B0001BF004FBB9F802204946C2F30D02A9F84C
:1023C0000220420092B2184618F0A3FCE7E7184634
:1023D0000193FFF795FD019B9B46854203D9B0F918
:1023E0000230002B01DA0346DBE7FFF789FDF4E753
:1023F000CB46DAE77C430020F94600206034002019
:102400007A430020543400207E43002068340020AA
:102410000080FFFFBDF816303870A8F80030044B7C
:1024200030461C6014F050FB17B0BDE8F08F00BFC1
:102430006034002010B5044608B9002010BD1BF020
:10244000CEFA20B940F2BA410748E9F753FC2046DA
:10245000FFF74AFD0028F0D00388DB0B14BFD0F84B
:102460000A000830EAE700BF7A6A040810B508B924
:10247000002010BDFFF738FD04461BF0A7FA20B975
:1024800040F2D4410648E9F735FC002CF0D023880F
:10249000DB0B0ABF60882089C0F30C00E9E700BFAE
:1024A0007A6A04082DE9F0410546FFF71DFD0F4645
:1024B0000446D8B11BF08AFA20B940F2E74120481F
:1024C000E9F718FC2846FFF7D1FF05462046FFF73D
:1024D00017FDBD42064609D004D840F2EF41184826
:1024E000E9F708FC2588ED0B02D02781BDE8F081D3
:1024F000678020461BF062FA074604EB400814F0A0
:10250000DDFA104B1A68B2420AD1C3F8008014F009
:10251000DBFA2A464046BDE8F041FF2118F013BC23
:10252000A6EB0806B5B214F0CFFA072DF1D90023B7
:10253000083D44F81730C8F80430A8F80250D5E731
:102540007A6A04086034002038B5FFF7CDFC0D46E8
:10255000044650B11BF03AFA20B940F22C5103481E
:10256000E9F7C8FB023534F8150038BD7A6A04086B
:1025700070B5FFF7B9FC0C4616460546B0B11BF026
:1025800025FA20B940F237510C48E9F7B3FB304641
:10259000FFF7AAFC1BF01AFA20B94FF4A76107480D
:1025A000E9F7A8FB023425F8146070BD40F23C51F5
:1025B000BDE870400148E9F79DBB00BF7A6A040896
:1025C0002DE9F8430746884616F080F820B940F216
:1025D00077512A48E9F78EFBFC1CA408284B6400BD
:1025E0000434B7F5005F1E68A4B204D340F27E51F4
:1025F0002248E9F77FFB14F061FA224981460B6813
:102600007BB9214B1D68761BC6F34F06B44227D910
:102610000025484614F058FA2846BDE8F843FFF76D
:1026200059BCB8F1000F11D0174A15685A1BC2F3F4
:102630004F029442ECD81448620005EB4404046055
:10264000B8F1000F0FD113440B600CE0F61AC6F37B
:102650004F0676B940F28F510848E9F74BFBD7E7B0
:1026600005EB44041C6000236F80AB80EB802B8063
:10267000CFE7B442CCD8044A1568DCE77A6A04088C
:1026800064340020503400206034002038B5054602
:1026900014F014FA04462946044800221BF0DEF91F
:1026A0002046BDE8384014F00FBA00BF7E4300203A
:1026B00038B514F003FA0021054604481BF03AFA35
:1026C0000446284614F000FA204638BD7E43002018
:1026D000024B1888B0FA80F0400970477E43002012
:1026E0002DE9F74F044600881F46FFF7FDFB88469B
:1026F000154606461BF06AF920B940F2E6613F48EC
:10270000E9F7F8FA3388DB0B009306D033892B44C2
:102710003381002003B0BDE8F08F2088FFF7A6FECC
:1027200082463046FFF7ECFB019014F0C7F9DFF862
:10273000D0B0019BDBF8002081469A421DD1FFF703
:1027400041FCA84204D2484614F0BEF91A20E1E741
:102750000AEB050373803FB12088FFF76BFE2A4622
:102760004146504418F0B8FA3046FFF7C9FBCBF8A1
:102770000000484614F0A8F9CBE714F0A5F920882A
:10278000FFF774FE2844009980B2FFF719FF064650
:102790000028DBD0FFF74EFE81462088FFF74AFE77
:1027A00082462088FFF762FE51460246484618F0EE
:1027B00093FA3046AFB1FFF73DFE07462088FFF79A
:1027C00055FE2A464146384418F086FA01212088F1
:1027D000FFF7BAFE012102463046FFF7C9FE268008
:1027E00097E7FFF727FE80462088FFF73FFE2A463F
:1027F0003946404418F0A7FAE8E700BF7A6A0408AF
:102800006034002038B50C460546FFF72FFEA04285
:1028100003D82B210348E9F76DFA2846FFF70AFE93
:10282000204438BD8E6A040870B506460D46FFF791
:1028300001FE044648B13046FFF718FEA84203D80F
:1028400033210248E9F756FA605D70BD8E6A0408CC
:1028500070B50C4606461546FFF708FEA04203D8A1
:102860003C210448E9F746FA3046FFF7E3FD00B1A2
:10287000055570BD8E6A040833210148E9F73ABA5C
:10288000A56A0408036910B55BB18268064B9A42D9
:1028900001D1002010BD446915F056FB201AF9D56E
:1028A000F7E74FF0FF30F5E77928020882684B4BD5
:1028B0002DE9F0419A4204460E46056815D121B132
:1028C00040F20F114648E9F715FA14F0F7F82369BA
:1028D0001BB92B682BB924612C60BDE8F04114F0C2
:1028E000F3B81A6922611C61F6E715F02DFB8046EA
:1028F000E4F76AFB20B14FF493713948E9F7FAF92C
:102900006FF000439E4221694BD22B7B08EB0602FD
:10291000002B4DD0AB6893424AD1531C002949D0BB
:102920006169994242D01EB9521AB2F1004F3DD9A5
:10293000636123696E689C4203D19A212848E9F7B4
:10294000D9F92F460023B4420BD0002B41D1726934
:102950006169891AB1F1004F32D832693746944221
:102960002CD12269BD420CBF6A603A617BB92669ED
:10297000B44203D1B5211A48E9F7BCF93B46012E10
:1029800005D062697169521AB2F1004F23D99D4294
:102990000BBF6B681A69236122610CBF6C601C61FC
:1029A00004E0434431B162699342C1D1BDE8F08192
:1029B0001346B3E76A6822616C60B9E71646C6E75A
:1029C000A8EB0202B2F1004FC7D93B463746366941
:1029D000B9E71F46F9E733463669D0E77928020898
:1029E000A56A040882681C4B70B59A4204460568C3
:1029F00019D114F063F8236923B1A34206D1002250
:102A00002A601A61BDE8704014F05EB81A4611469B
:102A10001269A242FBD12A68A24208BF29600B6159
:102A200000232361EEE7036993B198426E6803D1F6
:102A30009A210A48E9F75EF92B46B44209D1226986
:102A40009D4218BF1A614FF0000308BF6A602361FE
:102A500070BD33463669F0E779280208A56A040894
:102A60002DE9F04306460025164FDFF85C808BB059
:102A7000BC7814B90BB0BDE8F083B7F800908EB9FC
:102A8000009623462A46B8F8001003A81BF016F952
:102A900023463146484603AA15F0C9FA2544EDB24B
:102AA0000437E5E72346494603A8002215F0B6FAA5
:102AB000012300932A462346B8F8001003A81BF010
:102AC000FDF8EBE7B46A0408804300200148FFF7F3
:102AD000D7BA00BF80430020F7B51546174A044611
:102AE0000846118811B1164A1278CAB1D4B1002231
:102AF000294603B0BDE8F04015F090BA3A44D2B28E
:102B00000436B778002FF1D0B6F800C0AC45F5D147
:102B100084F001043B4600941BF0D0F803B0F0BDF4
:102B2000084EEEE702462146284615F080FA284670
:102B300003B0BDE8F04016F007B900BF80430020A5
:102B4000F4510020B46A040810B5074C238843B13F
:102B50000020FFF785FF0020FF22044B20801A7021
:102B600010BD0220FCE700BF80430020F45100208C
:102B700038B50E4D2B78FF2B14D100210C4B9C78CF
:102B800064B9224620461AF04CFF0A4B188058B10F
:102B900001202C70FFF764FF204638BD2144C9B2E4
:102BA0000433ECE70220F8E71920F6E7F45100209F
:102BB000B46A040880430020024B1888B0FA80F001
:102BC0004009704780430020142810B518D8082801
:102BD00005D116F0E2F8C401E4B2204610BD0E287B
:102BE00002D116F0DDF8F6E7064B53F82040002C32
:102BF000F3D00A282478F0D108F020F80443EBE75A
:102C0000FF24EAE7DC6A04080823064A12F8011BDD
:102C1000814205D0013B13F0FF03F7D118467047FE
:102C200001207047386B04080823064A12F8011B7C
:102C3000814205D0013B13F0FF03F7D118467047DE
:102C400001207047306B0408014BB3F868007047EF
:102C5000A4330020004870470E340020014B187840
:102C6000704700BF65460020014B1878704700BFD1
:102C700068460020014B1870704700BF684600206E
:102C8000204B022810B5204C187002D004380128BF
:102C900022D82378042B0BD000211C48FFF706FE16
:102CA0002378033B012B03D900211948FFF7FEFDD0
:102CB000184B1B689A0022D513F0805F40F6114430
:102CC00018BF4FF44164204612F09AFAC8B9204662
:102CD000BDE8104016F036B80C48FFF783FE0C48EC
:102CE000FFF780FE1BF0EBFB2378033B012B03D89F
:102CF00011F062FB1624E6E70EF0E0FCFAE715247B
:102D0000E1E710BD6C4600206D460020484F0020D2
:102D10009426002028270020024B187800F00F008E
:102D2000704700BF6C460020034B187800F00F007E
:102D3000831E5842584170476C46002008B51BF06E
:102D4000A9FBA8B11BF0C2FB90B10A481AF07BFEA8
:102D500070B109481AF077FE50B116F026F838B174
:102D600012F060FA20B9BDE8084004481BF0BEB874
:102D7000002008BD82430020B24300206C340020B4
:102D800030B505460C4693B081B910B9002013B098
:102D900030BD1023072269460120FFF79DFE9DF8F4
:102DA00005305A1E052A28D91720F0E718220021DD
:102DB000204617F0C8FF002DEBD1FFF7B5FF30B369
:102DC00015F00DFF6A4601460020FEF751FCBDF8E4
:102DD0000430204623819DF80230A3729DF8003014
:102DE000E3721BF078FD002304F11401237304F156
:102DF00010001BF004FEE081C8E7084A9DF80410AB
:102E000012789142D0D12B70002CD6D1BEE7044B62
:102E10001B78033B022BD3D9C6E700BFA545002092
:102E20006C46002030B593B005460C46FFF77CFF9A
:102E300020B90C4B1B78033B022B10D815F0CFFEAA
:102E40006A4601462846FEF713FC00209DF8023032
:102E5000607023709DF80030A37013B030BD172050
:102E6000FBE700BF6C460020054B1878012805D011
:102E700000F0FD00A0F1310358425841704700BFF7
:102E80006C46002010B508220749044617F031FFB0
:102E9000B0FA80F04FF6FF732289400940009A4251
:102EA00008BF40F0010010BD486B04082DE9F34154
:102EB0000E46002105461AF0CBFD0023124FADF857
:102EC00006002B800DF106001AF0BDFD044610B17E
:102ED00002B0BDE8F08121460DF106001AF02AFE8D
:102EE0008046FFF7A7FA438AB34207D99B1B438268
:102EF0002246414628461AF0B1FDE3E743895B07C5
:102F0000E0D53B88F3E700BF8051002008B50A48B0
:102F1000FFF768FD09484FF47A71FFF7C7FF0748CC
:102F20001AF091FD30B9BDE808404FF47A710248BB
:102F3000FFF7BCBC08BD00BF284F00209051002007
:102F400030B504460D4685B002B9084A106851688C
:102F500001AB03C301AB03CB20602046ADF80C509E
:102F60001B886160238105B030BD00BFE8270408DD
:102F70001FB50146002201A8FFF7E2FF064801A99C
:102F80001BF084F820B1FFF755FA4089C0F34000E8
:102F900005B05DF804FB00BF9051002030B585B04E
:102FA0000D460022014601A8FFF7CAFF084801A903
:102FB0001BF06CF850B1FFF73DFA044601460822B9
:102FC000284617F0A6FE6089C0F3400005B030BD6A
:102FD0009051002010B5044C20461AF099FD6388EA
:102FE000181A80B210BD00BF90510020F8B50546F8
:102FF000F8B100210F481AF02BFD0446A8B10D4F7F
:103000002046FFF717FA0646FFF73CFF830705D473
:1030100008222946304617F06CFE38B12146384662
:103020001AF06CFD04460028EAD10024201E18BFC7
:103030000120F8BD9051002010B50C46014606480D
:103040001BF024F830B1FFF7F5F943891C4214BF97
:103050000120002010BD00BF905100201FB5144674
:10306000024601A8FFF76CFF074801A91BF00EF804
:1030700040B134B1FFF7DEF914220146204617F0C3
:1030800048FE012004B010BD905100201FB501463C
:10309000002201A8FFF754FF094801A91AF0F6FF22
:1030A00058B1FFF7C7F94389024613F0020004D074
:1030B000507B80F00800C0F3C00005B05DF804FB51
:1030C00090510020014601481BF005B890510020A6
:1030D000F8B504460E4614200021FFF771FA0546A4
:1030E00020461AF015FD6388834225D925B3314661
:1030F00020461AF0F0FF08BB2846FFF79BF9074669
:103100000A22314617F005FE082206F10A0107F1EE
:103110000A0017F0FEFD0A4B1B887B82238823B927
:103120004FF47A710748FFF7C1FB20460022294679
:103130001AF094FC0020F8BD1C20FCE72E20FAE7D2
:1031400080510020284F002010B5044686B0B0B151
:10315000FFF798FE10F0020011D1CDF80E00616863
:10316000CDF81200ADF81600206801AB03C3228928
:10317000044801A91A80FFF7ABFF06B010BD21205B
:10318000FBE700BF90510020F8B50D4616461F46DC
:10319000044648B3FFF776FE30BB2046FFF792FFA8
:1031A000E0B1214611481AF071FFFFF743F9438956
:1031B00005734673877343F00203218943812046D8
:1031C00001F0C0FCFF28044606D001F0C1FB18B195
:1031D0000022074B43F82420002004E02046FFF79C
:1031E000B3FF0028DDD0F8BD2120FCE7905100207E
:1031F00064220020F7B59DF824400D4601949DF807
:103200002040064600941F460EF076F94FF6FF71F7
:103210008842044610D0BB0711D4284601F010FAAA
:1032200020460DF071FCFF281FBF084A32F810300D
:1032300023F4804322F81030204603B0F0BD02464C
:10324000294630461AF04EFFEAE700BFF24200205E
:1032500073B50E46014614481AF018FF0546D8B15A
:10326000FFF7E8F843890446334012D09B0736B293
:103270000BD5002E09DAA17B437B0289007B0191EB
:10328000012100912146FFF7B5FF638923EA060378
:103290006381628912B1012002B070BD29460248E3
:1032A0001AF067FCF7E700BF905100200148FEF7D5
:1032B000E7BE00BF905100201FB50C460B4A0146E7
:1032C00001A8FFF73DFE01A8FFF7FCFE60B101A9D0
:1032D00007481AF0DBFEFFF7ADF803682360436888
:1032E0000020636004B010BD2D20FBE7486B04088C
:1032F0009051002010B5FEF77FFE14F03FFE102025
:10330000FFF762FC04060DD50020FFF75DFC000608
:1033100008D5274B1A6A12F0020F12D140F6154455
:10332000204610BD1020FFF74FFC01060CD40020F2
:10333000FFF74AFC020607D51D4B1A6A12F0010F6F
:10334000EBE7DB699B07E9D51A4818F007FE012077
:103350001AF080F9E8F748FE04460028E0D100F0B2
:1033600079F915481AF097FD00F016FAE8F7DCF93C
:1033700014F001FE0BF004F90BF056F9EDF77AF9B1
:10338000EDF72EFAEDF748FA05F0E6F815F007FD2F
:1033900015F008FD12F0E6FB08480DF061F808F0A2
:1033A00091FA16F0D2F80028BAD016F0D0F8B7E7A4
:1033B0000080E00F690345EC6C340020712F020897
:1033C00010B51BF079F870B301F0FEFE80F0010437
:1033D000E4B20020FEF74CF844EA800424B21BF06B
:1033E00059F810BB0220044316481AF07AFD44EA4B
:1033F000401415481AF075FD24B244EA001413482D
:103400001AF06FFD24B244EA801411481AF069FDE5
:1034100024B244EA40240F481AF063FD24B244EA7F
:10342000C02080B210BD0124D3E70B481AF00BFB7B
:103430000028D7D009481AF006FB80F00100C0B27E
:103440004000D0E7884F00206C50002050510020F1
:10345000EC4F00204C50002082430020B24300205B
:1034600008B501F075FC0EF015FEFDF7D1FB15480F
:103470001AF0E9FA08B906F095FD13481AF0E3FAD4
:1034800008B908F009FA04F027F80DF0A1F90F487F
:103490001AF038FD0E4B1B78043B022B09D80D485F
:1034A0001AF01FFD28B1FFF78BFF102801D109F09A
:1034B000BBFD15F07CFC1AF022FEBDE80840064872
:1034C000FEF720BE82430020B24300206C3400206F
:1034D0006D4600206C500020646B040808B51AF09B
:1034E000EBFF20B940F291110348E8F703FCBDE877
:1034F00008401AF0E8BF00BF526B0408014B18687F
:10350000704700BF20330020F8B54FF6FF77104B0F
:1035100006461B780C46033B012B0F8009D830462A
:103520000BF0E6F84FF6FF73984220800ED0002093
:103530000DE00DF097FAB84205462080F7D13046ED
:1035400000F048FFA8422080F1D1E8E72D20F8BD27
:103550006D4600204FF6F77370B5984204460D464D
:1035600086B05AD81AF0CDFDA04207D108222C49C6
:10357000284617F0CEFB002006B070BD294EB6F8E5
:103580006830A3420AD10022082106F16A001AF02D
:10359000FBFC18B9082206F16A01E9E7ACB1224B3D
:1035A0001B78033B012B1AD8002301221946204621
:1035B00000930AF047FFFF2823D1294620460BF04D
:1035C000EBF880F00100C0B2D6E7184B1B689B07F0
:1035D000E5D4284608F01AFE0028E0D0CBE72046C4
:1035E00001F048FAFF2806D129462046FFF764FE7D
:1035F0000028D9D1BFE7294601F05EFA0028F3D0B0
:10360000B9E702A91CF045FA0028D6D1DDF80D3043
:103610002B60DDF811306B60ADE70120ACE700BF37
:10362000FA460020A43300206D4600202827002001
:10363000014B1878704700BFA5450020014B18705A
:10364000704700BFA5450020014B1878704700BFA8
:10365000B851002010B50649064C082320467F22A9
:10366000098814F0E8FC2046EDF7B0F910BD00BF62
:1036700032260408FA46002000487047FA46002027
:10368000082208B5034917F034FBB0FA80F040096E
:1036900008BD00BFFA460020F0B51F4601F44043C4
:1036A000B3F5004F05460C4616468BB01DD01AF0F8
:1036B00028FD104B00220692BDF85020ADF82600E0
:1036C0000592BDF84C20214604929DF848202846DA
:1036D0000392119A0292BDF84020CDE900323B4698
:1036E00032461CF095FD0BB0F0BD1AF00AFD0DF14D
:1036F0002603DFE7FA460020014B1870704700BF31
:1037000060460020074B44F6FF701A7840F6FF73BE
:10371000012A18BF1846044B1B780BB140F4004037
:10372000704700BF6D46002060460020F7B50D468B
:10373000044616461F460021284602F0E5FA0B4BC8
:10374000002183F859402A463346204600970FF05F
:10375000E5FA014630B10222204603B0BDE8F04050
:1037600000F006B8012003B0F0BD00BFA433002074
:1037700013B513460C461AB1022A0CBF1346012397
:103780000021044A019100922246FEF709F802B096
:1037900010BD00BFABE5030800B5002093B0FDF7F6
:1037A0007FFF1D4B18880CF061FE1C4B1C491A78DA
:1037B00000200FF059FC34220021684617F0C3FAAC
:1037C0000B238DF800306FF4803301934FF6FE73B6
:1037D000ADF81030134B144A0793144B106808933C
:1037E000134B51680993134B6A460D93124B0E937A
:1037F000124B0F93124B1093124B119302AB03C356
:1038000000210846FEF712FA6A4601210020FEF761
:103810000DFA13B05DF804FB7A510020D551002059
:10382000D827040800030001FA460020F53F0208EB
:1038300043E30308357C02089D4102089D9302087A
:10384000ABE503080976020837B5144B0A46009326
:103850004FF400430146ADF80430E0B901200FF009
:1038600003FC30B104E031F813000134A84203D165
:10387000212003B030BD002402ADE0B205EB4000D2
:1038800030F8085C30F9080C0028ECDA0133D8B2C3
:103890009042F0D3E2E70023F9E700BF99008900E6
:1038A000014B1878704700BF02470020014B187089
:1038B000704700BF02470020014B1888704700BFC7
:1038C00094510020014B1880704700BF9451002094
:1038D0002DE9F84F06460846884615F0C1FEDFF888
:1038E0005891054699F8003043B9504B1B682BB9E5
:1038F0004F4B1B6813B9FF20BDE8F88F15F4406AE1
:1039000005F040071AD197BBB5F5804F5FD24FF451
:1039100080740023DFF81CC1002B62D18025434A4C
:10392000126862457CD1002299F800704149D0B2FA
:1039300087425ED80133032BEED1DCE708F10300A8
:1039400015F08EFE4FF6FF73984214BF0124022437
:1039500087B1052705F44043B3F5004F44F0080450
:1039600024D0B5F5804F23D244F4807420E054462F
:103970000327EFE7B5F5804F4FF00507F4D3BAF50D
:10398000406F14BF022008203844404415F068FE00
:1039900083461AF0D3FB05F4404558450CBF44F06C
:1039A000080444F00404B5F5004F01D144F080044C
:1039B000BAF5006F0FD108EB070015F051FE054670
:1039C0001AF09FFBA842A4D144F01004A1E754468A
:1039D00003270220D8E7BAF5406F08BF44F020045F
:1039E00097E7012B03D1124A4025126899E7102569
:1039F00099E731F802EB0132A64598D1002E3FF449
:103A00007BAF357078E7A64501F10101F6D0C8B269
:103A1000CFB232F817E032F91770002FF3DA89E7E6
:103A2000002A87D000200146F2E700BF7C34002046
:103A300080340020DC43002047470020034B1A78E5
:103A4000022A04BF09221A70704700BF06470020EF
:103A5000044B1888044B1978044B1B6803B11847B2
:103A600015F064B9844300200447002090340020FE
:103A70000C22034B1A211A700320002202F018BCFA
:103A8000064700200C2208B5054B1A211A700022A7
:103A9000104602F00DFC0022024B1A6008BD00BF68
:103AA000064700208C3400200C2270B50D4B0546D3
:103AB0001E781A7030B93046BDE8704000221A21D5
:103AC00002F0F6BB084B1C78E1B21A29F3D825FAAC
:103AD00004F3DB0703D54422304602F0E9FB01344E
:103AE000F2E700BF06470020FD5100200C22024BE8
:103AF0001A7011F0B9BE00BF06470020F0B50C885F
:103B000005460E468BB0E4B94FF6FF77ADF824704A
:103B100012F0FEF810B902200BB0F0BDCDE9034061
:103B2000CDE90544134A0294B2F85C306032019347
:103B300000923B464CF60101FF2009AA1CF068FBED
:103B4000308028461AF007FD0B4C70B1237863B122
:103B5000013BDBB2284623701AF0FDFC38B1207817
:103B6000B0FA80F04009C0B2D6E70523F2E70120A1
:103B7000F9E700BFA4330020FC510020034B11469D
:103B80001B6803B1184715F0C9B800BF8C3400207A
:103B90000C22024B1A700BF093B800BF06470020AE
:103BA000F8B50D4B05461B78012B13D100244FF6B9
:103BB000FF770A4E3088FEF73DFC2B88025B9A4265
:103BC00003D13088FEF736FC07530234202CF1D1A4
:103BD0000120F8BD0020FCE70547002086430020B7
:103BE0002DE9F047174B80461B781546012B26D14F
:103BF00000246FF07F092746134E3088FEF71AFC29
:103C000000EB440090F901304FEA440A4B4506DDD1
:103C10003088FEF70FFC504490F90190E7B2013470
:103C2000102CEAD14D450ADA3088FEF703FC00F883
:103C300017803088FEF7FEFB7C0020444570BDE80D
:103C4000F08700BF05470020864300200148FEF7AB
:103C500017BA00BF864300202DE9F04705460E46FF
:103C600090460FF0D5FC044638BB01462020FEF7F5
:103C7000A7FC134F388000B30122124BA1461A70E3
:103C8000114BC3F800804FF07F083888FEF7D2FB55
:103C900000F804903888FEF7CDFB20440234202C35
:103CA00080F80180F1D1094B31461D602846BDE8FE
:103CB000F047074B074A0FF0BBBC0120BDE8F08777
:103CC00086430020054700209034002084340020E3
:103CD0008D3D0208E13B0208F0B585B004460D4673
:103CE00017461E460FF094FC90B90A4B1F6001273F
:103CF000094B1F701AF071F9084A034600922946D1
:103D00002046CDE90167064A0FF0C6FC05B0F0BDBC
:103D10004D20FBE78834002006470020F53F0208CD
:103D200091E503082DE9F041144F00253C784FF64A
:103D3000FD781F2C91BF0024C4F341141C34E40609
:103D4000202D0CD101203B78032103F01F03984064
:103D500020430B4B0B4ABDE8F041FFF7BDBF14F009
:103D60007BFF431E9BB243450646F8D8064B188896
:103D7000FEF760FB46530235E2E700BF0447002030
:103D80003D3E0208A13B020886430020F8B5284DBD
:103D900002262888FEF74EFB90F901402888FEF79E
:103DA00049FB304490F90130A34205DA2888FEF738
:103DB00041FB304490F901400236202EEED100271D
:103DC000662CDABF193466B27F263C462888FEF797
:103DD00031FB384490F901300237B342BCBF0134A3
:103DE000E4B2202FF2D114B9124B1C70F8BD14F0BC
:103DF00033FFB0FBF4F3002703FB1400C4B22888A0
:103E0000FEF718FB384490F90130B3420CDA4CB994
:103E10002888FEF70FFB084BC25D1A70BDE8F8401A
:103E2000FFF780BF013CE4B20237202FE7D1F5E76E
:103E300086430020054700200447002070B5154B3D
:103E40001B78012B1ED100244FF6FF76124D2888D7
:103E5000FEF7F0FA035BB34215D02888FEF7EAFAC2
:103E6000035B83B12888FEF7E5FA0C4B025B0C4834
:103E70001A8001210B4B0C4A0068FFF72DFF00222E
:103E80000A4B1A6070BD0234202CE0D1BDE87040AE
:103E9000FFF748BF054700208643002084430020E9
:103EA00084340020513A02084FE50308883400208A
:103EB0007FB505460C4616460FF0AAFB00286ED1CA
:103EC000062D03D85223EB40DB071AD4B4F1006F60
:103ED00005D3E30E1C3B032B18D94F2031E0002201
:103EE000314B1A60314B1D701AF077F803460A2DDA
:103EF00057D8DFE805F0301B414C1B281B565644B1
:103F0000390002F0F9FDB4F1006FE2D20021264B36
:103F1000042D1960254B1D70E6D12548FEF730FFB2
:103F2000022001F069FD1AF058F8034601220292BE
:103F3000204A0192204A0092204A314620460FF042
:103F4000ABFB04B070BD314620461D4A04B0BDE84D
:103F500070400FF089BB314620461A4B1A4A04B014
:103F6000BDE870400FF064BB00220292174A019234
:103F7000114A0092164AE0E702220C4B1A70002206
:103F80001046144904B0BDE87040FDF7CFBB0022D5
:103F90000292114A0192084A0092104ACDE74D2040
:103FA000CFE70120CDE700BF8C340020064700207A
:103FB00003470020A93A0208F53F020891E50308EB
:103FC000913B0208853A02087D3B0208ED3A02085F
:103FD000FD3A02083D3A0208713A020853E5030827
:103FE00008B50FF089FB0C22014B00201A7008BDA8
:103FF00006470020F0B585B0ADF8060018B9752168
:104000006448E7F777FEBDF8060019F0A6FB044602
:10401000BDF8060019F0A1FB082846D00C2CBDF80D
:10402000060042D119F09CFC074615F019FB0DF172
:104030000F010646BDF806001CF0FBFB002879D0F6
:10404000092200213846FDF7F1FA9DF80F301033B0
:10405000C518BDF80600FEF709FAEDB2854269D22F
:104060002946BDF80600FEF7DFFB06F44C4416F4C3
:104070004066054614D0F81C15F0F2FA4FF6FF73AF
:10408000984208BF44F04004B6F5006F08D1781D8F
:1040900015F0E6FA4FF6FF73984208BF44F010049B
:1040A0009DF80F305BB3072D44D1BDF8060019F021
:1040B0004AFB0446BDF8060019F04FFB082817D04C
:1040C000A30615D524F0200189B2BDF8060019F029
:1040D00025FBBDF8060019F043FC00210922FDF77D
:1040E000A5FA00F1100189B20DF1060019F0CDFD1D
:1040F0000022BDF80610284819F0B0FC1AE0082D7F
:1041000016D8BDB1013D072D14D801A353F825F0F1
:104110006D4102087941020835410208394102081F
:104120003541020885410208AB4002088B41020874
:104130007C2D24D005B0F0BD24F48844A4B2B4F59D
:10414000084FF7D1BDF8060019F002FBBDF80610C4
:104150000CF02CFA0028A8D0BDF8060019F063FB7B
:1041600000220146022014F040FDE3E724F48064BD
:10417000A4B2B4F5484F97E7B4F54C4F94E7B4F5C3
:104180004C4F92D04CF6500301E04CF640439C4219
:104190008AE700BFC06B0408824300202DE9F0418C
:1041A0000F4690460646FEF745F904463046FEF7B0
:1041B0005DF9C5B2083D2C44E178084BA27819702E
:1041C000074B31461A70002043463A4614F0F7FA7E
:1041D000003818BF0120BDE8F08100BF2347002050
:1041E0002247002037B5144600221D4619F019FC5D
:1041F000024648B10021054B0846CDE9005323464D
:1042000019F0BCFB03B030BD1920FBE7ABE5030898
:10421000002270B50A4B1C780A4BD5B2AC4202D8CA
:1042200000200C7008E01E880132864205D30D7014
:104230001B881B1A5842584170BD1233EDE700BF6E
:10424000664600208A3F00202DE9F04FDFF84081CC
:10425000DFF8409198F8002099F8003006469A421D
:1042600085B004D34FF48A714248E7F743FD3046E6
:104270000DF10F01FFF7CCFF20B140F217113D48BF
:10428000E7F738FD98F800709DF80F403D1B15F0DA
:10429000FF0530D04FF0FF3C374B01211B78A14088
:1042A000184699F800304FF6FF790CFA03FC00230A
:1042B000324A01F1FF3E0193C1F1000A9DF804303A
:1042C000984243D8122004FB00002D4BA0F11201AC
:1042D00005EBC5025200194404F10109184416F017
:1042E00018FD4FEA89092748A9F104010144AA00F1
:1042F000484416F00EFD224904EBC40201EB4203D0
:1043000021F81260204A013712784FF6FF71DA73F4
:104310001A745A7412025A801C4A0D2012781A71AB
:1043200010225A7100229A73C3F80620C3F80A209B
:10433000144B43F8242088F8007014F056FC0EB992
:1043400009F046F9204605B0BDE8F08F13884B45CB
:104350000AD053680AEA030B03EA0E030B4403EB8B
:104360004B0343EA0C035360019B08320133019372
:10437000A4E700BFD36B0408CF51002050230020D6
:104380008A3F0020642200202347002007470020A6
:1043900066460020CD5100202DE9F041074600255A
:1043A0000A4B0B4E93F80080ECB2A04503D8FF24D3
:1043B0002046BDE8F08108223846B11D16F099FC70
:1043C00001350028F4D01236EEE700BF6646002023
:1043D0008A3F002008B5FFF7DFFFFF281DBF00B2AE
:1043E000044B00EBC0004FF6FF7018BF33F810000D
:1043F00008BD00BF8A3F002008B5044BB3F8680031
:104400001AF0F6F8024B53F8200008BDA433002040
:104410006422002007B50DF10701FFF7F9FE30B166
:104420009DF80730034803EBC30300EB430003B0E0
:104430005DF804FB8A3F00202DE9F843294E04462D
:1044400033785D1E2D1A8342EDB204D840F23F113D
:104450002548E7F74FFC0123A3404FF0FF305F1ED4
:104460003B4400214FF6FF7E6FEA03081F4A92F893
:1044700000C01F4A127890401E4ACBB29C4523D8F8
:10448000BDB127B204EBC4041B48640005EBC502B0
:1044900004F1120101445200204416F03AFCBF001E
:1044A0001648AA00391D014402F0FC02384416F0F7
:1044B00030FC33780022013B33704FF6FF71BDE8CA
:1044C000F8430E2014F091BB1388734507D053684E
:1044D00008EA03093B4003EB5903034353600832E6
:1044E0000131CAE766460020D36B0408CF51002093
:1044F000CD510020502300208A3F0020642200205C
:1045000010B50A4C207858B9094B1B781A2B03D9DF
:1045100094210848E7F7EEFB0322074B1A7010BD01
:104520000138C0B2FFF788FFECE700BF6646002005
:10453000CD510020D36B0408624600202DE9F047DE
:1045400005461AF055F8FF28044624D1DFF8849078
:104550001E4B99F800201B789A422BD22846BDE8C2
:10456000F047FFF771BE38883B79504518D86F2B5C
:104570004FEA131214D85B0710D0123708F1010864
:1045800099F800105FFA88F6B142ECD80023104A7F
:10459000DEB28E4214D32046BDE8F087022AECD961
:1045A0000DF0B4FC0028E8D129463046BDE8F047BC
:1045B0001AF02BB84FF000084FF6F77A044FDFE7F8
:1045C000107901338F28EFD81232E1E7CD51002066
:1045D0008A3F0020664600204FF6F773984210B5D8
:1045E00014D8FFF7ABFFFF2810D0134C00B200EB3C
:1045F000C00004EB400414F051F8104938B9628847
:104600000B7802EB0313A3EB1213638010BD227C23
:10461000637C09789A42E2732374617407D98B42F0
:1046200003D213468B4228BF0B461B02EDE78A429A
:10463000F8D31346F9E700BF8A3F00202347002044
:104640002DE9F04106460F4600240E4DDFF8388074
:1046500098F80030A34201D8BDE8F081082229462D
:10466000304616F046FB40B935F8063CBB4204D054
:104670002046FFF7E1FE013CE4B20134E4B212351A
:10468000E6E700BF903F002066460020F8B50546EB
:1046900008460E46FFF780FEFF2830D01D4B294606
:1046A00053F820703046FFF7CBFF2846FFF746FF50
:1046B000FF28044625D10CF049FBFF280AD1164CEF
:1046C000207838B114F0C8FA2378B0FBF3F202FB7B
:1046D0001300C0B2294619F098FF044623B20F4DCB
:1046E00003EBC30305EB430508223146A81D16F072
:1046F00010FB2B79204603F00F032B71F8BD002728
:10470000D3E7074B1B78002B18BF0027014B43F85A
:104710002070E3E764220020CD5100208A3F002072
:10472000FE5100200A2330B585B01A46054601A97E
:104730000120FEF7D1F94FF6FF73BDF80C209A4225
:1047400002D1012005B030BD0822FF2101A819F0D7
:104750001BFC04460028F4D1BDF80C0001A9FFF7AA
:1047600095FF024B43F820502046EBE764220020DF
:1047700038B50B4B04461B780D46834204D840F2F3
:104780005B210848E7F7B6FA074804EBC40400EBDE
:1047900044002946BDE838400822063016F0B9BA70
:1047A000CD510020D36B04088A3F002070B5044629
:1047B00008460E4619F01CFFFF28054610D020467B
:1047C000FFF7EAFDFF2807D0084B1B7823B9084BF9
:1047D00053F8202043F8252021462846FFF7C8FF3C
:1047E00031462046BDE87040FFF72ABFFE51002049
:1047F000642200202DE9F843002680460127344634
:10480000114DDFF84C9099F80030A34210D83E4388
:104810000134E4B21A2C4FEA470705F11205F2D130
:104820004FF0FF30094B1B7898403043BDE8F883C8
:104830002B884345EBD0284619F03FFF0328E6D8E4
:104840002B796F2BE3D8E3E78A3F0020CD5100207E
:104850006646002010B5084C00EBC00004EB400495
:1048600023795B0707D1204619F027FF237923F02E
:1048700007031843207110BD8A3F0020044B1B78AA
:10488000033B012B86BF034B18780020704700BF05
:104890006D4600206646002038B5144B0C461B7848
:1048A000834220D9124B1B78033B012B1BD9114BA0
:1048B00000EBC00003EB400533F8103028460B80B6
:1048C0006B881B0A8B7019F0F8FEE0702B79A91D1C
:1048D00003F007021B09227163710822A01D16F064
:1048E00018FA002038BD0120FCE700BF6646002012
:1048F0006D4600208A3F0020072805D8C30703D54E
:10490000024B18700020704721207047FF51002093
:10491000014B1878704700BFFF51002018B10728DD
:1049200005D8C30703D5034B18700020704721201A
:10493000704700BF07470020014B1878704700BF41
:1049400007470020014B1870704700BFFE51002040
:10495000014B1878704700BFFE51002070B51A480F
:10496000FEF740F8194B1B78033B012B28D805F0C4
:10497000DFFC03F075FCBDE870404FF47A5112483B
:10498000FDF794BF23798F2B4FEA131111D8013112
:10499000204619F0C2FE062901D8032909D123793E
:1049A000002223F007034FF6FF710F20237114F04C
:1049B0001CF9123401353278EBB29A42E2D8D6E7CC
:1049C0000025034C034EF6E7484F00206D460020BB
:1049D0008A3F0020664600200022084B1878084BCA
:1049E000D1B2884203F1120300D8704713F80D1CAE
:1049F000013221F0100103F80D1CF1E7664600209A
:104A00008A3F00202DE9F04702261227DFF85C904C
:104A1000DFF85C8099F8004000250CE007FB05F307
:104A200038F803A00021504619F05CFE10B15CB1CB
:104A3000013CE4B2013599F80030EAB29342EDD876
:104A4000A34204D14FF6FF7A5046BDE8F08714F038
:104A500003F999F80030012EA3EB040390FBF3F265
:104A600002FB1300C4B2EDD00126D5E76646002054
:104A70008A3F002010B5044619F0BAFDFF2808D17E
:104A800020460CF041F8FF281FBF024B1B78C018CE
:104A9000C0B210BDCD510020044B00211A78044B48
:104AA00004481B781A44920016F04DB9CD510020ED
:104AB000D45100206422002010B5134B0C461B7803
:104AC00086B0834212D9114900EBC00001EB4001CE
:104AD00008222046063116F01CF900220821204643
:104AE00019F052FA80F00100C0B206E0C01A01A924
:104AF000C0B20CF05FFC10B1002006B010BD01ABDD
:104B000003CB20606160E8E7CD5100208A3F0020A0
:104B100008B5074B024653F820308B4206D91520C2
:104B20004FF6FF7114F061F8002008BD0120FCE78A
:104B300064220020024B013143F82010704700BF6F
:104B4000642200202DE9F34781460C4600272A4EB7
:104B5000DFF8ACA09AF80030FDB2AB4210D869463D
:104B600020461BF0D8F8C0B308226946484616F024
:104B7000C0F890B3494620461AF0D3F8FE2537E036
:104B800006F1060808224146484616F0B2F890B9E8
:104B90004FF6FF739C422BD03388A34228D0204687
:104BA0000BF0B2FFFF2814D14946204602B0BDE801
:104BB000F047FFF76BBD14B912360137CAE73388E7
:104BC000A342F9D100220821404619F0DDF900285E
:104BD000F2D12846FFF730FCCCE7494600200BF025
:104BE00063FFFF28054603D0044B1B780344DDB266
:104BF000284602B0BDE8F0878A3F0020CD51002052
:104C00006646002008B5FFF7E7FE054B1B78013B21
:104C1000012B03D8BDE808400CF0B8BB08BD00BFAD
:104C20006D4600200F4B1B7883420CD8C01A0E4AE9
:104C3000C0B232F81030D90411D443F4805322F8B2
:104C4000103001207047094B00EBC00003EB40031C
:104C50005A79D10603D442F010025A71F1E70020CC
:104C6000704700BFCD510020F24200208A3F002053
:104C700038B505460C46FFF78FFBFF280ED12946B5
:104C800000200BF011FFFF280CD0074B074A1B78C0
:104C9000034452F823300020236038BD034B53F8FF
:104CA0002030F8E72D20F8E7CD51002064220020C5
:104CB00038B505460C46FFF76FFBFF280DD1294696
:104CC00000200BF0F1FEFF280BD0074B074A1B78A2
:104CD000034442F82340002038BD044B43F82040F1
:104CE000F9E72D20F8E700BFCD5100206422002015
:104CF000F0B5134B06461B78FBB100251148DFF8D1
:104D00004CC090F800E0104807781F44E8B2864590
:104D100001D80020F0BD7C1B94FBF3F003FB104492
:104D20000CEBC4003CF83440B44204D1002AF1D169
:104D300084788C42EED00135E8E71846EAE700BFF8
:104D4000CF5100201427002064460020502300206B
:104D500070B513F0FDF814250F49104E0B7832880A
:104D600030809B1A03449BB2B3FBF5F405FB14336C
:104D70000B700B49E2B20B78934292BF00239B1A4F
:104D8000DBB2032A0B7088BF002306499EBFD20006
:104D90000B68D3400B6070BD0A4700208843002099
:104DA0006346002014270020084B1868084BC2B245
:104DB0001B789A4208D2074BC0F307201B78984211
:104DC00034BF0020012070470120704714270020C5
:104DD000CF51002009470020F8B505461746FFF7D8
:104DE000E3FF064610B9184B1A783AB92120012280
:104DF0004FF6FF7113F0F9FE0020F8BD1348DFF8FD
:104E000054C003780133B3FBF2F402FB1433037094
:104E10000F48DCF8002000EBC30420F8335002F107
:104E20000132A1703846CCF80020FFF7E3FCE670B1
:104E3000606019F066F9A84201D10120DDE7E3784E
:104E40000133E370F9E700BFCF5100206446002032
:104E5000502300201427002010B50B4C0B4A237858
:104E6000063B137013F074F80022094BFF211880E1
:104E7000084B09481A602278D20015F064FF04221A
:104E8000064B1A7010BD00BFCF510020094700200B
:104E90008843002014270020502300206346002070
:104EA00004289FBF034B1870034B002094BF197058
:104EB00021207047084700200052002048B139B136
:104EC000044B1B780B70044B1B7803700120704758
:104ED0000846704708470020005200202DE9F8439B
:104EE000074613F031F805461B4818F0FAFF1B4B34
:104EF00060B31C683C1B2C44A4B20022184BDFF8A2
:104F000068901B78174D03EB830399F8006005EB5D
:104F100043055FFA82F846450AD9AB8805F10A00D5
:104F2000A34216D90A23B21A29465A4315F0F1FEB4
:104F3000013689F80060AC80B8F1000F03D1394622
:104F40000548FDF7B3FC2846BDE8F8833C461D60E4
:104F5000D3E705460132DCE7684F00209434002097
:104F60000C470020EA3E00200D4700202DE9F74FB6
:104F7000002412F0E9FFDFF8BC80A24698F800E0B8
:104F8000A3467246DFF8B0901FFA80FC0746264E13
:104F9000B9F800003178ACEB00039BB2234D0093CD
:104FA000A0EB0C0001EB810305EB430301905FFADA
:104FB00084FCF4451AD3BAF1000F00D03170724569
:104FC00004D2002088F80020FCF75CFB98F8003041
:104FD0003BB30A223378164802FB0355A988C9F867
:104FE000007003B0BDE8F04FFDF760BCB3F804C03B
:104FF0000098844510D84FF0010A93F802C001319F
:105000000CF1FF3C013AA3F804B083F802C0C9B226
:10501000D2B20A330134CAE701988444A3F804C029
:10502000F7E703B0BDE8F08F0C470020EA3E002010
:10503000684F00200D4700209434002030B51E4AF0
:105040001E4C137885B0013BDBB213702068616899
:1050500001AA03C2218920461180194A04F10A01DC
:10506000127813440A225A4315F053FE9DF8064065
:1050700014F00F050FD1BDF80C000EF08FFD2409C0
:105080002A460CBF01210021BDF8040005B0BDE88F
:10509000304003F0EFBDBDF80800FFF71FFF0346E7
:1050A0008288ADF8082001AA03CA128818605960E6
:1050B0001A8105B030BD00BF0C470020EA3E002039
:1050C0000D470020F8B50024084D094F094E3B78E4
:1050D0003178E2B20B449A4204F1010400DBF8BDDE
:1050E0002846FCF7CDFF0A35F1E700BFEA3E002075
:1050F0000D4700200C47002070B5124B06460D46A8
:10510000104611491A78114B09781B780B449342C9
:1051100006DB1F204FF6FF7113F067FD002070BD06
:10512000FFF7DCFE013506808570044612F007FFAC
:10513000E0800EF039FD20810020FCF7A3FA012069
:10514000EDE700BFCC5100200D4700200C470020A8
:10515000844600230A222DE9F047DFF86480DFF857
:10516000649098F8007099F80050134907EB050E09
:10517000DCB274451DDA02FB04F631F806A00133F7
:10518000E24501EB0600F3D1631CAEEB03030A36E4
:105190005A43314415F0BDFDA5428BBF05F1FF35E3
:1051A00007F1FF3789F8005088F800700CB9034BFD
:1051B0001C70BDE8F08700BFEA3E00200B470020CE
:1051C0000D4700200C470020044B054A1B7812783D
:1051D000D3420CBF01200020704700BF0C470020C5
:1051E0000D470020024B1878003818BF0120704787
:1051F0000C470020002108B5094B0A4819700A4BDA
:1052000019700A4B19700A4B1A7802EB820252008D
:1052100015F099FDBDE808400648FDF7E3BB00BF67
:105220000D470020EA3E00200C4700200B470020DD
:10523000CC510020684F002010B50B4C23784BB1A7
:105240000A4803F0A3FE58B1084B0121188819F051
:1052500029F908B9002010BD0122054B1A70FAE7A0
:10526000FFF7ECFEEAE700BF0C470020EA3E002013
:105270000B47002010B50E4B1B78B3B10D4C2388A3
:1052800083424FF0000310D10B4A137049B9A37841
:105290001033A37019F078FC18B9A37823F00F032A
:1052A000A370FFF7CBFE012010BD1846FCE700BF3E
:1052B0000C470020EA3E00200B47002070B592B05A
:1052C0000C46064613F08BFCE17A05460020FBF7FE
:1052D000FBFD28B394F90A0018F064FE10BB134BD1
:1052E000E27A294683F85820A27A83F85A206A463F
:1052F000FCF7BEF94FF6FE739E420CBF4FF6FF73EC
:1053000023896A4629460020ADF80660ADF80430CE
:10531000FCF78CFC40B92289054B5A8012B070BD55
:105320005520FBE75620F9E72120F7E7A4330020BA
:105330009834002010B5044601460822094815F0AB
:10534000E8FC237B022B0AD8002B14BF3122012258
:1053500005490B7017234B61044B1A7010BD0023D5
:105360000122F5E79C340020983400206C46002090
:10537000014B5861704700BF98340020014B1878EA
:10538000704700BF9834002010B5054C2378112BCE
:1053900003D0D6210348E6F7ADFC4123237010BDAE
:1053A0006C460020DE6B0408064B01461B78042B7C
:1053B00004D1054A137E0533137670470348FDF781
:1053C00075BA00BF6D46002098340020884F002039
:1053D00008B50648FCF754FE0548FCF751FE0FF0EF
:1053E00009F8BDE8084001F0A3BB00BF82430020DC
:1053F000B2430020064B1878332806D000F0EF00A7
:10540000A0F143035842584170470120704700BF44
:105410006C460020002208B5074B4FF6FE701A704C
:1054200018F07BFE4FF6FF7018F094FE034B58699E
:10543000BDE8084013F086BC6C460020983400207C
:10544000014B1878704700BF6146002008B5064B35
:10545000187838B10548FDF715FA4FF47A73B0FBA8
:10546000F3F0C0B208BD00BF61460020D426002082
:10547000014B187C704700BF983400202DE9F043A1
:105480008BB00746154698460E469DF8489049B998
:10549000104605AC0BF038FB21460BF08BFF1728AC
:1054A00018BF2646B9F1000F0AD1124B1B781BB961
:1054B00028461AF055FCD0B92846FDF7E7FD02E072
:1054C00028461AF04DFC80F00104E4B29DF85030FB
:1054D0002A4602939DF84C303146CDE90093384678
:1054E0004346039419F060F90BB0BDE8F0834C46D5
:1054F000ECE700BF684600202DE9F04F97B09946D1
:105500009DF88830BDF880B0219D08939DF88C30BF
:105510000E4658460FA9049207931BF009F805B3ED
:10552000002800F0208195F801A00FACCAF3400AD2
:105530008E4B19F0800F1B7814BF4F4649F080073F
:10554000022B17D04FF6FF78002D40F087810225FF
:10555000584618F0FDF82B464246214618F0A0FEAA
:10556000BCE0584618F075F90446002800F0FB80AE
:10557000AA46DDE71EB97E4B1B78002BE2D00DF169
:105580003A012046FDF7C0FF584618F075F901288A
:1055900038BF0120C3B2059395B3281D14F060F8FD
:1055A000804609F002032046069318F085FD214647
:1055B0000990814600200BF077FA069A099B12BBEE
:1055C000FF2820D1EBF70EF86A4A1278824200F0E9
:1055D00032814FF6FF72099B934214D1FDF7FAFC1A
:1055E000002800F028814FF6F773984523D919F069
:1055F00068FB11A98146FDF7ADFF0028F7D02EE02A
:10560000BDF83A80CDE74FF6F772904520D8934227
:1056100011D898450FD0194622460AA8FDF790FCEC
:105620000A980B9913AB03C3BDF83020022113A8CD
:105630001A80FDF70DFE404611A9FDF78BFF0246CB
:1056400028B9082111A818F09FFC002866D0C1468F
:105650004FF6F67209F1FF339BB29342C7D8BAF105
:10566000000F03D1444B1B78002B60D1584618F033
:105670006FF8059B4A4601930123214600933B4660
:10568000FDF7B8FD4FF6FF739842804600F0D380D7
:10569000014600220AA8FDF753FC0A980B9913ABA8
:1056A00003C3BDF83020022113A81A80FDF7D0FDF6
:1056B000002D3FF44DAF002E40F0D280454601232F
:1056C000C7F3C0074246CDE9016321462B46049843
:1056D0000397CDF800A019F067F8A846BAF1000FBB
:1056E0000FD04FF6FF7398450BD040460BF00CFAE5
:1056F000FF281FBF214A32F8103023F4804322F8DC
:105700001030089B7BB318F0FCFC249B01460093EF
:105710004246234607980DF00BF824E00822204665
:1057200011A915F0E6FA00287FF461AF8FE7002D8C
:1057300064D0134B1B68980727D5049B0F2B21D0EF
:10574000281D13F08DFF02230121CDE90131002333
:10575000C7F3C0070246009321464FF6FF73049833
:10576000039719F021F817B0BDE8F08F6C460020C0
:10577000614600206546002068460020F242002075
:1057800028270020079B012BDAD1281D13F068FF82
:1057900080460BF0B9F90990404618F029FF4FF602
:1057A000FF71BDF83A208A4256D04245099B53D139
:1057B000FF2B4AD018461AF01CFB784010F0EF0F70
:1057C00014BF01230023BDF83A0009930BF09CF9A4
:1057D0000690BDF83A0018F00BFF099B66B14FF632
:1057E000FF7CBDF83A10614506D0414504D0069AC9
:1057F0000240D2B2FF2AA3D1002BA1D122464946B2
:105800000AA8FDF79DFB0A980B9913AB03C3BDF8DB
:10581000302058461A8017F09BFF3A460146059BF8
:1058200013A8FDF7B1FC30B94FF6FF73BDF85480F3
:1058300098457FF43DAF4FF6FF789DB10126281DB6
:1058400013F00EFF4546804639E7FF2804D0069B3B
:10585000B3FA83F35B09B6E70023B4E70226EEE769
:105860000026ECE7012573E60022014B1A7670470B
:105870009834002008B50B4B1B78022B10D10A4B33
:105880001B78033B012B0BD9084B187800F0010063
:10589000FDF732FF0023064AC2E90133538008BDF9
:1058A0000020F3E76C4600206D4600206146002092
:1058B0009834002038B5174D2B78033B012B1CD8AA
:1058C000154BB3F868204FF6FF739A4215D10320A9
:1058D000FDF7D6F902F0B6FCFFF7CCFF2B78033BBF
:1058E000012B01D909F0F2F90020FBF7A9FA78B1F0
:1058F000BDE83840002018F05CB8FDF7ABF904466D
:10590000FDF7A2F90146204608F04EFC0220DFE731
:1059100038BD00BF6D460020A433002008B5114AF1
:10592000114B58611378032B1BD0D3B1332B01D00B
:10593000432B10D10D4B1B78033B012B05D80323C0
:105940001370BDE8084013F0FDB913F0FBF9BDE892
:105950000840FFF7AFBF21231370BDE8084002F0F5
:1059600069BA08BD6C460020983400206D460020BE
:1059700038B504461348FDF735F8134B1B78013B47
:10598000012B1DD8114D5CB92B7823B140F619407D
:105990002C7013F0D7F90024FFF76CFF204638BDB8
:1059A000FF2C05D04FF47A7106486143FCF77EFF67
:1059B0002B78002BEFD1012340F618402B70E8E73D
:1059C0000224E9E7D42600206D460020614600202D
:1059D00038B504460D46FDF79FF928B13DB1204684
:1059E00019F03BF8002038BD024B1C70FAE702208A
:1059F000F9E700BF1047002038B5114D04462B7859
:105A0000834218BF28700FF075FD80B124B920467D
:105A10000FF06AFD02220DE001200FF065FD2B78EA
:105A20001A1F012A05D9062BF4D1032202E0002C0B
:105A3000F5D10122BDE838400021084618F0BDBD6F
:105A40006D46002030B5044685B068460D4618F016
:105A500095FE94B100212846144A18F0EFFF144B2C
:105A600020681B7861688DF80430124B1B788DF824
:105A7000053002AB03C306F09FFB0F4B93F8582091
:105A800093F85A308DF803208DF8023018F056FB49
:105A9000ADF8000018F035FB1023ADF80600072222
:105AA00069460020FDF718F805B030BD00F8FF0783
:105AB000A54500206D460020A433002010B5144BEE
:105AC00004461A78134B002083F85820FBF7B8F9E6
:105AD00010B1002017F06DFF00210846FFF7B2FF5C
:105AE0000D4B1B78033B012B0ED80EF065FC2046B6
:105AF000FCF7D4F840F6174013F024F90023074AC6
:105B00001380074A138010BD0BF0D8FDEFE700BFEC
:105B10000E470020A43300206D4600203E430020A5
:105B20003C43002010B5014604460020FBF7CCF9A9
:105B300090B10C4B1B78023B032B0FD80A4B1C7007
:105B40000DF066FD60B9094A0949FBF7EFFD003821
:105B500018BF0120800010BD5520FCE70220FAE7A5
:105B60004D20F8E76C4600200E47002045940208BF
:105B7000BD5A0208F8B506460DF04AFD044668B95C
:105B8000FBF75EF950B1064D204695F8587085F840
:105B9000586017F00EFF10B185F858704D20F8BD11
:105BA000A43300202DE9F04180461846033B012B29
:105BB0000E46174602D918B121243CE0FFF71CFF1E
:105BC000294B1B78012B4CD0284B1D78022D08D077
:105BD000032D46D1B8F1000F03D1254B1B689B075D
:105BE0003FD43320FDF74CF801F07CFDB6F1006F97
:105BF00034BF204B052231464FF0060038BF1A78DB
:105C0000FEF756F9044628BB1B4D2873012000F00F
:105C1000C7FF18F093FA68802846B8F1000F0DD03E
:105C2000022300F8043B18F056FE6C732F613946CE
:105C3000304613F01FF82046BDE8F081012300F83C
:105C4000043B18F048FE6C732F613946304613F060
:105C500010F8F0E72846FDF713F8B8F1000FF4D07C
:105C6000E5E70224E7E700BF6D4600206C46002010
:105C7000282700200152002098340020034B187878
:105C800018B9034B034A1B78D05C70476B46002061
:105C90006D460020CC6C040838B5174B04461B78C1
:105CA000033B012B06D8437BDB0703D590F90900A2
:105CB0000EF0CCFA0025114B83F859502079FFF7EC
:105CC00059FFFFF7DBFF61882488034622462846F8
:105CD000FDF72CFD044620B11720FFF71FFE2046DC
:105CE00038BD1723064DC82106486B61FCF7DEFD61
:105CF00003232B76F3E700BF6D460020A43300207A
:105D000098340020884F0020F0B51A4D06460C4606
:105D100093B0A5F8680005F16A0729BBC5F86A10B9
:105D2000796012F05CFF6A4601460020FBF7A0FC98
:105D3000D5F86A30ADF81060CDF812307B68CDF838
:105D4000163012F04CFF6A4601460020FBF76EFF4A
:105D50004FF6FF73B5F86800984203D014B10649B6
:105D600012F08BFF13B0F0BD0822384614F0D1FFBB
:105D7000D7E700BFA43300200E3400202DE9F04106
:105D8000DFF8B8801F4698F8003005460C461646E6
:105D90001BB102252846BDE8F081531E052BF8D81B
:105DA0000DF036FC0028F4D13B7B032B14D14FF6C9
:105DB000FE739C4212D1012E09D0022EE9D118F0B7
:105DC000A0F94FF6FB73984203D818F09AF90446ED
:105DD00004E018F076FFFAE7012EDAD0EDB9394683
:105DE0002046FFF76BFA05460028D3D198F800301B
:105DF000332B03D0532B1CBF0E4B18613046FFF7DB
:105E0000FBFD00214FF6FF70FFF77EFF0A4B1B786A
:105E1000002BBFD00BF026FCBCE7397B721ECB1EDB
:105E2000594259415042504107F058FA054600285E
:105E3000D5D0AFE798340020025200206C460020F5
:105E4000F0B50C461E46184B074687B001F114000A
:105E500051F8045B814243F8045BF9D16D4609882F
:105E60001980D4F80E00D4F81210238803C5ADF8B9
:105E7000083023798DF80A208DF80B3000233A463C
:105E80008DF80C304FF6FE716B460120FFF776FF60
:105E900040B96846FFF74EFA2046FFF7FDFE08B905
:105EA000024B1E7007B0F0BD8A4300200F47002050
:105EB0001FB5144B04461B88DB0707D44FF6FF7051
:105EC0000021FFF721FF002004B010BD0A230120AC
:105ED0001A4601A9FCF700FE4FF6FF73BDF80C202F
:105EE0009A42EBD00822FF2101A818F04DF80028B3
:105EF000E4D10CB90120E7E7BDF80C0001A9FFF7D8
:105F000003FFF7E7A243002038B50C46154618F00A
:105F100004F904F0B5F829462046FFF7F5FE00F035
:105F200039FE48B1074BDB790E2B28BF0E23013316
:105F3000DBB2054A137038BD044B1B78013B18BF18
:105F40000123F6E78A430020274700206D46002002
:105F500038B500220821044618F016F80546C8B9DD
:105F600018F0CFF82A464FF6FF71FFF7CDFF204615
:105F7000217CFFF767FD6269E189207C18F05EFDF6
:105F8000054B1B78012B01D107F012FBFFF792FCA8
:105F9000002038BD0120FCE76D46002038B5274BB6
:105FA00004461B780BB1022038BD4FF6FF730289FF
:105FB0009A42F8D00DF02CFB0028F4D1204D2B682C
:105FC00013F0020007D018F09CF84FF6FE739842C9
:105FD00001D118F076FE2146FFF770F90028E3D1D1
:105FE0002B689B074CBF02200120FFF705FD002115
:105FF000012007F073F90028D6D1124B1B780BB1A2
:106000000BF030FB00220821204617F0BDFF58B9E5
:106010000D4B20461B7823740C4B63610023E381F6
:10602000BDE83840FFF794BF0421204612F016FE69
:106030000028EDD040F61240B6E700BF6C460020C5
:1060400028270020025200201047002000F8FF07F8
:1060500070B5264B05461B780E4613B10224204628
:1060600070BD4FF6FF7302899A42F7D00DF0D0FA57
:106070000028F3D118F045F84FF6FE73984201D18D
:1060800018F01FFE2946FFF719F904460028E6D14B
:10609000EEB10520FFF7B0FC0121002007F01EF94A
:1060A00004460028DBD102460821284617F06CFF81
:1060B00078B90F4B28461B782B740E4B6B6100236D
:1060C000EB81FFF745FF044666B905200BE006208B
:1060D000E0E70421284612F0C1FD0028E9D040F68F
:1060E0001244BCE70420FCF7CBFDB8E76C46002067
:1060F0001047002000F8FF0738B51D46FFF73EFEA9
:106100000446C8B92B7B2846032B03D1BDE8384091
:10611000FFF71EBFFFF70EF9084B25469C8117F0CD
:106120006AFF0121064B81401A780620FDF7C0FE68
:10613000044608B1034B1D70204638BD983400203A
:10614000015200206C46002030B5012087B0FFF7D7
:10615000AFFE6B460446144A1068516803C384B905
:1061600006F038F802A818F009FB4FF6FF75224632
:10617000BDF80E002946FFF7C7FEF7F787F907B00D
:1061800030BD6B46094AD2F86A00D2F86E10B2F8F8
:10619000685003C306F01EF802A818F0EFFA6A462A
:1061A000BDF80E00E6E700BFE8270408A43300208E
:1061B00073B53A4B04461B781BB10224204602B04B
:1061C00070BD0DF025FA0028F7D100F0F3FC14B1F2
:1061D0002288334B1A8000210DF10700FCF7D0FD17
:1061E000002856D118F068FB04460028E6D12D4D52
:1061F0009DF80700FFF700FC2B785A1E012A1FD8D4
:10620000FFF7A2FF2B78033B012B01D801F010FA16
:10621000FFF750FB012017F0B5FE034600283AD1E6
:106220002A78033A012AC9D81D4A108810F00205BD
:1062300021D0052201201C49FFF7B4FC0446BDE72C
:10624000033B012B04D82046FFF732FE0028D7D1AC
:106250002B78053B012BB1D8FFF776FFFFF72AFB20
:106260002B78052B0CBF04200520FCF709FD01202D
:1062700017F088FEE2E70D4E02230B223146012083
:10628000FCF72AFC33885B0798D5284601F0E4F92F
:1062900094E7172492E7044690E700BF6C4600207D
:1062A000A24300206D46002000F8FF073A4300207B
:1062B00001232DE9F347614D0746884600206049D8
:1062C00014466B7300F03AFC0FF0CEFA5C4E38B90E
:1062D000012F01D9042F10D12146404612F024FD90
:1062E000102000210AF016FD002800F09E800020FA
:1062F00002B0BDE8F047FBF7C5B9002CF0D1514B17
:106300001B78212B03D0062B01D0532B02D101F097
:1063100091FDE5E7FCF7A8FD0028E1D000F03AFC8C
:1063200028B9287BC0F11800FFF7F8FAD8E7464BE8
:1063300031462046019300F001FC20B140F2F57196
:106340004248E5F7D7FC3D49307B01AA13F00EF92E
:1063500095F80090B9F1000F03D13948FFF79CFC84
:10636000BEE7DDF804A017F0CCFEDFF8EC800446B1
:1063700098F80030033B012B06D8737BDB0703D56D
:1063800096F909000DF062FF3079FFF7F3FB002169
:106390007088FFF7B9FCFCF767FD2D4F60B14FF631
:1063A000F672631E9BB2934206D918F08AFCB7F8C6
:1063B000683004468342F8D0204617F0AEFE30889D
:1063C00017F0C8FE4946B7F86800D047044608B938
:1063D0001920A9E7B7F8681017F0F9F9002387F832
:1063E00059302B7803F0FB03022B02D0204618F023
:1063F000CBF9002220461146FEF77EFE98B1172306
:106400006B6198F80030042B06D1C8211148FCF7C5
:106410004DFA03232B7663E74FF416710D48FCF712
:1064200045FA0023F6E717207EE7FEF7DBFE00289B
:106430007FF45DAF02B0BDE8F08700BF9834002064
:106440008A4300206C460020EDE80308DE6B040858
:10645000A4330020884F00206D4600207FB5002423
:10646000184E194D3278E3B29A4201D804B070BD8B
:106470004FF6FF73B5F868209A421AD0134B1B8869
:10648000DB0714D5124AB5F8683010685168ADF8CA
:106490000C3001AB03C30A2300201A4601A9FCF704
:1064A0001BFB02230B2200200A49FCF715FB0134D9
:1064B000D8E700220821064817F066FD0028F6D12B
:1064C000DCE700BFCE510020A4330020A24300200F
:1064D0000E3400203A43002010B501F003F902F019
:1064E0007DF8D8B10E48FCF77DFA0E480E4C017AC3
:1064F0000E30FFF7A7FA23781BB100F0FDFA002356
:1065000023700022094B1A73FFF7D4F908F0F6FD47
:1065100001F072F9BDE81040FFF7A0BF10BD00BF49
:10652000884F00208A4300200F4700209834002025
:1065300010B51B48FCF756FA02F050F830B1194B71
:106540001B781BB9BDE81040FFF7C6BF02F046F844
:1065500078B1154C237E83B1C8211148FCF7A6F908
:106560000021237E0846013B2376BDE81040FBF75F
:10657000F3B8FCF779FC0028EBD1FCF775FC38B9CF
:106580000A4B1B78112B03D003F0FD03412B05D1DF
:10659000BDE81040044B5869FFF7C0B910BD00BFFB
:1065A000884F002068460020983400206C46002068
:1065B0002DE9F04F0F4685B002AD04462946384616
:1065C000914619F0B5FF4FF0000B82463846CDF8E2
:1065D00004B017F0C5F94678022C804606F0020692
:1065E00009D85CB1FCF740FC0446002848D1754B43
:1065F00001241B7865E0043C022C3AD9FCF734FCFA
:10660000384617F026F900240546A046DFF8D8A141
:10661000384617F0A5F950F809300DF1050001933F
:1066200013F01EF89DF807B00746B8F1000F4DD1E2
:10663000BBF1000F5BD0DFF88C9199F800300BB103
:10664000002E63D0002C61D05F4B1B78022B5DD1F4
:10665000BBF1000F53D1384617F05FFD584659463D
:10666000FFF7F0F908F04AFD40F6074012F06AFB28
:1066700034E018F0D1F8FCF7F7FB0446F8B15C46BB
:106680004EB1524B1B78012B02D0043B012B0BD88F
:1066900005B0BDE8F08F4B4B1B782BB14B4B1B78F3
:1066A00003F0FB03022BF3D0BAF1000F404608BF02
:1066B000002519F030FF4FF001088246A8E7414B52
:1066C0001B78002BF0D0002EEED1E1E7BAF1000FDD
:1066D000AED05046FCF7D4FF0028A9D10020FAF72D
:1066E000AFFB0028D4D0002017F063F9D0E74FF6B5
:1066F000F7739F429FD91720FFF710F9EEE7FCF7D9
:10670000B3FB48B13248FCF76DF9F4E7FCF7ACFB9A
:1067100010B1BBF1000FF5D1FCF7A6FB0028DDD0CE
:106720002846FDF739FEFF28DFF89CA0294C03D04E
:106730009AF80030012B04D12946B4F86800FDF71F
:10674000A5FFFEF787F82A463846B4F86810FFF729
:10675000DBFB214B214A93F906301B0213809AF888
:106760000030012B19D0312B14BF432311238AF899
:1067700000301B4B16481968FCF798F800F058FFDA
:106780000023124C99F80010237641B91048FCF709
:106790008DF840F61B436361A0E71123E7E7B8F1EA
:1067A000000F03D016B1FFF797FEF2E70D4B1B78F1
:1067B000042BEED105210648FCF778F8092323764F
:1067C000E7E700BF684600206C46002098340020B0
:1067D000884F0020A43300208A430020A0430020DB
:1067E000A84F00206D460020FA4600202DE9F04316
:1067F000084693B00D4617F0B3F8092200218046F1
:10680000FAF714FF0446284617F023F80522074636
:106810000DF1090328460AA90EF038F8022881462E
:106820001CD09DF8093029461C44E4B204F1100242
:1068300000230120D2B218F8046011F0C0FF68B143
:10684000072E09D856B1013E062E07D8DFE806F01C
:106850000918068A062541007C2E45D013B0BDE8F4
:10686000F0835B4B1B78013B012BF7D8284616F0D1
:106870006FFF00232A461946009417F0D1FFEDE779
:10688000544B1B78012BE9D1534B18780028E5D1E4
:1068900022462946FFF78CFEE0E74D4B1B78013B73
:1068A000012BDBD838460AF0DDF84FF6FF7398422B
:1068B000044606D0284616F04BFF2246394617F00C
:1068C000DEFC444B1B78022BC8D1384612F02AFA62
:1068D000C4E73F4B1B78013B012BBFD849462846F4
:1068E0000AAA00F079F9B9E7394B1B78013B012B73
:1068F000B4D8A04498F8012098F80230652AADD1A8
:106900006D2BABD12846FBF7B1FD1334E4B28442C2
:10691000A4D20822394603A814F0FBF921462846E0
:106920000DF10A0219F046FD002897D1BDF80A3092
:10693000002B93D005A809F0ADFB0123274DBDF82E
:106940000A002B70FBF792FD0446BDF80A00FBF726
:1069500071FDE2B2034605A903A812F097F90023DE
:106960002B707BE71A4B1B78013B012B3FF676AF70
:10697000062200214046FAF759FE404412F070FE0C
:106980000746FCF7F5FA044600287FF467AF28466F
:1069900016F0D9FEC3047FF561AF46F2040301216E
:1069A000ADF8143038460223CDE9004405AA19F0A9
:1069B00050FD064600283FF451AF394616F007FF58
:1069C000284616F0C5FE22463146FCF7D1FE45E7C3
:1069D0006D4600206C46002098340020424700207D
:1069E00008B5084B187050B1074B1B883BB14FF4EA
:1069F0007A7106485943FBF759FF002008BD012072
:106A0000FCE700BF5F46002096510020D4250020FF
:106A1000014B1878704700BF5F46002008B5FBF7B0
:106A2000E1FF0022014B1A7008BD00BF5F46002045
:106A3000022881BF4FF47A735843034B18608CBF10
:106A400000202120704700BFA84F0020014B18787C
:106A5000704700BF11470020014B1870704700BFFE
:106A600011470020034B18684FF47A73B0FBF3F022
:106A7000C0B27047A84F002010B50B4B0B4AB3F9BA
:106A8000004092F9001053884CB1B1EB242F06DD81
:106A900043F04003538001704380002010BD23F079
:106AA00040039BB2F6E700BFA043002098510020AE
:106AB00007B5074B8DF8070018700D220123002041
:106AC0000DF10701FCF708F803B05DF804FB00BF07
:106AD0009851002038B5074D044695F9003090F9DB
:106AE0000000834201D0FFF7E3FF638800206B8042
:106AF00038BD00BF9851002010B50024044B054854
:106B00001C80054B1C70FBF76DFF204610BD00BFBD
:106B1000A4430020AC4F00201B47002008B50348C9
:106B2000FBF760FFBDE80840FFF7E6BFAC4F002071
:106B30000148FBF7A5BA00BFA4430020F7B5134BEB
:106B400004461B780E46EBB183421DD90021104844
:106B500016F07EFF002501460D4F09B9012009E01E
:106B6000A54209D10024162322463046009417F08E
:106B7000A5F8204603B0F0BD384616F0BFFF01353A
:106B80000146EAE71820F5E72720F3E71B47002036
:106B9000A4430020014B1878704700BF1B4700201A
:106BA00025289DBF024B187000202120704700BF90
:106BB00004520020012307B518460D220DF10701EC
:106BC000FBF78AFF9DF80720024B1A7003B05DF8AF
:106BD00004FB00BF98510020F8B507460E46144646
:106BE00016F037FE1A4B05461B78022B2FD1194899
:106BF00017F077F958BB28460DF060FD38B32246F0
:106C0000314638460DF07AFD08B312F025F80446F7
:106C1000384616F09DFD104B012E1A784FF00F03E9
:106C200003FA02F39BB2B4FBF3F203FB124404F148
:106C30000104A1B206D1094B094A1E702B681360EA
:106C40006B6853600348BDE8F840FBF72FBEF8BD02
:106C50006C460020F4260020035200201A47002032
:106C60001247002084B010B502AC84E80F0008225F
:106C700027480DF11601089C14F03BF808BB9DF85D
:106C800015309A0705D4234B1B7803F0FD03312BF5
:106C90001DD121496378097803F00F028A4203D09D
:106CA000012922D1022A12D1227882B91B09022B92
:106CB0000DD11A4BA0781B78022B1AD1C0F380009B
:106CC00006E000220821124817F05EF920B90020E2
:106CD000BDE8104004B07047114BBDF808205B8838
:106CE0009A42CCD0002BCAD0F1E70229EFD1012A79
:106CF000D9E7030609D40B4BB3F86820BDF80A3076
:106D00009A42E4D1FEF776FBE2E70120E0E700BF1C
:106D10009C3400206C460020A54500206D460020D4
:106D200098340020A4330020284BF0B55D88002360
:106D300087B08DF80830264B0DF10B001B7805F05D
:106D4000010743F020038DF8093017F0C4FD6FF000
:106D50007F43ADF813308DF8153017F064FE1D4BEE
:106D60008DF816001B7805F01006DB00DCB2E9F7A1
:106D700039FC194B1B7883422CBF44F0040344F0C8
:106D800084032FB1A9061ED426B143F0020301E00B
:106D9000AA07F9D4002108468DF80A30FBF710FC49
:106DA000ADF8060058B101230F2202A90DF106002B
:106DB000FBF796FC18B90DF1060012F0D4FBBDF8F4
:106DC000060007B0F0BD43F00103DDE79851002055
:106DD000A545002027470020654600201FB50C4A26
:106DE00001AB10685168127A03C3002109201A70A0
:106DF000FBF7E6FB044640B1FBF71CFB034601AA88
:106E000003CA1278186059601A72204604B010BD87
:106E1000EC6B040810B5FBF7E5FD0A4B1B78022B61
:106E20000CD1094B1B78033B012B07D9074C207869
:106E300028B1002019F0C9FC0023237010BD17F001
:106E4000F4F9F9E76C4600206D4600201A4700204F
:106E500084B02DE9F04788B010AC84E80F00DFF86B
:106E600024A1454BBAF802209DF8459012F0010E7E
:106E70009DF94A409DF85D809DF95E109DF8605037
:106E80009DF962609DF946C09DF848701B7834D02A
:106E90009DF86500C0F34002C0F38000002B48D08D
:106EA000364B1B78022B09D1B44242DB23D1E81BBD
:106EB000C0B280288CBF0020012015E0304B1B7829
:106EC000012B00D1BAB178B19AF800301E335BB211
:106ED0009942D4BF002101219C45D4BF0023012346
:106EE0008B4206D1B442E1DA08B0BDE8F04704B005
:106EF00070470846F8E70020F6E7920718D5C3B1B7
:106F0000760814BF01200020640814BF0123002369
:106F10008342E9D1EB1BDBB2802B0AD9BD42EAD117
:106F20008C4506DB25D1C1452CBF00200120DBE7C5
:106F30000BB90120D8E7BD4204D18C45F9DB01D162
:106F4000C145F6D302AC16AE0FCE0FC496E80300CF
:106F500044F8040B2180DDE9140110AB0090ADF87A
:106F600004100FCB12F0F9FA0028E2D1BD429ED1F5
:106F7000BAE77046B8E700BF1B4700206D46002007
:106F80006C4600209851002084B02DE9F04F8FB05E
:106F90006A4E18AC08AD84E80F001622002128467E
:106FA00013F0D1FE33783BB90024654B32781B785F
:106FB0009A4239D2002726E00021624816F048FDA7
:106FC00000270446B846DFF87C91002C45D13FB13C
:106FD000224639465B4816F0CCFD3378013B3370CE
:106FE0003378002BE0D0002156484FF0000916F00E
:106FF0002FFD4F468046CA46DFF848B1B8F1000F72
:107000006CD1002FD1D01621002218A816F009FD4E
:10701000014648B1002F00F08B802246494816F007
:1070200044FD337801333370454B32781B789A42F4
:1070300007D944480022018816F09BFD3378013BB4
:1070400033703378012B03D13F494048FBF72EFCC6
:107050000FB0BDE8F04F04B0704700222146162360
:107060002846CDF8008016F029FE1622294618A8D9
:1070700013F03FFE0028EBD09DF864209DF82430EB
:107080009A4225D1BDF86020BDF820309A421FD128
:1070900008220DF12E010DF16E0013F02AFEB8B991
:1070A00002AF0DF1600CBCE80F000FC79CE80300B5
:1070B00047F8040B39800EAB13E903000090ADF8DC
:1070C000041095E80F00FFF7C3FE0028C0D0274644
:1070D0002146484616F012FD044676E716230022A4
:1070E00041462846CDF800A016F0E8FD02AF0DF1AC
:1070F000600CBCE80F000FC79CE8030047F8040BC6
:1071000039800EAB13E903000090ADF8041095E848
:107110000F00FFF79DFE074620B1B9F1000F04BF35
:10712000444681464146584616F0E8FC804665E7ED
:107130003A46044816F092FC73E700BF1B47002054
:1071400004520020A443002020BF0200AC4F0020C6
:107150002DE9F04F002104469FB00DF140081622A2
:1071600040460E91CDE90C11CDF83B1013F0EBFD2C
:10717000052220460DF11F0316A90DF087FB0228FA
:10718000074600F0F680204616F0EAFB064612F0AD
:1071900067FA8146F01C12F063FAADF84000701DEA
:1071A00012F05EFA012FADF84200204640F0E48074
:1071B00016F0D6FB05462046FBF73CF90D352D1A97
:1071C000434621460820EAB211F0F9FA002800F0FF
:1071D000D080204616F0C9FB012F83469DF84D3024
:1071E00040F0E38000252F4643F001038DF84D3039
:1071F00016AE3388022B4DD1F17820460231FBF7D1
:1072000013FB1B2846D1F17820460331FBF70CFB1A
:1072100019283FD1F17820460431FBF705FB4A28B5
:1072200038D14FF0050AF178204601315144FBF77F
:10723000FBFAF178059051442046FBF7F5FA059BDF
:1072400000EB032083B200F03F02932B059240F045
:107250009B800023F778214602375744FFB23A4615
:1072600000930CA80F2316F029FD07F10F0120460B
:1072700016F06CFD07F111010546204616F066FD7B
:10728000ADF84200059B023353445FFA83FA337929
:107290005345C8D806360DF17603B342A9D19DF8FF
:1072A0004D20C5F3C03363F3410220468DF84D20D5
:1072B00016F0EDFA8DF84400204616F0DDFA8DF850
:1072C0004500204616F0DDFA9DF83230BBF1190F6B
:1072D000C3F3C3028DF84720DDF833208DF8460054
:1072E000CDF84E20DDF83720CDF8522094BF002293
:1072F0009DF83E208DF8482003F003028DF84A20C7
:107300006E4A1278022A9DF84D200CBFC3F3800309
:10731000DB0963F382026A4B8DF84D201B78022B48
:1073200057D1BDF8406016F009FF864251D108A838
:1073300017F0D1FABBF1190F48D908220DF14E010F
:1073400008A813F0D6FC00283DD1B9F5004F02D0B3
:10735000B9F5624F0DD140F6FF7325F440459D42CB
:1073600007D1002208210DF14E0016F00DFE002875
:107370003FD01FB0BDE8F08F16F0F2FA0546204668
:10738000FBF758F807351AE7412B7FF47BAFF1780C
:10739000204602315144FBF747FA4A4B1B78C3F1B0
:1073A000B30318448DF849006CE76FF30003F01D38
:1073B0008DF84D3012F054F90CA90546204617F00F
:1073C000D8FA00276BE700F0F1FFBEE700F0EEFF10
:1073D000CFE7B9F5004F02D0B9F5624FC9D140F6F9
:1073E000FF7325F440459D42C3D1BBF1190FC0D9AD
:1073F000B7E7BBF11A0F06D007F11F01424620463E
:10740000C9B212F0B2F8304C304D637BDBB12B784F
:10741000012B1DD1012323730CAB029314AC94E810
:1074200003000090ADF8041098E80F00FFF71AFC75
:1074300090B194E803000090ADF8041098E80F00B4
:10744000FFF7A2FD08E0FBF70FFD0028DFD0E1E722
:1074500003F0FD03042BDDD02B78012B01D0042B8E
:1074600087D11B4BDDF84E001B78DDF852108DF8EC
:107470002230BDF84030ADF820309DF84D30C3F3D8
:1074800040038DF823309DF8313003F00F038DF861
:107490002C309DF848308DF82D3009AB03C30D4BCF
:1074A0001B681BB1414608A8984762E79DF9462032
:1074B0009DF8451008A811F033FC5AE76D460020EE
:1074C0006C46002022470020983400200647002008
:1074D00021470020883400202DE9F043424B434CE3
:1074E0001B7885B0033B012B22D810F02DFD2378AB
:1074F000022B31D13E4A1468A0422DD03D49106084
:107500000A68121B10443C4A0860127872B1013AB2
:1075100093403C2253434FF47A72534398421BD911
:10752000032005B0BDE8F043FBF7AABB0A23F2E74E
:1075300010F00AFD2378022B0ED12D4A1568A842BF
:107540000AD00027DFF8BC802C4E1060451B98F84D
:107550000030FCB2A34202D805B0BDE8F08356F873
:10756000243020462B4446F8243009F05DFBC30745
:107570004FF0000910D5204609F024FB70B156F8F1
:107580002430242B08D9102200232046CDF8009067
:1075900009F068FB46F824900137D8E7184B1B5DCB
:1075A00013F00F031FBF03F1FF32022393403C226D
:1075B0000CBF0A2353434FF47A72534356F82420E6
:1075C0009A42E9D9204609F01DFA02A918F0A3FB56
:1075D00028B1204609F016FA02A911F04FFB204607
:1075E00018F05FFCD8E700BF6D4600206C46002015
:1075F000202700201C270020BB5100205025002000
:10760000AA450020D4510020064B1B88DB0708D573
:107610000022054B43F82020044A135C63F00F035B
:1076200013547047A643002050250020AA4500208F
:1076300008B510F089FC0022024B1860024B1A605A
:1076400008BD00BF202700201C270020014B186820
:10765000704700BF1C27002008B50C48FBF7C2F993
:10766000FBF762FB80B10A4B0322B3F868100120DC
:107670000CF0B2FD4FF47A71064B04481B88594355
:10768000BDE80840FBF712B908BD00BFCC4F002091
:10769000A433002078510020014B1880002070474F
:1076A0009C510020044A054B1870138823F00303F3
:1076B0001843108000207047A6430020BC510020D2
:1076C000024B188800F00300704700BFA64300205B
:1076D000034B1888C0F30E00003818BF0120704714
:1076E0003A43002008B5FFF7F3FF30B1002004490A
:1076F00002230B220880FBF7EFF9002008BD00BF32
:107700003A430020024B1888C0F30E00704700BFB8
:107710003A4300200023084A01201370074A084911
:107720001370084B084A1B7843F0040313800223AC
:107730000B22FBF7D1B900BF1E4700201D470020D8
:107740003A430020BC510020A643002013B5144644
:107750008DF80710CAB9CAB20E2A16D80D4B1B886D
:107760001341DB0711D509F0CFF9FF2801460ED0F0
:107770009DF80720084B1A5401231B200DF1070226
:1077800010F055FC204602B010BD0124FAE7022497
:10779000F8E700BF9C510020AA45002030B5012128
:1077A00000240B2385B0104D019400918DF80C300E
:1077B0008DF80D000323B5F8680003AA8DF80E407C
:1077C00018F047FE68B1B5F8681017F0DAF940B163
:1077D0000522064B64211A70054B06481C70FBF706
:1077E00065F805B030BD00BFA43300201D47002060
:1077F0001E470020EC4F0020064B1B78033B012B5B
:1078000006D8054B1B781BB9044B1878FFF7C6BF89
:10781000704700BF6D4600201C470020BB51002070
:1078200010B51548FBF7DEF8144B1978F9B9144A6E
:1078300013787BB1013B1370124B1B78042B02D1E0
:107840000846F9F789FFBDE810404FF496710A48E1
:10785000FBF72CB80C4A128802F00302022A0AD164
:10786000BDE81040032201200849FEF79BB9BDE89E
:107870001040FFF7C1BF10BDEC4F00201E47002095
:107880001D4700206D4600203A43002000F8FF0706
:107890001FB50C238DF80C300B4B0C461B880121B7
:1078A00023F004038DF80E3000238DF80D00CDE990
:1078B00000132046032303AA18F0CBFD10B1214684
:1078C00017F05FF904B010BDA6430020F8B50646D6
:1078D00015F0A9FF0546304618F0DFFD411C0446AF
:1078E00089B23046FAF7A0FF02340746A1B230460B
:1078F000FAF79AFF394602462846FFF727FF022883
:1079000016D02946FFF7C4FF0A4B1B8803F0030378
:10791000022B0DD1284609F0F7F8FF2808D00022E5
:10792000054B43F82020054A135C63F00F03135402
:10793000F8BD00BFA643002050250020AA45002026
:10794000084B1A785AB10223013A93404EF660224E
:10795000534303210448B3FBF1F1FAF7A7BF42F206
:107960001073F6E7BB510020EC4F002070B50546C0
:107970001748FBF737F80122164B28461A7018F003
:107980008CFD411C044689B22846FAF74DFFA11C24
:10799000064689B22846FAF747FF0F4C022320809B
:1079A0000B2221460020FBF797F886B9238803F0C5
:1079B0000303022B03D1FFF73BFEFFF7C1FF238830
:1079C0005B0704D5BDE870400448FFF745BE70BDB5
:1079D000EC4F00201E4700203A430020CC4F0020EF
:1079E0002DE9F043204C89B02388002B35D01F4D62
:1079F00000214FF4807009F0F5FB2B78DB072AD5C6
:107A000001212088FAF7A0FD0646208815F0A8FF7E
:107A1000023011F025FE05A98046208818F044FEAA
:107A20002B78304613F0020F114B40F60247B3F8A3
:107A3000009018BF0027FAF719FD05463046FAF7FF
:107A4000F9FCEDB20290424606213846CDE9009598
:107A500005AB11F053F900232380064809B0BDE8B7
:107A6000F043FAF7BFBF00BFAE4300201F4700201E
:107A7000AA4300200C5000202DE9F047304F8046EB
:107A80003D880E4614469946ADB3104615F076FE75
:107A9000B0F5006F2FD1204615F083FE824609F025
:107AA00033F8FF2827D02EB1264A32F810302B4366
:107AB00022F81030B5F5007F36D0B5F5806F33D0A1
:107AC000B5F5807F17D1204B1B88A3421CD14FF600
:107AD000FF718A450FD0204615F079FE284609F03F
:107AE000AFFB50B91948FFF77BFF0023184A1380FA
:107AF000184A3B801370BDE8F0870220002109F08E
:107B000009F90028EED1F0E7114D2B88A342F2D1FC
:107B10004FF6FF718A45EED024B1204615F057FE8E
:107B200000232B800023E3E700230A4A3B801370E5
:107B300031464B4622464046BDE8F04716F035BD7B
:107B4000A8430020F2420020AE4300200C50002049
:107B5000AC4300200B47002010B508F0D5FFFF28EC
:107B6000044601D1172010BD09F05EF8C107F9D510
:107B7000204609F059F8820700F00203F2D40449C4
:107B8000184631F8142042F0100221F81420EAE7D8
:107B9000F242002010B508F0B7FFFF28044601D1DB
:107BA000172010BD09F040F8C107F9D5204609F0AB
:107BB0003BF8820700F00203F2D40449184631F87A
:107BC000142022F0100221F81420EAE7F2420020EB
:107BD00010B504460C48FFF703FF01214FF48070F5
:107BE00009F000FB78B10022084B1C80084B1A708A
:107BF0000BF0DAFFBDE81040064B1880064B024838
:107C00001988FAF753BE10BD0C500020AE43002077
:107C10001F470020AA4300207A510020044A13780D
:107C200018B943F001031370704743F00303FAE7F8
:107C30001F4700202DE9F04FDFF84C9187B099F8ED
:107C40000060002E40F08C80DFF840B1DFF840A1EA
:107C50009BF80030F4B2A34207D80022424B1A80AE
:107C600007B0BDE8F04FFDF7E7BA20463AF81450E8
:107C700008F0A8FF8046002860D0204608F0C2FE29
:107C800015F40071074645D001464FF6FF720E20ED
:107C900017F09AF80546002850D0394615F097FDA0
:107CA0004FF400730027304E204633803AF81420FA
:107CB00022EA03032AF8143010220023009708F068
:107CC000D1FF2A4B1B88DB0707D5294B294A43F8EC
:107CD0002470135D63F00F031355182000216043D7
:107CE000254B264C0093019101232A46205CF9F78D
:107CF00057FD002814BF0123002389F8003005D167
:107D00003388B3F5807F01D11D4B1880404607B002
:107D1000BDE8F08F680513D5059116F0D2FF01225A
:107D200005990346009207203A46CDE90111FDF777
:107D3000A5FB4FF480630546002DB3D1013687E7DC
:107D4000104B18880028F9D0EA05F7D5394615F008
:107D50003EFD0C4B1D880A4B1D804FF48073EBE7F2
:107D60004FF00008D2E700BFA8430020A643002040
:107D700050250020AA450020797A0208F010002042
:107D8000AC430020AE4300200B470020D45100201C
:107D9000F2420020042230B501F0400387B0002BEE
:107DA000054614BF012400248DF80C208DF80D1019
:107DB00004D004A917F0AFFF38B304ABCDE90043FA
:107DC00001210223284603AA18F043FB0446F0B120
:107DD000104B1B78033B012B04D80F4BB3F86810F2
:107DE00015F0F5FC4FF6F7739D4209D932220221B6
:107DF0002046FDF781F980F00100C0B207B030BD28
:107E00002946204616F0BDFEF5E70120F6E71920C9
:107E1000F4E700BF6D460020A433002010B1034BEF
:107E20001B880380024B1878704700BF9E510020CA
:107E30002047002010B5FFF755FC04F0FFFF16F0B7
:107E40009BFC002017F05EFF0BF0E2FB08B1FCF793
:107E5000C7F8204C2378532B12D10323237000231F
:107E6000FF2219460120FDF79DFE0020F8F7E8FFEC
:107E700010B1002015F09DFDBDE810400CF09CBA3B
:107E8000062B01D0212BF0D1012016F0F6FC4FF685
:107E9000FE7016F042F94FF6FF7016F05BF9002005
:107EA000FDF766FD0020FDF7A7FDFDF7E3FC00F000
:107EB0007BFB0DF029FE2378212B02D1FDF7AAFAD6
:107EC000D3E70020FAF7DCFE00214FF4004017F062
:107ED000B7FCCAE76C46002010B50A4C0A48FAF70E
:107EE00081FD2378062B02D1012016F0C6FC2378F1
:107EF000062B01D0532B03D1BDE81040FFF79ABFEA
:107F000010BD00BF6C4600202C5000202DE9F84F1A
:107F1000DFF8CC8004460E461746FFF7E3FB98F8DF
:107F2000005015B90220BDE8F88F212DFAD0DFF8F6
:107F3000B49099F80030012B01D1A306F2D4274860
:107F400015F0CFFF0028EDD114F02004394630465B
:107F5000DFF894B0DFF894A005F00F051BD010F007
:107F60008BFE012D8BF80070AAF8006033D121231D
:107F700088F80030FFF75EFF0020D4E7212388F85F
:107F80000030FFF757FF00214FF6FE70FDF7BCFEF3
:107F9000FEF764FAF0E710F06EFE012D8BF800702A
:107FA000AAF80060EAD0062321464FF6FD7088F853
:107FB0000030FFF7EFFE40F6020240F2262199F86A
:107FC00000300648033B012B88BF1146FAF76EFCD0
:107FD000002CD1D1D7E75323E6E700BF2C50002077
:107FE0006C4600206D460020204700209E51002056
:107FF0002DE9FF410F460546511C3846FAF714FC9F
:108000000446384615F0ACFC0646023011F028FB59
:10801000424B80461B7804F04002022B02D0043B06
:10802000012B06D83E4B1B68580205D5A10603D488
:1080300052B304B0BDE8F08132B33A4A1278D11E8F
:10804000012917D8384BB3F86830AB42F1D17378B7
:10805000180714D5304618F05EFAFBF711FB00281C
:10806000E7D00122294604F0200004B0BDE8F04129
:10807000FFF74CBF022ADCD1DF01DAD4E7E716F0C4
:1080800040F84045D5D1ECE7264B1B78013B012B4E
:10809000CFD87378D906CCD502A9384618F048FA5B
:1080A000002002A908F000FDFF2806460BD0A2061A
:1080B00001D416F089FC304608F0A4FC04F0E0FE80
:1080C000304617F0EEFE284616F092FAFF280DD043
:1080D000FCF7B2F914F0200608D116F012F828B116
:1080E00033460222284602A905F0FEFF16F009F8E1
:1080F00000289ED1A3069CD402A94FF6FF7302224A
:10810000284610F038FB4FF6FF72034600922846CF
:10811000022202A910F022FE8BE700BF6C4600206D
:10812000282700206D460020A433002038B50446DF
:108130000D4608F0E9FCFF28034615D00B4A1278DB
:1081400042B10B4A32F81020520403D517F0A9FEB1
:10815000002038BD184616F037FC204645F0400197
:10816000BDE83840FFF716BE0120F2E76846002060
:10817000F242002038B50C4B04461B780D46022B0A
:1081800001D0022038BD15F0BCFFA042F9D029462D
:108190002046FFF7CBFF0028F4D0204645F04001F1
:1081A000BDE83840FFF7F6BD6C46002038B50546FF
:1081B00015F0D6FB0446284618F06FF9411C89B229
:1081C0002846FAF731FB42060DD563781B070FD519
:1081D000204618F0A0F90146002008F065FCBDE833
:1081E000384017F05EBE0348BDE83840FFF774BE64
:1081F00038BD00BF2C50002038B54FF6FF75A8429F
:10820000044617D015F09AFFA04213D04FF6FD7226
:10821000094B198891420DD9084A1288AA4201D007
:10822000A24207D11C804FF47A71BDE8384004485F
:10823000FAF73CBB38BD00BF82510020A05100209E
:10824000B426002008B50448FAF7CCFB4FF6FF72BD
:10825000024B1A8008BD00BFB426002082510020C6
:10826000024A13780BB1013B137070475B46002044
:1082700008B515F06FFF00214FF6FF72054B084659
:108280001A80FDF7DFFBBDE8084040F6164010F00D
:1082900059BD00BF8251002008B5FAF7A3FB0A4B75
:1082A0001B78023B032B08D84FF6FE73074A108851
:1082B00098424FF6FF7301D1138008BD9842FCD05D
:1082C000BDE80840FFF7D4BF6C4600208251002073
:1082D00010B5084B1B78042B0AD015F012FF0021B3
:1082E0000446084616F08BFB231A5842584110BD2D
:1082F0000020FCE76D460020F0B5002689B0054659
:10830000CDE90566ADF81C6018F0C7F80A230246EF
:1083100004462946009605A815F0D0FC9DF81530B6
:108320009DF814701F2B27D803A816F0D4FA082242
:108330000DF1160103A812F0DCFC0646E0B9092F86
:108340001CD1FFF7C5FFB8B1144B1B78A3B1144B78
:108350001A884FF6FD739A420ED9124C124A2378AE
:108360000433DBB223701278013AB3EB820F03DDE2
:1083700058B210F0C6FB267009B0F0BD0A34E4B262
:1083800021462846FAF750FA16F067FB611C28468A
:1083900015F0DCFCFFF730FFEEE700BFD651002000
:1083A000825100205B460020BA51002038B5134BA3
:1083B0001B78033B012B20D9114B4FF6FF711B7823
:1083C000ABB1104D2B888B4217D115F0B7FE4EF68E
:1083D000602104460C48FAF769FA4FF6FE7322460C
:1083E0002B800021BDE83840092016F044BB074A25
:1083F00013888B421CBF0133138038BD6D460020AB
:10840000D651002082510020B426002034430020A1
:1084100010B5044661B1FF2115F043FA0021204652
:1084200015F045FA15F014F90146204615F045FA05
:108430002146BDE810400022014815F00FBB00BFE7
:10844000B24300202DE9F0410D461746044615F0D1
:1084500087FA06782846FAF78BFD2946804620469B
:1084600015F0B5F915F04DFEA84206D120460121C0
:10847000FFF7CEFF0120BDE8F0812846B8F1000FDC
:108480000AD0FAF703FE50B9144B3A462046BDE82D
:10849000F0411978FCF730BE17F062FCF3E706F004
:1084A0000306012E08D015F02CFE00232246294693
:1084B00002F054FF0028D9D1204615F044F94305B5
:1084C00005D52046BDE8F041002115F0EBBF204660
:1084D00017F009FCB0FA80F04009CCE7B851002051
:1084E00010B586B0044617F0D8FF104B0246186846
:1084F00019790290D3F805005B7A01328DF81430B7
:1085000000238DF80C1004902146009392B20523AD
:1085100004A815F0D3FB052204A902A812F0E9FB78
:10852000B0FA80F0400906B010BD00BFF56B04083A
:1085300008B50748FAF756FA064B1B78033B012BA0
:1085400005D8BDE8084000210846F9F705B908BD7F
:108550004C5000206D46002008B5114815F0A0FCD5
:10856000104B1B78012B06D8FF2009F027FDFCF7E4
:1085700073FC08F0BBFDFBF7C3FF02F09FF9FFF7A8
:10858000C9F818F0C7F90CF031FBFCF733FE0BF01B
:108590008BFBF4F7D5F8BDE8084003F0CDB900BF78
:1085A0006C340020B951002008B5E8F77FF9FF28A6
:1085B00003D0094B1B78012B06D9002009F0FEFCE3
:1085C000FCF74AFC08F092FDFBF79AFF02F076F9FF
:1085D000BDE8084003F0B0B9B9510020064B187847
:1085E000112806D000F0FD00A0F141035842584187
:1085F00070470120704700BF6C4600202DE9F04114
:108600000446FCF7D1FB18B100263046BDE8F081E6
:108610001D4B1B78033B012B09D81C4BB3F868108A
:108620004FF6FF739942EFD0204615F0D0F8184B63
:10863000022120461A88FCF75FFD06460028E3D099
:10864000204615F08DF990F807800546043011F0AA
:1086500007F8074615F055FD414602463846FCF737
:10866000BBFBA81C10F0FCFF4FF6FF73984202D131
:108670002046FFF7ADFA2B789B07C6D10121204693
:10868000FFF7C6FEC1E700BF6D460020A4330020FF
:10869000B04300202DE9F04F002585B00746039533
:1086A00015F05EF90646043010F0DAFF8046B01C83
:1086B00010F0D6FF337804464046009308F024FAC1
:1086C00082464046FAF754FC3378BAF1FF0F0CBFEC
:1086D00083464FF0010B9A070AD115F012FD404571
:1086E00014BFD9464FF00109B3791BB90320B8E094
:1086F000A946F9E715F005FDA04205D115F001FDE9
:108700000446994B1B7836E0984B1B78052BF8D024
:10871000033B012B03D8964BB3F86840F1E72046A2
:1087200017F034FB737840B313F00402DFF838829B
:108730000BD198F800301A4421463846D2B2FFF7E0
:1087400081FE0028D2D000208BE0384617F067FE6B
:10875000014605463846FAF767F8421C520029469A
:10876000384602F0FE0216F0CCF9737823F00403C9
:10877000737098F800300022DDE75B0726D5384695
:1087800017F04DFE014606463846FAF74DF8824688
:1087900006F101091FFA89F949463846FAF744F803
:1087A000DFF8C481BAF1000F01D0FF2805D1002203
:1087B00049463846FAF74CF8DBE7B11C01EB4001BB
:1087C000C9B2384615F0C2FA0446D2E7204603AAD9
:1087D00002A917F072FC0546B9F1000F49D0009BC1
:1087E00003F0C003802B0ED1FF2320468DF8093003
:1087F0000CF014FAFF281BD00DF109020DF10A014B
:108800000CF00CFC14E0402B33D19DF8083083B3FE
:10881000FF2320468DF809300CF000FAFF2807D01E
:108820000DF109020DF10A010CF0F8FB2D281BD106
:108830003378404603F03F03337017F0A7FA10B9BE
:1088400015F05FFC804642460021204608F07AFF82
:1088500000283FF44BAFC822072138460BF05CFAE2
:10886000012005B0BDE8F08F9DF80930FF2BDFD166
:108870002546039838B99DF80820002A62D13A4B62
:108880002C461B7857E709F05DFB039AFF28034647
:10889000127908D1CDE900204FF4E0713548E3F7B3
:1088A00029FADDE90023B9F1000FE4D002F030022B
:1088B000102A0AD0202ADED1BBF1000F24D0514665
:1088C000184609F06FFD0028D5D1DFF8AC9099F873
:1088D0000030012B45D0204610F049FE28B92A4629
:1088E00021464046F37917F06BFBA54212D1039A5B
:1088F000137923F00C0313719DF80830ABB92C46A3
:10890000194B1B78302216E7039B1B7913F00C0FD1
:10891000DBD1B0E799F80030022BE8D0039A137945
:1089200023F00C0343F00403E5E70121204615F092
:10893000D9FE20B920460CF071F9FF280FD00A4B60
:108940001B78DFE70121204615F0CCFE00287FF4DC
:10895000D8AE20460CF062F9FF287FF4D2AE022098
:108960007FE7A542D9E700BFB04300206D46002055
:10897000A4330020006D04082447002010F0FD03FC
:1089800003BF024A1070184621207047065200208B
:1089900038B50D4B04461B780D46033B012B0FD910
:1089A00000F108039BB2012B0CD815F0AAFB294655
:1089B0000246204608F0C6FE80F00100C0B238BD75
:1089C0000120FCE70220FAE76D4600202DE9F04186
:1089D000064610460D4617F060FDA0F11004E7B200
:1089E00056FA84F42146EA1B04F10E0012F091F9C4
:1089F0002823DFF84480F35598F80030637301F0C2
:108A00006FFF611C0246012010F030FE0822094968
:108A1000601D12F07EF998F8000016F0D2FF05F103
:108A20000E0130463B460022C9B202F005F8122082
:108A3000BDE8F081FA460020674600202DE9F04F9E
:108A400089B0044614F08CFF0546204614F0EBFE76
:108A50000746281D10F004FE8146A81C10F000FEF9
:108A60000390384695F807A017F090F92B780490FA
:108A7000990761D12146042002F0EEF800285BD06E
:108A8000204617F00AFD01462046F9F7CDFE820781
:108A900052D1204617F001FD01462046F9F7C4FEE9
:108AA00010F00303059347D12046FFF719FD002876
:108AB00042D0204617F0E7FD461C2046F9F7D6FCC9
:108AC000F6B206F10A0B834580F29D804F4A06AB51
:108AD0001068516803C3711C2046F9F7A5FE3146A2
:108AE00080462046F9F7A0FE594600EB08282046AC
:108AF000F9F79AFE8346059B2146B21C009306A80F
:108B0000082315F0DBF81FFA88F8204614F08BFED6
:108B10005A4641460DF008F80122404606A901F0E8
:108B2000B1FB00286FD102200BF0C0FF013003D150
:108B3000404606A9E7F77CFF15F0E3FA48453A46B8
:108B4000514608D115F0FCFD00285CD109B0BDE804
:108B5000F04F01F08DBB484615F0F2FD002852D1D0
:108B60002B4B1B781BB93946484615F0E4FF3A46B3
:108B700051464846FCF730F9002844D0297811F0D6
:108B8000030102D12046FFF743FCAB79002B3AD01A
:108B9000204B1B78033B012B35D96B78DB070DD5B8
:108BA00003982E7A16F0B4FF10B3F30803F01C03F9
:108BB00026F01F06334343F001032B724FF6FF717B
:108BC000204614F004FE049BDBB910F045F800F0D9
:108BD0003F0202212046FCF78FFA4FF6FF73039AFB
:108BE0009A4210D1204609B0BDE8F04FFEF7F0BF21
:108BF00006F01C031C2BE1D0042B04D9043E2E727A
:108C0000DCE70022E5E709B0BDE8F08FE8270408BB
:108C1000634600206D46002038B5144D2B78023B8A
:108C2000012B20D8124B1B78033B012B01D90220CA
:108C300038BD0CF0DDFA04460028F8D1FEF74CFCF4
:108C40002B78032B07D12346FF2221460120FCF776
:108C5000A9FF0120ECE721462046F8F77DFD00380A
:108C600018BF0120E4E71720E2E700BF6C460020B0
:108C70006D4600202DE9F04385B004460E461746A8
:108C800014F06BFD0C2820467BD114F069FE0922FC
:108C90000021F8F7CBFC00F11005EDB22946204683
:108CA000F9F7C2FD042853D006D8012815D00228B0
:108CB00022D005B0BDE8F0837C28FAD12046F9F730
:108CC000D5FB05462046F9F7B5FB02463046E9B22A
:108CD00005B0BDE8F0430FF0D7BF46B913212046D9
:108CE00015F034F805B0BDE8F04315F033BA05B01F
:108CF000BDE8F043FCF7B8BD9D4B1B78013B012B51
:108D0000D7D82046E91CF9F78FFD074686B978B910
:108D1000691C204615F01AF80546214616F000FE9B
:108D20003A462946102005B0BDE8F0430FF05DBF7C
:108D3000002508232146152200950DEB030014F0B1
:108D4000BDFF284602A907F0AFFE17F0AAF8B0E76A
:108D5000884B1B78022BACD146B9FEF7D3FCC20777
:108D60000AD5FEF765FC002F08BF3F26304605B048
:108D7000BDE8F0430FF094BFFEF7AAFC0028F0D046
:108D8000F1E714F0EDFD8046043010F069FC074671
:108D900008F1020010F064FC4FF6F77398420546A4
:108DA0000CD8754A138801339BB213800BB9734AF0
:108DB00013801EB1714A13880133138098F8009014
:108DC00009F00309B9F1010F40F08380204617F044
:108DD00064FB01462046F9F727FD043809283FF6D1
:108DE00068AF01A353F820F0118E0208B38C02087B
:108DF000B38C0208358E0208B38C0208B38C0208CB
:108E0000B38C02081D8E0208B38C02081D8E020866
:108E1000204605B0BDE8F043FFF7C8B9544B1B78B6
:108E2000042B7FF446AF0021084605B0BDE8F043AF
:108E3000F8F792BC4E4B1B78013B012B3FF639AF44
:108E4000404617F068FB00274D4B01465B898DF8C3
:108E50000A70ADF8083000283FF42BAF384607F011
:108E600023FE0546204617F018FB421C032321462B
:108E7000009792B202A814F021FF9DF80A30E6B9DB
:108E80003C4A1278022A18D1BBB9FF2DBDF8084020
:108E90000AD03C4A214632F81530284623F4806334
:108EA00022F8153016F0DDFF204617F0E7F8002213
:108EB000214610200FF099FEFBE6022B3FF4F9AE9D
:108EC0002BB9304B33F815305B053FF5F2AE284631
:108ED0003BE7B9F1000F7FF4ECAE3146204604F0D9
:108EE000B9F8002E3FF4E5AE4FF6F7739D423FF61A
:108EF000E0AE98F80160284616F0040620D117F07D
:108F00000AF9044628467CB116F02AFF0346F0B958
:108F10000C2200902946384615F06BFF0C220023E6
:108F200039462846009308E016F01AFF0346B8B900
:108F3000154A009012782946384615F05AFFB8E6CF
:108F400016F00EFF034678B90B220090F3E70622D5
:108F5000334629463846009615F04BFF0622DEE7D9
:108F6000234600940622E6E74B46CDF80090F9E749
:108F70006D4600206C4600203E4300203C4300200C
:108F8000F56B0408F2420020065200202DE9F04F54
:108F900005888BB00446284614F0E2FC8046043075
:108FA00010F05EFB074608F1020010F059FB05A91E
:108FB0000190284617F0BCFA284617F06EFA0146D1
:108FC00006462846F9F730FC98F80030029003F086
:108FD0000303012B0CBF82464FF0FF0A0EF0AFFFD8
:108FE000B4F806B0814615F08CF898F80730009078
:108FF0003846039301F074F8002838D1019801F045
:109000006FF8002849D1FCF7B9F9A9EB0B0B1FFA4F
:109010008BFB8146F9F728FF002844D1FFF7DEFAE1
:10902000002840D1A14B1B78033B012B42D8BAF159
:10903000060F00F0BE80BAF1040F00F0BA80FFF70F
:10904000CDFA20B1029B03F00303012B32D0F9F7D4
:109050006BFE28B9964B1B7803F00F03062B6FD1DC
:10906000944B2846B3F8681014F0B1FB22E0284670
:1090700014F076FC023010F0F3FA4FF6F7739842D2
:1090800006D9039B23B92846FFF72AFA0028B5D151
:10909000A37823F00F03A37054E0019816F076FE36
:1090A0000028B0D1F4E7A9F104095FFA89F9B9F110
:1090B000020FB7D8BAF1010F40F0A280284614F091
:1090C00070FB4FF6FF7398426AD100233146284661
:1090D00007AA16F036FF80460028D9D042799DF8BD
:1090E0002530934209D9711D284689B2F9F7B0FBA2
:1090F000A37823F00F030233A3700FF0ADFD7E239E
:10910000B0FBF3F202FB130303F58073A3809DF819
:10911000263013F0180F0BD0A378190708D1009B45
:10912000BB4205D0384698F8052005A90FF0DCFDB4
:109130009DF82700003818BF01200BB0BDE8F08F64
:109140002823A3800020F8E7584B1B78033B012B12
:109150005FD940F6B8339B459AD80FF07DFDFF23C9
:109160008DF81330002300F03F00C0F5FA70A080A6
:1091700007A90DF113008DF81C30FBF79FFE054683
:1091800098F80710384615F0CFFA002D80D09DF8DA
:109190001C20013A032A7BD8DFE802F0807A697D3F
:1091A0004FF6F773019A9A4224D898F80130DA07FB
:1091B00020D4284614F0F5FA14F02FFF012808BF38
:1091C0003D4BA27809BF1B78FA2303EB830303EB23
:1091D000830302BF9B00FA339BB212097FF458AF9E
:1091E0005B45FFF455AF0FF037FD00F01F00103066
:1091F000A08053E02D4B1B78033B012BA9D8D8E767
:109200004FF6F773019A9A429ED898F80130DB071F
:109210009AD4BAF1020F53D10123314607AA284646
:1092200016F08FFE074614F06CFFBDF8223098420E
:1092300036D1002F3FF42CAF01227B8831462846DF
:1092400008F004FC1D4A13780133DBB288F80730BC
:1092500013707B88BDF81E209A421FBFA37823F0AD
:109260000F030233A3704FF4C873A38016E0009B72
:10927000BB4213D000283FF40BAF426801323FF4E9
:1092800007AFC2789DF813309A42BFF401AF05E0F2
:10929000009BBB4202D0A2781209EBD101204CE71F
:1092A000184616F073FD0028C3D182E76D460020F2
:1092B0006C460020A4330020CC5100206A460020D8
:1092C000BAF1030F7FF475AF009BBB427FF471AF1F
:1092D000711C284689B2F9F7A7FA0C287FF469AF08
:1092E000FBF790FB4FF6FF73984201463FF461AFE6
:1092F000284614F06CFA5CE72DE9F3410446008837
:1093000014F02EFB0546043010F0AAF90646A81CFE
:1093100010F0A6F907460EF012FE05463046B4F8E6
:10932000068000F0DDFE064648B9384600F0D8FE5B
:1093300058B9194AA3781278033A012A0BD8A378AE
:10934000002623F00F03A37021E0384616F01EFD1F
:109350000028EED1F3E71B09F1D1A5EB0805ADB26A
:10936000B5F5C86FEBD80DF10301384601AA01939A
:1093700016F0A3FE9DF80350014645B94FF6FF7362
:10938000984204D00126208814F021FAA5803046A6
:1093900002B0BDE8F08100BF6D4600202DE9F0412C
:1093A00005460C4614F0D9F9082802D10120BDE881
:1093B000F081201D10F054F90646284694F80780E5
:1093C00014F031FA0746284614F0BDF9010612D50B
:1093D000184B1B78042B0ED1174B1B78022B0AD18C
:1093E000164BB3F868204FF6FF739A4203D0002162
:1093F0000846F8F7B1F9124B1B78002BD6D1A01C08
:1094000010F02EF94FF6F773984202D86378DA0716
:109410000DD523789B070AD13A464146304615F0D0
:109420008FF980F00100C0B200F00100BFE7012019
:10943000FAE700BF6D4600206C460020A4330020F0
:10944000264700202DE9F04F9BB0044614F085F923
:109450000546204614F081F9082851D11022002138
:10946000204615F04EFB2046F8F7E4FF054620465F
:10947000F8F7FCFFC1B2284615F02BF8ADF84A40CA
:109480008DF8490048B92046F8F7D4FF01460DF1A0
:109490004900FAF71DFA8DF8480048F20103BDF8BB
:1094A00048209A4202D12046F3F7B2FC9DF8493099
:1094B000402B05D12046F3F7ABFC1BB0BDE8F08F85
:1094C000802B17D015A806F0E5FDBDF84A009DF8E1
:1094D00048509DF84960F8F7C9FF0446BDF84A00B6
:1094E000F8F7A8FF31460090E3B2284615AA0FF01E
:1094F0001FFCE2E712A80CF045FD0028E2D0DCE7F3
:10950000204614F07DF9B0F5006F40F00081204650
:1095100014F089F90646042D40F0FC80204614F032
:1095200012F980F40060C0F3C020002231464000F0
:109530000FF05BFB924B1A78022A0DD0FFF74EF822
:1095400050B902F0FD03312B06D0043A012A03D9A9
:109550008C4B1B78002BB0D02146022001F07CFB05
:1095600004900028A9D02046ADF83E4014F0F8F948
:109570000446BDF83E0014F056F90546201D10F0D3
:109580006FF8A31C83461846029310F069F810A9DF
:109590000746BDF83E0016F0CBFF63780590BDF896
:1095A0003E0094F80080079316F077FF6378064634
:1095B00008F0030828460A93F9F7DAFCB8F1010F1E
:1095C0000CBF032302230C936F4B08BF4FF00B0912
:1095D0001D80237818BF4FF00A0903F03C03082BC5
:1095E0000B907FF46AAFBDF83E00F8F73FFFB04242
:1095F0007FF663AFB8F1010F03D0237898077FF4AB
:109600005CAF624BB3F86830AB420DD1604A614B3E
:10961000B2F9001093F90030002900F0A08001EBAE
:109620000313A3EB21131380A6F11003DBB20693FF
:109630008DF83D3010224846BDF83E100DF13D0337
:109640000FF0BDF800283FF438AF079B13F002037A
:10965000089300F00981504B1B78002B3FF42DAF8D
:10966000BDF83E90484616F018FF00238246484653
:10967000CDE915331793ADF8603014F0D4F80AF142
:109680000E01029089B2484616F0DAFE002870D02A
:10969000002352464946009315A80E2314F00EFBF2
:1096A00001200DF155010FF0EFFF9DF86130099099
:1096B00003939DF85430282B5BD10DF15900F9F735
:1096C000DFFF0D90002854D1039816F07AF90D9B16
:1096D000002867D1314B039A1B78D31A190648D456
:1096E00004F050FD01283CD10EF02EFC2C4E054616
:1096F000346824B104F052FD2C1B844239D300237A
:10970000FF2219461846FCF74DFA356031E04FF656
:10971000FD7600E74FF6FF70301A18BF01200022D7
:10972000314640000FF061FA0C2D0DD12146012089
:1097300001F092FA00283FF4C0AE214600201BB091
:10974000BDE8F04FFDF752B82DB920461BB0BDE87B
:10975000F04FFDF7FDBC042D7FF4AFAEEAE61B022F
:1097600061E704F00FFD022803D104F0EDFC0028AE
:10977000BAD00022192002990FF037FA9DE600BFF7
:109780006C46002026470020CE430020A433002052
:10979000A0430020224700206846002067460020A2
:1097A000BC3400200122102100924846524615F098
:1097B00015FE0028DDD0BD4B039A1B78934240F084
:1097C000A88002990DF1590212A8F9F7B9FB0121FD
:1097D00012A8F9F731FC824648F2030112A8F9F702
:1097E00037FDBAF1000F03D0082112A80FF0A2FE36
:1097F000484616F070FE02990DF15900FBF7A2F9E8
:10980000FE288246B5D0FF280AD1029814F0F0FE57
:10981000FF28824600F085800DF15901FAF7A8FF74
:10982000A24B039A1B78934200F0A18050460999FD
:10983000FBF76EF900283FF440AE50460999FBF75C
:1098400079F923789A070FD1484616F026FE01468B
:109850004846F8F7E9FF00F00300012804D1029818
:109860000DF15901E7F7E4F8BDF83E0013F06BFF86
:10987000030440F1838020460FF0F2FE40F40071B3
:1098800089B220460FF0EEFE00224FF40041BDF8F1
:109890003E0013F049FFDDF810901022BDF83E1095
:1098A0000C980DF13D030EF08AFF00283FF405AE41
:1098B000032866D120460FF0D3FE40F4007189B230
:1098C00020460FF0CFFE284616F060FA002840F040
:1098D000B780DDF81090B8F1010F40F0B780032099
:1098E000BDF83E1001F0B8F9002840F0AF803146D5
:1098F000BDF83E00F8F798FF0F2801467FF6DDAD72
:109900004FF6F7739F423FF6D8AD284615F05DF944
:10991000D3E50120039903F05FFD00287FF451AFE8
:1099200027E7237803F00303012B08D1484616F0FC
:10993000B4FD01464846F8F777FF082894D05C4B01
:109940001A785C4B1B789A4209D20DF159010298A2
:10995000FAF79CFE029814F04BFE824660E7A01CCA
:109960000FF07EFE4FF6F7739842EED901E75046AE
:10997000FBF758F900283FF459AF5EE74FF00009B4
:109980008BE7284616F002FA0028A4D0089B002B8B
:1099900058D1B9F1000F53D1B8F1010FBDF83E0015
:1099A0009DD03146F8F740FF8246DFF8189199F8CC
:1099B0000030002B55D014F0A4FB87427FF47DAD1E
:1099C000B8F1010F40F08680BAF1070F7CD8BAF1E8
:1099D000050F7FF672AD384B1B78022B02D0043B8B
:1099E000012B03D899F80030002B41D00A9B980630
:1099F00040F1BF800B9B002B40F0B780284607F05A
:109A000083F8FF2840F0B1805D457FF456AD059B9B
:109A1000002B00F0A88010AB46F204020124ADF840
:109A200054200193214602232846009415AA16F0DB
:109A300010FD00283FF441AD214614F033FD3CE514
:109A4000DDF81090284607F05BFE44E73146BDF88C
:109A50003E00F8F7E9FE089B824613B9B9F1000F02
:109A6000A3D0154B1B78022B02D0043B012BBDD891
:109A7000284600F035FB814600287FF41EAD14F027
:109A800040FB854230D10D4B1B78033B012B27D87F
:109A90000B4BB3F8684014F034FB4B4601460D22E3
:109AA0002046CDF8009015F0A4F906E567460020A1
:109AB00066460020CD5100206C4600206D460020F7
:109AC000A433002068460020AAF10E03DBB2012B6C
:109AD00081D9F2E40AF00303012B7FF4EEAC7AE7BC
:109AE000012000F09BFBE8E4284616F04FF958B936
:109AF00014F024FB4FF6FF73984205D009F088FD5F
:109B000010B92846FAF768FD284616F03FF988B1E3
:109B100014F014FB4FF6FF7398420BD009F078FD58
:109B200040B9B8F1010F02D1BAF1060F02D02846B0
:109B300007F03EFB059BA3B919460122584600F0E9
:109B4000A1FB814600287FF4B8AC204616F0E3FC68
:109B50004A460146384600F095FB00283FF446AFE0
:109B6000ABE410A9E9E7059B56E7637823F02003EF
:109B700063704FF6FC739F4275D1B94B1B78033B62
:109B8000012B7FF69AACA3790BB1013BA3716378EB
:109B9000590727D50023584615AA12A9159316F080
:109BA0008CFA1598F0B108F0CDF98146384606F0E8
:109BB000ABFF159A0146137903F03000102806D048
:109BC00003F00C0008281CBF23F00C031371137959
:109BD00003F03303202B05D1FF2903D0012248468F
:109BE00008F0A8FB284606F08FFFFF281EBF0022C2
:109BF0009C4B43F82020079B03F001094FF6F773B5
:109C00009F4200F20781B9F1000F40F0DD80294644
:109C1000584614F090FF14F074FA874200F008815F
:109C2000384616F0B3F800284AD0B8F1010F30D109
:109C3000BAF1010F20D14A463146BDF83E0007F087
:109C400061FF384616F0A2F8874B1B78002B6DD1C8
:109C5000584616F09BF8002865D1384616F096F85D
:109C6000002860D129E44FF6FD739F428BD17C4BD5
:109C70001B78042B87D120E4384616F087F850B3C0
:109C8000BAF1030F27D13146BDF83E0015F0E9F8CF
:109C900013E4384616F07AF8384616F061F80028D2
:109CA0003DD0002339465846BDF83E2001F056FB12
:109CB000A8B30021BDF83E00FEF7AAFBFFF7FDBBED
:109CC000384616F063F818B1B8F1010FD8D0E3E7C1
:109CD000B8F1010FE0D1644B1B78002BB8D0BAF17A
:109CE000050F23D114F00DFA8DF8540014F009FA81
:109CF000000A8DF855000123022215A90DF13E003E
:109D0000F8F7EEFC00287FF4D8AB711CBDF83E00DC
:109D100089B2F8F777FD03780133037006E0524B00
:109D20001B78002B94D0B8F1010FD8D063785A0774
:109D30000CD5BDF83E40204616F071FB411C89B29F
:109D40002046F8F75FFD0378013B0370444B1B7816
:109D5000033B012B30D8B8F1010F06D1BAF1050F42
:109D60001FD114F0CEF9834522D1BDF83E00FEF795
:109D700091FC02281CD10021584615AA08F02EFAA1
:109D800030B10379458003F03C0343F04003037195
:109D90000023364A009339465846127815F029F8C0
:109DA00006E0BDF83E00FEF775FCBAF1030FE0D106
:109DB000002239461C20DFE4BDF83E00FEF76AFCB5
:109DC000B8F1010FD5D1F0E7B8F1010F40F0BE8036
:109DD0000AF1FF330C2B00F2AD8001A252F823F000
:109DE0003B9E02083B9E0208879C0208519E020887
:109DF000719E0208959E0208B79E0208E39E020823
:109E0000F99E0208F99E0208059F02081D9F02089C
:109E1000299F0208B8F1010F00F09F80B9F1000FEF
:109E200040F09480BDF83E00FEF708FEFFF745BB0A
:109E3000B8F1010F7FF43DAFCAE7AAF102035A421D
:109E40003146BDF83E005A4107F05CFEFFF735BBD6
:109E500032465846BDF83E10FEF7CAF8FFF72DBB54
:109E60006D46002050250020D351002006520020CE
:109E7000711CBDF83E0089B2F8F7D6FC0236F6B286
:109E80000246BDF83E305846009610A90BF016F871
:109E9000FFF713BB424B1B78013B012B3FF60DAB89
:109EA000069B0121009300202346BDF83E2014F0BC
:109EB000B7FCFFF702BB3A4B1B785A1E012A07D9A1
:109EC0000120069ABDF83E10FCF772FBFFF7F5BAC9
:109ED000022B7FF4F2AAF8F7C7FF0028F0D1FFF7B2
:109EE000ECBABDF83E0006F067FFFFF7E6BABDF832
:109EF0003E00FEF701FA95E7BDF83E00FEF7FCF9DB
:109F0000FFF7DBBA264B1B78013B012B3FF6D5AAA6
:109F1000BDF83E00FDF7DAFCFFF7CFBABDF83E0012
:109F2000FDF724FDFFF7C9BABDF83E000AF0CAF9F3
:109F3000FFF7C3BA334622465046BDF83E100FF035
:109F40000AFB00287FF4B9AA5146DEE4237A03F025
:109F50000303012B7FF4B1AA64E70AF1FF330C2B52
:109F60003FF6ABAA01A252F823F000BF3B9E0208C5
:109F70003B9E0208879C0208519E0208719E0208BF
:109F8000959E0208B79E0208E39E0208EF9E020813
:109F9000EF9E0208059F02081D9F0208299F0208E4
:109FA0006D46002010B50021114813F0C3FD044692
:109FB000E8B113F061FC0F4B1870204613F061FC00
:109FC0000D4B1870204613F062FC0C4B18702046A5
:109FD00013F062FC0A4B186001200DF0CBFF204605
:109FE000FFF730FABDE8104000200DF0C3BF10BDF0
:109FF00082430020234700202247002021470020E1
:10A00000B4340020014B1860704700BFB834002002
:10A0100070B5164E044633680D46E3B113F09DFB50
:10A020000C2818D1204613F09BFC0922002104467D
:10A03000F7F7FCFA235C042B0DD10D4B1B78033B87
:10A04000012B08D80B4C25B10B4B22781B789A4278
:10A0500003D300232370002070BD08483168F8F74F
:10A0600025FC2378012001332370F5E7B834002064
:10A070006D46002025470020055200204C5000204E
:10A0800070B50024124D2C70E6F7ACFAE6B2B0427F
:10A0900012D8104B1B78013B012B04D800214FF63E
:10A0A000FF70FBF731FE00220B4B1A700B4B198827
:10A0B00001B11A80012070BD304606F0B5FDC3071E
:10A0C00048BF2B7804F1010444BF01332B70DBE758
:10A0D000654600206D4600205C4600203843002085
:10A0E00038B50B4B05461B7873B101335C08094B3F
:10A0F0001888F8F79FF9002330F81320AA4205D0FA
:10A100000133DAB2A242F7D3002038BD0120FCE7C8
:10A110005C4600203843002030B5054685B008462F
:10A120000C4615F0F4FDFF280CD014F0CAFD0122F6
:10A1300000210346CDE90112009221462A4607205C
:10A14000FBF79CF9284606F0DFFCFF2804460FD0F9
:10A1500006F06AFDC2070DD5204606F065FD8307AF
:10A1600008D40B4A32F8143043F4806322F81430D8
:10A1700005B030BD14F0A5FD012200210346CDE954
:10A180000112009207202A46FBF778F9F0E700BF9A
:10A19000F24200204FF6FA72431E9BB2934270B512
:10A1A00004462AD8FFF79CFF38BB194B1B78042BB9
:10A1B00023D0204614F01CFAFF2801D0FAF73CF90E
:10A1C000204615F053FF08B107F0D2FE2046114E8D
:10A1D00004F058FA20460EF085FD31780E4D69B135
:10A1E0002888F8F727F9054601461E22023010F0AC
:10A1F00090FD2C8033781E2B07D970BD2020F8F7F6
:10A20000DFF928800028EBD1F7E702333370F4E759
:10A210006D4600205C4600203843002037B5134BC4
:10A2200005461B78022B1FD113F06BFF044613F079
:10A2300068FFFFF7AFFF14F044FD13F06EFF00203E
:10A2400014F01BFB40F607400EF07CFD3DB10023EF
:10A250000D2221464FF6FD70009314F0CAFD03B0A5
:10A26000BDE8304004F04ABF03B030BD6D46002069
:10A27000034B1B7813B90120FFF7D0BF704700BF15
:10A2800063460020F7B504460D46174613F039FF24
:10A290000646002D47D04FF6FB739C4243D820461C
:10A2A000FFF71EFF30B1A64204D1204B1B78033BC1
:10A2B000012B38D92046FFF713FF10B1012003B05E
:10A2C000F0BD2046F2F7E2FAC0B1A642F6D00CB3D8
:10A2D00069462046F9F73EF90246D8B90821684692
:10A2E00013F052FEB0B908226946284610F001FD6D
:10A2F00080B12946204614F014FDDFE7A642E6D1DE
:10A300002846F9F7BDF928B90120FFF787FF06F0C5
:10A31000DFFED3E73FB121462846FAF747FA214648
:10A32000284604F0CBF90020C9E700BF6D460020A5
:10A33000044A13782BB1013BDBB213700BB9024A0C
:10A34000138070475C460020384300200148F7F72F
:10A3500097BE00BF384300202DE9F04780461746DE
:10A360000D468CB061B903AE00211B4813F070FBA1
:10A370004FF000090446DFF860A01CB920461DE03C
:10A380000E46F1E70022214624233046CDF8009006
:10A3900013F094FC08224146304610F0AAFCA8B9FC
:10A3A000337C9BB96FB945B92A4621460A4813F058
:10A3B000E0FB0A4A1388013B138001200CB0BDE882
:10A3C000F0873B88B28953405B06ECD52146504666
:10A3D00013F094FB0446D0E7B6430020B4430020BA
:10A3E000024B1888003818BF01207047B443002082
:10A3F00070B500252C460D4B8EB01E88EBB2B342D3
:10A4000001D30EB070BD09A8E6F7E6FD204605AB06
:10A4100001AA09A90FF03AF828B932210AA814F0C4
:10A42000C9FE0135EAE70134E4B2FAE7B44300209B
:10A4300040232DE9F04397B0074611A88946ADF8AF
:10A440000E30E6F7C9FD02238DF84430002304AE38
:10A450003146384604937360F9F77CF805460028C6
:10A4600040F08A8038460FF082F8804613F049FEAB
:10A470000446002840F0B08099F80130042B40F0E9
:10A48000AE80E6F7BBF8022879D1E6F7B7F80228E4
:10A4900040F0818096E8030003238DF8443012AB2E
:10A4A00083E803009DF85130002143F00603102299
:10A4B0000DA88DF8513010F046FC0DA911A80EF032
:10A4C0005AFEBDF8463009A943F0040311A8ADF8BF
:10A4D00046300EF0AFFE102209F10A0109A810F073
:10A4E00008FC0546002872D1E6F788F8022806D154
:10A4F0003146FF200DAA0EF06BFE00286AD13424ED
:10A500000025E6F77BF8022808D19DF851301B079B
:10A5100004D430460DF10E0114F023FE21463046DE
:10A5200014F048FE10238DF8183004238DF81A30EB
:10A530003346002203CBCDF81B00CDF81F1006A830
:10A540000B218DF8195013F06CFA024638B1002D2A
:10A5500014BF012303233146384603F079F8B8F1DC
:10A56000000F09D0342C07D106A832463946F8F737
:10A57000E7FC06A80EF0E1FF17B0BDE8F083234624
:10A5800021463046009411AA01F06EFE00283FF4E7
:10A590007CAFAD25C6E7E6F731F8012891D1114B24
:10A5A0001B6803F08403842B8BD196E803000223FD
:10A5B0008DF844301023ADF8463012AB83E8030029
:10A5C0009DF8513043F002038DF8513079E7332480
:10A5D000AD2596E7052494E72C46A325A2E7AA25F6
:10A5E000A0E700BF282700202DE9F04336488DB0B2
:10A5F000F8F7F8F90DF0A8FC344D2B68C41A4FF4A5
:10A600007A73B4FBF3F4A4B214B10DF09DFC28608E
:10A610002F4F4FF6FF763B88DFF8B880ADF80A3051
:10A6200000233B8000210DF10A0013F083FA054658
:10A6300058B9284B1B882BB14FF47A7122487143CB
:10A64000F8F734F90DB0BDE8F0834FF0000924238A
:10A650004A462946CDF8009003A813F02FFBBDF819
:10A660001A30A34294BFDB1A1B1B9BB2ADF81A3001
:10A67000CBB913F046FDBDF8183003F04003184382
:10A6800080B218B9322103A80EF058FBBDF818307B
:10A690001B0602D508980EF01AFCB8F80030013BF2
:10A6A000A8F80030BEE79E4228BF1E4601234A4656
:10A6B0002946009303A8242313F000FB4A462946A9
:10A6C000384613F0CBF9ADE734260020C034002023
:10A6D000B6430020B4430020F0B50446304A8DB0A4
:10A6E0001068516801AB03C3A378012B54D1162223
:10A6F00000210DF11A0010F026FBD4F82110D4F837
:10A700001D0003AB03C32388190644BF6268089287
:10A71000DA050BD5221D08AE04F114073546106882
:10A720005168083203C5BA422E46F7D1ADF8183049
:10A7300013F0040318BFA3690593E5F783FF002313
:10A74000ADF81A008DF81C3013F0DBFCE0B906A957
:10A7500003A814F006FD0022242103A813F061F9D8
:10A760000446D8B10020FFF73FFF002221460D48E4
:10A7700013F074F90C4A0020138801331380FFF79B
:10A7800033FF00200DB0F0BD082201A903A810F08E
:10A79000B0FA0028DFD0DAE70220F3E71920F1E76A
:10A7A000E8270408B6430020B4430020F7B5044668
:10A7B00000200E46FFF718FF104B1B88A34202D85B
:10A7C000212003B0F0BD00210D4813F041F9002510
:10A7D00001460B4F0029F3D0A54208D100242423C1
:10A7E00022463046009413F069FA2046E9E73846DD
:10A7F00013F084F901350146ECE700BFB4430020B3
:10A80000B64300200148F7F73BBC00BFB643002029
:10A81000014B1888704700BFB443002030B5154A7B
:10A820008DB051680546106801AB03C307A8E6F771
:10A83000D3FBDDE90101032308AC84E803008DF8B4
:10A840001C309DF8293003A943F0020307A88DF8B6
:10A8500029300EF090FC10B12D200DB030BD2346F4
:10A860002868696803C303A907A80EF065FC0028DF
:10A87000F3D0F1E7E827040870B50C4611460E4AFC
:10A8800023781278064613F0200542EA030222706C
:10A8900018BF611D082210F03CFA002D0CBF0520E6
:10A8A0000D20D4F80130B3602378337303F018031C
:10A8B000082B08BF013070BD68460020042307B58F
:10A8C0001A460DEB03010120F8F706F9019B034A34
:10A8D0001B03136003B05DF804FB00BF18270020C2
:10A8E00010B5064C2368C3F30B0313B904200DF015
:10A8F000A0FB2068431C236010BD00BF1827002068
:10A90000014B1868704700BF1827002007B50020CA
:10A91000054B0190186004231A460DEB0301F8F76C
:10A92000DBF803B05DF804FB182700207FB5112386
:10A930000622012001A9F8F7CFF8084B9DF8142052
:10A940001A70074B1B780BB1052B05D10EF0BEFA20
:10A95000012007B05DF804FB0020FAE767460020FD
:10A96000684600202DE9F04F0646CBB088460088A7
:10A9700001211746F7F7E8FD2E4B3A463188ADF82E
:10A98000160006A814F0A9FC0DF1280B5A46414602
:10A99000C419308814F02BFCE4B208EB0003A34286
:10A9A00008BF044605464FF004091CBFA4EB080489
:10A9B000E4B223465A460121CDE900090BEB050A12
:10A9C000CDF808B02D1B06A8E6F7B0FEEDB20BEBF4
:10A9D00004030093019523465A464146308814F0FB
:10A9E00034FC348839462046F7F71EFF394600F01C
:10A9F000F8022046F7F72CFF01213088F7F7A4FD75
:10AA000001234A46514680B10DF11600F7F768FE62
:10AA100001210446BDF816203088F7F7A9FDB4FAE5
:10AA200084F040094BB0BDE8F08F3046F7F758FE90
:10AA30000446F4E7FA4600202DE9F04FC9B0044679
:10AA400088469246C118224A04A81F46FFF714FF01
:10AA50004FF00409C519EDB208AB0293A5EB0A0B40
:10AA6000A8EB0A035FFA8BFBA8EB0506DBB2F6B294
:10AA700004EB0A02009301215B46CDF8049004A880
:10AA8000E6F754FE06F590730DEB03025A44A2F567
:10AA90008072136808A844F80830E35D324623F05A
:10AAA0000703E3552C44214610F016F908ABCDE915
:10AAB000019308AA00230121009604A8E6F736FEB8
:10AAC0003246204608A910F007F949B0BDE8F08FDA
:10AAD000FA460020F8B5064615F0D5FD811C05465E
:10AAE00089B2304615F0ACFCF0B1EDB129463046E4
:10AAF000F7F79AFE1228074616D80C4B691C1C5C07
:10AB000089B23046F7F790FE2C44052FE4B205D108
:10AB1000052809D8064B1B5C1C44E4B2214630468C
:10AB2000BDE8F84015F08CBC0020F8BD3A6C040874
:10AB3000346C0408F8B5054615F0AFFC0446284609
:10AB400012F00EFFA11C074689B2284615F078FCCA
:10AB500000283ED0002C3CD021462846F7F764FE62
:10AB60000646611C284689B2F7F75EFE0F2E30D8E4
:10AB7000194B9B5DE118731E89B2092B0ED8DFE8D3
:10AB800003F009050D0D120D0D181E1EC40644BF5D
:10AB9000083189B2820601D5083189B22846BDE85C
:10ABA000F84015F04DBC7B78DB0612D501EB400177
:10ABB000F3E700F01F0000EB40000144EDE71F2821
:10ABC00005D8092E0ABF4000022080B2F5E7C82848
:10ABD000E4D00020F8BD00BF4D6C0408F8B506466F
:10ABE00012F0BEFE092200210546F6F71FFD00F116
:10ABF000100428460EF034FDE4B2074621463046E4
:10AC0000F7F712FE05463046F7F730FCBA05A0EB21
:10AC10000403DBB20AD47C2D0AD0082D0AD8064AD8
:10AC2000505D98428CBF00200120F8BD1220F8E74B
:10AC30000320F6E7FF20F4E75E6C0408014B187868
:10AC4000704700BF07520020024B00F0010018704F
:10AC5000002070470752002038B5114B04461B787E
:10AC600008469BB9012038BDA24205F101050FD16C
:10AC700003EBC1035B6898470028F3D11E202246EE
:10AC80004FF6FF710DF0B1FF0020ECE70025054BFA
:10AC9000E9B213F83120002AE6D11446EEE700BFEE
:10ACA00007520020046C0408002313B5ADF80430EB
:10ACB000134B984221D10B88DA0702D5232002B02A
:10ACC00010BD9B0744BF4FF47F43ADF804300D4BDC
:10ACD0007F221C880DF10600022321460DF0ABF9FE
:10ACE0004FF6FF73BDF806209A42E7D120460222B4
:10ACF00001A90DF0A9F90020E1E72120DFE700BF5D
:10AD00001FD1BACA38260408002313B50D490380A1
:10AD10007F220223044609880DF106000DF08BF90D
:10AD20009DF80630BDF806201BB1238843F00103CF
:10AD300023800020FF2A82BF238843F00203238060
:10AD400002B010BD3826040830B10368034A13600E
:10AD5000436800205360704721207047085200204C
:10AD6000034B1B78002B14BF442056200E30704735
:10AD7000684600202DE9F04F8DB0179C06468946A5
:10AD8000CDE90223BDF85870D588ADF816103CB94E
:10AD9000EC0605D500970EF006F80DB0BDE8F08F73
:10ADA000C5F380242B054FEA043448BF44F4006403
:10ADB000A80511D544F080040A2E00F26581DFE871
:10ADC00016F098002F001700370063016301370069
:10ADD0001000980037009C00E90548BF44F040048B
:10ADE000EAE74FF001084FF0020B4FF0000A14E0C1
:10ADF00008A95FFA89F014F04CFEDDF82500DDF8B3
:10AE0000291006AB03C3A24B33F81930ADF8163046
:10AE10004FF00008C3460DF1180A002F5CD125E061
:10AE200006AA0DF116015FFA89F003F00BFCEFE7BB
:10AE30004FF6F773994540F2278115F4026F40F001
:10AE40002381944B1B78022B03D0043B012B00F28F
:10AE50001D813FBB032E4FF001080CBF4FF00C0BC0
:10AE60004FF0080BBA4624F4C074A4B28A4B188879
:10AE70004FF6FF73984206D08849F8F76BFB10B184
:10AE800024F48054A4B2039B38460093BDF81620E6
:10AE9000534644F4027108F027FDADF82000B0BB22
:10AEA00019207AE73846F7F7E1FA0246FFF758FF2C
:10AEB000032E08BF0138824201DD38206DE7032EE2
:10AEC0004FF001080CBF4FF00C0B4FF0080B4FF088
:10AED000000A24F4C074A4B2029B1B8893B91A46DA
:10AEE000394606200DF07FFC0028BFD140F6014016
:10AEF00053E74FF00008C34677E74FF001084FF0E3
:10AF0000030B72E7002339461A460720EAE74FF69B
:10AF1000FF73614A118899421CD012F021FD03464B
:10AF20005D4A0430118803930EF09CFB5C49039B3F
:10AF3000097814F4805FD9715849574A1FBF0868CF
:10AF400098604868D8604FF6FF7313804FF0FF3366
:10AF50000B604B605946029A08A808F089FD00284A
:10AF60009ED0504C2378002B3CD1A7B13846F7F740
:10AF70007DFA0746BDF82000F7F778FA23780744F2
:10AF8000002B14BF12220022EB1003F0040317441D
:10AF90003B44842B91DC15F400570AD0BDF82040C7
:10AFA000204612F0D0FB40F4806189B2204612F0B6
:10AFB000B5FBA6F10803012B05D801221021BDF82D
:10AFC000200012F0B1FB179BBDF8204043B3204690
:10AFD000BDF8161012F0FBFBBDF82030179A0020C8
:10AFE0001380DAE6AA06C0D56B0103F020030A2E0F
:10AFF00014BF43F0010363F07E03DBB2B8F1000F2E
:10B0000008D000215246009108A800F0B5FE0028A3
:10B01000ABD0C2E61A46514608A814F0E3FAF6E7A8
:10B02000204615F03AFA21460246179B04200DF0FF
:10B03000DAFB00283FF45AAF0A2E18D84FF4D96330
:10B04000F340DB0713D5072E0AD00A2E08D0BDF82F
:10B05000200013F080FD80F00100C0B280009CE66B
:10B0600008A80EF087FA0028F1D0042095E617B161
:10B0700025F04005ADB22B463146BDF820005FFA01
:10B0800089F201F029FF88E6012086E6162084E691
:10B090004E3B00206C460020A251002008520020A8
:10B0A0003147002068460020F7B50F469DF828106C
:10B0B0000446DDE90B061D46F1B94FF6FF739C42CD
:10B0C0001CBF174B1C804FF000041CBF154B1A709F
:10B0D000BDF8240008F062FD00232A46CDE90043B4
:10B0E000394606209DF82030FFF744FE10B90EB116
:10B0F000AB7A337003B0F0BD78B14FF6FF739C426A
:10B100001FBF074B1C80074B1A70002212F089FCEE
:10B1100004460028DCD11920ECE72120EAE700BF33
:10B12000A2510020314700202DE9F04788469DF8C4
:10B130002810074616461D469DF820A0BDF824900D
:10B140000B9839B158B3002212F06BFC044610B9C9
:10B15000192025E00C464FF6FF739D421FBF114B8F
:10B160001D80114B83F800A04FF6F7739E4208D85C
:10B170000E4B4FF6FD761A784FF6FF73002A18BF74
:10B180001E46484608F00AFD00233A46CDE908432A
:10B1900031464346BDE8F0470320FFF7EBBD2120D1
:10B1A000BDE8F087A251002031470020A3450020D0
:10B1B0002DE9F04786B09DF838600546DDE90FA817
:10B1C0000C4617469946B6BB374B1B78022B1DD150
:10B1D00025BB4FF6F7739C4214D80026484608F06A
:10B1E000DDFC00233A46CDE900632146FF232846D3
:10B1F000FFF7C0FD38B9B8F1000F04D0BB7A88F86A
:10B20000003000E0012006B0BDE8F087043B012BD0
:10B21000DED908460EF0ABF910B31DB3022D31D1C3
:10B22000E5F7D4F9A042EDD9204B33F814204FF6BE
:10B23000FD739A4219E0BAF1000F32D01A4B1B7815
:10B24000022B05D1FFF78CFDB042E6D23820DAE7B9
:10B25000043B012BF6D908460EF089F90028F1D1FC
:10B260001620D0E74FF6F7739C42CBD8002EB4D00F
:10B2700031460022504612F0D4FB06460028ADD1DC
:10B280001920C0E7012DBDD104AA0DF10E01E0B2D5
:10B2900003F0D8F9064B1B78A342B3D9BDF80E20B2
:10B2A000C5E72120AFE700BF6C4600204E3B0020E1
:10B2B000C651002030B5104B87B005460C461868C3
:10B2C000596803AA03C298680C4910609A88DB8801
:10B2D00052BA23F04003ADF812300023CDE9004309
:10B2E000ADF81020FF23098803AA0720ADF80E50FF
:10B2F000FFF740FD07B030BDC2430020CE43002021
:10B3000038B50C461146124A124D108022682A6048
:10B3100062686A60A268AA60E288500616D5EA8868
:10B32000520613D561B10022184612F07AFB01468D
:10B3300050B16088FFF7BEFF0522074B1A7038BD79
:10B34000084612F042FDF2E71920F5E70220F6E781
:10B35000CE430020C2430020424700202DE9F04F99
:10B36000074689B0104615461C468A4615F095F8E2
:10B3700001462846F7F758FA0646284612F0F0FA32
:10B3800004300EF06DF9804612F0BBFE804550D0BF
:10B39000B2074ED1DFF8AC80284605A9B8F800B056
:10B3A00015F082F99DF81930A8F8007003BBBDF8BC
:10B3B0001430EBB9284612F0D3FA02300EF050F9EF
:10B3C0004FF6F773984294BF4FF000094FF0010910
:10B3D00001230134E4B22A463846CDF8009005A98D
:10B3E000039303F0F9FE039B40B901339C421ED244
:10B3F0000020A8F800B009B0BDE8F08F022CF8D109
:10B40000012BF6D10C4A0D4BA3F800A01378591C60
:10B4100011700B4A7F3B16F00C01137007D1BDF879
:10B420001A305B0603D5BDF81600FFF743FF022371
:10B43000D1E70020DFE700BF6A460020A2510020CC
:10B4400031470020CE4300202DE9F04F8BB00F464E
:10B45000ADF81E0012F084FA00F1020A05465046CB
:10B460000EF0FEF8BDF81E400646204615F015F811
:10B4700001462046F7F7D8F9814600F00308281D59
:10B480000EF0EEF8B54C208012F03BFEB0422DD00D
:10B490004FF6F7739E4229D86B78DA0726D43046E8
:10B4A00014F05EFC30B101233146BDF81E20208827
:10B4B000FFF754FF12F025FEA84B1B8883420FD1E3
:10B4C000BDF81E40204614F0E8FF01462046F7F77D
:10B4D000ABF910F00C0103D1BDF81E0001F0BAFD6C
:10B4E00000229F4B1A600BB0BDE8F08F9D49BDF85C
:10B4F0001E0015F0D9F89C49BDF81E0015F018F88B
:10B500000028994B08BF0023954ABDF81E00136020
:10B5100012F0B2F9954B1870BDF81E0012F0B1F997
:10B52000934B1870BDF81E0012F0B6F9914B1860DD
:10B5300000238DF822305FB38A4BDB889B0627D52A
:10B5400012F0DFFD10B38C4B1B689E071ED4B8F1C0
:10B55000010F14BF082318230DF1220200920022CC
:10B560000DF11E00114600F007FC88B1B8F1010F83
:10B57000A0D1824B1B78112B9CD114F0C0F900286C
:10B5800098D140F61D40F9F7F3FE93E70823E3E76F
:10B5900050460EF065F84FF6F773984240F2F2808D
:10B5A000B8F1010F00F0FA80B8F1020F00F06381EA
:10B5B000B8F1000F7FF47EAF6A4DBDF81E00EB8836
:10B5C000ADF82400049312F0CBF9BDF824600746CF
:10B5D000304614F062FF01463046F7F725F98DF842
:10B5E0002300B81C7E780EF03BF8074612F089FD68
:10B5F00006F00106B4F8009003906C88002E7FF4EA
:10B6000059AF4FF6F77A4246494657458CBF062058
:10B6100008200DF0EAFABDF824B0584614F03DFFBA
:10B6200059460246434604200DF0C9F85745834663
:10B630000AD8B5F90620EB88002A05DB580603D5A1
:10B6400041462046FFF736FEBBF1000F3FF432AF14
:10B650002B88002B58D16B79002B55D14FF6F773FF
:10B660000DF126019F42BDF8240094BF4FF0000B5E
:10B670004FF0010B14F06CFADFF8E0A000F1FF3896
:10B68000BAF800301FFA88F10593EB88BDF8260060
:10B690000693F7F7C9F8069B049901900093224698
:10B6A0005B460598C1F34011E6F79CFA00283FF489
:10B6B00001AF06202B4BBDF826105FFA88F20DF083
:10B6C0007EF800283FF4F6AE48F202036A889A42F8
:10B6D00005D1BDF82410BAF8000000F0D3FF214DC9
:10B6E00009AA29460DF123000DF04CFF034600285E
:10B6F0007FF4E0AE2104BAF80000BDF824207DD527
:10B700002346294614F039FA9DF82330154D03F0ED
:10B710000C030C2B40F09580288914F0F9F90028CF
:10B720003FF4C8AE039B002029894B4514BF022675
:10B73000032602F05FFE124B18704FF6F7739F421C
:10B74000BDF8240000F29580A4F138025342534121
:10B750003246044904F0DCFCACE600BFCE430020D6
:10B76000C8340020C243002029470020234700207E
:10B7700022470020B4340020282700206C460020F7
:10B7800041470020B8F1020F75D03E4BB3F90630A7
:10B79000002B26DAB8F1010F7FF40AAF12F0B1FCEA
:10B7A000238883423FF486AE0520BDF81E10FFF7C4
:10B7B00053FA00283FF47EAE324AD3885B0607D5A1
:10B7C0000023CDE900330A20FF232188FFF7D2FAB6
:10B7D0003A469DF822302188BDF81E0002F040F95B
:10B7E00068E6BDF81E00F6F741FEA0F11001C9B2EF
:10B7F000284600F073F80028CCD05BE60221DFF881
:10B80000948088F800102946CDF800B003F0E4FCDD
:10B81000132C3FF479AFEB885D043FF575AF1A4BFD
:10B820001B78D80704D598F80020022A3FF46CAFA3
:10B8300099077FF53FAE98F80030012B7FF43AAEC0
:10B8400062E700222B79114800936B79114600883A
:10B8500002F0F8FD0E4B18709DF8233003F00C0336
:10B86000082B7FF46AAF039B4B4514BF04260526C3
:10B8700063E701236CE74846BDF81E20014901F04B
:10B880005BFB17E6C2430020A6450020CE43002004
:10B89000414700203247002010B50021084812F02F
:10B8A00049F9044650B101460420FFF7D5F928B103
:10B8B0002046BDE810400121FFF7C6BD10BD00BF06
:10B8C000B2430020034BFF211A78034892000FF087
:10B8D0003ABA00BFC7510020A420002070B5451817
:10B8E00004464FF0FF31AC4212D1104B10481A7889
:10B8F00005460023934211DB0E4C2078431CB3FB1A
:10B90000F2F602FB163345F82010237000200CE0FD
:10B9100014F8010BDFF762FF0146E4E750F8044B2F
:10B92000A14201D00133E5E7012070BDC7510020DD
:10B93000A42000203347002007B5042301220DEB8B
:10B9400003011046F7F7C8F8019B034A1B03136075
:10B9500003B05DF804FB00BFC4340020014B18683D
:10B96000704700BFC4340020014B1868704700BF07
:10B97000C434002010B5064C2368C3F30B0313B97D
:10B9800001200CF056FB2068431C236010BD00BF53
:10B99000C43400202DE9F04F93B003930023DDE978
:10B9A0001C79069399F8003083460DA804930E463F
:10B9B0001546E5F711FB99F8003013F003043ED06B
:10B9C000039B0DF1250A8DF824300022082138460A
:10B9D00012F0DAFA002870D0288811F0C1FF99F827
:10B9E00000301C074CBF043002300DF039FE07A9AF
:10B9F0008046F7F7D3FA9DF824300446980633D5ED
:10BA0000288806F10D0114F01BFDA8B10023009356
:10BA1000384608232988721D12F050F999F8003031
:10BA200003F01803182B4AD1B8F1000F47D0A94BE7
:10BA3000B3F86830434542D040F60A4327E02888EF
:10BA4000711D14F0FDFC0028F6D000940523324649
:10BA5000298809A812F032F99DF824300DF1240A42
:10BA600003F018030393B0E714BB39464046F7F7D9
:10BA700071FD0028D2D099F800309907DCD040231E
:10BA800022462146404614F026F940F6094399F82B
:10BA9000002012F0030440F0F7802888039311F08F
:10BAA000C2FE224601461A200DF09FF8039BEBE0F0
:10BAB00007AB03CB38607960B0E74FF6FF780DF045
:10BAC00044FD044620B104213846F7F78FFA0446B6
:10BAD0001E9B002B5AD009231E990DA88DF83430D7
:10BAE0000DF02AFB209B0BB1209B0693039B002BA0
:10BAF00040F08E800DA8E5F79BFD99F800309A077D
:10BB000000F09880FFF736FF5146024601200DF005
:10BB1000ADFD99F800309B0710D55946288814F0E0
:10BB200089FD0BF1090350FA83F35FFA83FB594651
:10BB3000288814F056FD00EB0B06F6B299F8003099
:10BB400013F0C20F0AF104030DD09DF824206249BE
:10BB500042F020028DF824200A68CAF804204A68BE
:10BB60005A600AF10C03012209A800921B1A3246FE
:10BB700029889BB212F0A2F8324659462846FEF7B1
:10BB8000F1FE002800F0A48000237DE01F9B5BB144
:10BB90009E460DF1340CBEE80F00ACE80F00DEF855
:10BBA0000030CCF800309DE7049B594603F0200399
:10BBB00028880493F6F738FE10F0030F0CBF01231A
:10BBC00000230593049B059A003B18BF012342EA1A
:10BBD000430300930DAA06AB38461F9900F044FBBF
:10BBE000049A034682B1002880D0059B0DAA0093D9
:10BBF000384606AB1F9900F037FB034699F8002042
:10BC000022F0200289F80020002B3FF46FAF3EE7BE
:10BC1000039B102B06D1BDF8363043F00103ADF87D
:10BC2000363067E7039B182B4FD1BDF8363043F011
:10BC30000203F4E701200DF125010DF025FD99F82F
:10BC40000030824613F0040F288821D1069B1BB3D5
:10BC5000002C35D011F0E7FD0022014616200CF033
:10BC6000C4FF84B17FB14FF6FF7398450BD000231A
:10BC70000DA91A4638460DF0B4FB394640469DF8EA
:10BC800035200DF07AFC0123184613B0BDE8F08F83
:10BC9000002CDFD1104F01E0002CDBD10023324615
:10BCA000009359463B4613F099FB00283FF4C4AE7D
:10BCB000002C3FF469AF069A0AF10103136063E7B1
:10BCC0001B685345C6D80124E8E740F60A43DBE782
:10BCD0001923D9E7A4330020FA460020002307B532
:10BCE000064A0193136004237F2101200DEB030218
:10BCF0000CF09DF903B05DF804FB00BFC4340020D4
:10BD000037B505460C46F7F707F840B3012D03D0C9
:10BD1000032D15D0022011E0154B1B68A342F9D862
:10BD2000611CF7D0230B0193114B01221C600423EB
:10BD30000DEB03010020F6F7CFFE002003B030BD6D
:10BD40000C4B1B68A342E5D8621CE3D0230B019384
:10BD5000084B1C6004231A460DEB0301EAE7631C41
:10BD6000D8D0230B012D0193DED0032DF0D0D1E7E5
:10BD7000C4340020182700202DE9F04F0446B1B04C
:10BD800000888DF82F3016468A463A9F14F085FBBE
:10BD900001468146208814F024FC00EB0908208825
:10BDA00014F071FC00239DF82F505FFA88F815F00D
:10BDB000010B0790ADF8363008D101460DF136027F
:10BDC000208814F0F7FA08B1ADF836B016B9CDE90D
:10BDD0000E660EAEFEF704FB18B145F020058DF897
:10BDE0002F500023CDE9033302930DF12F03CDE94A
:10BDF00000632246534641464846FFF7CBFD0546C1
:10BE0000002800F0B8809DF82F3013F0010B46D1C8
:10BE100023F020038DF82F3012F073F970B1754ABA
:10BE200010AB106851685D4603C3184600F0EEF988
:10BE30000890FEF7EDFCABB2984239D80FB1002361
:10BE40003B70BDF83630CBB101212088F6F77CFB82
:10BE500027880546002800F0BC8001213846F6F707
:10BE600073FBBDF8367005463846F6F7FFFA002337
:10BE700000903A461946284611F055FF0023CDE9B7
:10BE8000033302930DF12F03CDE90063224653469D
:10BE900041464846FFF77EFD054600286BD012F06C
:10BEA00030F9002840F0AC80284631B0BDE8F08F72
:10BEB00018AB14AA26A9E8B20DF0E8FA002875D14B
:10BEC000082210A927A80EF014FF089B8346002B18
:10BED00068D09DF8A53013F0020F099362D00822B4
:10BEE00012A927A80EF005FF00285BD1099B59076E
:10BEF00058D50FB101233B7014AB0DF1740C0FCB6F
:10BF00008CE80F00BDF83630CBB101212088F6F760
:10BF10001BFBB4F800B000284DD001215846F6F7BD
:10BF200013FBBDF83620834610460992F6F79EFAB9
:10BF300000231946099A0090584611F0F4FE2E4B42
:10BF400022460493002303931DAB02930DF12F03AC
:10BF5000CDE90063414653464846FFF71BFD28BB29
:10BF6000089B002B33D012AA4FF482714FF400507B
:10BF70001DAB00F0D5F812F0C4F888B11F4B1B6858
:10BF80009A070DD4FEF72CFA50B11A4A18AB106874
:10BF9000516803C3002226A918A813F0A6F818BBFD
:10BFA000002581E727B9BBF1000FA5D0013540E797
:10BFB00000233B70F7E7BDF836200A90104609923F
:10BFC000F6F754FADDE9092307990090B4E7089AD7
:10BFD000CAE7BDF836B05846F6F748FA2B46009047
:10BFE0005A463846079947E726A918A813F0B9F822
:10BFF000D0E700BFE82704082427002028270020D6
:10C000009DF82F3003F01103102B7FF44DAF3E4B02
:10C010001B78432B7FF448AF3C4B1B685B067FF5D6
:10C0200043AF208808F1050114F00AFA834600287E
:10C030003FF43AAF41462088F6F7F6FB344B10F058
:10C04000200F08BF1E4612A800F0E0F80822314673
:10C0500012A80EF04EFE002852D0314612A80DF064
:10C060003BFA012326AE00933246002314A912A8FE
:10C0700000F0FAF800287FF417AF12AB0DF12F078C
:10C08000CDE903600290009322465346414648465C
:10C090000197FFF77FFCA8B3BDF89A30102043F05A
:10C0A000080318AA14A9ADF89A3012F0FBFF002873
:10C0B0007FF4FAAE12ABCDE90360CDE901700093D5
:10C0C0002246534641464846FFF764FC0546002891
:10C0D0007FF4EAAE18AB4FF49071002012AA00F082
:10C0E0001FF84FF00051002013F0AAFBBBF1000F26
:10C0F0003FF456AF4FF08051002013F0A1FB4FE703
:10C100008346AEE714ABE6E76C4600202827002004
:10C110000E340020014B1860704700BF2427002018
:10C12000F0B5164691B0074609A80D461C4613F017
:10C1300081FB3EB1336845F04005CDF82630736889
:10C14000CDF82A301B4B1A6822EA070242EA0501A1
:10C1500019604B040DD5BDF824200B0A03F4E2430B
:10C16000C9B222F4E3420B4322F07F021343ADF83D
:10C1700024301A230822002009A9F6F7ADFCB4B137
:10C1800004A8E4F729FF02236A468DF8103015460B
:10C19000234604F11006144618685968083303C48E
:10C1A000B3422246F7D1294604A80CF0C5FF11B0CE
:10C1B000F0BD00BF2827002047F2FF10044B19688C
:10C1C00041F48042014041F480411A6013F038BBD1
:10C1D0002827002000B589B0FEF7A8FB01A813F0BE
:10C1E00029FB0948BDF804200168130221F0FF0172
:10C1F00003F4E2030B43D2B2134343F480430360DE
:10C2000009B05DF804FB00BF2827002010B50C4BD7
:10C210000446186888B0830706D54FF0FF332360C3
:10C220000120636008B010BD10F04000FAD001A8F2
:10C2300013F000FBDDF806302360DDF80A30EFE78D
:10C240002827002008B5074B02461B6813F040035F
:10C2500005D118461946FFF763FF012008BD0020ED
:10C26000FCE700BF282700202DE9F0479EB080465C
:10C270000C461D4691469DF898A0A2B11646304640
:10C28000E4F7AAFE1AF0020F0FD004B917AC224649
:10C290003146404601AB0DF0D7F80DB100232B60BD
:10C2A0001EB0BDE8F0870DAEE9E701AB3146404670
:10C2B00005AA0DF096F873780AF0010AFF2B26D034
:10C2C000002840F0B68054B105AA09AF134603CB4D
:10C2D000BB42206061601A4604F10804F6D125B122
:10C2E0007278554B03EB82032B60BAF1000F01D13A
:10C2F0000020D5E7BDF80430D906F9D418204FF650
:10C30000FF7172780CF071FC40F60E40C8E74B4F9D
:10C310003DB111F0F6FE10B13B689A072BD5002312
:10C320002B603B6803F03003102B01D0202B24D16D
:10C3300017A813F07FFA082240460DF15E010EF0B7
:10C34000D8FC20B13B6803F04403402B15D0BAF170
:10C35000000F15D109A813F08BFA02233370002CBB
:10C360004CD1B9F1000FC3D011F0CBFE60B3301D3A
:10C37000FFF74CFFBCE7324BD2E740F60A408FE7AD
:10C380003B68DB03E6D509A813F072FA0223337089
:10C3900074BBB9F1000FB1D011F0B3FEF0B1301D94
:10C3A000FFF734FFAAE73B6803F08403842B2CD00B
:10C3B00009AB0DAF1A4603CABA422060616013464A
:10C3C00004F10804F6D105E025463B6803F0840338
:10C3D000842B28D0301DFFF719FF26E03B6801258C
:10C3E00003F08403F4E73B68012503F08403DDE7F1
:10C3F00011F087FE0028F6D00125D9E711F081FE63
:10C4000005460028CFD00025D2E712A8E4F7E4FDC6
:10C41000022312A88DF84830E5F70AF922460821D0
:10C420004046E5F76FF810237380002D3FF460AFAE
:10C4300064E72D2034E700BF70200020282700206B
:10C440002427002049B9084B197849B14EF66023DA
:10C45000594328B10548F6F729BA41F28831F8E77F
:10C460000248F6F7BFBA00BFA4450020742600209A
:10C4700070B586B0054611F044FE10B9022006B032
:10C4800070BDF6F7F1FB0028F8D001A8FFF7BEFE5B
:10C4900006460028F2D08DB92E4B1C6814F0020419
:10C4A00006D02D4B1B78112BE8D12C4BB3F86840EC
:10C4B0004FF481630221ADF80C3023E02846F7F7F2
:10C4C000DFF80028DAD1234B1C6814F0020406D0F0
:10C4D000214B1B78112BD1D1204BB3F86840082297
:10C4E000294601A80EF005FC0028E1D04FF40273A4
:10C4F00000260A21ADF80C302B68CDF80E306B68A1
:10C50000CDF81230002203A811F08BFA024608B9C8
:10C510001920B4E70F4B196801F03003102B17D026
:10C52000202B14BF01230323490001F004010B4316
:10C530002046002101F08CF80028E9D000210120DC
:10C54000FFF780FF16B10122054B1A70002096E715
:10C550000323E9E7282700206C460020A4330020AD
:10C560002847002030B5002585B0CDE90055F6F705
:10C5700039FA11F0C6FD1E4C60B906F0CBF90D2555
:10C58000002108462170FFF75DFF294668460CF040
:10C59000D5FB18E023784BB3164917480A78007882
:10C5A000904223D90132012B0A700ED12A464FF452
:10C5B000A071284602F006FDC0B2B8B941F2883138
:10C5C0000E48F6F773F905B030BD022B09D12846A5
:10C5D00002A9F6F7BFFF0028EED102A8FFF748FF37
:10C5E000EAE7032B02D101F0E9F9E5E70425C7E703
:10C5F00034470020354700201052002074260020C8
:10C6000070B51B4A1B4D04465168106886B02E78E1
:10C6100001AB03C31EB10224204606B070BDF6F77D
:10C620007BFB0228F7D111F06CFD0028F3D003A8A2
:10C6300000F032FE082201A90DF10E000EF059FBA8
:10C64000A0B10D4B32464FF4A07130461C7002F081
:10C65000B9FC04460028DFD10123084A41F28831A1
:10C6600007482B701370F6F721F9D5E72324D3E799
:10C67000676C040834470020105200203547002022
:10C6800074260020F0B50C4600219BB02B4F0646C7
:10C69000492207A806910EF056FB3B78012B34D1B6
:10C6A0009EBB0DF10E01204613F052FA0546BDF86F
:10C6B0000E00F5F7DBFE441BE4B2BDF80E10234676
:10C6C0002A46009606A811F0F9FA304604A9F6F7B2
:10C6D00041FFD0B9CCB19DF81920B2B9BDF82330D3
:10C6E00003F47E43B3F5285F1ED3B3F5385F0ED352
:10C6F0001349BDF80E000B6843F400030B60294694
:10C700000CF016FF18B104233B701BB0F0BD0122E2
:10C710000C4B04A81A70FFF7ABFE41F288310A48AF
:10C72000F6F7C4F80223EFE711463A70FFF78AFEE6
:10C730001E2104A80CF002FBE7E700BF34470020ED
:10C74000282700203547002074260020014B187050
:10C75000704700BF35470020014B1878704700BF75
:10C7600034470020014B1870704700BF3447002049
:10C770002DE9F04F0446408891B00E298846ADF867
:10C780001A0079D094F80890A77911F0E9F809A96E
:10C790000546BDF81A00E67913F086FFBDF81A00C9
:10C7A00010F0D1FF420542BFBDF82A3043F40053D8
:10C7B000ADF82A30E379DB0642BFBDF82A3043F4F6
:10C7C0008053ADF82A30BDF82A30980613D5022FD1
:10C7D00058D10CA9207A13F05CF9DDF83500DDF8AA
:10C7E000391007AB03C307AA0021042300910DF100
:10C7F0001A00FFF7C1FA0121BDF81A00F5F7A4FEEF
:10C80000022F82464AD1484B33F81950B8F1000F35
:10C810007FD0BDF82A2051067BD54FF6FB739D4291
:10C8200077D8424B1B78033B012B04D8404BB3F81D
:10C830006830AB426DD0D30502D5284613F076FBA5
:10C84000BDF82A30D80464D5002F34D1BDF81A00C1
:10C8500010F079FFC10664D548F23403BDF82620F4
:10C860009A4209D1334E3078FF2805D00322294659
:10C87000FBF74CFBFF23337000232380638011B050
:10C88000BDE8F08F012F01BF237A2B4A03EB43034E
:10C8900002EB830314BF00229A1CA5E7012F05D1E8
:10C8A0000C2303FB09F3244AD55AAFE7A81C0CF06C
:10C8B000D7FE0546AAE7284601F0E4FEBDF81A00B7
:10C8C00010F041FFC206C7D4638950460593F5F7BF
:10C8D000CDFD83465046F5F7ADFD059B02905FFA0E
:10C8E0008BF04A46394601900093404609AB0CF064
:10C8F00005FAB8F1000F14BF0B20092016F003024F
:10C9000018BF02F1FF32294618BFD2B20CF06DF900
:10C91000A2E7BDF81A0010F016FFC3069CD4002F42
:10C92000D2D1A946D0E700BF4E3B00206D46002083
:10C93000A4330020145200209E39002070B500243A
:10C940000C26104B104D2A78A24205D8C2B9BDE87A
:10C9500070400E48F6F746B8598869B9013AD2B224
:10C96000A2422A70EFD0121B184603F10C01724349
:10C970000EF0CFF90346E6E701340C33E4B2E2E708
:10C9800070BD00BF9E360020384700206C5000204C
:10C9900070B5194B194A1D780023DCB2A54200D8A6
:10C9A00070BD144666880133864202F10C02F4D150
:10C9B000E379A58803F040028DB9CAB123F00403DE
:10C9C000E37110F0CDFF037803F07F03037021883B
:10C9D0000029E5D1BDE870400948F5F767BF00219F
:10C9E0006580A180002AE9D1BDE87040FFF7A6BFAD
:10C9F0002046FFF7BDFEF7E7384700209E360020AF
:10CA00006C5000202DE9F047044686B040880F4660
:10CA1000154610F0A5FFA3798046082B4FD8DFE814
:10CA200003F0052E184E4E4E4E4E050002300CF00F
:10CA300017FE002D4BD06946F6F78CFD00283ED13D
:10CA4000684601F0C9FEB0FA80F0400906B0BDE8C2
:10CA5000F08702A9207A13F01CF86B466E46DDF8C9
:10CA60000D00DDF81110304A03C3237A32F8139019
:10CA70002E4AD05C75B1314613F02FF8E6E7237AE1
:10CA80002B4903EB430301EB830231F82390907AA7
:10CA9000961CEFE74FF6FB7AD14512D9304603F0EA
:10CAA000E1FF4FF6FF739842054612D0014630462B
:10CAB00001F004FE554505D9E379DA060BD40020D0
:10CAC000C4E74D46294608F102000CF0CBFD0120D9
:10CAD000BCE74D46F0E74FF6FC78454511D103F031
:10CAE0000C030C2B1BD1D7B130464FF6FD7101F072
:10CAF000E5FD40F602412046FFF73AFEFFF71EFF34
:10CB0000DDE74FF6FD739D4209D1002330461946FB
:10CB10001A4602F013FB4146304601F0CFFDE3799F
:10CB200043F00C03E371CAE74E3B0020CB450020E5
:10CB30009E39002073B5044640880E4610F010FF61
:10CB400002300CF08DFD0CF012FD18B1A11C201D5F
:10CB50000CF012FDE6B1E5790135EDB2E57115F0A5
:10CB6000400514D0E3F726FD0122054600212046AA
:10CB7000FFF748FF18B1334B1B882B449DB2324B53
:10CB80001B78042B01BF2F4B1B885B199DB225809E
:10CB9000002231462046FFF735FF002831D060885B
:10CBA00010F0DEFEE279294922F00C03E3710B78E4
:10CBB00005460133DBB20B70C371254BA61C1B78F5
:10CBC0000BB3E37998061ED52249097861B9002292
:10CBD0000123114630460092FFF7CEF898B1E37971
:10CBE00043F00303E3710CE05906F0D59207EED54C
:10CBF00000220423114630460092FFF7BDF80028BA
:10CC0000E5D002B070BD30460CF0B4FC0028F8D17D
:10CC10006088FBF73FFD50B10128F2D1E37943F082
:10CC20000803E3712B7803F07F032B70E9E7E379C6
:10CC300043F00403E3711B06E3D5074B1A78074B57
:10CC40001A70DEE77A5100206D4600206A46002007
:10CC50006846002011520020A945002037470020D7
:10CC60002DE9F74F06460BF06AF95D4B0546B3F820
:10CC7000009018805B4BA0EB09041B78A4B2A34280
:10CC800098BF00234FF000084FF6FF7788BF1B1BAB
:10CC9000544A88BFDBB21370DFF85CB1A9EB000324
:10CCA0000093514B5FFA88F2197891420ED80EB179
:10CCB000FFF744FE4FF6FF739F4200F08A8039462B
:10CCC0004A4803B0BDE8F04FF5F7F0BDBBF80220CD
:10CCD000002A3CD0464B9BF807201878BBF800A0F0
:10CCE000042818D00020BAF1000F08BFA246204443
:10CCF000504523D2BBF80010009B1944ABF800103C
:10CD0000002E4AD002F04802482A46D10021584657
:10CD1000FFF710FF41E00192F6F752FB30F01003ED
:10CD2000019ADFD1FAF792FC324B019AB3F800C0B6
:10CD30008445D7D9ACEB000080B2D4E702F00C00F8
:10CD4000042807D10022ABF800200BF10C0B08F1EE
:10CD50000108A6E7510602F0030C02F008000AD50C
:10CD600008B3BCF1030F21D1BEB140F602415846D1
:10CD7000FFF7FEFC11E040B3BCF1010F25D1120614
:10CD8000F2D44FF4C862ABF800209BF8072022F0E1
:10CD9000030242F002028BF80720BBF80020974202
:10CDA00028BF1746D1E703208445DDD213060ED5F0
:10CDB0000C4B1A780AEB0200844208DA4A44521BF0
:10CDC0000AEB0201ABF80010E7E70120ECE70121D4
:10CDD0009DE7064803B0BDE8F04FF5F703BE00BF7E
:10CDE000B843002037470020384700206C5000200F
:10CDF0006D4600207A5100209E3600202DE9F0413A
:10CE000000250C270A4EDFF830803378ECB2A342BD
:10CE100004D8BDE8F0410748F5F732B907FB0484B0
:10CE2000A01CF5F72DF9201DF5F72AF90135ECE7DF
:10CE300038470020AE4300209E36002070B5002405
:10CE40000C4D0D4E2B78A34208D81B1BDBB22B7068
:10CE50007BB9BDE870400948F5F7C4BD04EB440058
:10CE600040F6024106EB80000134FFF781FCE4B29A
:10CE7000E8E770BD384700209E3600206C50002047
:10CE80002DE9F041002506462F46114CDFF844807D
:10CE900098F80020EBB29A4203D8BDE8F041FFF7C2
:10CEA0004DBD608810F05CFD02300CF0D9FBB04243
:10CEB0000AD16088F8F74CF900230E2118466288E1
:10CEC00003F0C6F9278067800C340135E0E700BF26
:10CED0009E36002038470020F8B5144EDFF854E0A5
:10CEE00035789EF800E0124F05EB4504AE454FEA59
:10CEF000840C07EB840416D0002503F4835343EA23
:10CF00001323A1712272E371608027F80C50A58071
:10CF100006F04AFE33786081013328463370FFF70C
:10CF20009FFE2846F8BD40F60340FBE73847002047
:10CF30009E360020C45100202DE9F04F354B0E469F
:10CF40001C78174685B05CB9B1F90680DFF8CC9043
:10CF5000DFF8CCA0DFF8CCB099F80030A34202D8BB
:10CF600005B0BDE8F08F04EB44050AEB8505A88801
:10CF700000B9688801A913F097FBB27A9DF80E30CA
:10CF80009A4244D1B8F1000F0FDA317A9DF80C20A3
:10CF90003389914209D8204800780844824236DA21
:10CFA000521A1B0A1341D90731D5384613F06BFBCF
:10CFB000BDF80A3004469A0602D5F3889B06CFD501
:10CFC000EB7903F00C03042B08D16888F8F7C0F85C
:10CFD00000236A881946184603F03AF900212846CA
:10CFE000FFF7C6FBFFF7AAFC3846F5F73FFA844285
:10CFF00008D22B7A01228BF80030314600233846C4
:10D0000003F086F8B8F1000FAADA0024A4E701348F
:10D01000E4B2A1E736470020C35100203847002082
:10D020009E3600204147002008B50AF088FF074BD4
:10D030001B88C01A80B2B0F5807F05D9BDE80840D2
:10D0400000210348F5F732BC08BD00BFB8430020FB
:10D050006C5000202DE9F04788B004460D4613F0CF
:10D060001CFA01462046F5F7DFFB10F0030340F001
:10D07000848010F00C0F06D12946204608B0BDE888
:10D08000F047FFF785BC204610F05DFBC10659D480
:10D09000204613F002FA01462046F5F7C5FB074685
:10D0A000204610F05DFC064602300CF0D9FA05A9C6
:10D0B0008046204607F00C0796F806A013F0F4FA15
:10D0C00073780C2F0CBF03270627012113F0010FE3
:10D0D000204618BF0327F5F737FA2B4B81461B78FC
:10D0E000033B012B1DD9BAF1010F1AD94FF6F77383
:10D0F000984502D8337A1F2B13D9301D0CF0B0FAA3
:10D10000F179824611F010FB06465046F7F772FBA4
:10D11000DEB173685A1C04D0834340F6024308BF53
:10D120001D461A4B1B88A34212D1B5FA85F040095F
:10D13000FAF774FD204610F034FB00220146072068
:10D140000BF053FD08B0BDE8F08740F60245E8E774
:10D1500006F02AFD82464846F5F788F90646484615
:10D16000F5F768F9F6B20290424639462846CDE90D
:10D1700000A605AB0BF0C2FDDCE7012BE2D110F0FD
:10D180000C0FDFD178E700BF6D460020AE430020D2
:10D19000002210B5094B1C78094BD1B28C4201D842
:10D1A000002010BD197A814202D19979022902D05A
:10D1B0000C330132F1E70120F3E700BF38470020CC
:10D1C0009E3600200146002210B5084B1C78084B03
:10D1D000D0B2844201D8002010BD187A884202D112
:10D1E00098790128F8D00C330132F1E73847002054
:10D1F0009E360020002210B40A4B1C780A4BD1B294
:10D200008C4203D85DF8044BFFF798BB197A814232
:10D2100005D19979012902BF0021198059800C3369
:10D220000132ECE7384700209E360020024B187888
:10D23000003818BF0120704738470020044B1B6896
:10D2400013F0300F03D02021302012F0F9BA7047CC
:10D2500028270020002310B5044608491A4601EA91
:10D2600000414FF07F60FEF75BFFE30703D500212D
:10D27000302012F0E5FA002010BD00BF0000720758
:10D28000044B5B8823F4784323F08D030380002054
:10D29000704700BF2827002008B500220346C3F8C6
:10D2A0000220C3F806200B4A02301268D1B212F0F5
:10D2B000200F18BF41F010011980930701D4FEF729
:10D2C000A5FF054B1B78023B032B8CBF17200020CA
:10D2D00008BD00BF282700206C46002038B5054651
:10D2E0000C46FDF723FB98B10E4B187878B10E4B26
:10D2F0001B681A040FD58CB113F0420F00D17DB119
:10D3000003F44073B3F5407F0CBF0020232038BDE9
:10D3100040F60840FBE740F60B40F8E72046F6E70A
:10D320002320F4E76846002028270020F0B50446B3
:10D330008DB007A80D461646E3F74EFE10220021D9
:10D3400003A80DF000FD5CB1234603AC03F1100708
:10D35000224618685968083303C2BB421446F7D105
:10D36000012703A986EA070307A88DF81C708DF82A
:10D370001D30E4F717FA80EA070401A8E4B2E3F7E6
:10D38000FFFEB6B101A88DF806500BF062FF64B144
:10D39000002303A907A88DF81D300BF0CDFE0C4B20
:10D3A0001B78432B01D1F7F777FB0A4B1D700DB0AB
:10D3B000F0BD01A88DF807500BF04BFF002CF6D004
:10D3C00003A907A88DF81D700BF0B6FEEFE700BFAC
:10D3D0006C46002067460020F0B5012593B0074653
:10D3E0000DA80C46E3F7F8FD05A90DA8ADF83450DB
:10D3F0000BF0C1FE01A8E3F7C3FE09A90DA88DF843
:10D4000035509DF806600BF0B6FE0DA89DF807504C
:10D41000E4F782F970BB731BDBB2802B28D91FB1F4
:10D42000A64225D0A54223D105A90DA80BF084FE64
:10D4300003A8E3F7A5FE03A88DF80F600BF009FF22
:10D440000122294609A8FFF771FFF7F7DBFB01214D
:10D450004FF4007003F0C6FEFDF752FAB0F1004F32
:10D4600001D9FDF753FA044B18780BF065FC012045
:10D4700013B0F0BD0020FBE76746002070B50E46F4
:10D48000144605460320FFF76DF946F004022946CD
:10D4900020460BF0B5FE0022014B1A6070BD00BFA4
:10D4A00024270020F0B587B0078805461022002108
:10D4B00002A80DF048FC3B4B1B78002B6FD1B80540
:10D4C00057D407F08403842B5CD0374C12F099FAC0
:10D4D00017F4045F276005F102061CD0BA040AD5D0
:10D4E000304605F0E3FB00284AD1236823F40053BB
:10D4F00043F480732360304612F090FA00283ED146
:10D500000BF056FC18B9236843F48033236023687A
:10D5100043F0200323602268334642F4004112F0B6
:10D52000400218BF05F1230247F2FF102160FEF709
:10D53000F7FD0DF10600FFF7A3FE236813F4805FEB
:10D54000BDF8063022D043F02003ADF80630BDF818
:10D550000600FFF77FFE23689B0506D5012295F89C
:10D56000221005F11200FFF7E1FE00200F4B1860BA
:10D5700006E005F1120012F051FA0028A1D029208E
:10D5800007B0F0BDB907A0D52320F9E723F02003A9
:10D59000ADF80630FDF7BAF9FEF7A0FBD7E7022099
:10D5A000EEE700BF6C46002028270020242700203B
:10D5B00008B5054B1B7833B1FFF740FEBDE80840C6
:10D5C0000248FEF73FBE08BD68460020FA4600202C
:10D5D00010B5154B1B78D3B1144B1B78033B012BB3
:10D5E00015D9002012F042FD044698B1E3F71EF869
:10D5F000237913F0300F0AD148B1012803F0CF028C
:10D6000006D0811E4B424B415B011343237110BD79
:10D610001023FAE7F6F7FEFE0028F8D02146204650
:10D62000BDE8104004F08CB9684600206D4600202B
:10D6300008B510F066FD054B18B91868C0F38000F6
:10D6400008BD1868C0F30050FAE700BF2827002083
:10D650002DE9F047064689461046002188B0154658
:10D660009846F5F7E1F8102807460AD8684B0341B9
:10D67000DB0706D4C8F340049DB9002008B0BDE81C
:10D68000F087644B1C78002CF6D0FFF7D1FF002800
:10D690000CBF4FF4F0744FF4D074FC4004F001045C
:10D6A000EAE7002318F0010F1A4629464FF005005B
:10D6B0000CBF4FF0080A4FF4027A0BF094F80028E0
:10D6C000DBD0C8233246009351460023284606F09B
:10D6D0000BF9ADF80E000028CFD018F0080A4AD197
:10D6E0004FF6F773A7F10F02D2B29E428CBF092307
:10D6F0000123012A01D843F04003474A8DF8103036
:10D700001378591C11708DF81130002C4FD09DF8F2
:10D710001030052F43F020038DF8103033D03F4BED
:10D720001D78002D5AD04FF6F77300259E424FF01A
:10D730000F0248D9012304A90DF10E00F4F7D0FF20
:10D7400000289AD1002C4DD1BAF1000133463A4657
:10D7500018BF0121BDF80E00CDF800900BF011FFAD
:10D76000ADF80E00002888D018F0040F4DD03146D7
:10D7700011F007FA82E749460DF10E0005F058FA5C
:10D780000028ADD179E70121BDF80E00F4F7DCFEE9
:10D790000121F5F749F80123834013F0620F1CD1F2
:10D7A0001E4B1B78E3B14FF6F7731825BEE71B4BF2
:10D7B00025461B780222002BBCD04FF6F7739E4201
:10D7C000B8D8052FB6D0BAF1000FB3D19DF81030FC
:10D7D00043F040038DF81030ACE710250F22A9E785
:10D7E0001825FBE7BAF1000F0AD002234A46009041
:10D7F00029460DF10E00FEF7BFFA0028A4D03CE741
:10D8000041235246CDF800A0F2E711F0A4F935E724
:10D810009FFEFEFF68460020694600205A46002011
:10D820002DE9DF431E46144B80461B680F469B07BD
:10D8300091460A9C1BD4204614B10BF08AFEC0B25C
:10D840000622CDE902403B460020CDE900890B4984
:10D8500010F014FB024650B10021002E0CBF012332
:10D860000323084604B0BDE8D043FFF7F1BE002013
:10D8700004B0BDE8D08300BF282700206F6C0408E7
:10D880002DE9F04F8DB081468A461F4693469DF89C
:10D890005C803AB903A8FEF7B9FCB0BB00200DB01C
:10D8A000BDE8F08F154600222321104610F0B9F88C
:10D8B000ADF80A000028F1D0F4F7BCFD05230446BA
:10D8C00018F0100F00F8023B677020D011220021E1
:10D8D0000DF039FA04F11306032F4FF0080237D187
:10D8E000594630460DF015FAC8F3801306F10905C4
:10D8F00033720BF02AFE00283ED000232B706B7091
:10D900000123033505F8013C36E003ADCBE70126E2
:10D91000102216990DF0FDF906FA07F313F0620FC5
:10D9200002D104F11206D7E707A8E3F755FB05A8D3
:10D930008DF81C60E3F724FC9DF8162018F0200FEA
:10D940009DF8173008BF134604F11306A374C3E70C
:10D95000514630460DF0DDF9012306F10802121B95
:10D9600028460093BDF80A10082392B210F0A6F9D9
:10D97000042F06F11005BCD02D1BA9B20DF10A0031
:10D9800010F083F9002889D118F0040F0BD0484615
:10D9900003F0BAF8FF281FBF074A32F8103023F40B
:10D9A000804322F81030434651464846BDF80A20CD
:10D9B000FFF74EFE73E700BFF242002070B503266A
:10D9C00090B08DF8076010F09CFB18B90224204637
:10D9D00010B070BDF5F748F90028F7D002AD284621
:10D9E000FEF714FC0028F1D01B4B1C6814F0020455
:10D9F000ECD140F20F43194AADF82430136804A863
:10DA0000CDF826305368CDF82A30E3F7E5FA95E8EB
:10DA1000030005AB83E80300062304A88DF81D303E
:10DA20008DF81060E3F704FE01210DF12E020DF1D7
:10DA30000700E3F767FD22461A2109A80FF0F1FF5E
:10DA4000024608B91924C2E7012329462046FFF7F8
:10DA5000FFFD0028BBD1F5E728270020FA4600206B
:10DA60002DE9F04F06460F46002199B01F2210A85D
:10DA700003930F910DF067F9304612F00EFD014649
:10DA80003046F4F7D1FE8DF81B0030460FF068FFEA
:10DA90009DF81B3045788146C5F340059806304611
:10DAA00048BF45F0020512F0EEFD04463046F4F79B
:10DAB000DDFC0023001B5FFA80FA00935346232B02
:10DAC00028BF2323224631460FA810F0F7F800287C
:10DAD0003ED19D4B9DF83C801B789DF83DB0002BBE
:10DAE00039D0FFF7A5FD00280CBF4FF4F0734FF4B9
:10DAF000D07323FA08F3D9072DD5AA072BD4B8F190
:10DB0000080F22D1BBF1040F22D1FAF767FDF8B953
:10DB10002246314605200DF11B030AF050FEB8B134
:10DB2000A8F10508B8F10D0F12D8DFE818F02800A9
:10DB3000A001C701EC01F201110011001100110058
:10DB4000F8019902A502D302D302B8F1050F08D05B
:10DB500019B0BDE8F08FB8F1100F05D1039B002B71
:10DB6000F6D0FAF73BFDD3E7FAF738FD0028CFD01F
:10DB7000B8F1050FCCD0B8F1110FC9D0E8E7BBF16F
:10DB8000050FE5D830460FF04EFE059009F1020072
:10DB90000BF066FD81460DF11E00FFF771FB0123BE
:10DBA0009DF83D70BB4013F06203039305D0BDF8B0
:10DBB0001E309B0701D5AE07CAD510F0A2FA002887
:10DBC000C6D0FAF70BFD08B9002DC1D00DF13E0A01
:10DBD000504611F023FF039B0490BBB1032F9DF827
:10DBE0004EB01AD10DF14F0410F08BFA814540F080
:10DBF0001781032DACD19DF856105246003918BF3D
:10DC000001210DF14E000BF0FDFCA1E7032FDDF823
:10DC10000CB07BD10DF14E04E6E74C4B1B689C0722
:10DC200029D5FF2208210DF1570010F0ADF98046EB
:10DC300008BB034601460DF157020220FEF770FAB9
:10DC400010F05FFA81450DF157060DF14F0422D017
:10DC50004FF6F773994540F2E880002208212046EC
:10DC600010F092F9002800F0E0800022594650465A
:10DC7000FFF75CFB6CE70DF157060DF14F043046E2
:10DC800011F01AFE002846D010F03BFA814540F012
:10DC9000C8804FF000082046F5F7F2FC002800F09D
:10DCA000C080012F58D0042F7FF452AF11F027FE0F
:10DCB00010B1032D7FF44CAF049B002B7FF448AFD1
:10DCC000324602215046FFF7D9FB214B1B7863B146
:10DCD000FFF774FEFEF740FD022806D10120FEF793
:10DCE00035FD01210846FEF7ADFB1A4B1B78022BD0
:10DCF0001FD1032130460BF021F8FEF72DFD014620
:10DD000000287FF425AFFEF79DFB21E70DF15606B5
:10DD10000DF14E04B3E70F4B1B78432B7FF418AF84
:10DD2000012F7FF415AF10F0ECF9814579D1B84699
:10DD3000B1E7412B7FF40CAF044B1B6858057FF50E
:10DD400007AFF8F7C9FB03E7684600202827002043
:10DD5000284700206C460020BB4C2378022B22D0A1
:10DD60002378412B3FF4F4AE049B33B9FAF736FC29
:10DD7000594602465046FFF7D9FAFAF72FFC002819
:10DD80003FF4E6AE11F0BBFDB04F98B13B681A0509
:10DD900002D42378432B0DD1AB070BD440F61A40A5
:10DDA000F7F7E6FAD4E611F0AAFD0028D8D0A907C3
:10DDB000D6D4CDE6386810F0020002D1059903F000
:10DDC000BFFD2378112B16D13B685C0513D50020CD
:10DDD000FEF74EFB044600287FF4BAAE10F01CFD9F
:10DDE00040F61C40F7F7C4FA21462046FEF72AFB0E
:10DDF000F7F7CAFAACE6A80701D5FFF71FFAB8F1A2
:10DE0000000F9ED00AF0D4FF18B94FF4803111F002
:10DE100017FD00228E4B30461A6011F044FD90E74A
:10DE20000026039B002B7FF413AF4FF6FF732046B1
:10DE300008A9ADF82030F5F767FB20B1204610F0B7
:10DE40003BF9ADF820004FF6FF73BDF82000984273
:10DE50003FF47EAE049B3246002B0CBF04231523F7
:10DE60002146CDE900A33B46FFF70AFD70E610F01E
:10DE700048F900287FF46CAE764B1B78002B3FF4FA
:10DE800067AEA90704D4714B1B689A013FF560AED9
:10DE9000BAF10C0F0DF1450094BF002412AC0BF049
:10DEA000DFFB02469DF8470003283FF651AE394696
:10DEB00000940DF13D0304F03BFC49E60DF13D00FB
:10DEC000F5F7DEFB28B1022239460020FAF71EF8EA
:10DED0003EE6614B1B78013B012B3FF639AE0DF15D
:10DEE0003D0002F0BFFD4FF6FF739842044606D195
:10DEF0000DF13D0010F0E0F8A0423FF429AE002102
:10DF0000FAF714F924E62A4638460FA904F00EFD64
:10DF10001EE69DF83D100120FFF75EFA18E64E4B15
:10DF20001B78013B012B3FF613AEEB077FF510AEDC
:10DF30000DF13D0002F096FD4FF6FF739842054645
:10DF4000804673D10DF13D0010F0B6F8404505460E
:10DF500007466BD10DF13D00F6F73CFAB842054695
:10DF60003FF4F6AD3046F4F781FA00220934E4B20A
:10DF7000071BFFB2394610460FF053FDADF81C00E9
:10DF800000283FF4E5AD4FF0010900232A4608219F
:10DF9000CDF8009005F0A8FCADF81E0000283FF475
:10DFA000D7AD2146304612F045FB4FF0000A8046BF
:10DFB0001622514609A8CDF820A00CF0C4FE434615
:10DFC00022463146CDF800A008A80FF077FE4B4658
:10DFD000424608A90DF11E00F4F782FB00287FF4E9
:10DFE000B7ADA7EB0807FFB2394607A80FF04DFE03
:10DFF000284602F089FDFF2818BF184A444418BF7C
:10E0000032F81030E4B21CBF23F4804322F8103001
:10E01000BDF81C0023463246002100970FF083FE16
:10E020002946BDF81E0010F0ACFD91E5284602F02F
:10E030006BFDFF28074695D0F6F78AFC002891D0A3
:10E04000384603F091F98DE76C4600202827002020
:10E0500024270020684600206D460020F242002060
:10E060001E4B1B78013B012B3FF672AD2A4638460A
:10E070000FA9FCF7DDF96BE5194B1B78022B20D1BA
:10E08000002F7FF465AD08A8FEF7C0F800283FF424
:10E090005FAD144B1F709DF83D30002B14BF6424FE
:10E0A0006524FEF759FB032806D138463946FEF7AA
:10E0B000C9F93846FEF756FB214608A80AF03EFE8D
:10E0C00046E5043B012BDBD938460BF050FA00281B
:10E0D000D6D13DE530460BF04CFA39E56D460020CF
:10E0E0006C460020284700202DE9F34105460E46E6
:10E0F0001746984611F003FC044640B101233A4606
:10E1000031462846CDF80080FFF78AFB044611F01F
:10E11000F6FB30B1FFF78CFA78B10A4B1B689B0114
:10E120000BD400233A4631462846CDF80080FFF74D
:10E1300077FB002C0CBF0446012404F0010002B060
:10E14000BDE8F0812827002070B58AB005A8E2F765
:10E1500043FF022301AA15468DF81430084B03F142
:10E160001006144618685968083303C4B34222469F
:10E17000F7D1294605A8E3F715FB0AB070BD00BF2B
:10E18000756C0408014B1878704700BF12520020CC
:10E19000014B1870704700BF12520020014B1888C5
:10E1A000704700BFA45100204FF6FF732DE9F043E4
:10E1B000994280460D4685B00BD000274FF6FD7979
:10E1C0001C4EE2F703FAFCB2A0420BD84FF6FF70E8
:10E1D0001DE0F5F755FA0028EFD005B0BDE8F04393
:10E1E0000FF08FBF36F814304B4517D869462046DC
:10E1F00011F018FC082241460DF105000CF079FDE4
:10E200004FF6FF7360B99D4204D136F8140005B093
:10E21000BDE8F08326F8145011F081FB0137D0E7F8
:10E220009D42FBD036F81430AB4208BF26F814905C
:10E23000F4E700BF4E3B00202DE9FF4706460F469E
:10E2400000254FF6FD79DFF83C80DFF83CA0E2F7CF
:10E25000BDF9ECB2A04202D804B0BDE8F08738F8AE
:10E2600014304B450CD86946204611F0DBFB0822E0
:10E2700031460DF105000CF03CFD08B90AF80470B8
:10E280000135E4E74E3B0020CB450020014B33F83D
:10E29000100070474E3B0020F0B5064600250D4F9C
:10E2A00085B0E2F793F9ECB2A04201D805B0F0BD19
:10E2B00037F81430B3420BD16946204611F0E9FB20
:10E2C0009DF80030022B1CBF4FF6FD7327F8143069
:10E2D0000135E6E74E3B002030B585B004460D46DB
:10E2E000E2F774F9A0420FD9084B33F814204FF627
:10E2F000FD739A4208D86946204611F0CAFB2946A8
:10E300000DF10500FFF750FF05B030BD4E3B00207A
:10E3100030B585B00446E2F759F9A04219D9204634
:10E32000FEF736FF0546B0B96946204611F07AFB84
:10E330009DF800302BB1694620468DF8005011F051
:10E340008DFB4FF6FF720020044B23F8142005B01C
:10E3500030BD2820FBE740F60440F8E74E3B0020A4
:10E360002DE9F0410B7805460E461BB9BDE8F0419A
:10E37000FFF7CEBFE2F72AF9A84231D92846FEF7C7
:10E3800007FF78BB374617F8058B4FF6FF71384605
:10E39000FFF70AFF0446384600F01EFAB0FA80F094
:10E3A0004009B8F1000F15D0B8F1030F15D04FF6A2
:10E3B000FF724FF6FD73944208BF1C460B4B31466B
:10E3C00023F815400A4B5855284611F047FB00200A
:10E3D000BDE8F0814FF6FF74F0E74FF6FE74EDE70D
:10E3E0002820F5E740F60440F2E700BF4E3B00204E
:10E3F000CB4500202DE9FF410D4604464FF6FE783F
:10E400000F4F0E0AE2F7E2F8A04204D8FF2420469C
:10E4100004B0BDE8F08137F8143043450CD16946AB
:10E42000204611F0FFFA9DF80520EBB29A4203D185
:10E430009DF80630B342EAD00134E4B2E2E700BF0F
:10E440004E3B00202DE9F04F0C461746984600251C
:10E450004FF6FD7B87B09DF840A0DFF85C900190FF
:10E46000E2F7B4F8EEB2B04201D8FF2616E039F870
:10E4700016205A451ED8304602A911F0D3FA3FB9EA
:10E480009DF80920424515D19DF80C20524511D127
:10E4900044B939F81620019B9A420BD1304607B097
:10E4A000BDE8F08F082220460DF10D010CF021FC93
:10E4B0000028F3D00135D3E74E3B002010B51446B9
:10E4C00011F0B0FA2046BDE81040082201490CF0D6
:10E4D00020BC00BFFA4600202DE9FF47074615463D
:10E4E0000846082224491E460CF003FC0446002876
:10E4F0003FD14FF6FF7ADFF88490E2F767F85FFAD2
:10E5000084F840450BD885B338460AF0E0F9012578
:10E510000C9B18700120357004B0BDE8F08739F805
:10E52000183053451FD06946404611F07BFA7A787F
:10E530009DF801309A4216D17A88BDF802309A428D
:10E5400011D13A799DF804309A420CD108220DF18C
:10E550000501781D0CF0CDFB28B9002DD7D1404620
:10E560000AF0CBF9D3E70134C7E7FF200AF0C5F979
:10E57000CEE70020D0E700BFFA4600204E3B002047
:10E58000F0B50025154E164F85B0E2F71FF8ECB236
:10E59000A04201D805B0F0BD6946204611F042FA0C
:10E5A0009DF80030032B06D90023694620468DF8DC
:10E5B000003011F053FA9DF8002062B14FF6FD7360
:10E5C0004FF6FE71032A08BF0B4626F814300023CD
:10E5D00001353B55D9E74FF6FF73F6E74E3B002078
:10E5E000CB450020F8B50E4604464FF6FF770C4B9E
:10E5F0000C4D1B7803EB430305EB8305A54202D8C2
:10E6000000242046F8BD2388BB4206D008223146AC
:10E61000A01C0CF06EFB0028F3D00C34EEE700BF1A
:10E62000C65100209E390020044BFF211A7804486F
:10E6300002EB420292000CF086BB00BFC6510020E4
:10E640009E390020F8B504460C4B0D461B78104649
:10E65000A3420DD90C27022117FB04117C43084E5D
:10E66000082231440CF055FB335B00202B80F8BDB1
:10E670000023136053604FF6FF73F6E7C651002086
:10E680009E39002038B504464FF6FD75FFF704FEAD
:10E690000022084B1878084BD1B2884200D838BD08
:10E6A00033F80C1C0132A14208BF23F80C5C0C3378
:10E6B000F2E700BFC6510020AA39002070B5054618
:10E6C0000E460846FFF7DEFF31462846FFF76CFD91
:10E6D00029460648FFF786FF00B970BD044624F8B6
:10E6E0000C6B11F01CF929462046F3E79E390020F7
:10E6F00010B5082286B0234904460CF0FAFA20B976
:10E7000006B0BDE810400FF0FCBC082220461E49B0
:10E710000CF0EFFA20B91D4BB3F8680006B010BD3D
:10E720000023012221464FF6FF700093FFF78AFE77
:10E73000FF2806D0164B33F810004FF6FB739842B3
:10E74000ECD903A8FEF7A8FD58B9BDF80C305B065C
:10E7500007D5082221460DF10E000CF0CAFA002858
:10E76000DCD021460B48FFF73DFF40B14FF6FB726E
:10E770004FF6FF730088904288BF1846CEE74FF6E9
:10E78000FF70CBE7FA4600200E340020A4330020AF
:10E790004E3B00209E39002070B5002204464FF603
:10E7A000FB7608460A4B1D780A4BD1B28D4201D840
:10E7B000002009E01988B14207D8A14205D10822FA
:10E7C000991C0CF0A6FA012070BD0C330132ECE765
:10E7D000C65100209E39002037B5014605460E4837
:10E7E000FFF700FF044640B1807A294611F075F921
:10E7F00080F00100C0B203B030BD0346009001229A
:10E8000029464FF6FF70FFF71DFEFF2816BF034B8A
:10E810002046185CE9E700BF9E390020CB45002068
:10E820002DE9F341224B04461B780F4683421546DF
:10E8300038D9FEF7C7FCB8BB4FF6FD739D421D4E9D
:10E840000ED004EB440326F823504FF6FF739D428D
:10E850001FD12046FEF7CEFC002002B0BDE8F081BB
:10E860000DF106013846F4F74FFE4FF6FF72BDF882
:10E8700006303846934218BF1D460C236343F552B9
:10E8800006EB0308FFF7A8FFB0FA80F0400988F80C
:10E890000A000C2303FB04600822394602300CF006
:10E8A00038FAD9E72820D8E740F60540D5E700BF79
:10E8B000C65100209E39002038B504460D46FFF7AA
:10E8C000BBFC21460448FFF78DFE00B938BD8572B8
:10E8D00021460C30F7E700BF9E3900200023074A8D
:10E8E0001370074A1370074A118801B11380064B51
:10E8F0001A880AB100221A80704700BF3A470020E8
:10E9000039470020BE430020BC4300202DE9F04FD2
:10E910004C4C9846238889B005900F4610469DF8C8
:10E9200048A05BB952B10FF0EFF920804FF4FA61C3
:10E93000454809B0BDE8F04FF3F7B8BFDFF81C91C8
:10E94000B9F80050002D69D02846F3F78FFDC0F3C9
:10E9500047042846F3F76EFDDFF804A10294BAF8E5
:10E960000030DFF800B10193BBF80030054600939A
:10E9700000224346012035490FF080FAADF81E0011
:10E9800010B305EB44080124454512D1E4B9BDF8A4
:10E990001E50CDB12E4B1B782BBB2B460022394687
:10E9A000059800F049FA0023ABF80030AAF80030CF
:10E9B0000AE0012329461A460DF11E00F3F790FEE6
:10E9C000023504460028DFD00023224AA9F800308F
:10E9D0001378013BDBB21370002BA7D109B0BDE85F
:10E9E000F04FFFF77BBF0FF006FB01462846F3F719
:10E9F0001BFF0A2180462846F3F716FF0646A6426B
:10EA000002D8FF2CCFD1C8E7284604F10B01F3F759
:10EA10000BFF8045C1D80134E4B2F0E70E4C2378F7
:10EA200023B904F0F5FD08B901232370524641468D
:10EA30000520F5F73DFA0028D0D1207009B0BDE8D7
:10EA4000F08F00BFBE4300208C500020866C04086D
:10EA50003B4700203A47002039470020BC430020B4
:10EA60003C4300203E43002030B5154D87B02C8834
:10EA70009CB923464FF4A07248F2380103A811F064
:10EA80000FF9214620460FF0BAFF22460D4B0094A5
:10EA900003A9FFF73BFF07B030BD20460EF060FF33
:10EAA00004300AF0DDFD03A90446288811F0FCFDBE
:10EAB0000023009320462A8803A900F08DFBEAE793
:10EAC000BE43002000F8FF0737B5002001A90FF072
:10EAD00096FF0D4C014623780C4D7BB10C4B019AEF
:10EAE00018780FF0ABFF2078F7F71CF8002323709D
:10EAF0002B700848F3F776FF03B030BD2B78002B5E
:10EB0000F7D0FFF7B1FFF4E73D4700203A47002078
:10EB10003C4700208C50002008B50548F3F7B0FAB8
:10EB20000448F3F7ADFABDE808400348F3F7A8BA84
:10EB3000BE430020BC430020BA4300202DE9F04F23
:10EB400089B089460446CDE905239DF84870139E97
:10EB500030B316F801ABBAF1000F23D00AF1FF343D
:10EB6000A400E4B2314601200AF08EFDC00E1BD194
:10EB7000DFF844B1314601200AF086FD9BF80050D1
:10EB800034442279BDB1002F47D180234846CDE9D6
:10EB90000277CDE90077414A059900F04DF93CE054
:10EBA0008246DFE75446DDE71B28ECD931460120D9
:10EBB0000AF06AFDE7E7DFF80481FF2A00EA0808A7
:10EBC0000BD14246E379A179607901EB032189B247
:10EBD00009B0BDE8F04F0FF031BF314909688B072C
:10EBE0000AD5FE2A3AD101230135EDB2202D4FEA94
:10EBF00043030AD1FF250AE02946284607920FF071
:10EC0000FEFE4845BFD1079AEBE79845ECD1254B6E
:10EC10001B78FF2B04D0AB4204D009B0BDE8F08FC5
:10EC2000FF2DFAD00020F2F749F9A842F5D0294685
:10EC30000020F2F749F90028EFD09BF80030647902
:10EC4000002BEAD1FFF74AFE17484FF41051F3F7B3
:10EC50002DFE164B8BF800501C70DEE7052A92D86B
:10EC6000BAF1010F8FD8B8F1000F8CD0002FD4D19A
:10EC70007379002BD1D00E49098821B9082B28BF00
:10EC800008230C490B70434648461292DDE90512F1
:10EC900009B0BDE8F04FFFF739BE00BF866C04082D
:10ECA00028270020135200208C5000203C470020D1
:10ECB000BE4300203A4700203D47002000F8FF07F0
:10ECC000014B1880FFF7D0BEBC43002037B5184B6E
:10ECD0001B78022B03D01725284603B030BD002136
:10ECE0000DF10700F4F74CF805460028F3D1114B5D
:10ECF0001B78013B012B01D90225EDE7F3F7AEFFAD
:10ED00000028F9D009F0A8FF0446F3F7A7FF0A4B43
:10ED10004FF47A7118700B23B4FBF3F203FB124427
:10ED20000A34A4B261430548F3F7C0FDD4E700BF3D
:10ED30006C4600206D4600205D46002054260020D1
:10ED40002DE9F043384B00241E784FF4F813374F69
:10ED5000A5B003933D78ADF81040F6F78FFFBDF9ED
:10ED60000E30ADF81200A342ADF8144006DB304B74
:10ED70001C780134E4B21C7044F080048DF82C40FF
:10ED8000A94602244FF000088DF82D60B14529D323
:10ED9000002221460BA83D708DF82D800EF041FE1B
:10EDA000E8B1B8F1000F09D000234FF6FC71CDE9AE
:10EDB000000303AAFF230620FBF7DCFFB5422FD296
:10EDC00009F04AFF0B23B0FBF3F24FF47A7102FB18
:10EDD00013000A3080B241431648F3F767FD25B0AF
:10EDE000BDE8F083484606A902F0E4FA98B9512C30
:10EDF00011D804F190030DEB0302083406AB013582
:10EE000008F1010803CBE4B242F8640C42F8601C3C
:10EE1000EDB25FFA88F809F101095FFA89F9B5E7FF
:10EE20000448F3F7DFFDDAE75D4600205E46002088
:10EE30003F470020542600200CB42DE9F04F8BB042
:10EE400014AA0E4652F8041B07460992002940F006
:10EE50008F80BDF85400ADF82200002800F0A1809A
:10EE600033794FF6F778002B40F0868047458CBF0A
:10EE70004FF009084FF008084C4B1C78FF2C40F06D
:10EE80008380B6F90230002BA9BF494B347A1C7835
:10EE90000134A2BFE4B21C7044F08004DFF81CB15E
:10EEA00022460021F3F7D4FC9BF80030BDF8220085
:10EEB000002B6CD0DFF808A14FF00009BAF8003041
:10EEC0000793F3F7D3FA0546BDF82200F3F7B2FA39
:10EED000EBB2CDE90193FF23CDE90309009322466C
:10EEE000334639460798FCF7DFF84FF6FF730546BF
:10EEF0008BF80090AAF80030382D33D132463946CD
:10EF000040460DF122030AF03AFB00284BD04FF6A1
:10EF1000F7739F4226D8B6F902307088002B21DAA9
:10EF200048F204022349244B4FF00008904214BFDA
:10EF3000894699460FF0E5F8494603468A220120A2
:10EF4000CDF800800EF09AFF814658B12246414626
:10EF5000F3F77EFCFF23324639464046CDE9009860
:10EF6000FBF708FF28460BB0BDE8F04F02B0704732
:10EF700001200EF046FF6EE7002347458CBF4FF09F
:10EF800006089846337177E7FF221A7086E7CDE9C5
:10EF900000033246FF2339464046FBF7EBFE0546A9
:10EFA000AAE71925DEE70546DCE700BF1552002079
:10EFB0003F470020976C04088C6C04083E470020F3
:10EFC000C043002070B54FF40033002405461646B8
:10EFD00088B0ADF81A100DF10F0204A90593ADF831
:10EFE0001840ADF81C4004948DF80F400AF09EFACA
:10EFF0009DF80F3028460193049B044A009305A90D
:10F000003346FFF719FF08B070BD00BF906C0408CD
:10F0100030B54FF48035002487B00395BDF82850F3
:10F02000CDE900128DF81030074A034603A9BDF858
:10F030002C008DF81140ADF81250ADF81440FFF7D8
:10F04000FBFE07B030BD00BF656D0408B1F1006F75
:10F050002DE9F04314462CBF392238228BB01D46CF
:10F060004FF00003ADF81E204FF480022CBF4FF08C
:10F0700001099946FF2C0646ADF81C300892ADF800
:10F0800024304FEA11471FFA81F80FD10FF0CBFC63
:10F09000B9F1000F19D1154ACDE9020543463046B2
:10F0A000CDE9007407A9FFF7C7FE1AE0FE2C0AD1CC
:10F0B0000FF0B9FC0130C0B20FF0CFFCB9F1000F76
:10F0C00012D00B4A02E0E8B2F8E70A4ACDE903059C
:10F0D00001233046CDE90174CDF8008007A9FFF780
:10F0E000ABFE0BB0BDE8F083034AD5E7946C04088F
:10F0F000636D0408936C0408646D04084FF498125F
:10F100004FF0806310B586B0CDE903230023ADF83E
:10F1100014300EF0F6FF0446F6F7B0FD054B0190F3
:10F120000093054A234603A94FF6FD70FFF784FEBE
:10F1300006B010BDFA4600209A6C040830B50024D1
:10F140004FF4806587B0CDE900128DF81030084A81
:10F15000034603A94FF6FD708DF811400394ADF8F6
:10F160001250ADF81440FFF767FE07B030BD00BF86
:10F170009E6C040870B515461E464FF498124FF069
:10F18000806386B0CDE9032300230122ADF814305B
:10F190000D4B04461A700D4B1880084661B1FBF701
:10F1A000D3FD2346CDE90056094A03A94FF6FD7069
:10F1B000FFF742FE06B070BD064B8DF816101970B1
:10F1C0000223ADF81230ECE73E470020C043002098
:10F1D0009A6C0408155200202DE9F04F9BB00E46A2
:10F1E00005460EA91046CDE90A329DF8907010F040
:10F1F000AFFCBDF838A080465046F3F737F9B6F9B2
:10F2000002300446002BB6F80690B6F802B004DAD5
:10F210000022B24B1A70002049E05046F3F726F95D
:10F220004045F5D3A4EB0804E3B2002F18BF4FF418
:10F23000A079152B099328BF15230024013308F169
:10F24000FF325146DBB292B2009414A80EF036FDA4
:10F250006FEA4B436FEA5343A1499DF85020086879
:10F260004968ADF846300FAB03C3ADF84840ADF880
:10F270004440ADF84A90ADF84C20BBF1000F24D1CA
:10F280000DF15100F4F7FCF9A0B10EF03AFF5C4625
:10F2900006460DF1590A0DF151030A9A9AF80080B9
:10F2A000012A2DD157B384F0010404F001001BB0F2
:10F2B000BDE8F08F0DF1510001F0D4FB4FF6FF7463
:10F2C000011B4C4206464C41E3E7BBF1010F40F005
:10F2D0009480BDF851600EF014FF86420AD030468B
:10F2E0000FA910F018FD80F00104E4B20DF1530AEB
:10F2F0000FABD2E77B4B0DF1530ACEE70A9CD4E764
:10F3000097B3002C75D1B8F1010F72D837D10EF038
:10F31000F8FE0EF0F6FE224606469AF80170714B92
:10F3200000210120CDE9006102976F490EF0A6FD92
:10F33000ADF83A0000285CD0002C53D1B8F1010F91
:10F3400050D12646DFF8B8A19AF800305FFA84F869
:10F35000434538D9404601F067FCC20702D5BFB12A
:10F36000013FFFB20134EFE7B8F1010F05D1002CE6
:10F37000CDD081229AF80170D2E7002CF9D1B8F1F2
:10F38000010F94BF002201229AF80170D201C7E751
:10F39000404601F037FB0123ADF8340002220DA9ED
:10F3A0000DF13A00F3F79CF918BBBDF83A00F3F7FA
:10F3B0005DF88046484610F004F908F1010801366E
:10F3C0008045F6B2CEDBB6B132460C21BDF83A002C
:10F3D000F3F73EFA00222846BDF83A3011A9FFF7AC
:10F3E0002BFD06E00C210DF13A000EF04EFC00283A
:10F3F000F0D001205BE70D21F5E70A9B002B7FF49D
:10F400000AAF7388342B57D1099B092B7FF403AFC4
:10F41000002F7FF400AF9DF959603A46B4100821DF
:10F420000DF1510004F020040EF0AEFDD0B12F4BD1
:10F430001B78012B3FF4EFAE022B27D12C4B1B681E
:10F4400013F0807F25D12A4B1B685B0201D5002E6B
:10F4500030DA00232846274A11A9FFF7EDFC264B96
:10F460001C70D8E60DF15100F4F70AF90028DED13E
:10F470000DF1510001F0F6FA4FF6FF73984208D0F3
:10F480002146F8F753FE034618B903E0033B012B6E
:10F4900006D9C8232846174A11A9FFF7CDFCBAE6BA
:10F4A000164BB3F86830AB42CDD0114B1B6813F04C
:10F4B000805FC7E78D23EDE7099BCDE905920493B3
:10F4C0000DF15103CDE9028331462846CDE9007A9A
:10F4D0000B9B11AA00F074F89DE600BF3247002094
:10F4E000E8270408FA460020A26C04086D460020B4
:10F4F000282700200F6D040814520020A433002098
:10F50000D4510020024B187840F08000704700BFB3
:10F510003F47002038B50A4B05461C7824B10EF051
:10F52000F0FDB0FA80F46409F8F7D2FE08B144F0B7
:10F530004004E1F75DF844EA4020284038BD00BFB0
:10F5400068460020014B1888704700BFAC5100206E
:10F55000014B188000207047AC510020084B10B5BB
:10F5600004461880F6F78AFB04F0100400F0040348
:10F57000A3421EBF9843034B1870002010BD00BF6C
:10F58000AA5100206B4600204FF6FF710346028807
:10F590001B798A4217BF074901200A8041881EBF94
:10F5A000054A00201180FF2B1EBF044A0020137063
:10F5B000704700BFA8510020A651002040470020FE
:10F5C0002DE9F04FB7B09946BDF80431439C0D9337
:10F5D0009DF8083183460E93BDF8143120460F93F1
:10F5E0009DF81831B1F802A00F4690469DF80051E1
:10F5F00010930AF035F8BAF1110F064600F28A802E
:10F600000EF07FFDB04200F08F80BAF1060F19D1E5
:10F610004FF6FD739E423ED0DDB9BC4B1B78033BD9
:10F62000012B36D9304601F06FFAFF2814BF892329
:10F63000812300224146CDE900625846B44AFFF7D3
:10F64000FBFB06E02DB9BAF1030F08D8BAF1010FA0
:10F650000AD80022AF4B1A7037B0BDE8F08FAAF17C
:10F660000403022BF5D8D8E7A84B1B78033B012BEA
:10F670000DD9304601F048FAFF2814BF89238123B1
:10F6800041465846A44A0096FFF7D6FBE1E780239F
:10F69000F6E78023CDE7A14B1B7859074CD40EF039
:10F6A00030FD0026034632460120994900960EF0AF
:10F6B000E5FB2379ADF86C000F930028CCD0DDE991
:10F6C0000E320D9803EB4209F2F7D0FE5FFA89F98A
:10F6D00009F10507FFB28742BED239460D98F3F70C
:10F6E000A3F8109007EB40070D98F2F7BFFE874292
:10F6F000B2DADDE90F321343DBB2002B40F0328285
:10F70000002DA9D12F463A460421BDF86C00F3F72D
:10F710009FF876E1814BBAF13A0F1B7811D948F284
:10F720003B039A4508D014E07C4B1B785A070BD555
:10F73000AAF10403022B07D8FB8843F48043FB8023
:10F740008AE7BAF11B0F1ED8AAF102039AB2132A54
:10F750005ED9109B494602930F9B5046CDE900535A
:10F760000E9A5B4609F0EFFE0F287FF475AF012279
:10F77000684B1A70694B1B789B0740F1D982002DAA
:10F780007FF46AAFD8E7AAF11C021E2AE1D801A1D2
:10F7900051F822F0B9FF020853F7020853F70208A4
:10F7A000D9FB020853F70208B9FC0208B9FC0208A9
:10F7B00053F7020853F7020853F7020853F70208F9
:10F7C00053F7020853F7020853F7020853F70208E9
:10F7D00053F7020853F7020853F7020853F70208D9
:10F7E00053F7020853F70208E9FC0208E9FC020893
:10F7F00055FF020853F7020853F702086FFF02088B
:10F8000053F70208090003081F0003082D0003082E
:10F81000132B9ED801A252F823F000BF6DF8020806
:10F8200035F9020853F9020831FA02089FF6020876
:10F8300053F7020853F7020853F7020853F7020878
:10F8400053F7020853F7020853F7020853F7020868
:10F8500053F7020853F7020853F7020853F7020858
:10F8600073FB020853F70208E5FF020800241BABF4
:10F870005A4648460E9900931DAB1D948DF86C4076
:10F8800009F055FE0EF03DFC204B05461B78012B80
:10F8900003D0022B14BF02240124E0F7A9FE16288E
:10F8A00094BF0020012044EA4014F6F7E7F91C4B0E
:10F8B0000646B3F800A0FBF753FA1A4B07464FF67B
:10F8C000FF70B3F80090FFF725FE174B9DF86C20F2
:10F8D0001988124B1B7813F002031CBF134B1B78C3
:10F8E0000B921D9ACDE90701CDE90932402341462B
:10F8F000CDE9014358460023CDE90579CDE9036AF6
:10F900000B4A0095FFF798FAA6E600BF6D46002067
:10F910008C6C040832470020976C0408A645002030
:10F92000AC510020A8510020A651002040470020E3
:10F93000A86C04080EF0E5FBA34BA44A1B88CDE994
:10F94000400300234146584637B0BDE8F04FFFF76B
:10F9500073BAA4781DA9631EDBB2EF2B204610D921
:10F96000F22C0ED00DF057FA82240EF0CAFB0023C1
:10F970004146CDE90003964A23465846FFF75CFA14
:10F980006AE60DF048FA002850D00EF0BAFB9DF858
:10F9900078209DF87A100492BDF8762049000392F1
:10F9A000BDF87420C9B2CDE901429DF87920034623
:10F9B0005200D2B208320A44009201200022854946
:10F9C0000EF05CFA9DF87930ADF86C008DF8673078
:10F9D00000283FF441AE002601230DF167011A46CD
:10F9E0001BA8F2F77DFE054600287FF435AE9DF892
:10F9F0006730EAB2934209D89DF87A308DF86730C3
:10FA000016B1BDF86C3033E00126E5E731462046FB
:10FA10000DF044FA0123ADF8680002221AA91BA8D0
:10FA2000F2F75EFE01350028E1D015E683249CE75D
:10FA30000EF067FB0446EFF77FFA234600900022A2
:10FA4000012063490EF01AFA00283FF405AE0025A4
:10FA50002C46ADF87400EFF76FFAEEB2B0420DD855
:10FA600022460421BDF87400F2F7F2FEBDF87430AE
:10FA7000002241465846FFF7DFF9EDE53046EFF743
:10FA80003DFAFF288DF86C000AD0012301341A4694
:10FA90001BA91DA8E4B2F2F723FE00287FF4DCAD19
:10FAA0000135D8E75046B4F80290EFF727FAFF285F
:10FAB0008DF8680000F0CF821DA90DF0ACF9BDF8FB
:10FAC00074304B4507D04FF6FF72914540F0C3822A
:10FAD0001B0400F1C0829DF8793012930E9B053310
:10FAE000DBB213930F9B1493002311934FF0000983
:10FAF0004B4613E017934900139BC9B219440D9864
:10FB000089B20EF023F94FF0000A179B1590129955
:10FB10005FFA8AF28A4217D309F10109149A5FFA4F
:10FB200089F19142E6D39DF87A201292169A1392A7
:10FB3000002B40F08582119B002B40F08C8201232A
:10FB40001193109B1493D1E711999DF868001793B6
:10FB50000DF0A4F9159A179B0AF1010A824208BF19
:10FB60000123D4E709F106095FFA89F337461693B2
:10FB700072E2A71C39463046A57AECF7EFFE012267
:10FB800039463046FAF77EFB304610F077FA3846B1
:10FB900000F068FF2288824207D04FF6FF72904241
:10FBA00003D000F0B1FF10F07CF985F00804C4F335
:10FBB000C00421463846FEF77FFE2146384637B05E
:10FBC000BDE8F04F09F008BDAA510020896D040876
:10FBD0008C6C0408B56C0408AD4B1B78033B012BFF
:10FBE0007FF63AAD0EF08DFA58453FF435AD09F089
:10FBF00033F80B23B0FBF3F24FF47A7102FB1300DE
:10FC00000A3080B24143A348F2F750FEF3F726F8DA
:10FC100000283FF421AD0123002218469E4994F8A4
:10FC200000A00EF02BF9ADF8680000283FF414ADE9
:10FC30000026354634460E9B1BAF01330E93F2B2BD
:10FC4000524514D3002C3FF407AD01232A461DA9C9
:10FC50001AA8F2F745FD00287FF4FEAC22460221E7
:10FC6000BDF86800F2F7F4FDBDF8683000E74FF02A
:10FC700000090E99D200D2B20A4408230D993846E1
:10FC8000CDF800900EF01AF83946484600F00CFF07
:10FC9000FF280FD0814B1B5C0F2B0BD997E803007B
:10FCA00005F1D8036B44643B83E803000835013455
:10FCB000EDB2E4B20136C2E7002D7FF4CDAC1807F7
:10FCC0003FF53AAD534622464146584604F0F8F80F
:10FCD00000287FF4C1AC842341465846704A37B0AF
:10FCE000BDE8F04FFFF7A8B823780F9810930FF0F6
:10FCF00068FC00210646584605F028F9644BBAF125
:10FD0000310F1B780746A3F103030BD1012B13D945
:10FD1000644B654A1B7812781344DBB20D931623AB
:10FD20000E930DE0012B03D9604B1B780D9353BB51
:10FD3000002D7FF491ACCEE701231621CDE90D31E2
:10FD40000024109B22460093012023465849019429
:10FD50000EF094F800283FF47FACF61BF3B2264671
:10FD6000544FDFF85C911193ADF86C000F940D9B2C
:10FD7000E5B2AB4209D832460221BDF86C00F2F779
:10FD800067FD0F9AC0E40523CAE7162200211DA8CB
:10FD90000AF0D9FFBAF1320F3DD13B7903F00302EB
:10FDA000032A21D18DF87620109B0136F6B2B3429A
:10FDB00015D2BDF86C00F2F759FB0E9B1844119B4D
:10FDC00098420CDC01230E9A1DA91BA8F2F788FCAF
:10FDD00000287FF441AC0F9B0133DBB20F93013459
:10FDE000083709F11209C2E7B9790029DCD1324993
:10FDF000C3F3C203CB5C1DA8012A08BF43F0010373
:10FE000039888DF8763009F02DFC79880DF177006E
:10FE100009F028FCC8E71DA80EF05DFD4FF0FF3388
:10FE2000CDE91F331F4B1B78AB4261D999F80430E1
:10FE30006F2BD4D828461FA9F4F73EFE0028CED059
:10FE40001E4BB9F80020B3F8683092B9003B18BFD8
:10FE500001235B0143F004038DF8863002238DF803
:10FE60008730B9F802301B0A11468DF8893021A875
:10FE7000CEE79B1A18BF01235B0143F005038DF801
:10FE8000863002238DF887300F238DF88830E8E71D
:10FE90006D460020542600200E6D0408AA4500205F
:10FEA0000F6D04086646002065460020D2510020F0
:10FEB0000C6D040828420020C16C0408A433002003
:10FEC0008A3F00200132D2B2551EEDB2284613936C
:10FED000129200F0A9FEDDE9122310F0010FF1D01B
:10FEE00063490978611A994205D00133DBB2E9E729
:10FEF00001220023E8E75F4B1FA918782844C0B20D
:10FF0000F4F7DAFD00283FF46AAF284600F07AFDE6
:10FF10001290284600F088FE10F0010F129A0FD1BF
:10FF200016238DF88630544B1B780133DBB20F2B30
:10FF300028BF0F238DF88830504B33F8153092E7E7
:10FF40002846129200F070FE10F0020F129AE7D1CC
:10FF50001223E6E71A073FF5EFAB23465A46414620
:10FF60000F9804F005F800287FF476ABE0E695B131
:10FF7000434B1B78033B012B7FF66EAB0EF0C1F8B1
:10FF800018B9BBF1000F7FF467AB207837B0BDE83C
:10FF9000F04FF5F7EDBC0EF0B4F820B1384B1B78FC
:10FFA000033B012B01D8802396E62B464146584659
:10FFB000344AFEF741FFE8E70EF0A3F8B0427FF4C1
:10FFC0004BABA01CF3F75CFB00283FF445AB0EF0F5
:10FFD00098F804460EF095F82B4B2C4ACDE94003D7
:10FFE0002346AFE4204609F03BFBFFF793FA0028D5
:10FFF0003FF432AB4090002341465846244A37B084
:020000040803EF
:10000000BDE8F04FFEF718BF4B4642465946002068
:10001000CDE9405437B0BDE8F04FFEF78FBD4B46F9
:10002000424659460120CDE94054F3E72B464A4663
:1000300041465846409437B0BDE8F04F04F028B828
:1000400001231AA91A461BA8F2F74AFB00287FF4DD
:1000500003AB0137FFB20136EEF76EFF5FFA86FAA7
:1000600050453FF61FAD002F3FF44AABFFF74BBBA7
:1000700066460020CD51002027470020B0420020D6
:100080006D4600200F6D0408FA460020BD6C040880
:10009000976C0408F8B5164B04461D88154B20F8DC
:1000A000025B196879B108220AF033FE124B0C206A
:1000B0001B78124EA372124B19780023DAB29142C8
:1000C00005D8FF2209E0C4F802104160EEE70133D1
:1000D00000FB03F7F75BAF42F0D10A4BE2721B78EB
:1000E0002373094B1B786373084B1B682361F8BDAE
:1000F000CE430020C8340020414700209239002020
:10010000C65100202347002022470020B43400209D
:10011000F0B589B006460C46154610F0B4FA0DF15C
:100120000A020146304610F045F9134F0346E8B97C
:1001300001223A702288BDF80A1022B10246072037
:1001400008F03DFB90B103A8FFF7A4FFBDF80A003B
:10015000F2F78CF90646BDF80A00F2F76BF9214672
:100160000090F3B2284603AA08F0C0FD0023034A1A
:100170003B70136009B0F0BD42470020C834002036
:1001800073B5ADF806000DF106000DF05CFC0146FC
:1001900008B102B070BD0DF106000DF0CBFC0446B5
:1001A000F2F748F9C67A002EEDD120460FF0C4FDD3
:1001B000FF28E8D000F020FD054BD3F88850002D33
:1001C000E1D03346224641213046A847DBE700BF55
:1001D000A433002073B5002200210C2000F06EFD36
:1001E000002119480DF034FC01250446164E84B157
:1001F00020460FF0A1FDFF2805D1214630460DF025
:100200007DFC0446F3E704220023009500F02AFD5C
:10021000F3E721460D480DF01BFC012504460B4E6B
:100220000CB902B070BD20460FF086FDFF2804D047
:1002300008220023009500F015FD214630460DF000
:100240005DFC0446ECE700BFD2430020D44300200D
:100250002DE9F84F10460E46174699460DF08EFAD6
:10026000254A264B0021B0F5006F14BF90469846F2
:1002700040460DF0EDFB4FF0000A0446DFF880B079
:100280000CB9BDE8F88FBC4228D12046F2F7D2F86D
:10029000857A80F80BA0013DEDB2857216B13F2E34
:1002A00000D02DBB06F00AFC054620460DF066FA8C
:1002B000B0F5006F4FF00002214615D10F480DF048
:1002C00058FCFFF787FF284606F0FEFBDBF8885056
:1002D00025B14B463A4631460020A84721464046C4
:1002E0000DF00CFC0446CBE703480DF042FCEAE7B6
:1002F000FFF770FFF2E700BFD4430020D243002095
:10030000A433002000232DE9F34706460F464FF69D
:10031000FF78284CDFF8A090ADF8063020460DF0AD
:1003200092FB054648B9294620460DF091FB8246CE
:10033000F2F780F80389B34217D94C4501D1FFF792
:1003400049FF002120460DF083FB054607F1FF3AE7
:100350005FFA8AFAD5B94C4516D1BDF80600FFF709
:100360000FFF404602B0BDE8F0877B1EDBB2FD2BDD
:10037000D4D9294620460DF0DDFB2A4651460DF121
:1003800006000DF06BFBC9E74C46C7E7BAF1FD0F5D
:1003900009D92846F2F74EF803899B1B9BB2984572
:1003A00028BF98460381294620460DF0A7FB054645
:1003B000D0E700BFD4430020D243002008B507F0A7
:1003C000BEFD0B4AFF2113881080C31A98B2FFF7B5
:1003D00099FF4FF6FF7301469942064803D1BDE8E5
:1003E0000840F2F7FFBABDE80840F2F75FBA00BF75
:1003F000D6430020AC500020174B00282DE9F041D7
:10040000164D18BF1D460F4628464FF000010CBF81
:100410004FF008084FF002080DF01AFB044610B91F
:100420002046BDE8F0812046F2F704F8C37A06467C
:1004300023B1214628460DF061FBEFE720460DF081
:10044000CCF94246014638460AF053FC0028F0D168
:10045000B378002BEDD1E3E7D2430020D443002052
:10046000014B1860704700BFCC34002010B5044623
:100470000548F2F7B7FA0023044A1380044A1380B0
:10048000044B1C8010BD00BFAC500020D4430020A2
:10049000D2430020D043002008B50448F1F7F0FD16
:1004A000BDE808400248F1F7EBBD00BFD44300208F
:1004B000D2430020014B1880704700BFD04300207A
:1004C0002DE9F3410446884607F039FD324B0746D3
:1004D00020461E880FF030FC054620460DF04EF9F0
:1004E000B0F5006F32D1FF2D06D001230422009316
:1004F0002846002300F0B6FBB8F1000F1DD106F02E
:10050000DDFA2146054625480DF0C6FA284606F0D4
:10051000DBFA23480DF0E5FC224BA8B31988711AC9
:1005200017FA81F086B22046F1F784FF0323068193
:100530008372002002B0BDE8F08106F0BFFA00220D
:100540002146054615480DF089FADFE716480DF0FB
:10055000DFFA04281ED8FF2D06D0012308220093BD
:100560002846002300F07EFBB8F1000F05D106F00D
:10057000A5FA214605460C48C6E706F09FFA002278
:10058000054621460848DEE7314605481F80F2F758
:100590008DF9C8E71C20CDE7D0430020D2430020CE
:1005A000AC500020D6430020D44300202DE9FF4763
:1005B00008460C460DF0C7F800F4805820460DF0B0
:1005C00048F9054620460DF01BF9B0F5404F1BD108
:1005D000B8F1000F14D029460020FFF70DFF0546A3
:1005E00070B1F1F727FF0023404A8178044600925A
:1005F00018462A460193F1F7D3F808B90123E372AC
:10060000012004B0BDE8F087284609F029F88146AA
:1006100000F07AFAFF28074637D00125A0F120061E
:10062000C0F12003324925FA03F305FA06F61E430A
:100630008540D1E900232A433343C1E9002300F078
:100640009BFA044638B1384600F0EEFA10F00C0F71
:1006500014BF01240024B8F1000FD1D04FF0000ADC
:1006600003A90120ADF80C90FFF7C6FE8146F1F713
:10067000E1FE8046B9F1000F1ED1BAF1000F14D18E
:10068000FF2FBDD0002CBBD128E01A4B1B684BB10B
:1006900048469847044628B1B8F1000FB0D000256D
:1006A0002E46DBE7B8F1000F01D10020A9E70025B5
:1006B00001242E46A246D3E774B100230B4A817869
:1006C000009218464A460193F1F76AF8002897D13C
:1006D000012388F80B3093E7FF2F91D0064BD3E925
:1006E000001229433243C3E9001289E7510203088B
:1006F00048160020CC3400204016002038B50446AF
:100700000DF03CF8054620460DF067F8A5F50063AE
:100710000446014658425841FFF76EFEB0B9B5F5A0
:10072000006F01D0002038BD204608F099FF00F08E
:10073000EBF9FF28F6D0064B00B21B6833F8100027
:1007400000F4E260003818BF0120ECE70120EAE77E
:10075000D03400202DE9F7434FF000090746ADF8EB
:10076000049000F061FA10F00C0F29D04FF002084D
:10077000154D2B88A5F80090ADF806300DF1060058
:100780000DF061F9044630B1B8F1010F14D04FF00B
:1007900001080E4DEDE721460DF106000DF0CAF9F6
:1007A00006460FF0C9FAB8422246314614BF284621
:1007B00001A80DF053F9E1E7BDF80400FFF7E0FCF4
:1007C00003B0BDE8F08300BFD4430020D243002033
:1007D0002DE9F04FDFF8208185B0D8E900321343CE
:1007E0007CD105B0BDE8F08F02EA040103EA0700FE
:1007F000014327D022EA040223EA0703C8E90023C1
:10080000DAE9002302EA040503EA070C55EA0C05BD
:100810006FEA04006FEA070124D1304600F004FAC1
:10082000C2070FD5304600F0E7F9DBF89C30002B0B
:1008300045D11D46304600F0E5F8DBF884300BB1B9
:100840002946984724197F4109F10109284B5FFA8D
:1008500089F61B78B342C4D9D8E9002352EA0301D0
:10086000C2D1BEE702400B403046CAE9002300F087
:10087000DBF9C307E6D51F4B30461B6833F816304B
:1008800003F48873102B10D000F0B6F9DBF89C301D
:1008900013BB1D460123102200933046002300F0B5
:1008A000E1F90020F0F7EEFEC4E700F0A5F9DBF86F
:1008B0009C300125002BBDD00122039502E00025CC
:1008C0002A4603950392002130469847039A002A4E
:1008D000B0D0002DAED1DDE70025EDE74FF00009E7
:1008E00001244F46DFF814A0DFF814B0AEE700BFD4
:1008F00016520020D0340020481600204016002058
:10090000A4330020F8B50346084613B309B3402AC0
:100910001FD8114900260B601049002708601049B4
:100920004FF0FF350A7000210C4604338A4205DC83
:10093000002152000AF007FA0020F8BDC3E903675E
:1009400003F8044C23F8024C1D605D60013118333C
:10095000ECE72120F1E700BFD4340020D0340020A0
:1009600016520020F0B5144CDDE905672568EDB19D
:10097000F0B91248007888421AD901EB41014FEAD8
:10098000C10C05EBC10415F8311011B92169C90773
:1009900010D4002005F80C0062801A6846F00106A9
:1009A00062605A68C4E90467A260F0BD0220FCE7F7
:1009B0002120FAE72E20F8E7D43400201652002038
:1009C0000E4B30B51A68A2B10D4B1B78834212D979
:1009D00000EB400002EBC003C10000240020002512
:1009E000C3E9044550544FF0FF3258805A609A6072
:1009F00030BD0220FCE72120FAE700BFD4340020FC
:100A000016520020094B1B6863B1094A12788242D2
:100A100008D900EB400003EBC0031A69D20701D5E7
:100A2000588870474FF6FF70704700BFD4340020DD
:100A300016520020094A0346106870B1084A12781D
:100A40009A4209D903EB430300EBC303186910F082
:100A5000010002D0181D704700207047D4340020D8
:100A600016520020F8B50E4B05461C6834B128B16B
:100A700000260C4B1F78F3B29F4202D84FF6FF704E
:100A800009E008222946201D0AF033F920B923691C
:100A9000DB0701D56088F8BD01361834EBE700BFED
:100AA000D434002016520020F8B5154B04461D68BA
:100AB0000E46E5B1134B1F78874218D900EB40036F
:100AC00005EBC30526B92B69DA0712D42046F8BD19
:100AD00008223146281D0AF00CF950B92B69DB07B2
:100AE000F4D40134E4B2A74205F11805F0D1FF2493
:100AF000ECE70134E4B2A74205F11805E2D1F6E7CC
:100B0000D4340020165200200A4B01461B6830B531
:100B10002BB1094A14780022D0B2844201D8FF20B8
:100B200030BD5D888D4202D11D69ED07F8D40132D8
:100B30001833F1E7D4340020165200200C4B1B6808
:100B40009BB14FF6F77291420DD80A4A1278824251
:100B500009D900EB400003EBC0031A69D20704D5A2
:100B6000002059807047212070470220704700BF45
:100B7000D4340020165200200F4A03461068D0B12A
:100B80000E4A12789A4215D919B203EB430300EBCF
:100B9000C300036913F001000DD0094A126832F84E
:100BA000112002F4E2622AB913F00C0F14BF0120E5
:100BB0000020704701207047D434002016520020D6
:100BC000D03400200A4A0346106878B1094A1278E6
:100BD0009A420AD903EB430300EBC300036913F005
:100BE000010003D0C3F3001070470020704700BF1E
:100BF000D434002016520020094B1B686BB1094AFF
:100C00001278824209D900EB4000C20003EBC00019
:100C10000169C90701D5985C7047FF20704700BF84
:100C2000D4340020165200200C4A0346106890B1BC
:100C30000B4A12789A420DD903EB430300EBC30031
:100C4000D0E9043213F001004FF0000104D018463F
:100C50001146704700200146704700BFD434002081
:100C60001652002070B51C46124B9DF81060196892
:100C7000D1B1114B1B78834218D900EB4000551EAF
:100C800001EBC0012543D1E9040301D0C5070FD50D
:100C90002EB110432343C1E90403002070BD20EAB4
:100CA000020023EA0403F6E70220F7E72120F5E734
:100CB0002D20F3E7D434002016520020134BF0B55A
:100CC0001B6803B300266FEA000C6FEA010E104C9C
:100CD0002778F4B2A74201D80020F0BDD3E904453B
:100CE00014F0010F07D014F0020F04D132B1044305
:100CF0000D43C3E9044501361833EAE70CEA04045E
:100D00000EEA0505F5E70220E7E700BFD43400202E
:100D1000165200200B4B70B51B682BB100240A4AF9
:100D20001678E2B2964201D8002070BDD3E90425BE
:100D300002400D402A4304F1010403F11803F0D0EE
:100D40000120F2E7D4340020165200202DE9F047AC
:100D50000026FF27B246164DDFF8588098F800307D
:100D60005FFA86F94B4502D83846BDE8F0872B7903
:100D70002F2B0FD928460DF0A0FC2B796C7903F0AE
:100D8000070304F0030483422CBFE4182418E4B2E0
:100D9000A24506D95446B946A2464F4612350136F9
:100DA000DCE7288801F0B2F80028F3D1F4E700BFAF
:100DB0008A3F0020664600202DE9F04F89B0824628
:100DC0000CF031FD029050460FF067FB0026411CED
:100DD000054689B25046F1F727FD3446B346B14681
:100DE000B04600F01F00023500EB4000EAB27D4F34
:100DF00050FA85F5EDB2AA4276D97B4E3378002BB6
:100E00006FD0A400B4FBF3F4E4B2042C029808BF42
:100E10000324F3F7FFFA054600283FD1FFF796FFBA
:100E2000FF285ED0714B05B2049018780DF02CFCB1
:100E300080452CBF04EB08012118B8F1000F14BF46
:100E400001230223674F05EBC50507EB450553FA60
:100E500081F3284603930DF030FC95F804C06B79BC
:100E60000CF0070103F0030388422CBF1B185B182A
:100E7000039ADBB29A4234DA049AB8F1000F04D133
:100E800019B13378033B5B452BDC104602990DF01A
:100E9000BCFB05B205EBC50507EB45052B791E0923
:100EA000B8F1000F7ED0414628460DF030FC0321FA
:100EB00028460DF032FCB9F1000F09D1002E40F0A8
:100EC000848007F0C9FEC0F30B014948F1F7EEFC3E
:100ED0006B79504623F003031C446C710CF038FC12
:100EE000A87309B0BDE8F08F4ED0424B51461B8825
:100EF00007A8ADF81C304FF000038DF81E3000231A
:100F00000093032303920CF0D9FE9DF81E30BDF828
:100F10001C101B09039A18BF09F10109CDE904133C
:100F200018BF5FFA89F903920DF0EBF80499039A60
:100F30008842059B03D19DF81E8008F00F082E48BB
:100F400090F800C014E017F80E0C10F0070003D062
:100F50000BF1010B5FFA8BFBAA4207D037F812ECBA
:100F60008E4503D113B108B10134E4B20136F6B2B3
:100F7000AA4207F112070BD1B4450FD917F80E0C8E
:100F800010F00700E4D1F1E700234FF6FF71D6E738
:100F900037F8120C884201D8B445D4D80332123F36
:100FA000D2B228E7022E14D95B0707D04146284663
:100FB0000DF0B3FBB9F1000F83D089E70321284678
:100FC0000DF0ABFBB9F1000F82D1062E3FF679AFE1
:100FD0007EE7314628460DF0A0FB59EA06063FF4AD
:100FE00070AF75E78A3F0020CD51002023470020D5
:100FF00094260020C96C0408664600202DE9F043C1
:101000000823002485B08DF808300646022301210C
:101010004FF6FC70CDE9004402AA0FF01AFAADF8C1
:101020000A00D8B12746DFF8A080DFF8A09099F831
:101030000020E3B29A4224D8BDF80A4020460FF0BF
:101040002CFA411C47F06002204689B2F1F700FCFF
:101050000022BDF80A001146F4F74EF807F0FCFD37
:10106000184AC0F30B01137801F55A51013113B13D
:10107000013B89081370304605B0BDE8F043F1F735
:1010800015BC18F80E5C6F2D17D8404630F8123D8D
:101090002D01ADF80C300DF010FB05F07005284463
:1010A0008DF80E000123032203A90DF10A00F1F7C8
:1010B00017FB0028D2D10137FFB2013408F1120822
:1010C000B5E700BF624600209C3F00206646002036
:1010D00010B5054C2046F1F785FC2046BDE81040D0
:1010E0000021F1F7E3BB00BF942600202DE9F04377
:1010F000284D87B0F6F79CFA2A7827492748FFF74A
:1011000001FC09212A78264809F01DFE0026224FFD
:10111000DFF89480DFF894902B78F4B2A34202D8E1
:1011200007B0BDE8F0830B232246182103A806F080
:1011300075FF4FF6F670BDF814209DF81630511E5D
:1011400089B2814215D80020C3F3C003DB1840EBFD
:101150000001CDE90031214603ABFFF703FC002875
:10116000DED14FF4805327F8143048F8240029F8D2
:101170001400012322461B210DF10A0006F04EFF48
:10118000BDF80A20064B01361A558022054B1A5528
:10119000C2E700BFD4510020F2420020F01000202E
:1011A000AA4500203946002050250020B0420020EA
:1011B00010B50A4B1C78FFF7A7FCFF280DD0012CB7
:1011C00038BF0124064A230232F8101019B101EB8E
:1011D0001313A3EB111322F8103010BD2347002086
:1011E000B04200202DE9F047002506460F46AA46EA
:1011F000DFF84490DFF8448099F80030ECB2A34265
:1012000002D85046BDE8F0872046FFF70DFDC20723
:101210000CD52046FFF708FD830707D438F81430B3
:1012200037B133434FF0010A28F814300135E3E7B2
:1012300023EA0603F6E700BFD4510020F242002063
:1012400010B5084B084A1C780023D9B28C4201D84B
:10125000002010BD32F8021B013330EA0101F4D145
:101260000120F6E7D4510020F2420020F0B50C46F0
:101270004FF6F77187B08A4286461D469DF830606A
:1012800002D9002007B0F0BD596818680DF10C0CA8
:10129000ACE803002A49ADF814200978A142F0D93E
:1012A00000218DF81660B61006F002060191704616
:1012B00021460096FFF756FB0028E2D1214B224A37
:1012C00043F824009DF83830204E1B0222F81430D9
:1012D0004FF4A0432146182026F8143003AA0B230C
:1012E00006F0A5FE9DF83430194A13F0040F17BF1D
:1012F0000123184B135536F814300BBF1B7843F0FD
:101300000803135526F81430214601231B202244DC
:1013100006F08DFE0021104B104A1B78284623440E
:1013200042F8231003F0EEF80D4B1855284603F051
:1013300011F90C4A0120137801331370A2E700BFA2
:10134000D451002050250020B0420020F24200205D
:10135000AA450020BB510020CD510020642200206E
:101360003946002065460020054B1B78834206D98C
:101370000021044B044A1B78034442F823107047B1
:10138000D4510020CD51002064220020074B084A90
:1013900018780023D9B2884200D8704711880133E9
:1013A00021F4805122F8021BF4E700BFD451002041
:1013B000F242002030B585B004460D46DFF712F941
:1013C000A04202D8172005B030BD2046FFF72CFC04
:1013D000C007F7D50B232246182101A806F01EFEF0
:1013E0009DF80E2001AB03CB69609107286030D4D3
:1013F00012F0080F0CBF042303232B722046FFF7C3
:1014000001FB154B68811B5D20466B73FFF7F4FBF6
:10141000124A2873135D4FF47A7103F00F03AB7314
:10142000135D002013F00F031FBF03F1FF320223EF
:1014300093403C2218BF5343094A08BF0A2352F87D
:101440002420B2FBF1F29A422CBF00239B1A2B619D
:10145000B9E70223D1E700BF39460020AA450020A2
:1014600050250020F8B51F4E04463378834237D00C
:10147000FFF7C8FA4FF6FF77B84231D020463470F4
:10148000FFF768F92046FFF7BDFA05460CF039FE74
:10149000012301461A4628460FF03EFA2046FFF780
:1014A0008FFA0546E0B9104A1378013B1370F4F740
:1014B000E1F9294620460EF0D4FC80220B4B204651
:1014C00023F814500A4B1A550A4B23F814500CF009
:1014D00050FD2A463946112007F087FBFF23337061
:1014E000F8BD00BF1752002065460020F2420020E0
:1014F00039460020B04200202DE9F04F82460E46CA
:1015000015464FF000088BB01F469DF854309DF8EB
:1015100050B005934E4B5FFA88F41B78A34207D86E
:101520004FF6F7739D421AD817F002083ED018E024
:101530002046FFF767FA0B2381462246182107A8A9
:1015400006F06CFD4FF6FF737EB9994516D14FF644
:10155000F7729DF82630954203F0EF0311D94FF64C
:10156000FF7528460BB0BDE8F08F994506D00822DC
:10157000304607A909F0BDFB0028E8D008F10108B2
:10158000C8E79F4207F002092DD0F3F7E1F90028E0
:101590005BD1304B304A1B7853FA88F312F8238022
:1015A00020460EF07EFCB9F1000FDAD1DFF71AF811
:1015B0002A4B1B788342D2D000210846FFF774FAE9
:1015C000FF280446CBD0059B0146CDE901B32A464E
:1015D000334650460097FFF749FE0028BFD0F4F786
:1015E00049F9C14612E02046FFF70CFAA842CCD1D7
:1015F000B9F1000FB5D1304602F084FF184B5FFA05
:1016000088F803F80800304602F0A4FF5946204647
:101610000EF0FBFB2046FFF7F5F905460CF071FDD7
:1016200000230146012228460FF076F9F3F790F9DE
:1016300028B9084B084A1B78234442F823902046D7
:101640000BB0BDE8F04FFFF7DDB94FF00008A7E79A
:10165000D4510020CD510020642200206546002096
:1016600039460020F8B50026104F3C78F5B2AC4260
:101670000FD800250E4B6400224629460D481D70E8
:1016800009F061FB22462946BDE8F8400A4809F006
:101690005ABB2846FFF75EF8002128460EF0E1FB12
:1016A0002846FFF78DF90136DFE700BFD45100204F
:1016B00065460020F2420020B0420020024B80210B
:1016C0001A78024809F03FBBD45100203946002067
:1016D00073B5044616460D460EF0FEFB03230020AC
:1016E000CDE90030054B224629469B5DFFF704FFFC
:1016F000001B18BF012002B070BD00BFCC6C0408F5
:1017000038B5FFF701FAFF28044614D00A4D35F822
:1017100010301B070FD5094B094A1B78014613549B
:10172000012302441B2006F082FC35F8143023F01C
:10173000080325F8143038BDF2420020BB510020C8
:10174000AA4500202DE9F04F794B05461B788946C4
:10175000022B17468BB004D0002630460BB0BDE8F4
:10176000F08F0EF013FB06460028F5D14FF6F97303
:101770009D4262D04FF6F8739D4276D02B0A2846E0
:101780000DF11E018DF81C308DF81B50F1F7E2FEB3
:10179000002814BFB0464FF02008B34614BF0623FC
:1017A0000E23022229463846039300F0EBFC012267
:1017B0000446039B002840F0B880DFF880A18DF834
:1017C00018209AF800204946CDE900008DF81A202B
:1017D0008DF81D0006AA4FF6FC708DF819800EF0EA
:1017E00038FE81460028B7D00CF08BFCB8420FD0F1
:1017F00048460CF0B5F83946043007F033FF384658
:1018000004A90EF088FA70B1484604A90EF0B0FEA3
:10181000484B1B78033B012B2BD84FF6FF714846F2
:101820000DF0AFF906469AF80030FF2B0EBF0123EA
:101830000133DBB28AF800308FE74FF008084FF031
:10184000200B3C4B1B78033B012B85D90CF059FC3A
:10185000B84281D10CF055FCFC238DF81B30FF23DE
:1018600005468DF81C3006239BE74FF01008C34651
:10187000E7E70EF00CFC80460028D4D00CF041FCC9
:10188000A8422DD12C4B1A7852BB03214846F3F7BE
:1018900033FC0028C7D09AF80030A8F8007088F808
:1018A0000430002388F8053088F808300CF029FC53
:1018B000A84202D1204B1B7853B10CF022FCB84255
:1018C00006D12CB1237923F0030343F001032371E4
:1018D00000224FF6FF710C2007F087F90126A2E7DE
:1018E0005946284608F1070200F078FC0446002813
:1018F00099D0002203214846F3F7FEFB0028CAD105
:10190000237903F00303012B8DD10CF0FAFBA842DD
:1019100003D1094B1B78002B85D0237943F00303B7
:1019200023714FF6FF7323807DE7164615E700BF4E
:101930006C4600206D4600201852002043470020CE
:1019400037B50E4B05461B780C46033B012B11D9CE
:10195000DEF76CFE01280FD0821E5342534159011D
:1019600028460DF1070200F039FC18B1002144802F
:101970000EF074FB03B030BD1021F1E76D4600207E
:101980002DE9F0438BB0857AB0F8069004460E46F8
:1019900017460CF0B6FB8145804605F0400541D165
:1019A000002160880CF09EFE0246002E44D10823E0
:1019B00004A9C14501EB03060CBF234902A908682D
:1019C000496803C6A2B3022100268DF81720012220
:1019D0008DF81010217A45F020058DF81210A1889D
:1019E00008338DF81310090A8DF81410E188CDE939
:1019F00000268DF81510090A8DF8161060883146FA
:101A000004AA8DF811500EF024FD054680B16188BE
:101A10000BF0DDFE79003246284601F0FE01F3F7B7
:101A20006BFB06E0E08802A90EF075F90028B7D13B
:101A300000200BB0BDE8F0833068716806AB03C3CB
:101A400045F010051023B3E7FA4600202DE9F743CF
:101A500089461E46074690460BF082FF0021044649
:101A600030460CF03FFE054609F107013846F0F715
:101A7000C9FE7DB1B8F1000F02D103781D44EDB26B
:101A8000057063781A0716D569463046F1F762FD8E
:101A9000024618B1002003B0BDE8F0830821684673
:101AA0000CF072FA0028F5D120460EF034FD082221
:101AB000694609F02EF90CF024FB0146201D07F0C1
:101AC000D1FD6378DB0603D538460C490EF050FD96
:101AD0003146A01C07F0C6FD314638460BF077FEB4
:101AE000074A13780133DBB21370E371A3790BB1AA
:101AF0000120D0E70123A371FAE700BFFA460020D6
:101B00006A460020FF232DE9F04F8FB0814616462C
:101B100005918DF822301AB301230BAA0EF011FAA9
:101B20009DF836500446EF0625D50027059BBDF8E5
:101B3000308003F108024946D2B20823009709A871
:101B4000CDE909770CF0BAF83A46404609A9F8F70A
:101B500099FB002840F08C80A90627D510220DE0C3
:101B600013460BAA0EF0EDF99DF836500446A80670
:101B700063D5062202E0AA0618D50822002305999B
:101B8000BDF832700A44CDE9093349460093D2B218
:101B9000082309A80CF092F8384686F0010209A93A
:101BA000F8F770FB002863D1002E46D0BDF83070E6
:101BB0000CF0A7FA874249D038460EF0E7F8804685
:101BC000002E45D1BDF82EB0002158460CF08AFDFC
:101BD000BDF82C300390184606930EF0D7F8064651
:101BE0000CF08FFA069B834242D0B64B1B78033B26
:101BF000012B3DD915F04003049339D1039B0BB958
:101C0000002E35D09DF83570039B05F018051F4454
:101C1000FFB2082D8DF835706CD120230493002C71
:101C200040F041810EF033FA054608B3002E40F033
:101C3000B28033460126B24674E0BDF832700CF033
:101C400060FA8742B8D14FF00108BBE74FF00108B6
:101C5000002C43D09C4BE279678803EBC20633F833
:101C60003220BDF832309A4205D04FF6FF73238000
:101C70000FB0BDE8F08FBDF82EA0B8F1000F08D06E
:101C8000002130460EF0EAF9A6F802A00DF047FE5A
:101C9000EEE7BDF830000EF0E9F905464146304662
:101CA0000EF0DCF9A6F802A0884E2DB14146284678
:101CB0000EF0D4F963886B800DF031FE3378002B81
:101CC000D6D03B46002248460599FFF7BFFE0028C4
:101CD000CED0394648460CF054FFC9E70DF01FFE40
:101CE0007A4B1B78002BC3D0B8F1000FC0D14FF650
:101CF000FF77E6E7102D01D1049590E7B8F1000FCA
:101D00008DD1002C3AD0C2460021BDF832000DF131
:101D1000220200F063FA03460028A9D0002E40F00A
:101D2000CA8025460499BDF830000DF123020793BF
:101D300000F054FA044600289AD0644A079B1278AF
:101D4000002A78D0BAF1000F26D102462C466179DC
:101D5000B9427ED92546A4F802B067711446002B1B
:101D600000F09E809DF82230EA799A4200F0988037
:101D7000002E40F08E80EB7100253FE00EF087F9D9
:101D8000044600283FF474AF4FF0010ABCE700227C
:101D900001261346DBE70126B8F1000F1ED106F03D
:101DA0005BFF7E23B0FBF3F202FB130005993A467A
:101DB00005315FFA80FA4846F0F74AFD4FF6FF71A9
:101DC00048460BF004FD039B032B2CD9AAF17E0A95
:101DD000022148465FFA8AF2F3F78EF9069BA5F8CE
:101DE00002B02B809DF834306F712B7100232B7261
:101DF000002E42D19DF82230EB710125B8F1000F81
:101E00003FF436AF484609A90EF092FB00283FF494
:101E10002FAF2A4609A90BA8FFF7B2FD28E7002635
:101E200025463446BBE7039B012B94BF0AF1020A07
:101E30000AF1420ACCE7BAF1000FCFD16979B94271
:101E400009D9A5F802B06F71002B8BD1002E93D069
:101E500024E025461446049A002A3FF409AF8F4235
:101E60007FF406AF039306F0F7FE83077FF400AF1D
:101E7000039BA5F802B06F7171E7FF23EB71002C93
:101E8000BBD001252379A4F802B023F0030323710A
:101E9000B4E7FF23EB71002C3FF46EAF0025F1E7B0
:101EA000002CD3D168E7002E7FF471AFB2462546EF
:101EB0000126534636E7BAF1000FB0D156465246D6
:101EC00045E700BF6D46002028420020D351002086
:101ED00070B50C4B4FF6FF751C78002302460A487C
:101EE0009C4201D1002005E00688964206D1AA4214
:101EF00001D10B7070BD8679002EFAD00133083005
:101F0000DBB2EDE7D251002028420020002210B5BC
:101F10000A4B1C780A4BD1B28C4201D8002010BD6C
:101F20005988814204D11979890701D1997911B170
:101F300008330132EFE70120F1E700BFD251002062
:101F40002842002010B5084B01461C780023074AA0
:101F5000D8B2844201D8FF2010BD914203F10103A1
:101F6000FAD00832F4E700BFD25100202842002006
:101F700038B50446FFF7E6FFFF28054603D13F21A9
:101F80000B48D9F7B7FE4FF6FF7320462380A371A5
:101F900003210EF063F8074B07481A780021073237
:101FA000D21002FB0500BDE8384008F0CCBE00BFEF
:101FB000D16C0408D4510020F8450020F8B504463F
:101FC0000026124D124F3A78F3B29A4209D80022F5
:101FD0004FF6FF710F4B1D780F4BD0B285420BD8D7
:101FE000F8BDFF2C02D0AB79A34202D12846FFF7FF
:101FF000BFFF08350136E6E7FF2C02D0187AA04271
:1020000001D1198019720A330132E6E72842002013
:10201000D2510020D1510020D8410020FF28F8B52E
:1020200004462CD0164B1B78834203D880211548D8
:10203000D9F760FE4FF6FF75134A32F8341002EB01
:10204000C4000379A94203F0030318D0012B16D171
:1020500000220E4B1F780E4BD6B2B74203D8BDE814
:10206000F840FFF785BF1E88AE4205D093F807C041
:10207000A44504D0B14202D00A330132ECE7F8BDE6
:10208000D2510020D16C040828420020D1510020F8
:10209000D84100202DE9F74305F05AFF324B1B7859
:1020A000033B012B21D9314B1D88451BADB2E5B156
:1020B00018804FF6FF7700202D4A13782B44C3F386
:1020C000C81403F07F0313702A4B2B4A1E78C3B247
:1020D0009E420DD800264FF6FF77284CDFF8A090DF
:1020E00099F80020F3B29A4216D803B0BDE8F08305
:1020F0001388BB420DD0137999070AD104EB9311D1
:10210000022928BF022103F03F0389B243EA811369
:10211000137108320130DAE734F80A8CB84506D07A
:1021200014F8043CAB4205D95B1B04F8043C0136AF
:102130000A34D5E70BF0E5FF804534F80A3C04F893
:10214000027C24F80A7C09D018460DF10701FFF73C
:10215000BFFE18B19DF80700FFF760FF14F8030CED
:10216000FFF75CFFE3E700BF6D460020D843002087
:1021700044470020D251002028420020E2410020A4
:10218000D1510020F0B500244FF6FF7703461048E8
:10219000DFF844C006780F48E5B2AE4201D800200F
:1021A0000FE005889D4210D13AB1012A16BFC579CA
:1021B00005793CF83550A94207D1BB4202D114231E
:1021C0008371F0BD057A002DFBD00A300134E3E7BE
:1021D000D1510020D841002028420020F8B50D46FA
:1021E000114607461646FFF773FE002836D1024611
:1021F0004FF6FF7C1E4B1F4C1978D3B2994206D87C
:1022000000231C4C8B4221D1F8BD0834F5E7B4F80B
:1022100000E00132E645F8D13370012327802371B5
:102220000021A17165B1144B45F008051A7825719C
:10223000D31DDA103078114B02FB003008F083FD1B
:102240002379204603F03F032371DDE722799209C9
:10225000022AE1D001330834DBB2D3E70379044624
:102260009A071EBF23F0030343F001030371D7E76E
:10227000D251002028420020D4510020F8450020EF
:1022800073B50DF107010546FFF722FE40B1037952
:102290009A0705D113F0300404D043F0030303710F
:1022A00002B070BD28460DF0E9FE094B4FF6FF71F4
:1022B0001D7823469DF80760064AD8B28542EFD9BB
:1022C000D0790133B04204BF118011720A32F4E7B1
:1022D000D1510020D841002010B5134B1B78834208
:1022E0001DD9124B1B78033B012B18D9104A04B29D
:1022F00002EBC0039879A0B932F834200A805A88DA
:102300004A801B7903F003020A719A0952014A714B
:10231000C3F30112C3F381038A71CB7110BD012095
:10232000FCE72D20FAE700BFD25100206D460020C7
:102330002842002030B50A4BCC081B78094D0733E2
:10234000DB1000FB0340012301F007018B402C5CF4
:10235000DBB212B11C432C5430BD24EA0304FAE76B
:10236000D4510020F845002070B50B4B04461B7873
:10237000834204D840F24B210848D9F7BBFC002522
:10238000074E3378E8B2834200D870BD0022214660
:10239000FFF7D0FF0135F4E7D4510020D16C0408D9
:1023A000D2510020FF2810D0FF290ED0084BCA08B8
:1023B0001B7801F007010733DB1000FB0323054AFC
:1023C000D05CC84000F0010070470020704700BF9B
:1023D000D4510020F84500200148EFF751BE00BF5E
:1023E000DA4300202DE9F04397B006460F46144625
:1023F0000BF087FE20B10225284617B0BDE8F08318
:102400003A4B1D6815F00205F5D10DF1340834B9C9
:1024100040460BF0C4FD98B140F61245ECE720466B
:102420000DF0FCFA0028F3D12246444602F1100CCC
:10243000234610685168083203C362451C46F7D131
:102440004FF0010911A8DEF7C7FD05A911A8ADF8E5
:10245000449006F090FE03A8DEF792FE09A911A8A9
:102460009DF80E408DF8459006F085FE9DF80D20F4
:102470009DF80F3072B31B1BDBB2802B2AD81022C1
:10248000404609A908F035FC0028B4D14FF6F7738F
:102490009E4288BF0023164A88BF3B6012788ABFDD
:1024A0007B6023232123012A1BD0022A08BF21237A
:1024B000CDE900830022012339463046FBF7E0F9DD
:1024C00088B14FF6F7739E4296D90A4B1A780A4B99
:1024D0001A7091E7611C00224046C9B2FAF726FF44
:1024E000D4E72323E4E7192586E700BF2827002047
:1024F000454700206A4600204647002013B50BF0F0
:1025000000FE90B91E4B1C6814F002040DD1684601
:10251000DEF736FE9DF802309DF803209B1ADBB2F1
:10252000802B02D99DF801301BB90224204602B04D
:1025300010BD0BF0E6FD134B19780CF0F5F8D8B987
:102540002146FAF749FF09238DF800300E4B224649
:102550001B78022168468DF801300BF062FA0246C2
:1025600008B91924E2E7012321464FF6FF70FBF773
:102570006FF80028DAD1F4E740F60C44D6E700BF44
:102580002827002046470020674600202DE9F04715
:102590001E464D4B8CB01B681546074688469DF875
:1025A000509003F0080A0BF0ACFDA8423FD1B9F1FE
:1025B000000F14D06EB9ADF806603D4604242246E3
:1025C000414628460DF002FE00F001000CB0BDE8C7
:1025D000F0870023ADF806303D4606243AE0384641
:1025E000FEF792FAFF28044605D0F2F7B1F910B1D0
:1025F0002046FEF7B9FE96B10023ADF80630F7F796
:10260000EFFE0028E8D0062440460DF1060202A99C
:102610000CF06BFDD8B94046F8F700F917E0ADF8BB
:102620000660F7F7DDFE0028C7D00424ECE73EB3D0
:10263000BAF1000F2ED000230B24ADF80630B9F10B
:10264000000F0AD1F7F7CCFE2F460028DCD13D461B
:10265000002EB4D0BAF1000FB1D004F0040241460C
:1026600042F0110228460DF0B1FD224606464146D1
:1026700028460DF0ABFD002814BF30460020A3E72C
:10268000BAF1000F14D00124ADF80660B9F1000FC3
:1026900095D1D7E70B24284602A9F0F75BFF074640
:1026A00068B902A806F035FF20B9ADF80600EDE7DD
:1026B0000124F0E744F00204ADF80670E6E70023D9
:1026C000ADF80630E2E700BF28270020F7B5064640
:1026D0000F4615460BF015FD28BB144B1C6814F073
:1026E000020420D14FF6F7739E421CD8F4F7AEF9DE
:1026F00060B101232A46394630460094FFF746FF71
:10270000002808BF1924204603B0F0BD0BF0F9FCE7
:10271000A8420CBF06220B2239460CBF3046284681
:102720000DF054FDECE70224EDE700BF2827002060
:102730002DE9F0471E46744B8CB01B7807460D46BA
:102740001446DDF85080002B3ED00BF0DAFC30B39D
:102750006E4B1B68980722D44FF6F7739C4233D810
:1027600043463A4631462046FBF7BEFC0BF0C9FC17
:10277000854200F0C5803046FEF774F9A04203D1CF
:10278000FEF7C2F90DF08DFBBA1E534253412946A4
:10279000002220460CB0BDE8F0470EF0BDB8E7B10E
:1027A000F91ED1F1000949EB01094FF6F7739C427C
:1027B00016D90321204606F062FA03233A46314631
:1027C0002046009506F0CAFA0BF09BFCA84200F0E8
:1027D00097804FF6FF739C42CBE74FF00109E4E787
:1027E0002B463A463146204605F0C5FF2146CDE945
:1027F00000082B463246384606F0A0FE80460146C9
:10280000204606F03CFAB8F1000F61D1B9F1000F93
:1028100012D100233A4631462046009506F09EFA32
:1028200088F001032A4631462046CDF8009003F097
:102830000103FFF7ABFE99E7002FEAD003AA924607
:10284000334B03F1100E9446186859680833ACE80E
:10285000030073456246F6D107A8DEF7BDFB0323EC
:10286000306871688DF81C3008AB03C39DF82930BF
:1028700007A843F002038DF82930DEF74DFF90B131
:102880003068716808AB03C3042307A88DF81C30B7
:10289000DEF742FF38B1022307A88DF81C30DEF7BF
:1028A0003BFF0028B5D1514607A8DEF77BFF002883
:1028B000AFD0F4F7ADF80028ABD103233A46314648
:1028C0002046009506F04AFA0BF01BFCA84250E7A0
:1028D00043463A4631462046009506F03FFAB8F1A5
:1028E000010F9DD0B8F1020F7FF440AF284607A931
:1028F000F0F730FE20B93246284607A90DF021FC3A
:102900000CB0BDE8F08700BF6846002028270020F3
:10291000E16C0408044B1A880AB100221A800021D5
:102920000846F9F78FBD00BFDA43002000232DE9E8
:10293000F0478EB004460D46CDE903334F780BF0D7
:10294000E0FB50B1B64B1B689A0706D4092103A8D7
:1029500006F0F4F90EB0BDE8F087204603A9F0F7C1
:10296000F9FD0646002840F05781022F3DD0042F84
:10297000ECD1DDF743FE002846D0DDF73FFE02280C
:1029800040F022810DF1240833463246414630465C
:1029900006F027FD012103A89DF8255006F0F4FD5F
:1029A0002840FF2800F0348105AD28460BF0F7FAE7
:1029B000002840F02F8195E80F0088E80F003A4684
:1029C000414603A806F01CFC0246002840F0208186
:1029D000032303A9CDE9005320463B46FAF750FFF5
:1029E00000280CBF13210621B1E78D4B1B689B0704
:1029F000ACD40235082229468A4808F07AF9002822
:102A0000A4D0DDF707FE08B91121A0E7864B874E59
:102A10001B78FBB9FFF77EFF3088002860D103AF39
:102A20002946384606F0C6F9002800F0CA80284634
:102A30000DF10A01F0F768FD40B90DF1240A504686
:102A40000BF0ADFA8046002800F08780FFF762FFA8
:102A50000F217CE73088002842D10146EFF7B0FD16
:102A6000308000283AD001230822304603A9EFF72E
:102A700037FE98BB0123082229463046EFF730FE87
:102A800060BB01230222694809A9ADF82440EFF791
:102A900027FE0346308823B1002848D04FF01009A4
:102AA00020E0EFF7E3FC61490746204602F04EFACA
:102AB0003088EFF7DBFCFFB2874209D1FF238DF8A6
:102AC0002430012359481A4609A9EFF709FE28B90D
:102AD00000210120F9F7B6FC0C2138E73088DBE74C
:102AE0004FF00709EFF7A6FC07463088EFF7A2FC86
:102AF0003488112100F108082046EFF795FE1021D7
:102B000082462046EFF790FE0822044603A940467D
:102B100008F0EFF8002840F0818008222946384666
:102B200008F0E7F8002879D1B9F1070F01D010219A
:102B30000DE704EB0A244546A4B271E730884FF054
:102B4000010828B11221EFF76FFEFF2881461ED140
:102B50002A46B9462046402304E03A46A946434661
:102B6000BDF80A0043F00303CDE900A3494603235F
:102B7000FAF786FE00283FF469AF0721484606F0C1
:102B8000DDF8B8F1000FD9D0FFF7C4FEE2E600216E
:102B90000846EFF715FDADF8140048B1204605A929
:102BA00002F0D4F9BDF81400EFF760FC0028CFD193
:102BB000142300934A4639462046338802F07EF9B2
:102BC000C6E7FFF7A7FE1FE7DDF718FD012801D0D4
:102BD0000621BCE605AD324633462946009603A8D9
:102BE000F9F742FB024608B10A21B0E60C4B204639
:102BF0001B6803A95B0003F0040343F00303CDE962
:102C000000533B46FAF73CFE0028E1D113219EE633
:102C100005219CE612219AE60B2198E60E2196E604
:102C200028270020FA460020A4450020DA4300208F
:102C3000012330B50D4C85B022788DF80430D518BD
:102C40008DF805200E228DF806200A682570CDF833
:102C500007204A6801A9CDF80B200B22EFF740FDB1
:102C6000B0FA80F0400905B030BD00BF69460020D1
:102C700070B500230C4686B002AE05461A463146B2
:102C800020460093F9F7F0FA58B903232146CDE91D
:102C9000006328460423044AFAF7F2FD80F001009D
:102CA000C0B206B070BD00BFFA460020142330B594
:102CB00018498BB07F22054609880DEB030005F00B
:102CC000ADF9BDF81430DA0721D413F0060FC3F3C1
:102CD000410208BFC3F341220F4B0DF116019C5C6A
:102CE0006846224607F0F8FFBDF8263004F12802B6
:102CF0006A4402F8283C02341B0A02F8273C694661
:102D00002A46E0B20CF0CEF900200BB030BD2320F3
:102D1000FBE700BF36260408F16C040810B58AB042
:102D2000ADF826200022CDE9052204920CAA0292D9
:102D30004FF6FF720446AC2101200192064A03902F
:102D400004FB0122603200924CF620010DF12602B4
:102D50000DF05EFA0AB010BDA433002000B58BB0B0
:102D6000ADF824309DF8303003208DF82630002354
:102D700003900A4909A8CDE90130CDE90533049350
:102D800001F160030093B1F85C3002204CF6604121
:102D90000DF03EFA0BB05DF804FB00BFA433002039
:102DA00010B54FF6FF741E4A8AB0B2F86800B2F848
:102DB0005E10A042ADF82600B2F85C304FF6FD7010
:102DC000ADF8241018D081424FF0000094BF48F6AF
:102DD00060014CF66001CDE90500CDE90300CDE9C5
:102DE000010094BF09AA603200920DF1260204206E
:102DF0000DF00EFA0AB010BD81424FF000008CBFFA
:102E0000603209AA00928CBF4CF6604148F66041DE
:102E1000CDE90500CDE90300CDE90100014AE6E76F
:102E2000A43300200E34002000B50E4B0022B3F86E
:102E30005E308BB0ADF824304FF6FF73CDE905223C
:102E4000CDE90322CDE9012209AA00924FF40061E5
:102E50000DF126020720ADF826300DF0D9F90BB0A0
:102E60005DF804FBA433002030B58BB08DF825301D
:102E70001B0A8DF8263000230D4991F85840CD6D7E
:102E8000B1F85C00CDE90533049307236031039367
:102E900008ABCDE9010300914FF6FF734CF62041DA
:102EA000082008958DF824400DF0B2F90BB030BD24
:102EB000A433002070B54FF6FE76294C1D46B4F8B9
:102EC0005E10B4F85C30B14294F85C00A2B04FEAF6
:102ED000132321D14FF440416034ADF808108DF830
:102EE0000B008DF80C3003CC0DF11504CDF80D005E
:102EF000CDF811102270120A62700022114610469D
:102F0000A270E270ADF806200AF008FDADF80600E8
:102F100090B9002022B070BD4FF400448DF80D1020
:102F2000090AADF808408DF80B008DF80C308DF8CB
:102F30000E100DF10F04DDE7043402A9621A01231B
:102F400092B20DF10600EFF7CBFB0028E1D1BDF8FE
:102F500006002A460121EFF70BFBBDF80600D9E772
:102F6000A43300202DE9F04F4FF0000B85B0BDF8E1
:102F700038A03B4C50461F461646B4F85C90B4F857
:102F80005E80ADF80EB0EFF771FA00903846EFF7BB
:102F90006DFA5A460546594658460AF0BFFC009B52
:102FA000ADF80E0018B9002005B0BDE8F08FEDB205
:102FB000DAB255FA83F3009203F1160259465B46E2
:102FC000D2B20DF10E00EFF78BFB01900028EAD191
:102FD000BDF80E00EFF72EFA019A03460274E222C2
:102FE00080F813904FEA1929427480F8149004F184
:102FF000600108221530019307F08BFE019B03F15D
:103000001D04BAF1000F09D05046EFF713FA009AE9
:103010000146204607F060FE009B1C4447B138463D
:10302000EFF708FA2A460146204607F055FE2C44E1
:10303000412323710023267084F80280360A4FEA68
:10304000182863710748667084F8038001F05AFA03
:103050004FF47843A071A4F80730BDF80E00A3E741
:10306000A433002012470020202A10B5144614D89B
:10307000012A04D10C88B4F5004418BF0124620071
:1030800030B1074807F045FE064B00201C7010BD0C
:10309000054807F03EFE054BF7E72120F7E700BFA4
:1030A000DC430020474700201C4400204847002004
:1030B0002DE9F0471046174606F0D2FADFF814A1C2
:1030C000DFF814919AF8003099F800200546134370
:1030D00002D10020BDE8F08710F4406800F04006FF
:1030E00019D186BBB0F5804F5CD24FF480740023B9
:1030F0009AF80000344AD9B288425DD8002399F882
:103100000000324AD9B28842E3D932F8021B0133B7
:10311000A142F7D155E0F81C06F0A2FA4FF6FF7372
:10312000984214BF0124022486B1052605F44043C9
:10313000B3F5004F44F0080424D0B5F5804F23D2F6
:1031400044F4807420E044460326EFE7B5F5804F51
:103150004FF00506F4D3B8F5406F14BF02200820E5
:103160003044384406F07CFA194B05F44045B3F876
:103170005C3083420CBF44F0080444F00404B5F50D
:10318000004F01D144F08004B8F5006F0ED1B8199A
:1031900006F066FA0E4BB3F85E308342A7D144F0D6
:1031A0001004A4E7444603260220D9E7B8F5406F8F
:1031B00008BF44F020049AE732F8021B0133A14211
:1031C00099D1012086E700BF1C440020DC43002089
:1031D000A433002048470020474700202DE9F04F46
:1031E000104685B01646984606F03AFA5D4F00F054
:1031F0000803B7F85C10044600F00709F01C0293BE
:103200000391B7F85EB006F02BFA06F1050A054601
:10321000504606F025FA03464FF6FF70854218D057
:103220000399A1EB050CDCF1000545EB0C056D00E5
:103230004FF6FF718B420ED145F0040500F0E8F91E
:10324000029B6BB1B9F1000F11D0422005B0BDE86F
:10325000F08F0125ECE79B4508BF45F00805EDE739
:10326000B9F1030FF1D8DFE809F0021B795D00F036
:10327000CFF908B9A807E8D524F00804A4B2B4F53A
:10328000004F05D0B4F5624F02D0B4F5404FDCD109
:103290000025294697F8A82000200AF03FFB3CE0D3
:1032A000D7F88030E3B9002132460846FFF700FF27
:1032B000D8B948F6410224F038039BB29342C4D1F6
:1032C0000A2D49D0062DC0D197F87730023B012B4B
:1032D000BBD8EDF7BDFD0028B7D140F6040505E0E9
:1032E0004146304698470028DDD00825E20648BF11
:1032F00045F08005A30648BF45F4805505F00C0352
:10330000042BC6D1F01D06F0ABF997F8A830324671
:10331000009341462B460AF0D6FA08B30E9B18805C
:10332000002093E7A90705D14FF6FF73B7F85C209B
:103330009A428AD104F44063B3F5006F0AD0B3F522
:10334000406F82D108225046074907F0D2FC00287E
:103350007FF47BAF0C25C9E70425C7E7432075E759
:10336000192073E7A433002004340020034B1A789B
:103370001AB1FF2A04BF00221A7070474A47002082
:1033800070B5084C084E2378F55C1DB13E21074806
:10339000D8F7B0FCFF2223782846F254002323708C
:1033A00070BD00BF494700204A470020F66C040862
:1033B000034B044A1B78D05CFF3818BF01207047CC
:1033C000494700204A4700200023074A0749136065
:1033D000074A1360074A1360074A11600121074A30
:1033E0001170074A13607047E43400209B030408FF
:1033F000E0340020DC340020CC50002019520020A2
:10340000EC3400200E2A70B50C46064615461946C7
:1034100003D9FFF7D9FF502070BD012807D1002044
:10342000EDF730FDB0B1FFF7CFFF2120F4E78022A8
:103430000021224B1A70224B1960224B1B684BB1A2
:103440003420EFF7BDF8204B188018B9FFF7BCFF08
:103450000120E1E724F0FF6323F4FF231BB1FFF712
:10346000B3FF4F20D8E774B92046EDF727FD0124BC
:10347000032510F0800F43B21BBF00F01F039C40D8
:103480009C4044F078440020104B24F078441E7097
:103490000F4B10491D70104B1C60104B1870104BD7
:1034A0001A68EEF743F918B1FFF78EFF0420B3E76F
:1034B0009DF810200B4B1A70AEE700BF4B47002061
:1034C000E8340020DC3400205C4400205047002019
:1034D0004E47002045380308EC3400204F470020B9
:1034E000E43400204C47002010B5164B187860B12A
:1034F000154C2368CBB14FF4707200201349EEF7DE
:1035000019FB2368013B236010BDEDF71FFD104937
:10351000104A91F90040136884420B4C03F10103F7
:1035200013602368B8BF087053B90B480AF0D9FC80
:103530000028E9D1BDE8104001460748EFF7B6B9C9
:103540000822DAE750470020F0340020E93403086D
:103550004B470020E8340020D05000207FB5244B9A
:1035600000251A7801232348234903FA02F2007840
:103570001A440A60ADF80E5020B3984236D11F4C61
:103580001F4B20781B680DF10E0198471D4EBDF8AA
:103590000E20307092B11C4B29460093284602231E
:1035A0000195EEF7FDF83278237822B1012A12BF97
:1035B0001B230133DBB2237004B070BD013818BF88
:1035C0000120F0E778235A43013A0A6008220F49A4
:1035D000EEF7B0FA0B49094A0978137821B10129AD
:1035E00012BF1B230133DBB21370E5E71846E3E794
:1035F0004E47002050470020F03400204F47002065
:10360000CC5000201952002081380308E934030807
:10361000054B1B682BB9054B1868003818BF0120F3
:1036200070470120704700BFE0340020DC340020E8
:1036300037B505461C46FFF7EBFF68B974B1084B78
:103640001A60084B0A461C60012329460093032395
:10365000FFF7D8FE03B030BD4D20FBE72520F9E78A
:10366000D8340020E034002013B50446FFF7D0FF23
:1036700058B962B1074B1A6001230A4600932146EC
:103680000323FFF7BFFE02B010BD4D20FBE725204E
:10369000F9E700BFDC3400202DE9F0410446DDE904
:1036A00006861D469DF82070FFF7B2FF88B99EB1CF
:1036B000A2B10B4B01201A600A4B0A46C3F80080E6
:1036C000094B21461E602B460697BDE8F041FFF7E7
:1036D00099BE4D20BDE8F0812520FBE72120F9E7C8
:1036E000CC500020E4340020E03400200148EEF704
:1036F000C7BC00BF5C4400202DE9F0410020EDF77D
:103700007DFF0F4B0F4C1E680F4B20881D680F4B21
:103710000F4FD3F8008010B13978EEF7C3FE0020C8
:103720003870FFF751FEEEF7B9FA0EB14046B047D8
:103730001DB12088A84700232380BDE8F08100BF89
:10374000E03400205C440020DC340020EC34002015
:1037500051470020F8B52F48EFF744F92E4B187861
:1037600030BBEDF7ABFB2D4F06463B6803B32C4B4C
:103770002C4D1C6824B195F900301A461946A04713
:10378000294B1B6883B1294C2378312B0CD8284B4B
:103790001888EEF74FFE23785A1C22702A78C254FC
:1037A00023785A1C2270C65480232B7000233B6060
:1037B000204C23781A2B22D81F4A1278012A09D1CB
:1037C00000211E4A156825FA03F0C007DAB20ED5AB
:1037D00001B122700020EDF771FB2178884212D1EF
:1037E0000022174B1A70FFF7B9FE40B9F8BD01333C
:1037F000D8B21A284FF00101E5D90A442270BDE879
:10380000F840FFF779BF0020EDF76AFB0028E7D00A
:10381000F5E700BFD050002050470020E8340020DA
:10382000D83400204B470020DC34002051470020D2
:103830005C4400204F47002019520020EC34002047
:103840004D47002008B50B4B187880B90221EDF7E1
:1038500007FB094B1B782BB100214FF6FF7208467E
:10386000EDF7D8FABDE808400448FFF773BF002120
:103870000846ECE7504700204C470020D05000207D
:1038800038B5144B0C461D78012D21D181B908465D
:10389000EDF714FB104A05FA00F013680F4923EA0C
:1038A0000003136020462A46BDE83840EEF742B9CF
:1038B0000B4A13780133DBB2022B137004D9BDE835
:1038C00038400848FFF746BFFFF748FE0028F6D10A
:1038D00038BD00BF50470020EC340020E934030815
:1038E0004D470020D05000202DE9F0431E46574B95
:1038F0008FB01B780746033B012B0C4615469DF8FD
:10390000588007D8F3F7E4FE20B1EFF70DFA08B1BD
:1039100044F400544E4B1B7813B924F40074A4B241
:10392000200509D546B9284604A9EFF713FE00285B
:1039300046D024F40064A4B2ADF81840ADF81A5093
:103940000AF0DFFB434BADF81C00B8F1000F02D0CA
:103950001A78424501D293F800803F4AE105137876
:1039600048BF0DF1210103F10103DBB2137058BF11
:1039700008A922058DF81E808DF81F3006D5336802
:10398000083141F8083C736841F8043CE30407D56A
:10399000324A0831136841F8083C536841F8043C46
:1039A0000DF11808A1EB08005FFA80F900214846E4
:1039B000EEF706FE064628B900200FB0BDE8F083FA
:1039C00004AEB9E7EEF736FD41464A4607F084F902
:1039D0003046EEF74BFD80463046EEF72BFD0023D8
:1039E000024600934FF6FF7004235FFA88F109F056
:1039F0006AFFADF80E000028DED040F201131C4231
:103A00001AD14FF6F7739D4216D8EEF72FFD0DF140
:103A10000E010446284601F099FABDF80E00EEF7B3
:103A200025FDE4B2A04207D9BDF80E0009F098FFC9
:103A3000437843F004034370BDF80E003A46012179
:103A4000EEF796FDBDF80E00B7E700BF6D4600200B
:103A500068460020BD5100206A460020FA4600203A
:103A6000024B18780130C0B2187070476A460020C7
:103A7000F0B50829D58889B028D00C2926D0AE0405
:103A800024D405F040030B43424C267816B105F0D0
:103A9000200423432FB2002FB8BF43F08003032933
:103AA00020D11223AC068DF80430937A10D48DF80F
:103AB00005300DF1060401A9621A012392B2EEF756
:103AC0000FFEB0FA80F0400909B0F0BD0B46DBE70D
:103AD00032228DF805308DF80420002EE9D00DF14A
:103AE0001304E8E70C298DF804300ABF13895379D1
:103AF0008DF80530548805BF1B0A8DF806308DF807
:103B000005300DF1070318BF0DF106031C70240AE0
:103B10005C70148802399C70240ADC7014790129C5
:103B20001C7111D8917A002F597131DA0221128952
:103B30009971DA71120A03F109041A72002EBAD0CF
:103B4000AB06B8D50534B6E7A9071AD4002F0CDAAE
:103B5000117A51B1917A59711189127A03F10804DD
:103B600092B102229A71D971E8E70B4C217801F1E8
:103B7000010C84F800C091729C1D002F5971DDDA90
:103B8000EAE7917A9C1DF8E70122090A9A71EAE7AF
:103B90009C1DD3E76846002069460020014B188031
:103BA000704700BF5E440020014B1888704700BF7B
:103BB0005E4400202DE9F843074604F0C5F90546A8
:103BC0001B480AF08EF91B4B60B31C683C1B2C444D
:103BD000A4B20022184BDFF868901B78174D03EB56
:103BE000830399F8006005EB43055FFA82F84645C8
:103BF0000AD9AB8805F10A00A34216D90A23B21AE2
:103C000029465A4307F085F8013689F80060AC80F0
:103C1000B8F1000F03D139460548EEF747FE2846B4
:103C2000BDE8F8833C461D60D3E705460132DCE77A
:103C3000F0500020F434002052470020B83E00200D
:103C4000534700201FB5154A154C1378013BDBB2D2
:103C500013706168206801AA03C221891180114A8A
:103C60001278D21805D00A2320465A43E11807F0EB
:103C700050F89DF806301B070DD0BDF80C00FFF77B
:103C800099FF03468288ADF8082001AA03CA12886A
:103C9000186059601A8104B010BD00BF524700205F
:103CA000B83E002053470020002108B5084B0948C2
:103CB0001970094B1970094B1A7802EB82025200F5
:103CC00007F041F8BDE808400548EEF78BBE00BF9D
:103CD00053470020B83E002052470020CB5100201F
:103CE000F0500020F8B50024084D094F094E3B78EC
:103CF0003178E2B20B449A4204F1010400DBF8BDD2
:103D00002846EEF7BDF90A35F1E700BFB83E0020BE
:103D10005347002052470020F8B516460C4B0D4A79
:103D20001B781278074613440B4A0D4612789342CB
:103D30000CD03046FFF73EFF0135068107808570C5
:103D4000044604F0FCF8E0800120F8BD0020FCE708
:103D50005247002053470020CB51002010B5064C9D
:103D6000207828B10548F5F7C7FA10B1034B188839
:103D700010BDFFF767FFF3E752470020B83E002071
:103D800008B50A4A0346107860B1094A108898427B
:103D900009D121B99378103323F00F039370FFF703
:103DA00051FF012008BD0020FCE700BF5247002062
:103DB000B83E00202DE9F74F002604F0C5F8DFF8E3
:103DC000F890B24699F80070B3463A46DFF8EC80B6
:103DD0001FFA80FEB8F800C0344CAEEB0C039BB267
:103DE00001932378324D009303EB830305EB4303E8
:103DF000ACEB0E0C5FFA86FEBE4515D3BAF1000F90
:103E000001D0009B2370BA422AD3002F37D00A2258
:103E10002378C8F8000002FB03532648998803B0B2
:103E2000BDE8F04FEEF742BDB3F804E001998E45CE
:103E300012D84FF0010A009993F802E001310EF117
:103E4000FF3EC9B2013AA3F804B083F802E0009142
:103E5000D2B20A330136CDE7E644A3F804E0F8E72E
:103E600089F800204AB10A222378C8F8000002FB32
:103E7000035310489988EEF719FD237813B903B05E
:103E8000BDE8F08FFFF76AFF06460028F5D009F07D
:103E900088FC014630460AF074FE20B100212888D3
:103EA000FFF76EFFE9E740F60241F8E752470020CE
:103EB000B83E0020F050002053470020F43400208A
:103EC0002DE9F04192F808801F4608F1FF33DBB27C
:103ED000EF2B05460E46144688B00BD982238DF889
:103EE0000E30314628469DF80E30204AFAF7A4FFDE
:103EF000012037E00E22002104A806F024FFB4F8C8
:103F000009308DF81180ADF81230E37A03F07F02AA
:103F1000032A08D0012B24D103238DF81030A38964
:103F2000ADF815300EE0032B14BF022301238DF8EA
:103F30001030E368CDF815302369CDF81930237DB2
:103F40008DF81430A7F121014A420DF10E034A41C8
:103F5000009321460DF10F0304A8FAF7BDFA0028DB
:103F6000BFD1002008B0BDE8F08100BF0F6D04088C
:103F70002DE9F04F00241D7895B0CDE9020104929F
:103F8000234622460120CDE90054404909F076FF3E
:103F9000ADF81E00F8B1A346264627460DF12009CC
:103FA0000DF1380ADCF712FB5FFA84F8404516D8A9
:103FB0003A460221BDF81E00EEF74AFC32460421C3
:103FC000BDF81E00EEF744FCDDE903100022BDF849
:103FD0001E30FAF731FF012015B0BDE8F08F4A46D8
:103FE00040460AA9FAF76AFA9DF8282022B12DB1B5
:103FF000013DEDB20137FFB20134D3E7BBF1000F51
:10400000F8D199E803009DF829308AE803008DF87B
:104010004030BDF82A30032A8DF841304FEA13238F
:104020008DF8423017BF032301238DF843309DF8EC
:104030002C30DDF83110DDF82D0014BF8DF84C3038
:104040008DF8433011AB03C302980CBF4FF00E083C
:104050004FF015080BF0B5FA0590BDF81E00EEF70D
:1040600005FA059900EB080399420BDB0123424650
:1040700051460DF11E00EEF733FB0028ABD101369F
:10408000F6B2B7E74FF0010BB4E700BF0C6D0408C0
:104090002DE9F04FDFF8D8A089B00746129BBAF897
:1040A000000088461D7898B90024CDE901442C4BC6
:1040B0000094224601201B782A4909F0DFFE0346BE
:1040C000ADF81E00002241463846FAF7B5FE3EE044
:1040D000EEF7CCF9C0F3C706002EE5D0B54239D2D1
:1040E000DFF87CB0741BE4B2082C28BF0824CDE9AB
:1040F00002540196BAF800300022FF3B18BF01239A
:1041000000939BF800301849012009F0B7FEE30046
:10411000ADF81E00D91D0DF11E00059309F0B5FD87
:104120008146A0B9059B07210093BAF80020EB0057
:10413000BDF81E002C4409F0F6FDE5B24A464146A2
:104140003846BDF81E30FAF777FEAE42CAD809B03D
:10415000BDE8F08F8F220549012009F08FFEAEE700
:10416000584700200B6D04080A6D04080F6D040801
:10417000624400202DE9F043037805460E461446BC
:1041800085B0A3B9134F90F801803B7890F8029066
:10419000434501D000F08CFAB9F1010F87F8008097
:1041A00005D100276D7904EBC505AC4202D105B0FD
:1041B000BDE8F0830823A21D314692B20DEB030047
:1041C000009709F07BFD083402A800F05DFAA4B264
:1041D000EBE700BF584700207FB5154B15461B780D
:1041E0000126033B012B98BF124B8DF8090098BFA5
:1041F0001D780D230DF10B000C468DF808308DF85D
:104200000A6005F02FFA00233146CDE9006320460D
:10421000062302AA8DF80D500CF01BF930B121468F
:104220000AF0AFFC7040C0B204B070BD1920FBE7CB
:104230006D46002054470020034B03220120B3F8B1
:104240006810FFF7C9BF00BFA433002010B50B4BA7
:1042500004461B78033B012B03D98C210848D7F770
:1042600049FD084B93F95A30A34204DB6FF00E036B
:10427000A342B8BF2346044A137010BD6D46002008
:10428000116D0408A43300201A52002008B5094B10
:104290001B78033B012B03D9A4210748D7F72AFD3C
:1042A000064B93F9000010F1800F04BF044B93F903
:1042B0005A0008BD6D460020116D04081A520020F6
:1042C000A43300202DE9F04F85B0054609F0ABFA84
:1042D000074628460CF0E1F8411C044689B22846FE
:1042E000EEF7A2FAA11C89B281462846EEF79CFAA5
:1042F000033400EB4000E6B250FA84F42846EEF7AF
:10430000B5F8E4B284424BD8DFF8A8B0A6420ED389
:10431000B9F1010F44D139460220234B1A78C2F17A
:10432000B302D2B205B0BDE8F04FFFF755BF1F4B47
:1043300032461B882946ADF80C30002303A88DF8BF
:104340000E300093032309F0B9FCBDF80CA09DF8D2
:104350000E8009F0D6FE504510D1154B1B78033B5B
:10436000012B0ED8FFF792FF404440B2FFF76EFFDB
:104370000D4B1B78C3F1B3038BF800300336F6B254
:10438000C4E73846FCF7C0FB00F03EF982463846E9
:10439000FCF7BAFB08EB0A0149B200F04BF9EDE774
:1043A00005B0BDE8F08F00BF22470020266D04084D
:1043B0006D460020544700208022014B1A70704740
:1043C0001A52002008B50748EEF70CFB0649074AC9
:1043D0000B780BB9137823B100231370044A0B70C8
:1043E000138008BD10510020574700205647002079
:1043F0006044002008B50448EDF742FEBDE80840DF
:104400000248EDF73DBE00BF60440020624400203A
:104410002DE9F8432A4B074693F95A608E4204DB94
:104420006FF00E068E42B8BF0E46264D2988C9B9D8
:104430002020EEF7C5F8288010B90020BDE8F883E9
:104440002021284609F021FC04460028F5D1A1B21C
:10445000FF2228880134EEF7FBF9202CF7D1002247
:10446000194B1A70DFF8609099F800100229E4D80F
:104470004FF0000801EBC101CCB204EB080117F8C2
:1044800008202888C9B208F10108EEF7E1F9B8F16F
:10449000080FF2D104F1080101242888F2B2C9B250
:1044A000EEF7D6F999F800300848013389F8003062
:1044B000074B47F2E8611C70EEF7F8F92046BDE7BC
:1044C000A4330020604400205647002010510020F3
:1044D0005747002038B5084B04461B78074D1BB9D9
:1044E000287808B9206038BD054B00211888EEF700
:1044F00089F920602878F6E75747002056470020C2
:10450000604400202DE9F341064601A8FFF7E2FFD1
:1045100038B100240D4BDDF804801F78E3B29F42D0
:1045200005D80B4B93F95A0002B0BDE8F08104EBBB
:10453000C405454408223146284606F0DAFB01341A
:104540000028EBD195F90800EEE700BF56470020A0
:10455000A43300202DE9F04F85B0814603A8FFF772
:10456000B9FF002844D105B0BDE8F08FA8EB0505E0
:1045700005EBC5052A46304606F1090106F0C9FBE0
:104580004FF0FF3372191C44735187F800A0536039
:104590001372E4B20134E4B297F80080A0451CD94C
:1045A000039B04EBC40B03EB0B0608224946304681
:1045B000019306F09EFB0028ECD1651C08F1FF3A40
:1045C000A845019B5FFA8AFAD0D14FF0FF3287F8F5
:1045D00000A043F80B20726032723B78002BC2D1EE
:1045E000054A06481370064A1380EEF7FBF9BAE74E
:1045F0000024044FD0E700BF57470020105100208F
:104600006044002056470020FF2810B5044608D01B
:10461000FCF70AFBC30704D5044B185710F1800FB1
:1046200002D1034B93F95A0010BD00BF3946002058
:10463000A4330020FF2838B504460D461AD0FCF7F5
:10464000F3FAC30716D50C4B93F95A30AB4204DB8F
:104650006FF00E03AB42B8BF2B46084A084913550A
:104660000878084A18B992F90000984202DA002046
:104670001370087038BD00BFA433002039460020F5
:104680001B5200205547002010B5084C01462288D7
:1046900022B9082109F0C5F9208010BD2046BDE8E7
:1046A000104001230822EEF71BB800BF624400202F
:1046B0000022014B1A80704762440020F8B50E4C6E
:1046C00006462388B3B90120F8BDF9002088EEF72B
:1046D00099F80822314606F00CFB01350028F2D08B
:1046E0002088EDF7C3FEEFB2C0F3CF039F42ECD3B7
:1046F0000020E9E70025F3E7624400202DE9F04FB0
:1047000002290546144687B04AD019B9012007B0DE
:10471000BDE8F08F09F09DF8074604F11E082388D4
:10472000012B4FD1E17828460331EEF77DF8E1788F
:10473000064602312846EEF777F841F6016300EBB2
:10474000062080B2984223D194F803A028460AF1AB
:104750000201C9B2EEF768F80AF1030610F0010F82
:104760008146F6B218D119F0020F1BD119F0040FCF
:104770000ED02379B34213D331462846EEF754F8CE
:1047800064280DD104F068FA00F07F00642807D88F
:1047900006344445C3D1B9E7F0F752FE0028E2D110
:1047A0000020B4E72379B342FAD331462846EEF726
:1047B0003BF8344B0AF1040A1B785FFA8AF683420D
:1047C000D4D2EDE7022BE3D1E17828460231EEF7AF
:1047D0002BF81B28DCD1E17828460331EEF724F8CA
:1047E0001928D5D1E17828460431EEF71DF84A287A
:1047F000CED14FF0050A0026DFF88C90E1782846EC
:1048000001315144EEF710F8E178834651442846CF
:10481000EEF70AF800EB0B2083B20A2B00F03F0BF7
:104820001ED102A8CDE904660AF055F8E2782946BF
:10483000023252440823009604A809F03FFA0822E5
:1048400004A90DEB020006F054FA0028A8D10BF1E0
:10485000020353445FFA83FA23795345CED897E78E
:10486000412BF4D1E178284602315144EDF7DCFFC9
:1048700099F80030C3F1B303C11849B23846FFF7C5
:10488000C7FDE4E723470020224700202DE9F74F2A
:1048900081460C4692461E46EDF7E8FD83461CB95C
:1048A000B5214048D7F726FA4846EDF7DFFD112835
:1048B00003D8002003B0BDE8F08F484609F050F857
:1048C000054604F0CDFE0922074600212846ECF7F4
:1048D000ADFE00250AEB4A02804600212046520028
:1048E00006F031FABB053570E3D5012208F1100856
:1048F0005FFA8BFB5FFA88F80634554505D03778A8
:104900004744FFB2791C594501DB0220D2E74846F3
:104910000192EDF789FF394600904846EDF784FF94
:10492000009B96F800C000EB032398B21BB2002B4B
:10493000ACBF4FF0000E4FF0010E0CF1020CACBFFB
:1049400000F07F01C1B25FFA8CFCACBFC009C0F3BC
:10495000C32086F800C0019A04F8021C24F8060C53
:1049600004F804EC2DB16FEA030C4FEADC7C9445AB
:10497000CBD1CA199345C8DB002B04F8037C0BDBB1
:104980007E280BD07F280BD00122337801351944C3
:104990003170EDB20634B0E70F2801D00022F4E701
:1049A000012087E72A6D040838B505460D4B0E48EF
:1049B0001C88EDF767FF012D0CD10C4B1C88FA21E8
:1049C000614358B1884209D28408012C204638BF7F
:1049D000012038BD022D08BF0224F0E70248EDF7A0
:1049E00065FFF2E7B43E0020F4250020B23E00202F
:1049F000012208B5054B06481A700021EDF756FF55
:104A0000BDE808400020FFF7CFBF00BFEC45002005
:104A1000F42500201E4B73B51A8802F108039BB2DF
:104A2000012B02D81B4B1B7823B902B0BDE87040A4
:104A3000EDF7D8BF0024184B184D1C70184B1C7094
:104A40002B787BB14FF6FC73164E0093224623461B
:104A5000214630880BF02CF94FF6FD732C70338013
:104A600001200FE0104B10461978F3F791FF002852
:104A7000F6D10C4B1A884FF6FD739A42F0D0012301
:104A800002202B7002B0BDE87040FFF78DBF00BF61
:104A9000B63E0020EC450020EF450020ED4500200B
:104AA000EE450020B03E0020F0450020012808B56A
:104AB0000AD002280CD020B9084B18700848EDF72E
:104AC00091FF4FF0FF3008BDBDE80840FFF790BFF1
:104AD0000020BDE80840FFF767BF00BFEC4500209D
:104AE000F425002002280FD840F6024399420BD14A
:104AF000064A13780133DBB21370054A12789A42E2
:104B000002D80220FFF7D2BF704700BFEE45002059
:104B1000F145002038B5A0F61343012B04460D469D
:104B200015D80E4A13780133DBB213700C4A127891
:104B30009A420CD84FF6FD720A4B00201988914218
:104B400001BF00221D80084B1A70FFF72DFF294678
:104B50002046BDE8384004F0CDB800BFEF45002046
:104B6000F2450020B03E0020ED450020F8B5174F7B
:104B7000174EB7F800C03588AC4525D801F10805B7
:104B8000ADB2012D20D8134D92009B0029803A80B0
:104B900033809DF81820104B1A709DF81C200F4B85
:104BA0001A709DF820200E4B1A7000220D4B1A70BF
:104BB0004FF6FD720C4B1A8018B1FFF719FF002059
:104BC000F8BDFFF773FFFAE70220F9E7B43E0020D3
:104BD000B23E0020B63E0020F2450020F145002004
:104BE000F0450020ED450020B03E002000234FF6A8
:104BF000FD71054A1370054A1370054A1180054A74
:104C00001370054A13707047EF450020EE450020F1
:104C1000B03E0020ED450020EC45002030B5094BAA
:104C200002461B7833B1084B084C19780023D8B2E0
:104C3000884201D3FF2004E0013334F82350954229
:104C4000F5D130BDC9510020F44500208C3B002037
:104C50000022FF21044B05481A70054B1970054BC3
:104C60001A78920006F06FB8F4450020903B0020BF
:104C7000F3450020C9510020F7B58DF807100DF15C
:104C80000701044603F0D1FD234B1D78002D41D0D0
:104C90002046FFF7C3FF214EFF283178204B05D176
:104CA000204A107885422DD9451C1570884219D0AC
:104CB0001C4A1B4D92F800C00022D7B2BC450CD94B
:104CC0002F4697F803E00132864505F10405F4D13B
:104CD00002B203EB8202D278FA7002B203EB8202D4
:104CE000D170307002B203EB820123F82240FF2220
:104CF0008A709DF80720FF2A02D003EB8203987088
:104D000003B0F0BD0A46104603EB8202D278FF2AB8
:104D1000F9D1CBE7FF20F3E7C9510020F34500208C
:104D2000903B0020F44500202DE9F843FFF776FF83
:104D3000FF28044669D04FF6FF72354F03B2DFF803
:104D4000DC80344E27F8232098F80050A54202D189
:104D50000020BDE8F883337820B28100A34207EB3E
:104D6000800090F803E010D00023294A5FFA83F90D
:104D70004D45944606D99CF803900133A14502F1B4
:104D80000402F3D18CF803E001E086F800E0013D75
:104D9000EDB22A1BD2B204319200394405F0B9FFBA
:104DA00088F800503378FF2B04D0A34224BF03F1CE
:104DB000FF33337000214FF6FF70154BCAB2AA4281
:104DC0000CD300234FF6FF71134ADCB2AC42BBD2C6
:104DD000013332F823008842F7D1B5E79A78A2422E
:104DE0000BD11880DA78FF2A04D0A24224BF02F146
:104DF000FF32DA7001310433E0E7FF2AF2D0A24239
:104E000024BF02F1FF329A70ECE72D20A1E700BF2A
:104E1000903B0020F34500208C3B0020F44500200F
:104E2000F8B51C4B05461B78084673B3FFF7F6FE32
:104E3000FF28044629D02846FFF7F0FEFF2806D0B9
:104E4000154B164E1A780023D9B2914218D3FF2180
:104E50002846FFF711FFFF28014616D00546104FE0
:104E600023B207EB830237F823009678FFF704FF9D
:104E7000A84208BFFF25FF2E214608D12846F8BDCD
:104E8000013316F823108142DED1FF25F6E73446C0
:104E9000E6E700BFC9510020F44500208E3B00200A
:104EA000903B0020014B1878704700BFF44500206C
:104EB000014B1878704700BFC95100202DE9F0411F
:104EC00080460E461F46002386B001A814469DF872
:104ED00030508DF80330FBF7DDF8ADF804802EB1CB
:104EE0003368CDF806307368CDF80A303846EDF7F0
:104EF000A1FA0DF103034219214601A803F008FFAE
:104F00009DF8033093B931464046DBF791FD0E4BD7
:104F10001B785BB10B2C09D8FF214046FFF7ACFE94
:104F2000064605EB4404E4B2A54202D106B0BDE852
:104F3000F0812946384608F009FF3146FFF79CFE0C
:104F400002350646EDB2EFE7C951002000232DE9F6
:104F5000F3470DF107028DF8073004460E4603F0C3
:104F600056FC9DF80730054663B92046FFF756FE0C
:104F700004465EB13088EDF779FA5FFA80F8FF2CCD
:104F800045D10025284602B0BDE8F087B046F6E7D7
:104F900001320C2AF5D02DB207EB8505AD78FF2D37
:104FA000F6D112F0FF0AECD04FEA4A050235EDB215
:104FB000002EE7D0304605EB080108F066FE002819
:104FC000DFD1524641463088EDF742FC0AF1FF320C
:104FD00008F1010108F102093088D2B2C9B25FFAC2
:104FE00089F9EDF735FC24B207EB8404A478FF2C93
:104FF000C8D023B2494637F82320308808F0B6FEDF
:105000000028BED109F102095FFA89F9EBE72546CC
:105010000022014FBFE700BF903B0020FF2818BFD0
:10502000064B10B51BBF03EB800433F820302D2056
:105030000B801EBFA3780020137010BD903B002092
:1050400008B5FFF7EBFDFF2803460AD1002008BD95
:105050000230C0B21BB202EB83039B78FF2BF7D167
:10506000F5E70220004AF5E7903B0020037810B5F1
:1050700004466BB94378082B0AD1084B1B88562B82
:1050800007D100F077FD20720023636001232370B5
:1050900010BD007A00F074FDF6E700BF72430020F7
:1050A00003788BB943782F2B0FD0302B0CD1084BC2
:1050B000084A1288522A0BBF1B78028903811A7092
:1050C00000234360012303707047034BF0E700BFE8
:1050D000B751002072430020A145002070B51F4B3E
:1050E0001F4C198003880546238183781646E37296
:1050F00008F073FF0822A072291D204605F009FE62
:105100006B7B2374174B63610323237346B1EDF765
:1051100003FE10B11620EDF7B3FD4FF4FA610EE077
:105120000BF09AFEC30705D404224FF6FD713046FA
:10513000F2F7ECFEEDF7F0FD58B94FF4FA710322E7
:10514000094B0A481A700A4B1E70BDE87040EDF713
:10515000ADBB1620EDF794FDEFE700BFAE51002088
:105160002C35002000F8FF07714700205051002027
:105170006F47002038B50A4D0A48EDF733FC2A780E
:10518000094CFF2A04D0217811B9084609F015FA14
:10519000FF232B700023054A2370137038BD00BF16
:1051A0001C520020305100205B4700205A4700204D
:1051B00008B50C4A0B46117811B90B4A1080937050
:1051C000094A002001F0B4FA084B00221988064869
:1051D000FFF784FF0120EDF753FD034803F0CCFDFA
:1051E000012008BD6D470020F834002066440020EF
:1051F000024B1878003818BF012070477147002013
:1052000010B5074C2378062B05D1152803D10023B0
:105210002370F9F773FF2078003818BF012010BD04
:1052200071470020024B1878031F584258417047BD
:10523000714700202DE9F041294B80461B780D462F
:1052400013F00F0786B049D190F82830022B45D1D2
:10525000061D01233146821C0BF066FC0446C8BBC8
:10526000B8F8260000F083000BF002FE98F8282022
:105270001C4BD8F804001A706B46D8F80810CDE91A
:10528000034403C3B8F800302046ADF8083098F85E
:10529000023041F606318DF80B3003238DF80C30C7
:1052A000114B8DF80A5005930AF0CAFAB8F8241089
:1052B0006B46002908BF4FF44171012098F828205F
:1052C000F0F71AFF04463846EBF7BAFD10B138463E
:1052D00008F06FFB204606B0BDE8F0810224F9E734
:1052E0006C4600207047002000F8FF07024B18783A
:1052F000431E58425841704771470020024B1878AE
:1053000008B9024B18787047704700206D4600209E
:105310007FB51023072202A90120EDF7DDFB9DF8E0
:105320000B00F0F727FC172003F00CFD00210DF116
:105330000700EDF725FD172805D10020EDF7A0FCAB
:1053400007B05DF804FBFFF7D9FF022808D9054B29
:10535000B3F868204FF6FF739A4201D10320EDE7BE
:105360000220EBE7A4330020014B1870704700BF08
:10537000704700202DE9F84F324BDFF8D880934674
:105380001A7898F8003005460C4602F00F020BB16F
:10539000062B55D14223D340D90751D42A4F97F831
:1053A00000A00BF059FDC20707D5FFF7A7FF0128A2
:1053B00003D048F6990008F0CDFE0BF04DFD8307B1
:1053C00004D540F0100080B20BF052FD0DB91F4B18
:1053D0001D681F4E337833B900F088FC284600F072
:1053E00049FC0123337008F0F8FDDFF86C9089F870
:1053F0000000204608F0D6FD044620B1002333709B
:105400002046BDE8F88F0BF1FF33032B17D801239B
:10541000042229460A2087F800B088F80030EEF709
:1054200047FD04460028EBD0002599F9000088F8D4
:10543000005008F0B7FD87F800A03570E0E7307045
:105440000224DDE76C46002070470020283500204C
:105450006E470020714700205C4700200022014B6E
:105460001A7070476E47002070B5044620B91A487C
:10547000FFF780FE002003E0184B1B780BB10220E1
:1054800070BD174E3378002BF9D1134808F029FD71
:10549000B8B9114808F025FD054648B9014609F09C
:1054A0009DF8104B022218702946284609F085F80D
:1054B000631C0CD021460848EDF7F8F9002333703F
:1054C000D8E70548EDF7DEF9A042E2D3D7E7024876
:1054D000EDF788FA0123F2E7305100205B47002006
:1054E0005A4700201C520020014B1870704700BF23
:1054F0005B47002008B5054808F0F3FC20B9044BD1
:10550000187800F0010008BD0120FAE730510020B2
:105510005A47002030B5414C41488BB0EDF762FA54
:105520002378032B5DD1FFF7E9FE02289CBF0623F9
:1055300023703C4B1D78002D40D03B4B186810F079
:1055400002000EBF41F6043141F6063100200AF098
:1055500077F90025354B1D70354B1988FFF7CEFEC6
:10556000344B02462846F0F7C7FD002846D1324D9D
:105570000BF072FC2B78002B0CBF4FF0FF336FF455
:105580008073184020F0010080B20BF071FC012301
:105590002B70FFF7B3FE022806D94FF4FA612048BA
:1055A000EDF784F9072323700020EBF749FC98B34B
:1055B00000200BB0BDE8304008F0FBB9F2F7F4FF73
:1055C000294601221D48F7F7B1FE68460BF05EFC44
:1055D0002A4641F6063140200DF11503F6F7A0FDED
:1055E000B7E7072B07D10023FF22194601202370BC
:1055F000F0F7D8FAD8E7043B012BD5D8104B1B782D
:105600002BB101200BF0E4FA00220D4B1A7000239D
:105610002370FFF77DFEC7E70BB030BD7147002058
:10562000505100206F470020282700206C460020A2
:10563000AE5100202C3500201D5200205D47002077
:10564000594700202DE9F047034605466D4F8EB0BF
:105650003E7803AA06F00F0600F1280C14461868DD
:105660005968083303C463452246F7D1186820609F
:105670004224F44014F0010440F0C180DFF8988126
:1056800098F80060002E40F0BA8095F82830013B71
:10569000032B00F2B4800BF0DFFBC20749D50121D8
:1056A0003046F7F71BFE044600286FD101F004F9DD
:1056B0004FF6FF710120544AF0F726FCEB8CDB0714
:1056C00033D52C1D32460821204608F05DFC60BB16
:1056D0006868A96804AB03C32B88ADF80C300023BD
:1056E0008DF81930AB788DF80E300BF079FA01286F
:1056F000044608D10BF0B0FB10F0010070D041F26D
:105700008830FFF7B1FE304603A900F073FF04466E
:1057100000286AD101233B70042341F288313B48C1
:1057200088F80030EDF7C2F830E00023CDE904330B
:10573000D3E708F003FD824609F075F90DF104097D
:105740000646484609F0C7F808224846291D05F0D4
:10575000D0FAA8BB6A7BB31A002BB8BF5B42C82B38
:10576000134617DDB24228BF3346DBB29E421DD03E
:10577000FFF7C4FD022811D908F0C3FC012201463D
:105780002846FFF7ABFC0022214B1A7020460EB0D2
:10579000BDE8F087B24238BF3346E6E7104609F06D
:1057A0005CF9A878F0F7E6F90524EFE7B242FBD000
:1057B00008F021FC31460246284600F0EDFFF3E7F1
:1057C00004AB99E8030083E8030095F828308DF8CE
:1057D0001960022B14BF02260126ADF80CA081E748
:1057E0000BF0F6F90B4B1C708DE70A4D2B78002B54
:1057F000CCD001200BF0ECF900232B70C6E702247B
:10580000C4E700BF6C4600204B6D040850510020D7
:105810001D5200205947002071470020F7B50F4F57
:1058200004463B780D46012B164614D10020EBF7B9
:1058300045FB2B46CDE9000622460020084908F02A
:105840001DFB084B188030B102233B7003B0BDE84C
:10585000F040EEF7C5BB03B0F0BD00BF71470020BC
:10586000456D0408644400202DE9FF411E4E0024CC
:105870003378012B0CD11D4B347093F9000008F0E4
:1058800091FB204603F076FA012004B0BDE8F081D8
:10589000022B26D1164D012003F06CFA082128882E
:1058A000CDE9024408F070FA0D2107462888ECF78C
:1058B000BBFF082380460094224629880DEB030095
:1058C00008F0FCF9094B2C8093F9000008F06AFB02
:1058D00001223846C8F3C01302A900F03DFA347023
:1058E000D2E72046D1E700BF714700205C47002087
:1058F00064440020F0B51E465F4B0C461B780546FD
:10590000D90717468DB006D422462946012000F05B
:105910000FFF0DB0F0BD5A0703D40BF09DFAC3077B
:10592000F2D500210DF10F00EDF72AFA18B99DF814
:105930000F30012BE8D0FFF7E1FC022D5BD00228ED
:10594000E7D8208B0BF012FAFF28DDD0324600207A
:1059500008AB04F1100100F047FF0028D4D13B460A
:1059600004AA07F1080C164618685968083303C6DC
:1059700063453246F7D1186830609B88B380BDF824
:105980001630BDF818209A4238BF0023BDF8142005
:105990003CBFADF81630ADF81830BDF812309A4261
:1059A00038BF0023BDF81C203CBFADF81230ADF865
:1059B0001430BDF81A30BDF814109A423EBF0023CF
:1059C000ADF81C30ADF81A30BDF81C30BDF816200B
:1059D0000093BDF81200BDF81A300BF010FA002841
:1059E00092D1A67875B94EB9244B1E68042160186F
:1059F00003F034F909E00228A3D88AE7012303FA67
:105A000006F6F3E7012303FA06F623461C4A04F1DF
:105A1000280E9446186859680833ACE803007345AB
:105A20006246F6D11868174BCCF800003A881D7012
:105A3000154B164F1A800DF1300C08AB1A4603CAED
:105A4000624538607960134607F10807F6D12DB931
:105A5000032130460E4AEEF7FFF85AE700232046AE
:105A6000A21C211D0BF060F800287FF44DAFA17837
:105A70002088FFF79DFB4CE7A24500202835002039
:105A8000F83400206D470020664400205D47002068
:105A9000B1510308F0B51A4F1C463B780546042B5C
:105AA000164685B029D11748ECF79CFF00233B70C0
:105AB00025B105B0BDE8F040FFF72ABC08F021FB96
:105AC000054696B11023072269460120EDF704F838
:105AD00002AB03CB9DF803306060A370BDF80030CB
:105AE000A160238008F09FFF6073012229462046B1
:105AF00005B0BDE8F040FFF7F1BA05B0F0BD00BF5A
:105B0000714700205051002008B50BF0A5F920F492
:105B1000987080B240F001000BF0AAF90022014B0E
:105B20001A7008BD7147002010B50446FFF7E6FB68
:105B3000022811D8094B1B7873B18C420CD1930702
:105B40000AD52046EEF766FC30B1017921B9BDE8EF
:105B500010400348ECF7AABE10BD00BF6546002008
:105B600094260020014B024A1A6070477C340020C2
:105B7000986D0408014B1878704700BFA2450020BB
:105B8000014B187000207047A2450020014B186897
:105B9000704700BF28350020014B1868704700BFD0
:105BA00024350020014B1860704700BF28350020C5
:105BB000014B1860704700BF243500200148ECF706
:105BC0005FBA00BF6444002008B502F0BDF900F5DB
:105BD000FA50012838BF0120014B186008BD00BFF2
:105BE0004435002030B500290CBF03240B2489B0B4
:105BF000DAB111490A78551C0D70112142F080026A
:105C00000C9DCDE90412CDE906354CF25E024FF44D
:105C10008053CDE902320B23002200930E21074B63
:105C2000019408F01CF909B030BD054A1921127819
:105C300042F08002E4E700BF7D470020536D040876
:105C40007C47002073B500252C46094E3378E8B216
:105C5000834202D8204602B070BDE9F74FF9694689
:105C600007F0D9F808B10134E4B20135EEE700BF1E
:105C7000E446002008B520B908F0BDF9012303FA75
:105C800000F003050FD40C231B2B08D020FA03F1DE
:105C9000C90703F1010208D5DBB2054A13700522DA
:105CA000044B1A7008BD0B23F7E71346ECE700BF5F
:105CB0007B4700207A47002073B50A4E04463368BC
:105CC000094D834208D00023022101A8019302F06C
:105CD000C5FF019B34602B60FFF776FF286802B098
:105CE00070BD00BF4C35002050350020002313B597
:105CF000022101A8054C019302F0B0FF019B236033
:105D0000FFF762FF206802B010BD00BF48350020D9
:105D1000012210B50E4B86B01B681146009302A8F5
:105D20000023FFF75FFF0AF0B7FF04460BF094F87B
:105D3000084BCDE900400E22102102A808F08FF890
:105D40000022102102A807F06CFE06B010BD00BFB3
:105D5000483500200E6D04082DE9F04FA5B01E4611
:105D600093460D91804608F0CCF90DF1480A514652
:105D700007460020EDF704F881460BF06DF840EA85
:105D8000C615FFF75FFFB9F1170F0446ADB217D183
:105D900008F031F94FF6FD798DF85300012114A870
:105DA00002F05CFFBDF85030013B9BB24B45F5D88B
:105DB0000421504602F052FFBDF8500008F0CAF925
:105DC000BBF1000F01D045F03005EB0748BF0023C1
:105DD0004FF0000248BF8DF8583011464FF00103D4
:105DE000CDF8008018A848BF4FF6FF77FFF7FAFEFE
:105DF0000AF0DBFF83460AF04FFF0F900AF0A9FF7D
:105E00000E904046FFF758FFDFF89C800E9A98F8F6
:105E100000100F9BCDE90A41BDF85010CDE90252A8
:105E200008919DF85310CDE900B307919DF85810E3
:105E30000490CDE905A10E222721194B099718A836
:105E400008F00DF8012C28D10020E9F757F810A927
:105E5000054606F0E0FF18B9204625B0BDE8F08FF2
:105E6000C6B1BDF8403098F800202E2104929DF86C
:105E7000442000950392BDF8422018A8CDE90132D4
:105E80002722084B07F0EBFF2E210D9A18A80AF0E5
:105E900013FFE2E74CF25E03E5E72721F5E700BFD9
:105EA0005C6D0408636D0408A14500202DE9F04FE6
:105EB0002E4BA3B006461446B3F800800F46FFF7FA
:105EC000C1FE002205461146032300960DA8FFF7E8
:105ED00089FECDE900540E225121254B0DA807F073
:105EE000BEFF11250026DFF89090DFF890A0DFF8C4
:105EF00090B008F0800899F80030A34201D9042E30
:105F000009D13A4629460DA88DF844600AF0D4FE1E
:105F100023B0BDE8F08F2046E8F7F0FF0BA9099009
:105F200006F079FF0134E0B1099BB8F1000F1AD0F7
:105F3000BDF82C2006949AF800100DA805919DF844
:105F40003010CDE900B30491BDF82E10094BCDE916
:105F500002212A46512107F082FF01361035F6B2A0
:105F6000EDB2E4B2C7E74CF25E02E3E7684400201A
:105F70000E6D0408696D0408E4460020A145002068
:105F8000FA46002000232DE9F04FDFF8789399B00E
:105F900099F80070064617F00107CDE90233B0F812
:105FA00002B000F09B810378032B00F29781CE4B67
:105FB0001B78002B40F0868133780DF10808012B07
:105FC0008CBF172411240023A4F108020093594622
:105FD0000823404692B207F071FE002840F07E810F
:105FE000E51D43462A465946092002F0E8FB0028F1
:105FF00000F074815846ECF739FA04F10D0383423E
:1060000080F26C812146708807F0A0FE8246A11CB8
:106010007088ECF709FCBAF10B0F40F08D8120F08D
:106020000C03032B40F08881337800F00C00012B27
:1060300000F25681082840F051817088E11C07F079
:1060400085FEB0F5805F40F077817088611D07F0B4
:106050007DFE4CF25E03984240F06E8129467088C6
:10606000ECF7E2FB04F1090182467088ECF7DCFBF7
:106070001628054600F26081BAF1000F40F0468113
:10608000C10740F14881708804F10A0107F07CFEE5
:106090008146002800F02281002D00F04F81934BB3
:1060A0001B68834204D0924B1B68834240F01681E8
:1060B000DFF854A2DAF80030002B00F00F8101F075
:1060C00043FFDAF80030C01AB0F1004F40F2068109
:1060D000FFF77AFDEB1EDBB20C2B40F24281162D4E
:1060E00000F23F810F2D40F22981A5F10C0A5FFAE1
:1060F0008AFA7088ECF7BAF97E4B13F80A30234419
:10610000984200F03281012D40F0E8807088ECF771
:10611000ADF904F12E03984240F0E080584604F1B6
:106120000801ECF781FB744B04F10E0A18702C2265
:1061300000210DA8758804F006FE98E803000026EB
:1061400014AB83E8030002230DF1100BCDE90666C2
:106150008BE80300514628468DF84030CDF8449036
:10616000ECF762FB04F10F018DF85F002846ECF7B5
:106170005BFB04F110018DF85C002846ECF754FB42
:1061800004F11101ADF85A00284607F0DFFD04F1D3
:106190001301ADF84C00284607F0F6FD04F1170294
:1061A00008232946129000960EA807F087FD04F1F7
:1061B0001F012846ECF738FB04F120018DF841005F
:1061C0002846ECF731FB04F121018DF83600284612
:1061D00007F0BCFD04F12301ADF83400284607F0B8
:1061E000B5FD04F12501ADF858002846ECF71CFB7D
:1061F00004F126018DF85D002846ECF715FB3246C8
:106200008DF85E0008210EA807F0BEFE002800F001
:1062100004813046EAF752FE8DF836009DF85C2086
:1062200002F00303012B00F00981022B00F0008132
:10623000002B53D1BDF84C008DF85C700AF096FD30
:10624000FF284BD09DF85D30012B29D12846ECF773
:106250000DF904F12706801B06283FDD314628464C
:10626000ECF7E2FA04F128018DF81800284607F04F
:106270006DFD04F12A01ADF81A00284607F066FD0D
:1062800004F12C01ADF81C002846ECF7CDFA04F11E
:106290002D018DF81E002846ECF7C6FA8DF81F0078
:1062A0009DF85D4008A8651E18BF0125F9F7F2FEAC
:1062B000012C0CBF5A460022294608AB0DA802F05B
:1062C00057FD0BE00D4B93F900400D4B93F9005037
:1062D0000AF06BFD28448442BFF66EAE012041E017
:1062E00000283FF4AAAEF9E7B65100204C35002053
:1062F000483500208D6D04087C470020224700208F
:10630000B7510020A245002044350020BAF1110FFA
:1063100009D1C2070DD4072D3FF4B5AE99F800306E
:106320009807DBD5AFE6BAF1190F02D1C3073FF5E5
:10633000AAAE072D3FF4A7AEFF25A4E6AA46D8E6ED
:10634000A5F11003DBB2062B0BD80123AB4013F4ED
:10635000281240F0118113F4A81F7BD1162D00F0F4
:106360002C81002019B0BDE8F08F05F0FD03112B42
:1063700001D0152D0FD1974A1378FF2BAED00133E2
:10638000AB42ABD1FF23404613709349082204F07F
:10639000B0FC0028A2D1584604F10801ECF744FAF9
:1063A0008E4B022D04F10E0A187049D0C8D8002D6A
:1063B0007FF4BDAE04F10F017088ECF735FA884B1D
:1063C000884C1B6820804B4588D0C10686D5864BFB
:1063D00093F90060854B93F900700AF0E6FC3844AD
:1063E00086423FF77BAFFEF781FF68B10AF034FDCC
:1063F000C2077FF573AF2288D3073FF56FAF4946D9
:106400004046FFF70BFA69E723882A46414648468B
:10641000C3F3C013FFF7A0FC60E79DF83630002BF4
:106420003FF45CAFBDF83430002B7FF4F7AE55E796
:1064300012F0040F0CBF04270327FBE60227F9E63E
:1064400051467088ECF7F0F9414602464846FFF79E
:106450002DFD43E7102D00F08680122D18BF022776
:10646000758800262C2200210DA804F06CFC5246F1
:106470000823294600960EA807F020FC04F1160117
:106480002846ECF7D1F9009682461023294604F1FC
:10649000170208A807F012FC04F127063FB13146A5
:1064A0002846ECF7C1F904F128068DF84100314681
:1064B0002846ECF7B9F9711C8DF83600284607F02C
:1064C00045FCF11CADF83400284607F03FFC711D77
:1064D000ADF81000284607F039FCF11DADF81600A4
:1064E000284607F033FC06F10901ADF818002846EC
:1064F00007F02CFC06F10B01ADF81200284607F05E
:1065000025FC06F10D01ADF81400284607F01EFC2D
:1065100006F10F01ADF81A00284607F017FC14AC7D
:10652000ADF81C000FBB294608232046009706F152
:10653000110207F0C3FB284606F1190107F006FC1B
:10654000012303FA0AF3ADF84C30294BADF858009B
:106550001B683846129304AA08AB0DA9CDF84490E5
:10656000FFF7C8F9BAE617467AE798E8030084E827
:1065700003004FF6FF70E3E77688112D5146304651
:1065800010D1ECF751F90DAA054604F10F01304680
:106590000AF0BCFB00273A46414628460DABFFF700
:1065A00079FA9BE6132D03D1ECF73EF90546F2E7A5
:1065B000ECF73AF902270546EDE7514670880DAA37
:1065C0000AF0A4FB07F09DFD01460DA80AF00BFBA5
:1065D00084E600BF1E520020724700207C47002046
:1065E0004C35002068440020B7510020224700208D
:1065F000503500202DE9F0410546C88CA8B00C4666
:106600000AAA91F82A10C0F3400000F069F928B9ED
:10661000012212A917A809F095F920B101252846F1
:1066200028B0BDE8F081208B0AF0A0FBFF280646C9
:10663000F4D00DF138084346012017AA04F11001E7
:1066400000F0D2F80028E9D1002D5FD0012D0CBF59
:1066500012271427236901220021009317A83B4623
:10666000FFF7C0FA231D00930E224221CDE90168F5
:10667000294B17A807F0F3FB002D49D02822637B94
:106680008DF88330BDF8343042210893BDF83230A4
:1066900017A80793BDF82C300693BDF82A30059350
:1066A000BDF830300493BDF82E300393BDF8283088
:1066B000029323880193A3780093184B07F0CFFB34
:1066C00045BB07F01EFD164B422101900093382276
:1066D000144B17A807F0C3FB422104F11C063246F5
:1066E00017A80AF0E9FA054668B912A8F9F7D2FC2A
:1066F00012A90AA802F03AFB0B4B0C4A1F70E3697F
:106700001360236A5360FFF75FFA88E71027A1E759
:106710002722B7E73921E0E7716D0408756D040899
:10672000FA4600207F6D04081E52002072470020A8
:1067300070B50D460646116AD0698EB005AB144699
:1067400003C31DB3012D0CBF13231523226907A812
:10675000009200221146FFF745FA8DF82A60BDB974
:1067600023880434039314F8023C1B210293637AB8
:106770000F2201930094074B07A807F070FB1B2121
:1067800005AA07A80AF098FA0EB070BD1123DDE73C
:106790000F21F5E7826D040870B504460D461646D4
:1067A00090B0216AC06907AB03C3236909A80093AD
:1067B000012216230021FFF715FAA38C0E22049361
:1067C00034F8043B1C21CDE90263CDE90045054BBB
:1067D00009A807F044FB1C2107AA09A80AF06CFAD3
:1067E00010B070BD876D04082DE9F04306468FB0E8
:1067F00008890D46174698460AF0B8FAFF2856D081
:106800000F2809AC01D0042835D12A686B6812BA68
:106810001BBA2046CDE90522CDE90733DAF7DCFBC8
:10682000052305AD20468DF82430DAF701FF2A460E
:1068300029460120DAF792FF95E80F000DF1040CCC
:106840008CE80F002046DAF7C7FB092320468DF8B5
:106850002430DAF7CDFB01A9204602F06DFC20467A
:10686000DAF7E6FE424639463046DAF777FF00208F
:106870000FB0BDE8F0830028E4D1A6462B686A6813
:106880000C4D93FA83FC12BA05F11009734628687F
:106890006968083503C34D459E46F7D1CDF828C039
:1068A0000C9201AD94E80F0085E80F00CAE72120A3
:1068B000DEE700BFA26D040807B5084B4FF6F7717D
:1068C0001A784FF6FF630093531C003A18BF012259
:1068D00002200AF094FA03B05DF804FBA145002001
:1068E00070B586B00DF116030093064605AB0D4654
:1068F000144604A90DF112020DF10E000AF061FA1E
:10690000BDF80E30FBB908F0DCF9208015B1BDF8F8
:10691000142022BB00232381E380BDF80E0006B1C2
:1069200058BB00236380A3806381A381BDF8163028
:10693000BDF812200093BDF81010BDF814300AF015
:106940005EFA002004E0BDF810209A4202D1012036
:1069500006B070BD23800133ADF80E30D6E7BDF828
:1069600016309B1A0133AB42F1DB1544ADB26B1EFE
:10697000E2802381ADF81450CFE71D4A5188E1B180
:106980009388D3B16180A380518911B3938903B3F4
:106990006181A381BDF810308342D8DDA28863886D
:1069A0009A42D4DDBDF81620BDF814309A42CEDDEF
:1069B000A28963899A42B9DCC9E7BDF810100B18A7
:1069C000013BC3F34F036380013BA180ADF810305E
:1069D000DAE7BDF81620BDF81430A2811344013B5C
:1069E000C3F34F036381013BADF81630D2E700BF1C
:1069F0006A4400204FF0005300201B6882B09AB216
:106A000062F30F001B0C63F31F4002B070477FB5A9
:106A10004FF000639E6A044606F17843B3F5C04F19
:106A20000D460ED2002301A80393D0F70FF9039B64
:106A30005B0506D529462046336C04B0BDE870409E
:106A4000184704B070BD1FB54FF000639B6A03F197
:106A50007842B2F5C04F04D340F2011005B05DF8A2
:106A600004FB1B6B03F17843B3F5C04FF4D2012351
:106A70008DF80430002301A8CDE90233D0F7E6F801
:106A8000039BDB03E8D5029B1A0EE5D0012A03D154
:106A9000C3F307430A2BDFD94FF000639B6A1B6BDC
:106AA0001B6C9847DAE7EFF3108072B6704700B9B5
:106AB00062B67047302383F311887047EFF311807B
:106AC000302383F31188704780F3118870470023C7
:106AD0000360704703680B6001607047FEE7FEE7E4
:106AE0004AB1002310B550F8234041F82340013348
:106AF0009342F8D110BD7047002070474FF400401A
:106B000070474FF47A7070474FF060420123D2F81B
:106B1000001E83400B430020C2F8003E704710B5B2
:106B200088B004460E98009207900D982246069071
:106B30009DF8300005900B9804909DF82800039074
:106B40000020CDE901300B460121D0F7DFFB08B072
:106B500010BD704713B5044601A8D2F7F1F99DF8AE
:106B6000063023804FF480736380D2F70FFA6060A1
:106B7000002002B010BDD2F79BB908B5D2F788F952
:106B8000002008BD10B5044644EA010313F00303D6
:106B9000084609D1934201D1002010BD54F82310BA
:106BA00040F823100133F5E72146920004F094F8F1
:106BB000F2E7704770B5054614460E46FFF773FFBF
:106BC0002B685C4034405C402C60BDE87040FFF7AF
:106BD0006EBF08B5D0F7ACFABDE808400021D1F788
:106BE000F7B80029CCBF01210021D1F7F1B802216B
:106BF0004FF42070D1F712BD38B50446D0F786FAAD
:106C00000546D0F729FEC0F102012846FFF7E9FF4B
:106C100001210020D1F726FF0CB1D1F781FDBDE89D
:106C20003840D1F71BBA70477047704770477047BC
:106C300070B5054614460E46FFF735FF2B685C40DD
:106C400034405C402C60BDE87040FFF730BF7047B7
:106C50000346142B084604D00AD8012B08D0122B67
:106C600006D1022803D0032808BF01207047002066
:106C700070473AB122F0030202F1A04202F56032FD
:106C800009B9106070470002FBE74FF050234FF442
:106C900000321A677047012200F580535A60CB43D7
:106CA000934003F00A034361416111B900F50050BC
:106CB0004260704783695B06FCD5C16370474369D6
:106CC000002B0FDB51B9436ADA07FCD4012200F52F
:106CD00000535A6043689B07FCD47047012300F5BA
:106CE000805043607047436810B5DA0704460AD500
:106CF000FFF7E4FE636ADB075CBF0123E360BDE8E6
:106D00001040FFF7E1BE10BD38B5436805460C469C
:106D10004BB16B6A002BFCD1012205F500535A6080
:106D20006B689B07FCD46378E2785B0143EA42031B
:106D3000A278284613432279217843EA82036279B4
:106D400043EAC203A27943EA0213E27943EA422307
:106D5000227A43EA8223627B43EA0223E27A43EA0D
:106D60000263227B43EA0273A27A43EA0243AB60E6
:106D7000FFF7A5FF637A0BB100232B6238BD436890
:106D800013B1436A002BFAD17047002070470F20DF
:106D900070470F207047002070470F207047002079
:106DA00070470F207047002070470F207047002861
:106DB00014BF0F200020704700207047002070474C
:106DC00000207047002814BF0F20002070470120CA
:106DD000704701207047012814BF0F200020704722
:106DE0000F207047DFF7F2B800214FF0FF3004F0BA
:106DF00043BD4FF0FF3004F07DBD00207047B0F57B
:106E0000802F22D010D8B0F5003F20D007D818B37B
:106E1000B0F5803F08BF482018BF01207047B0F58B
:106E2000403F08BF2C20F7E7B0F5302F11D007D82E
:106E3000B0F5E02F0FD0B0F5202F08BF1020EBE702
:106E4000B0F57F0F08BF0620E6E74B2070472A20E9
:106E50007047112070472120704708B528B12022C3
:106E6000002103F070FF002008BD2120FCE708B1DD
:106E7000FFF7F3BF2120704708B921207047002990
:106E8000FBD0036813F0704209D1C3F30E030B600B
:106E90001BB94368002BF0D00B6000207047B2F1A3
:106EA000004F07D18268D2040ED5C369002BE4D00D
:106EB0001B68ECE7B2F1204FF4D0B2F1304FF1D0C3
:106EC000B2F1404FEED0D8E703F07F03DFE737B5EC
:106ED0000C46054610B9212003B030BD0029FAD078
:106EE000002301A90193FFF7C7FF0028F4D1296807
:106EF00011F0704102D1019B2360EDE7AA68B1F166
:106F0000004FC2F38033C2F34035C2F3003207D1E1
:106F1000062103EB450301FB0233019A5343EBE7E0
:106F2000B1F1204F04D12B4402EB82021344F4E769
:106F3000B1F1304F02D0B1F1404FCCD12B44ECE74E
:106F40002DE9F3470D4690469A460446F0B1E9B163
:106F500006680F6806F07049BE422AD0B9F1004FAA
:106F600011D186EA0703B3F1805F13D3BAF1000FA2
:106F700036D1B8F1000F1FD0A368AA68534013F4AC
:106F8000E04F19D002E0B9F1404FEAD0212002B021
:106F9000BDE8F0870023204601A90193FFF76CFFAD
:106FA0000028F3D1019AC2F30E0216431743BE42E2
:106FB000ECD1B9F1000FD9DB0023694620460093DC
:106FC000FFF75AFF0028E2D1019001A92846FFF7F8
:106FD00053FF0028DBD1DDE900239A42D7D0D5E763
:106FE000AA68B8F1000F03D0A3685340D904CDD4E8
:106FF0009304E1D4CAE72DE9F7430C46054648B1AE
:1070000041B100230B60036803F070430B60C2685A
:10701000032A03D9212003B0BDE8F083012A50D808
:1070200012B143F000632360AA68EB68900102F09C
:10703000407149D5B1F1407F49D0002BEAD04FF0E3
:107040000072236823F0407313432360EA68022A26
:1070500007D12A69032ADDD823F47F0343EA0243D8
:107060002360EB68032B03D12B69F62BD2D9A370D5
:10707000AB68190442BF236843F400432360EB6804
:10708000032B09D023682A6823F4FF4323F07F03EE
:10709000C2F30E02134323602A68AB68002A03F48C
:1070A000805603F4806826DA5A0403F400511AD497
:1070B00000296BD1002EADD0236843F480532360A8
:1070C000A8E743F08063AEE7B1F1407F04D1002B25
:1070D000A0D04FF04072B4E702F08072002BB0D124
:1070E000002AAED096E7226842F480402060002952
:1070F0004CD1002E53D12A6802F0704202F10042B6
:10710000B2F1804F06D2B8F1000F03D0226842F4EA
:1071100080622260D5F8009019F0704742D50023B4
:10712000284601A90193FFF7A7FE00287FF473AF5B
:1071300009F05049B9F1004F06D0B7F1304F03D0F4
:10714000B7F1404F7FF466AF019B2268013B03F02B
:107150007F0322F07F0213432360AEB1EA69002A65
:107160003FF458AFB7F1004F3BD1117F00293AD01F
:10717000B8F1000F08D043F400732360537F1BB1B4
:10718000236843F480732360002044E722681EB91B
:1071900042F400522260AEE742F44052FAE742F471
:1071A000A042F7E713F4C8437FF434AF284601A99F
:1071B0000193FFF761FE00287FF42DAF002F7FF4CD
:1071C00029AF2368019A23F4FF4323F07F03C2F31E
:1071D0000E0213432360002ED6D0EB69002B3FF440
:1071E00019AF0F2017E7537F002BCDD0B8F1000F58
:1071F000C6D1C9E773B50C46054610B9212002B0C7
:1072000070BD0029FAD00123C6684B609E4215D894
:10721000002301A90193FFF75AFE0028EFD1019B3B
:1072200006B11C336A699A4206D32A6943F00053B7
:1072300022600020A360E2E71D20E0E7023E012E6D
:10724000DCD80023F5E770B50E46154604468AB033
:1072500000283ED000293CD0002A3AD00023012249
:1072600029463046FFF76CFE88BBF3688BBBEB68A2
:10727000013B012B2DD84FF08073A060C4E9003092
:10728000E06107A92846FFF7B6FE00BB2046079934
:1072900000F07DF8304601A9FFF7ACFFB8B92046F1
:1072A00001A900F060F8284604A9D2F725FC70B9BE
:1072B000204600F058F8284607A9FFF79BFF30B991
:1072C000204607A900F059F82046D2F7D1F80AB0B5
:1072D00070BD2120FBE770B50D46164604468AB006
:1072E00000283ED000293CD0002A3AD000230122B9
:1072F00031462846FFF724FE88BBF3688BBBEB685A
:10730000013B012B2DD84FF08173A060C4E9003000
:10731000E06107A92846FFF76EFE00BB20460799EB
:1073200000F035F8284601A9D2F7E6FBB8B92046A7
:1073300000F019F8284604A9FFF75CFF78B9204649
:1073400004A900F010F8304607A9FFF753FF30B941
:10735000204607A900F011F82046D2F789F80AB0B4
:1073600070BD2120FBE7436813B9416070475B683B
:107370005A68012AFBD159607047836813B981604C
:1073800070475B685A68012AFBD159607047C3692E
:10739000032B9FBF00EB83020133D160C3617047B1
:1073A000C369042B14D84FF09842116CC902FCD564
:1073B00004339B0013650168103B11604168116044
:1073C00050F8081F11604FF098420344984200D1D2
:1073D000704750F8041F1160F8E7FFF70EBDA0F5E5
:1073E0000030B0F5003F2CBF00200120704770B581
:1073F00006460D4614468CB0CAB11022002108A8DA
:1074000003F0A1FC002207AB029305AB019306AB8E
:1074100000933046294608ABCDE90522D2F7C4FBDC
:1074200018B9099B6360059B23600CB070BD6FF0B9
:107430008600FAE72DE9F0410F46002186B0B842F8
:107440000646039132D004AAFFF7D1FF044648BB99
:10745000DDF810800120414600F0A2FE054638B359
:1074600003ABCDE900032246214643463046D2F71E
:107470001BFD044670B9059B2146009338462B46F8
:10748000039AD2F7A5FC044620B921463046D2F72C
:1074900061FD044600212846039A03F054FC284667
:1074A00000F060FE204606B0BDE8F0810C46F9E72A
:1074B0006FF08C04F6E708B5FFF79FFC002814BFB7
:1074C0006FF09200002008BDFFF7F5BFF0B51C4635
:1074D000002389B023600F461646FFF78EFC70B973
:1074E0006846FFF7BAFC054648B932463946684651
:1074F000D2F798FA10B9266009B0F0BD25606FF098
:107500009200F9E7F0B58FB0DDE91947DDE91B56C8
:10751000A54222D94FF0000C2D1BCDE906740A9527
:1075200005943D19189CCDF834C00494179C0DF1B6
:10753000340C0394169CCDE908650294159CCDF893
:107540002CC00194149C0094D2F78CFD18B93368B8
:107550000D9A134433600FB0F0BD6FF08900FAE765
:107560002DE9F04790B08946DDE91C8792461C461C
:107570000646002851D0038803F4E042B2F5005FCC
:1075800039D1C3F30222042A35D184F0AA6383F4EB
:10759000807333F47E1337D084F0AA6383F40073CE
:1075A00033F47E1330D0B8F1000F36D000250CAB89
:1075B0007F1B2A46184608EB070103F08DFB1B9B37
:1075C000209A03931A9B0A9202931F9A199B09927D
:1075D00001931E9A189BCDE90752CDE905700093DF
:1075E0005246234649463046CDF81080D2F7FAFD80
:1075F00010B0BDE8F08742F204029342D3D184F088
:10760000052383F48013CBE7C4F30545BD4204D8BA
:10761000B8F1000F01D0102DC9D96FF08600E7E74F
:1076200020F00803102B05D0202814BF6FF086002F
:10763000002070470020704710B500244368146094
:107640001B0A04D0012B10D06FF0850010BD0388F9
:1076500023F0FF00B0F5824F04D1413BDBB2012B98
:1076600088BF013100201160F0E72C31FAE7F8B54E
:10767000134642880C460732072A4FEAD20101D04E
:10768000A14245D146680588C768202218460021D6
:1076900003F059FB360A034626B1012E10D06FF0D5
:1076A0008B00F8BDA4B341F20102954205D0B5F5B7
:1076B000885F02D0B5F5905F19D15C600020F0E7DB
:1076C000C6602CB341F2010295420AD15C60B90751
:1076D00007F001020ED4002AF0D14FF080729A60B8
:1076E000ECE7B5F5885FF1D0B5F5905FEED0B5F574
:1076F000105F02D06FF08500D3E7182C03D0202C48
:1077000001D0102C04D1C3E90044002ED6D0DEE70E
:107710006FF08600C5E7406810B5000A029C04D0EF
:10772000012807D06FF08B0010BD934209D96FF08C
:107730008C00F9E703F12C009042F8D8103103F1E6
:107740001C020020C4E90412EEE72B2A03460AD9E2
:10775000012200200A8048801A684A605A689B68A3
:107760008A60CB6070476FF0890070472DE9F04F59
:107770009BB01F46DDE924BA894615460646269B7E
:10778000002866D0002F64D0BBF1000F61D0002923
:107790005FD0002A5DD0BAF1000F5AD0002B58D02C
:1077A0000021D2000DF10808CAF8001040461A6006
:1077B000202203F0C8FA424629463046FFF757FF19
:1077C000044628BBC6460DF1280CBEE80F00ACE805
:1077D0000F009EE80F008CE80F00EB1C214623F001
:1077E0000303202212A8CDE90D490F9303F0ABFA51
:1077F0002B465A4639463046CDF80080FFF78BFFBE
:10780000044628B912A8FFF728FB28B16FF09204AC
:1078100020461BB0BDE8F08F02AA0AA912A8FFF704
:1078200012FD98B95A46394602A8FFF78EFF044662
:107830000028EDD1524629463046FFF7FDFE0446AA
:1078400012A8FFF714FB0028E2D0DFE76FF09204E4
:10785000F6E76FF08604DBE710B586B005AC02945E
:10786000099C0194089C0094FFF780FF06B010BDAE
:107870002DE9F04F9BB00C46DDE9249A1546984659
:10788000834600286AD0002968D0002A66D0002BE1
:1078900064D0B9F1000F61D0BAF1000F5ED0C768B3
:1078A00017F001075DD02022002102A803F04BFA57
:1078B00021462A46584602ABD2F7FEFE044640BB9C
:1078C0000AAD02AE0FCE0FC596E80F0085E80F0097
:1078D00001A90AA8BBF800500194FFF7F8FA25F0B7
:1078E000FF03B3F5824F014617D1413DEDB2012DA3
:1078F00013D9042309F1FF3908F8013B0023CDE92E
:107900000D3809F1030323F003030F9339B16FF02E
:10791000920420461BB0BDE8F08F0027EEE7019BE4
:107920004B4521D8202212A803F00DFA12A8FFF728
:1079300094FA0028EBD10AAA02A912A8FFF7CBFCFF
:1079400048B9019B3B44CAF8003012A8FFF78FFAF0
:107950000028DED0DBE76FF09204F6E76FF08604D4
:10796000D7E76FF08404D4E76FF08904D1E76FF0B4
:1079700085007047FFF7C6BDFFF7F2BDD2F7CCBC5C
:10798000D2F7D0BDFFF7BEBDFFF7EABDD2F7C4BC4A
:10799000D2F7C8BD00F008B809B100F007B822203E
:1079A00070470121D2F764BF0020704770B50646CA
:1079B0000D46FFF783F804461F2E52D8DFE806F085
:1079C0001019511E212451272A512D51303351367F
:1079D000393C513F514251515151455148514B4E03
:1079E000CFF77AFB002628602046FFF76DF8304677
:1079F00070BD4FF4C070D0F731FAF3E74FF4207048
:107A0000F9E74FF44070F6E74FF46070F3E74FF496
:107A10000070F0E74FF48060EDE74FF44060EAE774
:107A20004FF4C060E7E74FF4F060E4E74FF4B06074
:107A3000E1E74FF4D060DEE74FF41060DBE74FF48E
:107A4000E060D8E74FF4A060D5E74FF42860D2E7B4
:107A50004FF48070CFE74FF42060CCE74FF44860DC
:107A6000C9E700202126BEE7D2F722BFD3F7CAB864
:107A7000D3F706B970B50C46154610B9D3F7B0F96F
:107A800038B143682BB12A462146BDE870400068F2
:107A90001847232070BDF7B50D4616461C4648B161
:107AA00003B901AC87685FB12346324629460068B6
:107AB000B84706E0D3F794F904B901AC0028F1D136
:107AC000232003B0F0BD07B501228DF807100DF19A
:107AD0000701FFF7CFFF03B05DF804FB0B4601463B
:107AE0001846FFF7F0BF00230122FFF7D4BF0EB402
:107AF00003B503AA52F8041B0192D3F77DF902B033
:107B00005DF804EB03B070474FF06042D2F8803E5E
:107B10001B02FBD470472DE9F84F0F4615461E4651
:107B2000002402F104089DF828B002F109094FEA87
:107B3000132A5FFA88F84C4502D30020BDE8F88F7D
:107B4000052C12D8DFE804F01E09030B0D0FD1211C
:107B50000820CFF7B9FB0134EDE74146F8E7F1B271
:107B6000F6E75146F4E75946F2E7AB1DA3420BD0C6
:107B7000EB1DA34208D005F10803A34206D0BB1FAA
:107B8000195DE5E75B21E3E75A21E1E75D21DFE7E6
:107B9000034670B190F8382090F83C002AB10228D2
:107BA00003D1012283F83C20704704284FF00102E2
:107BB000F8D00120704780F82C10704790F82C0006
:107BC000704790F8390070473022037A534303F12D
:107BD000A04303F58023D96ED0E9032313449942CF
:107BE00014BF08461046704770B504460568D3F7C1
:107BF000F7F8844202D10020D3F7E6F895F9360071
:107C0000D3F7C0F895F93600D3F79CF895F937000B
:107C1000D3F7B8F895F93700D3F794F8287ACFF767
:107C20001FFD287ACFF782FCCFF75EFC00232846A1
:107C3000C4E90033C4E90433A360AB6ABDE8704013
:107C40001847F8B504460D4690F8393081B173B93C
:107C500090F83A60FEF727FF054601213046D5F738
:107C6000F1FB2846FEF723FF012384F83930F8BDE5
:107C7000002BFCD090F83A70FEF715FF0646294617
:107C80003846D5F7DFFB3046FEF711FF84F8395050
:107C9000EDE72DE9F843044616460D4690F82C8092
:107CA000FEF70CFF94F8382003469AB1FEF70CFF5C
:107CB00094F83B90FEF7F7FE074601214846D5F7BA
:107CC000C1FB3846FEF7F3FEFEF7F8FE002203463E
:107CD00084F838201846FEF7F7FE2E44B54204D14A
:107CE00001212046236A98473DE094F82D302BB3BC
:107CF000FEF7E4FE237E0746EBB12046FFF764FF64
:107D0000E1680138884238BF2069D4F830C03CBFF0
:107D100000F1FF30401803469C450BD013F80129B1
:107D2000112A01D0132A21D1A2F111035A425A413A
:107D300084F8342020633846FEF7C6FE94F83430C9
:107D4000002BCBD0B8F1000F06D02B780A2B03D133
:107D50000D212046E36998472046E36915F8011B89
:107D600098470028BAD00020BDE8F883994282BF26
:107D7000236903F1FF335B18CEE7F8B590F838308C
:107D8000044603F0FF06A3B93146036A984701236E
:107D900084F8383094F83B70FEF785FE054631468E
:107DA0003846D5F74FFB2846FEF781FE022384F8BC
:107DB0003C30F8BD026CD36C43F00403D3647047CD
:107DC00010B50446026C93695906FCD5002394F85B
:107DD00049101A4694F84800D0F750FF002394F851
:107DE0004B101A4694F84A00D0F748FF94F85030E8
:107DF000DA0707D5002394F84D101A4694F84C0082
:107E0000D0F73CFF94F850309B0707D5002394F837
:107E10004F101A4694F84E00D0F730FF206C002126
:107E2000C36C23F00103C364C36C23F00403C36475
:107E3000FEF731FF606C0021CFF7F6FF002010BD88
:107E400008B5006CFEF736FF002008BD036CDA6C45
:107E500019B142F00102DA64704722F00102DA64DB
:107E6000012203F500539A64704738B50468206C0A
:107E7000856C15F001050BD0012200F500539A64C2
:107E800083699B060FD52046BDE83840FFF775BFD4
:107E9000042384F83C30237E33B9C36C23F00403FD
:107EA000C3640123237638BD637E1BB394F82D3061
:107EB00003B3132184F83550FEF7FCFE236CDA6C13
:107EC00042F00402DA645B6ADBB2112B0DD10123AC
:107ED00084F834303022237A534303F1A04303F56E
:107EE0008023DB6E013B2363DDE7132BDBD184F8BA
:107EF0003450EFE7C36C23F00403C364D3E710B539
:107F000008201C4602F057FD002820600CBF1B20F3
:107F1000002010BD002808BF42200A44914200D131
:107F2000704711F8013B434001F8013C00F00103A8
:107F3000C0F34700002BF1D080F0B800EEE708B5A1
:107F4000D3F7B0FB80B208BD08B5D3F7ABFB08BDD3
:107F500008B5FFF7F9FFFA23B0FBF3F080B208BDD4
:107F6000012070470420704740F2016000F046B8DD
:107F7000704770477047032000F05BB801207047DE
:107F800010B50C46D3F7E6FB08B1006808B901202C
:107F900010BD2146FFF7A7FD0028F9D01B28F6D118
:107FA000F6E710B50C46D3F7D5FB40B1006830B109
:107FB0002146FFF788FD003818BF012010BD0120C1
:107FC000FCE701464FF0FF3003F042BC08B54FF02C
:107FD000FF3003F03FFC80B208BD49BA89B280EAA5
:107FE0000103C3F303125340180380B258405B01EE
:107FF00003F4FF535840704742DE704710B5044603
:10800000FEF758FD4FF000534FF20F021C805A80CC
:10801000BFF35F8FBDE81040D2F782BE10B40446B4
:108020000846114622465DF8044BD6F729BBD6F721
:1080300067BBD6F7A5BB10B40446084611462246D6
:108040005DF8044BD6F7BABBD6F748BCF8B50027A5
:1080500006463D463046EAF709FA854200D3F8BDA8
:108060003046EAF703FA441BE4B2202C2946304696
:1080700028BF2024EAF7C6FB224601463846FFF710
:1080800049FF2C440746E5B2E4E701460120FFF72B
:1080900088BF10B5014604460120FFF771FF18B1F3
:1080A0001B2803D018232370002010BD2720FCE7D5
:1080B00000207047104430B5054602B930BD01F0CC
:1080C0000F030A2B34BF30243724013A2344090913
:1080D00005F8013DD2B2F0E770B504464518073502
:1080E00049420D40A5F10806304600F066F8A18827
:1080F000331BC3F3CF036288194489B2D21A25F81F
:10810000041C25F8062CA28882B1A4EBC202D180FF
:10811000518819445180E2887AB1D31A9BB204EB9A
:10812000C20425F8023CA380304670BD15F8082C27
:1081300042F0020205F8082CEDE725F8022CF3E7DF
:1081400007B500224FF0FF3101AB0192D4F768FE72
:10815000019803B05DF804FB13460A464FF0FF3167
:10816000D4F75EBED4F72ABF70B50D461E46114641
:1081700093B1002333608DB180B145433246284628
:10818000FFF7EAFF044628B9306818B12A462146AD
:1081900002F0D9FD204670BD2224FBE72124F9E737
:1081A00007B5002201AB0192FFF7DEFF019803B093
:1081B0005DF804FB0846FFF7C3BF0023038043803C
:1081C0008380C380704710B5FEF76DFC0446D5F779
:1081D0009FF82046BDE81040FEF769BCD5F726BDE4
:1081E0004FF4C870D5F7D4B97047002307B5684677
:1081F00000938DF80430D0F7EBFB03B05DF804FB7F
:108200002DE9FF410D4616461F460446A8B14FF022
:108210000008C0F81C80D5F729FEBDF82C30424676
:1082200002939DF828302946CDE900732046334655
:10823000D5F776FD04B0BDE8F0812220FAE7F0B56D
:108240001F46002387B00D46164604468DF81730AA
:10825000A8B1C3610DF11701D5F73AFE9DF81720BB
:108260007AB9BDF83430294602939DF83030204663
:10827000CDE900733346D5F753FD07B0F0BD22209A
:10828000FBE70320F9E738B5FEF718FC0546D6F7FB
:108290002DF804462846FEF717FC204638BD00F0AE
:1082A0003AB800F049B800210846D0F7ADBF00F059
:1082B0000101830748BF41F002010020D0F78ABFC7
:1082C00010B504460020D0F797FF012C04D0022CF3
:1082D00005D1C0F3400010BD00F00100FBE7002015
:1082E000F9E738B5FEF7EAFB04460020D0F784FF33
:1082F000830700F0010548BF45F0020500F00301C7
:108300000020D0F773FF2846D5F7DEFE2046BDE8F3
:108310003840FEF7D9BB002008B5D0F76DFF10F04C
:10832000080008D000200821D0F760FFBDE8084011
:108330000020D0F787BF08BD04210020D0F756BF2A
:1083400008B5DAF77FFF02F05DFB02F08AFB02F06E
:108350005BFBBDE8084002F06EBB08B502F06CFBA9
:1083600002F06BFB02F06AFBBDE8084002F06FBB55
:1083700070472DE9F34112F001050446884622D1E9
:1083800010F0030525D12F465208BA4209D1D0F783
:108390007FFD0026B74204EB860008D1D0F788FDA8
:1083A00011E054F8273001330CD10137EDE70422F6
:1083B00058F826300DEB0201019308F0CDFD30B1E5
:1083C000D0F776FD3D25284602B0BDE8F0810136A4
:1083D000E0E70125F7E71FB52A38062869D8DFE866
:1083E00000F0040B2C4D52575E0007F061FB04F0C7
:1083F00066FE012004B010BDE7F7F8FD0446E7F77C
:10840000F5FD8DF80000E7F7F1FD8DF8010004F0AF
:108410004CFEADF80200E7F7E9FD0DF105018DF81E
:1084200004000820E7F7EAFDE7F7E0FD69468DF86C
:108430000D00204604F023FAD9E7E7F7D7FD694697
:1084400007F027FB04F03BFE9DF80000E7F7ECFD8A
:108450009DF80100E7F7E8FDBDF8020004F01BFEFF
:108460009DF80400E7F7E0FD08200DF10501E7F7AE
:10847000EBFD9DF80D00E7F7D7FDBAE7E7F7B6FD8E
:1084800004F0FFF9B3E7E7F7B1FDF4F781FEF2E797
:10849000E7F7ACFDF5F7FAFE04F0FDFDA9E7E7F715
:1084A000A5FD044604F001FE01462046F5F714FF41
:1084B0009FE700209EE7833810B50A2843D8DFE8FD
:1084C00000F0061114171A1D202A2F343E00E7F77A
:1084D0008DFD003818BF0120E5F784FC04F0EFFDA6
:1084E000012010BDE5F7F8FCF8E7E5F71FFDF5E71B
:1084F000E5F72CFDF2E7E5F739FDEFE7E5F746FD97
:10850000ECE7E7F773FD0446E7F786FD01462046F2
:1085100004F05CF9E2E7E7F769FDE5F78DFDDDE7DB
:1085200004F089F9E7F780FDDAE704F0BEFD0446C0
:10853000E7F75CFD41B22046E5F790FDCEE704F099
:108540007DF9C0B2EEE70020CBE7B0F5807F07B53C
:1085500007D040F20113984209D0002003B05DF823
:1085600004FB00F00BFCE7F75FFD0120F6E7E7F7FF
:108570003DFD6946D8F7AAF904F0A1FD684604F06C
:10858000F6FFF2E770B574288CB027D006D86F28B4
:1085900027D0732817D000200CB070BDA8283BD07E
:1085A000A928F8D104F081FD044602A90820E7F7C4
:1085B00025FD07A91020E7F721FD204607AA02A9FB
:1085C00007F0F8FD06E0102007A9E7F717FD07A858
:1085D00007F0F2FD04F073FD0120DDE7F9F78EFFEF
:1085E000F8E702A804F03DFEE7F700FD0446E7F7D0
:1085F000FDFC0546E7F710FD07AE211E03462A469F
:1086000018BF0121009602A804F03EF904F057FDBE
:10861000304604F01BFEDFE704F047FD044602A9E4
:108620000820E7F7EBFC07A90820E7F7E7FC20465E
:1086300007AA02A907F085FDCCE7002070474FF696
:10864000FF707047FF20704700207047022004F041
:1086500036BD08B50E2004F032FD012008BD70477C
:10866000D3F712BE704708B5D3F706FDBDE8084042
:10867000EAF7F6BE7047704708B5FFF7FBFFFFF754
:10868000FAFF08BD704708B5D3F7F6FCFFF7FAFF0D
:1086900002F047FABDE80840D7F7D2BD0020704786
:1086A0009DF8040070470020704700207047704715
:1086B00038B50546FEF7F7F9044601212846D4F7F8
:1086C000C1FE2046BDE83840FEF7F1B901207047F1
:1086D00008B5E7F7E3FBB0FA80F0400908BD08B53C
:1086E000D7F75EFE00280CBF0420012008BD082833
:1086F00008D84FF48B73C34013F0010F14BF002050
:1087000021207047212070470120704701207047C9
:108710000020704708B5022004F0D1FCBDE80840F5
:108720000020E7F781BC022004F0C9BC70472DE9A6
:10873000F34104460D4616461F46DDF82080CDF86D
:10874000008002F04FFA3B46324629462046CDF8DB
:108750000080FFF7EBFF02B0BDE8F0811FB5089C79
:1087600002949DF81C400194BDF818400094E6F76F
:10877000CBFA04B010BD08B5E5F7DEFE08BD7047C2
:108780002DE9F34116461F4604460D46BDF82080EC
:10879000CDF8008002F028FA3346424629462046AA
:1087A0000097FFF7ECFF02B0BDE8F081704708B515
:1087B00002F01BFAFFF7FAFF08BD012070472DE910
:1087C000F04105460E4617469846FFF7F6FF044669
:1087D000434628463A46314602F009FA2046BDE8AB
:1087E000F081012070472DE9F04105460E461746FD
:1087F0009846FFF7F6FF0446434628463A46314678
:1088000002F0F6F92046BDE8F08102F0F2B9F8B5C1
:1088100005460E46174608F044F804463A462846F0
:10882000314602F0E8F92046F8BD02F0E5B970479C
:1088300010B5044602F0E2F92046FFF7F8FF10BD3C
:10884000704738B504460D4602F0DAF9294620464D
:10885000FFF7F6FF38BD704770B504460D46164663
:1088600002F0D0F9324629462046FFF7F4FF70BDEA
:10887000704738B504460D4602F0C6F92946204631
:10888000FFF7F6FF38BD704738B504460D4602F0D5
:10889000BDF929462046FFF7F6FF38BD70472DE9A0
:1088A000F34104460D4616461F469DF82080CDF83C
:1088B000008002F0ADF93B46324629462046CDF80D
:1088C0000080FFF7EBFF02B0BDE8F081704738B5DC
:1088D0000546E5F7CFFC04460146284600F0D2F9EC
:1088E000204638BD38B504460D4602F099F92946B0
:1088F0002046FFF7EBFF38BD704738B50546E5F772
:1089000027FD04460146284600F0BAF9204638BD46
:1089100038B504460D4602F084F929462046FFF793
:10892000EBFF38BD704710B5044602F07BF92046D6
:10893000FFF7F8FF10BD704738B504460D4602F04A
:1089400073F929462046FFF7F6FF38BD704770B52A
:1089500004460D46164602F069F93246294620467D
:10896000FFF7F4FF70BD704738B504460D4602F0BE
:108970005FF929462046FFF7F6FF38BD704738B546
:1089800004460D4602F056F929462046FFF7F6FF49
:1089900038BD704770B504460D46164602F04CF9D6
:1089A000324629462046FFF7F4FF70BD704710B5E8
:1089B000044602F043F92046FFF7F8FF10BD704768
:1089C00010B5044602F03CF92046FFF7F8FF10BD51
:1089D000704710B5044602F035F92046FFF7F8FF5E
:1089E00010BD704770B504460D46164602F02CF9CE
:1089F000324629462046FFF7F4FF70BD704710B598
:108A0000044602F023F92046FFF7F8FF10BD704737
:108A100038B504460D4602F01BF929462046FFF7FB
:108A2000F6FF38BD7047F8B504460D4616461F469A
:108A300002F010F93B46324629462046FFF7F2FF86
:108A4000F8BD704770B504460D46164602F004F9AD
:108A5000324629462046FFF7F4FF70BD7047F8B54F
:108A600006460C4617461D4602F0F8F83B463246CD
:108A700029462046FFF7F2FFF8BD704710B50446BF
:108A800002F0EEF82046FFF7F8FF10BD704738B54A
:108A900004460D4602F0E6F829462046FFF7F6FFA9
:108AA00038BD704710B5044602F0DEF82046FFF7E7
:108AB000F8FF10BD70472DE9F34104460D461646F8
:108AC0001F46DDF82080CDF8008002F0CFF83B464D
:108AD000324629462046CDF80080FFF7EBFF02B072
:108AE000BDE8F081704738B504460D4602F0C0F885
:108AF00029462046FFF7F6FF38BD0E2070470E20AE
:108B0000704738B50446FFF7FAFF0546204602F0E5
:108B1000B1F82046FFF7F1FF284638BD704710B581
:108B2000044602F0A8F82046FFF7F8FF10BD002029
:108B300070470020704738B50446FFF7FAFF054636
:108B4000204602F099F82046FFF7F1FF284638BD8D
:108B500070472DE9F04F91B0249C9DF888B00A949D
:108B6000239C9DF87C90CDE908B4209C9DF868502A
:108B70009DF86C609DF870709DF87480CDE9059447
:108B80001E9C9DF884A0CDE90384CDE90167009582
:108B9000CDE90E23CDE90C01CDF81CA002F06DF853
:108BA000DDE90C01249BCDE901670A93239BCDF8F5
:108BB0001CA0CDE908B3209B0095CDE905931E9B31
:108BC000CDE90383DDE90E23FFF7C2FF11B0BDE855
:108BD000F08F08B502F06DF801F0FDFE08BD002031
:108BE0007047022070470020704730B589B00446B6
:108BF000ADF806108DF81020EAF706F80546204675
:108C0000EAF712F803469DB1BDF80600ABB905F0CE
:108C100004FAFF2808BF00200DF10F038DF80F00A4
:108C20001A46204604990593D7F7FCFB09B030BDDE
:108C30000028F5D00DF10603F2E705F0EEF9FF2864
:108C400008BF0020BDF806308DF80F00ADF81A30CF
:108C50008DF8180006ABE3E7D3F7AAB908B5E8F733
:108C600013FC002840F6124018BF002008BD012068
:108C7000704770477047704770477047704770473C
:108C8000FFF746BEFFF72EBEFFF7DCBEFFF7CBBEF9
:108C900010B49DF8044001945DF8044BFFF7FFBD4C
:108CA000FFF741BEFFF748BEEAF78ABB2DE9F04166
:108CB0009DF818409DF81C509DF820609DF8247088
:108CC0009DF82CC09DF834E09DF83880CDE9086708
:108CD000CDE90DE8CDE90645CDF82CC0BDE8F04161
:108CE000FFF737BFFFF763BEFFF731BEFFF71FBDCA
:108CF000FFF745BEFFF738BEFFF74CBE30B4BDF8F6
:108D000008409DF80C50CDE9024530BCFFF726BD68
:108D1000FFF77BBDE5F7D0B9E5F7BAB9FFF791BD2D
:108D2000FFF79ABDFFF7FBBEFFF7A3BDFFF7ACBD92
:108D3000FFF7C1BEFFF756BEFFF761BEFFF768BE83
:108D4000FFF747BFFFF774BDFFF73ABE04F08BBCD7
:108D5000E8F746BBEAF7D2BBE9F7F0BF10B4BDF8BD
:108D6000044001945DF8044BFFF70ABDFFF78FBE86
:108D7000FFF775BEFFF782BEFFF794BE2520704750
:108D800010B51446D2E90032D5F7BAFC08B1002379
:108D90002360003818BF012010BD002070477047C5
:108DA0000020704770470E207047012070477047C1
:108DB00001207047012070470E20704737B5427B75
:108DC0000446D0070D4605D56078F1F7EFFCC8B131
:108DD00003B030BD930731D5C2F3800310074FEACB
:108DE0008313ADF806300DF1060248BF43F48063EB
:108DF00004F1040048BFADF8063006F070F908B978
:108E00002D20E5E708222946201D01F082FF2B7C5A
:108E100000202373AB89590642BF627B42F00402F3
:108E200062735A0542BF627B42F0080262731B07FD
:108E300042BF637B43F002036373C9E70120C7E7C6
:108E40007FB5102201AB02A9019200F0AEFC50B92F
:108E500002A806F0E3FD80F00100C0B200F00100BE
:108E600007B05DF804FB0020F8E730B5427B04460C
:108E700012F001058BB015D000212822684601F0C0
:108E800062FF69466078D8F749FD48B9DDF81D30C2
:108E90006360DDF82130A360637B43F002036373FA
:108EA0000BB030BD930701D42D20F9E7D20001218A
:108EB00002F080020430D8F77DFDFF286070F3D007
:108EC000637B284643F001036373E9E7704708B505
:108ED00000F07DFC003818BF012008BD07B50378FD
:108EE000072B0FD1407800F5403000F500701022BC
:108EF00001AB019200F059FC003818BF012003B00B
:108F00005DF804FB082B05D1407800F5403000F5F2
:108F10004070ECE72620F2E730B503780446072BD3
:108F20000D4687B019D1437803F5403000F5007045
:108F3000059000F04CFC1023CDE901530123009370
:108F40004FF4105140F20133226905A800F002FCF1
:108F5000003818BF012007B030BD082B05D1437879
:108F600003F5403000F54070E2E72620F3E773B5E3
:108F700005460E46FFF779FF0446E0B96B7B9B0779
:108F80000ED46878102200F54030314601AB00F570
:108F9000807000F00AFC50B10124204602B070BD80
:108FA00002460821281D04F0EFFF0028E9D03046D2
:108FB00006F0EBFAF1E72D24EFE738B5427B0446E3
:108FC000930707D5D200012102F080020430D8F7C0
:108FD000F1FC60706178FF2902D12D25284638BD4B
:108FE00000220120D8F75AFD05460028F5D1607807
:108FF00000F5403000F5807000F0E9FBEEE710234B
:1090000010B590B0CDE90113002300934FF4105137
:109010000269044640F2013305A800F09BFB0146BB
:1090200048BB25220DF11B0001F08DFE6368627BB9
:10903000CDF83530A36812F0040FCDF83930059B18
:1090400006A807934FF001038DF81A300CBF802358
:10905000C023110748BF43F48063ADF8183093076D
:1090600042BFBDF8183043F00803ADF81830F1F7EF
:1090700033FB10B010BD0120FBE710B58AB00C46E1
:1090800001A9FFF79BFE40B96B46102221460698C6
:1090900000F08BFB003818BF01200AB010BD10B5DE
:1090A0008AB024220446002101A801F04CFE0023CE
:1090B000ADF80230637B590744BF4022ADF802206F
:1090C0001A0742BFBDF8022042F48062ADF80220C8
:1090D000DB071CD5607801A9F1F768FB10B12D20E2
:1090E0000AB010BD01AB03CB637B606043F00203A9
:1090F000A160637304A9201D05F0F3FF0028EED0E2
:10910000069800F064FB003818BF0120E8E70DF175
:10911000020201A9201D05F0E2FF0028EAD1DEE7E6
:1091200010F1870F06D030B110F1950F0CBF2C2035
:109130000120704721207047D8B1D1B14388C3B90D
:109140000378013B082B14D8DFE803F00507090B6F
:109150000D0D0F0F1100D7F7A5BFD8F737B8FFF7E0
:109160004EBFD8F7E7B8D8F7A9B8FFF7D5BED8F7FC
:109170009DB92120704738B50D4639B330B3037817
:10918000013B082B20D8DFE803F0050D101316165D
:1091900019191C00D7F7E0FF0446284606F0F5F938
:1091A000204638BDD8F74AF8F6E7FFF766FFF3E741
:1091B000FFF7DDFEF0E7D8F76DF8EDE7FFF78EFE7D
:1091C000EAE7D8F78FF9E7E72124E6E72124E7E784
:1091D00070B586B0064601A80C461546D7F7FCFECA
:1091E00004238DF804301CB12068616802AB03C30E
:1091F000294601A88DF80560FFF79EFF06B070BDF7
:1092000070B586B0044601A80D461646D7F7E4FEB1
:109210000323206861688DF8043002AB8DF811607B
:1092200003C3294601A8FFF787FF06B070BD0022DF
:10923000FFF7E6BF30B585B00D4669460446FFF737
:109240009AFF20B92A4621466846D8F7A1F905B009
:1092500030BD10B5044686B011230622012001A9B5
:10926000E9F73AFCA3789DF814209A4207D08DF8CC
:10927000143006221123002001A9E9F72DFC112347
:109280000222012001A9E9F727FCE3789DF81420C8
:109290009A4207D08DF8143002221123002001A930
:1092A000E9F71AFC06B010BD30B5437B044613F055
:1092B00001020D468BB007D0407801A9F1F776FA8C
:1092C00070B12D200BB030BD9B07FAD5ADF8022050
:1092D00001A90DF10202043005F001FF0028F0D0D1
:1092E00000210E22A81C01F02EFDBDF810302B80AD
:1092F000039BAB60BDF81230AB819DF81430237333
:1093000001AB03CB6060A1600020DBE770B5437B5D
:109310000446DB070E468AB003D42D2528460AB042
:1093200070BD69464078D8F7F9FA05460028F4D1AF
:10933000DDF81D300E226360DDF821300146A360A8
:10934000637BB01C43F00203637301F0FCFCBDF8C7
:109350000030069A43F004033380059BB2607360CB
:10936000DCE70B4610B5044610220021184601F038
:10937000EAFC2278032A09D0042A0DD0022A11D14E
:1093800001462046BDE81040D8F76CBA0146204699
:10939000BDE81040FFF788BF01462046BDE81040F9
:1093A000FFF7B4BF262010BDF8B5074608460C46A7
:1093B00016461D46D7F710FE04232370637B314603
:1093C00043F00103204667706373FFF7D4FE08B1D2
:1093D0002D20F8BD29462046FFF7C3FF0028F8D00E
:1093E000F6E7F8B5054608460C461F461646D7F779
:1093F000F3FD0423237025B108222946E01801F06B
:1094000088FC637B43F0020363734EB9324601214B
:109410002846D8F7CFFAFF28607007D12D20F8BD75
:1094200031462046FFF7A7FE0028F7D1637B43F0C3
:10943000010363730DB90020F1E7002FFBD039461B
:109440002046FFF78EFFF6E7F8B50C4607460846BC
:1094500016461D46D7F7C0FD03232046394600F8BF
:10946000043B082201F055FC637B314643F00203C4
:1094700020466373FFF77FFE08B12D20F8BD294613
:109480002046FFF76EFF0028F8D0F6E7F8B507464C
:1094900008460C4616461D46D7F79EFD032323704B
:1094A000637B314643F00103204667706373FFF727
:1094B00062FE08B12D20F8BD29462046FFF751FF76
:1094C0000028F8D0F6E70120704718B1802201216A
:1094D000D8F770BAFF20704730B589B00D46FFF756
:1094E000F4FFFF28044612D019230246194601A8AA
:1094F000FEF794FD2868696801AB03C31923214670
:10950000184601AAFEF793FD002009B030BD2D20BA
:10951000FBE7002307B51A4619460093F2F7A4FEAD
:10952000B0FA80F0400903B05DF804FB7047704763
:109530000020704770470F20704770479DF800006B
:1095400070470F2070470F207047002070470F2092
:109550007047002070470020704784B08DE80F00EE
:10956000002004B07047002070477047704700200B
:1095700070477047002070477047002070470120F7
:10958000704770470020704700B58FB061B105ABE0
:1095900001AA09A9FFF725FF20B99DF825000FB002
:1095A0005DF804FBFF20FAE70220F8E710B586B06B
:1095B000044601A8D7F710FD04238DF804300123D9
:1095C00001A88DF805408DF81130D7F72FFF00283E
:1095D00018BF212006B010BD002310B586B00C4680
:1095E0001A4601A9FFF7FDFE9DF80500FF2807D0E8
:1095F000002C0DBF0422002204210021D8F7B8FA64
:1096000006B010BD30B587B0044601A81546D7F79F
:10961000E3FC4FF6047320686168ADF8043002ABD8
:1096200003C3294601A8FFF787FD054630B1052190
:109630002046FFF783FB002007B030BD9DF80500F2
:10964000FF28F8D002222946D8F792FA01212046B5
:10965000FFF774FB28462946F2F7F4FE0120EBE7FA
:10966000008870470170090A4170704710B50024E6
:10967000E3B210B9C3F10303DBB20134042CCA54C2
:109680004FEA1222F4D110BD10B50B784C788A78CD
:10969000C97828B9104622460446084619460346AA
:1096A00042EA012043EA042343EA004010BD2DE9C9
:1096B000F84FDDF8289016469A4680460C469DF8ED
:1096C0002CB00C9FCFF74EFC431F5D425D41B6F5B9
:1096D000885F2AD1BBF1000F04D1C4F804B0002385
:1096E000A36009E0BBF1010F08BFD8F800304BEAD6
:1096F000052508BFA360656019F4805F18BF49F4B1
:10970000806919F4005FE36918BF49F40069C4E98E
:10971000039AC3B926804FF6F8724FF6FF7397424B
:1097200088BF1F466780BDE8F88FBBF1010F08BFF7
:10973000D8F800304BEA05256560EDB208BFA3609C
:10974000002DD9D1CBE7002331461A46204600F040
:1097500070FDE0E72DE9F04304468FB00D46DDE9EA
:10976000178916460021242205A81F4601F0EBFAAE
:10977000C4B1B8F1000F15D04FEAC90302939DF8A8
:1097800058302A462046CDE9007305A93346FFF735
:109790008EFF23464A46414605A800F0BFFA0FB0A7
:1097A000BDE8F0836FF08600F9E710B421B11BB17A
:1097B0005DF8044B00F06EBA6FF086005DF8044B64
:1097C000704709B100F01BBA6FF08600704700F0D7
:1097D00002BA10B51C46002386B005934AB144B1C5
:1097E00005AB02931023CDE90043D8F755FF06B02F
:1097F00010BD6FF08600FAE710B51C46002386B056
:1098000005934AB144B105AB02931023CDE900435F
:10981000D8F76EFE06B010BD6FF08600FAE72DE9AE
:10982000F04F9B468BB09DF85040179B07468846EB
:1098300018465946924622469DF858909DF8545035
:1098400001F067FA03464FEA094101F47C1141F047
:10985000A8612E1B09AA41F480710BEB040006EBF2
:10986000090C23440692BAF1000F16D0CDE9043C4E
:10987000CDE902060D2342463846CDE900B400F09A
:109880008EFB10F1950F04D16FF094000BB0BDE882
:10989000F08FB8B16FF08600F8E7CDE90436CDE976
:1098A000020C0D2342463846CDE900B400F007FC17
:1098B00010F1950FE8D00028ECD1099BB342E9D113
:1098C0000020E3E7099B4D442D1B9D42F7E710B5AF
:1098D000044608B1D8F7FAF92046BDE81040FEF773
:1098E00041BC00F4E040B0F5805F04D0A0F5005327
:1098F0005842584170470120704738B503790446F3
:109900000D463BB9A368022120462B6000F08BFD79
:1099100038B938BDD0E9091200F01BFE0028F1D09B
:10992000F7E700232B60F4E700232DE9F341D0E9AA
:10993000016804460F4630461146136000F0DAFD18
:10994000054688B9304600F0D7FD054660B9F6B245
:1099500076B9B8F1000F05D1E36823F47F4323F013
:10996000030363B16FF08605284602B0BDE8F081BD
:109970000146A06800F046FD0028EDD1F2E74FF661
:10998000F87362889A421ED8238B012BEAD8394695
:1099900001A8D8F7C5FF05460028E5D10FCC3F68E0
:1099A0003E460FC694E807003B7986E807000BB9EE
:1099B000019BBB603B8B012123F0010338463B83B5
:1099C00000F031FDD0E76FF08505CDE741F20523CA
:1099D00098421AD8B0F5905F09D241F2010398423B
:1099E0000CD0B0F5885F09D06FF08500704729234F
:1099F000A0F5905080B2C340DB07F5D511F0070FFA
:109A00000CBF00206FF086007047B0F5105FEBD1FF
:109A100021F04003802B06D0B1F5807F0CBF0020E1
:109A20006FF0860070470020704770B5446A0546A5
:109A30000E463CB90120FEF7B3FB686228B1204610
:109A4000AE6270BD6FF08A00FBE76FF08C00F8E744
:109A5000F8B50F46114606461546FFF7E6FF0446E1
:109A600020B92A463946706A01F036F92046F8BD19
:109A70002DE9F041089D88461F46048802B3204620
:109A8000FFF72FFFE0B12B680BB9D3002B60204606
:109A90002968FFF79BFF044678B9CE1DB2EBD60FBD
:109AA00011D1069B9A4211D84146384601F014F96B
:109AB0002B68079A0733DB0813602046BDE8F08166
:109AC0006FF08504F9E76FF08604F6E76FF089041C
:109AD000F3E72DE9F04F456885B02D0A0446DDE92E
:109AE0000E67894692469B46DDF8408006D0012DE0
:109AF00018D06FF0860005B0BDE8F08FCDE9017891
:109B00000096FDF734FF10F1860FF4D15B46524604
:109B100049462046CDE90F780E9605B0BDE8F04FD6
:109B2000FFF7A6BFCDE90F780E9605B0BDE8F04F60
:109B3000FDF71CBE10B50446406A10B1A16AFFF7DC
:109B4000C6FE0020C4E9090010BD38B50546FFF780
:109B5000F1FF95F820300446043B012B0CD8EB694B
:109B6000002B0CBF04466FF096042C2200212846DF
:109B700001F0E9F8204638BD6FF09604F5E710B51E
:109B8000044638B1042100F04EFC2046BDE81040E8
:109B9000FFF7DBBF10BD38B590F820300546052B28
:109BA00016D10479FF2C07D1FFF7CFFF041E08BFA1
:109BB0006FF08404204638BD1CB1806800F0AEFC14
:109BC00004462846FFF7C1FF002818BF0446F1E706
:109BD0006FF08804EEE707B558B1012201A9D8F764
:109BE000DBFE30B9019800F056FC28B10198FFF770
:109BF000D2FF03B05DF804FB6FF09900F9E7F7B509
:109C0000044608460E4600F008FB002320461A468C
:109C100001A9D8F7FDFB78B9019F34463D460FCD29
:109C20000FC495E8070084E80700338B384603F03B
:109C30000103338300F034FC03B0F0BD70B514466B
:109C400002881D461046049EFFF74BFE68B944F299
:109C5000010322F44050984207D002F44F42B2F57B
:109C6000824F02D0B2F5844F0ED1B4420FD82246B3
:109C7000284601F031F80021321B281901F063F861
:109C80000020059B1C6070BD6FF08500FBE76FF046
:109C90008900F8E72DE9F04188461F4616468CB04A
:109CA000002A38D0002301223B6002A9D8F7B0FB7C
:109CB0000446B8B9DDF808C003AC6546CDE90A0032
:109CC0000FCD0FC495E80700049B84E80700DCE98A
:109CD00009121B0A0AD0012B16D0604600F0E0FBE7
:109CE0006FF0860420460CB0BDE8F0814346CDE914
:109CF000006703A8FFF7A2FF0446029800F0D0FB1C
:109D0000002C08BF0446EDE74346CDE9006703A8F1
:109D1000FDF7AEFDF0E76FF08904E3E72DE9F041D0
:109D20001F46002388B0054688461646CDE9043311
:109D300007923B60002A61D0B2F1005F61D205AAB0
:109D400004A9FFF7F1FD0446A0B9049B5A6AAAB121
:109D5000049B41465A882846069206AA029203F1BD
:109D6000280201929A6A00925B6A3246FFF7B1FEBE
:109D70000446E8B10498FFF702FF35E06B681B0A60
:109D800007D107990498FFF750FE04460028DFD05A
:109D9000F0E7012B03D007926FF08604EAE728462C
:109DA00007A9079600F065FA04460028E9D0E1E724
:109DB0000498069B4288DAB943804FF6F8729342C2
:109DC00019D82B8813B102889A42E5D12B6A002B4F
:109DD000E2D16B8813B142889A42DDD13946FFF750
:109DE0008CFD04460028C5D1204608B0BDE8F081AE
:109DF0009A42D1D1E1E76FF08504BBE76FF08604AA
:109E0000F2E76FF08504EFE72DE9F04F0E464FF0D3
:109E1000000C8646154693B009AC0F460FCE0FC412
:109E20000FCE0FC433686246236070466346C5F8A0
:109E300000C005A9CDE905CCCDE907CCD8F7E8FAF3
:109E4000044658B9059B9868FDF7C9FA059C064673
:109E500070B9E3689B070BD46FF084040698FFF792
:109E60008EFE059800F01CFB204613B0BDE8F08F75
:109E70003B882BB122889A4202D06FF08604EDE72E
:109E80003B6A002BF9D17A8863880AB19A42F4D1EF
:109E9000ADF82630DDF834A02388D4F81090514670
:109EA0004A461846ADF824300393D7F73BFF0746E0
:109EB000DDF838B0D4F81480039B42465946184662
:109EC000D7F730FF2FB9BAF1000F02D0B9F1000F68
:109ED000D3D128B9BBF1000F02D0B8F1000FCCD11B
:109EE000E2680C9B0E90134006A907AA09A8CDE9C9
:109EF0000C37FFF719FD04460028AFD1002E3FD1E3
:109F0000069B5A68059B5B681B0AB3EB122F02D0B5
:109F10006FF08504A2E70A9B1B0A39D008A909A89B
:109F200000F0A7F90446002898D108990698FFF791
:109F30007CFD0446002891D1DDE905305A68120AFB
:109F4000E6D1D3E909120A9C436A240A012C50F88D
:109F5000286F92D1CDE9006009A8FDF77DFC044689
:109F600000287FF47BAF29460698FFF7C6FC04461D
:109F700000287FF473AF059800F092FA044673E767
:109F80000A9B1B0ACAD1059B5B681B0A7FF464AF5E
:109F9000059B0698D3E90912FFF75AFDDFE72DE983
:109FA000F04F1E46002397B0DDF898A08346DDE908
:109FB00024970846CAF800300D469046D8F7D6F9DF
:109FC0000446002862D12B464FF4807258460CA9F3
:109FD000D8F71EFA0446002858D1DDF830B00DAC91
:109FE000DC46CDE91400BCE80F000FC49CE8070074
:109FF00084E8070031462846D8F7A6F90446002829
:10A0000041D1DBE9091B0E9B1B0A0BD0012B41D070
:10A010006FF08604002F36D03A460021484600F003
:10A0200092FE30E0239B5A460593229BCDE9077AA6
:10A030000493219BCDF818900393209BCDF80080CA
:10A04000CDE901630DA82B460B91FDF79BFC10F1A8
:10A05000860F04460B9914D1239B5A460593229BE5
:10A06000CDE9077A0493219BCDF818900393209BA8
:10A07000CDF80080CDE901630DA82B4600F0AFF8C4
:10A080000446002CC6D10C9800F00AFA204617B0FE
:10A09000BDE8F08F239B5A460593229BCDE9077AB2
:10A0A0000493219BCDF818900393209BCDF800805A
:10A0B000CDE901630DA82B46FDF75CFCE0E72DE937
:10A0C000F04F1E46002397B0DDF898A08346DDE9E7
:10A0D00024970846CAF800300D469046D8F746F94E
:10A0E0000446002862D12B464FF4007258460CA952
:10A0F000D8F78EF90446002858D1DDF830B00DAC01
:10A10000DC46CDE91400BCE80F000FC49CE8070052
:10A1100084E8070031462846D8F716F90446002897
:10A1200041D1DBE9091B0E9B1B0A0BD0012B41D04F
:10A130006FF08604002F36D03A460021484600F0E2
:10A1400002FE30E0239B5A460593229BCDE9077A15
:10A150000493219BCDF818900393209BCDF80080A9
:10A16000CDE901630DA82B460B91FDF70DFC10F115
:10A17000860F04460B9914D1239B5A460593229BC4
:10A18000CDE9077A0493219BCDF818900393209B87
:10A19000CDF80080CDE901630DA82B4600F02DF825
:10A1A0000446002CC6D10C9800F07AF9204617B06E
:10A1B000BDE8F08F239B5A460593229BCDE9077A91
:10A1C0000493219BCDF818900393209BCDF8008039
:10A1D000CDE901630DA82B46FDF7CEFBE0E707B5FF
:10A1E000014618464A880DF10703098800F013F864
:10A1F0006FF0850003B05DF804FB07B50146184613
:10A200004A880DF10703098800F005F86FF0850012
:10A2100003B05DF804FB0020704710B50446C06928
:10A22000FDF7A0FF2046BDE810402422002100F0E9
:10A230008ABD2DE9F04105460F4690461C469BB16C
:10A2400019460120FDF7ACFF064678B1224641468B
:10A2500000F042FDE86908B1FDF784FF0020C5E980
:10A2600007642F80BDE8F0811E46F3E76FF08C0095
:10A27000F8E7426870B5120A0588438806D0012ABB
:10A2800056D000236FF086000B6022E005F4E04218
:10A29000B2F5805F02D0B2F5005F05D10733DB086D
:10A2A00040D16FF0850014E005F44F42B2F5844FC1
:10A2B00003D10733DB080AD1F3E747F201029542E5
:10A2C00008D15B080133DB0803EBC3033B330020F9
:10A2D0000B6070BD44F20102954202D1DB081033DD
:10A2E000F5E747F20202954204D1DB0803EB430392
:10A2F0005A33ECE744F20202954204D1DB0803EB47
:10A3000043034A33E3E725F0FF05B5F5E24FD0D02C
:10A31000B5F5824FC5D10733DB085B000133012B54
:10A32000D5D1BEE725F0FF05B5F5824FCFD1F6E7D1
:10A3300005F4E046DC1DB6F5805F25F0FF024FEA2C
:10A34000D40002D0B6F5005F06D100284AD0B2F59D
:10A35000824F07D1034640E005F44F46B6F5844FDF
:10A3600002D190B3C31C32E047F20106B5420DD1D1
:10A370005B080133DB0803EBC3033B330333800784
:10A3800023F0030335D1072C23D132E044F2010638
:10A39000B54202D1DB081033F0E747F20206B542BE
:10A3A00004D1DB0803EB43035A33E7E744F2020628
:10A3B000B54204D1DB0803EB43034A33DEE7B2F5D1
:10A3C000E24FCED0B2F5824F05D00B68033323F0B5
:10A3D00003032C337BE743000133012B00D10B68CF
:10A3E000013BCBE7B2F5824F0B6806D0033323F075
:10A3F0000303B2F5824FECD102E0023323F00303F2
:10A400000433E6E703466FF040420846591E914286
:10A4100007D338B103F1404393428CBF00200120A1
:10A4200070470120704790F82030052B11D8DFE8E5
:10A4300003F0030B16141F214B1E012B09D904290D
:10A4400007D06FF087007047022902D00B1F012B45
:10A450000BD880F8201000207047022902D0CB1EB4
:10A46000022BF5E7C369002BF3D06FF0880070472B
:10A470000529EED00029ECD0F7E710B503210446FA
:10A48000FFF7D1FF30B9E3695A1C0EBF6FF0960099
:10A490000133E36110BDC069B0FA80F04009704734
:10A4A00008B90020704790F82020032A08D1C2691B
:10A4B000EAB1013AC261002AF3D10221FFF7B3BF2A
:10A4C000052A09D0042A0FD1C26982B1013AC261BA
:10A4D000002AE6D1FFF739BBC26942B1013AC26135
:10A4E000002ADED1FFF757BB6FF0880070476FF08E
:10A4F0009600704700207047C0B2FF280CBF6FF075
:10A5000086000020704707B500216A46FCF76FFF00
:10A510008C3018BF012003B05DF804FB13B5002197
:10A520006A460446FCF763FF8C3002D1002002B07B
:10A5300010BD00212046CFF70DFD014610B16FF090
:10A540009800F4E76A462046FCF751FF8C30EDD0C6
:10A55000F5E72DE9FF4107461446884600293FD01C
:10A56000002A3DD0B2F5005F3DD202F1240631460B
:10A570000120FDF715FE0546C0B303463A462146C5
:10A580004046D8F783FABF6800243846FFF7BBFF80
:10A5900001281FD021462B46324638460094CFF77B
:10A5A00017FC0146C8B9384602AAFCF720FF04464A
:10A5B00020B9029B9E4205D06FF0980438460021D6
:10A5C000CFF7C8FC31462846FFF781F9204604B092
:10A5D000BDE8F0816FF08A04F4E76FF09804F1E7CA
:10A5E0006FF08604F2E76FF08D04EFE76FF08C04F4
:10A5F000ECE7FFF76CB92DE9F047D0F808A086B07A
:10A600008146884617465046002104AAFCF7EFFE13
:10A61000044610BB049E01203146FDF7C1FD0546EE
:10A62000002837D02146504604AA0394FCF7DFFEE9
:10A63000044670B903AB02462146CDE900535046AB
:10A640003346CFF731FC039B04469E4209D06FF09E
:10A65000980431462846FFF73AF9204606B0BDE88F
:10A66000F0870028F5D13B46424631462846CDF8D2
:10A670000090D8F729FA04460028EAD1D8F800302B
:10A680002BB13B68002B08BF6FF09104E1E76FF03E
:10A690009104DEE76FF08C04DFE770472DE9F84F97
:10A6A0009846DDE90B490D9B15469A0706460F466D
:10A6B00023D02A460A9B03EB040A1444A24220D169
:10A6C0000D9B9B0705D5A2EB050AD14505EB0A04B6
:10A6D00020D82046BDE8F88F434639462020B047B1
:10A6E0000AF1010ACA450AEB0B02F5D3A9EB0402F1
:10A6F0004C4588BF00222A44DCE7A246A5EB040BA8
:10A70000F0E702F1010B434639461AF8010DB04754
:10A710005A46D3E74346224639462020B0470AF13D
:10A72000010AD2E72DE9F0479E46DDE90D3CDDE95F
:10A730000874DDE90B651CF0020F9DF828801FD11D
:10A740000CF001094BB1B9F1000F06D0B8F1000FC0
:10A7500002D11CF00C0F00D0013B4FF0300A02E098
:10A7600007F804A00134A54201D9202CF8D1B9F191
:10A77000000F05D04FF03009A34201D9202C1BD186
:10A780001CF0100F15D01CF4806F32D1C4B1AC4254
:10A7900001D09C422DD1651E12D0102E3FD11CF04D
:10A7A000200FA4F1020456D178263E5530266C1CA9
:10A7B0007E55202C29D00DE007F804900134DBE70A
:10A7C000102E10D11CF0200F2FD178243C70302493
:10A7D0007C700224B8F1000F31D02D253D55013495
:10A7E00014E06224F2E7022EFBD030243C700124F6
:10A7F000F0E7102E1BD11CF0200F2AD1202C04D002
:10A800007826651C3E55202DD0D12024CDE90A3C68
:10A81000CDE908747346BDE8F047FFF73FBF022E4D
:10A82000C4D162247C550135EDE75824CEE7022ED1
:10A8300003D1202CE9D02546F3E72546E3E71CF0B9
:10A84000040F01D02B25C9E71CF0080FDED020250E
:10A85000C4E7202CD9D05826651CD3E72DE9F04356
:10A8600091B0189D1A9F1D9E2DB926F0100416F464
:10A87000806F264622D116F0200F14BF4FF0410EF4
:10A880004FF0610EAC4600250DF12008AEF10A0E26
:10A89000BCFBF7F907FB19C95FFA89F4B9F1090F95
:10A8A00094BF30347444E4B2BC4508F8014B05F160
:10A8B0000105BCFBF7F401D3202D10D11C9C06969A
:10A8C00005941B9CCDE903749DF86440CDE90154C7
:10A8D00008AC0094FFF726FF11B0BDE8F083A44652
:10A8E000D6E72DE9F04F95B0CDE90A23DDE91E76D4
:10A8F000DDE9229B57EA0603CDE90801269C05D134
:10A9000024F0100314F4806F1C4637D114F0200F8C
:10A9100014BF4123612300250DF1300AA3F10A0879
:10A9200031464A465B463846D9F70AFAD2B2092A76
:10A9300094BF303242444F45D2B276EB0B0605F15C
:10A9400001050AF8012B01D3202D14D1259B069473
:10A950000593249BDDE90801CDE903939DF8803040
:10A96000CDE901530CAB0093DDE90A23FFF7DAFED2
:10A9700015B0BDE8F08F07460E46D1E70025E5E7A4
:10A9800008B100F014B8704710B1D1E90031184790
:10A99000704738B5441E14F8015F25B90A2000F04D
:10A9A00006F8284638BD284600F001F8F3E70146CE
:10A9B0000020FDF788B810B50B46EFF311844FF077
:10A9C000200181F311881946D8F7BEFB84F3118862
:10A9D00010BDD8F783BBFEF7BBB9002310B51846EE
:10A9E00004220721CEF74AF9012304221846052143
:10A9F000CEF744F9BDE81040012304221846114661
:10AA0000CEF73CB9CCF7FABB08B5CEF713FDFCF78F
:10AA1000E9F9CEF71BFDFCF7E7F9E1F777FDD5F78C
:10AA200001FCD5F713FCD5F769FC02F09CFABDE8F0
:10AA30000840D6F78FBA70477047704708B5FDF7E2
:10AA400012FEFDF720FEBDE80840E4F7FDBA7047AE
:10AA500008B5D0F7E5F9D8F7ABFCBDE80840D0F76A
:10AA60007DBC08B5D3F7C8F9D0F724F8FCF7B5FCDE
:10AA7000D7F7EAFEBDE80840FFF7EABFD8F7A6BC63
:10AA8000012070470120704738B5FDF769FA044688
:10AA9000FDF70EFB051E18BF2546D5F781FC041EE9
:10AAA00018BF2C46FFF7ECFF002818BF204638BD22
:10AAB00038B5D2F7A3FE0446D8F78EFC04281ED082
:10AAC00002284FF0000508BF0124FDF74BFA0428C7
:10AAD00017D0022808BF0124FDF701FE042812D078
:10AAE000022808BF0124FFF7CDFF04280DD002285B
:10AAF00008BF0124002D18BF0024204638BD0125C1
:10AB0000E3E70125E8E70125EDE70024F5E7FF206D
:10AB1000704708B5FFF7FBFF002008BD704770477E
:10AB20007047704710B5044601F064FE2046E4F714
:10AB3000C9FB2046E3F7D2FD2046BDE8104001F0F6
:10AB4000BABE01F0F0BF10B5044601F062FE204627
:10AB5000E4F7C0FC2046E3F727FE2046BDE810409E
:10AB600001F0D9BE10B50446E4F7E0FA2046E3F759
:10AB700067FF2046E3F752FC2046E3F715FC20462A
:10AB8000BDE81040FAF772BAFFF7ECBF10B5044603
:10AB9000E4F7FAFA204605F059FE2046E3F780FF75
:10ABA0002046E3F777FC2046E3F716FC2046BDE895
:10ABB0001040FAF775BA10B50446E4F729FB2046B1
:10ABC00005F054FE2046E3F7B9FF2046E3F788FC82
:10ABD0002046E3F701FC2046BDE81040FAF760BAD2
:10ABE000E3F79EBAE4F732B87047E5F7F1B970477A
:10ABF000704705F054BE704705F055BEE5F7ACB997
:10AC000002F015BA01F0DEBF02F005B802F021BA79
:10AC100010B49DF8044001945DF8044B02F010B8A4
:10AC200070477047E4F7ACB9E4F7D4B9E4F7C6B8B5
:10AC300002F041B802F057B805F036BE02F029B86C
:10AC4000E5F7A4B902F019BA02F080B801F08ABEA3
:10AC500001F096BE02F093B802F0B3B805F0BABEA8
:10AC600005F0F3BE05F003BF05F033BF02F04FB8A7
:10AC700001F072BB7047704770472DE9F0419DF8B5
:10AC800018409DF81C509DF820609DF824709DF898
:10AC90002CC09DF834E09DF83880CDE90867CDE9F7
:10ACA0000DE8CDE90645CDF82CC0BDE8F04101F036
:10ACB000D3BA704708B5FDF743FBFDF74EFBD2F75B
:10ACC00077FCFAE710F8012B11F8013B012A28BFA5
:10ACD0009A42F7D0D01A70470A44431E914200D1DD
:10ACE000704710B511F8014B914203F8014FF9D1AB
:10ACF00010BD0139024410B5904201D1002005E099
:10AD0000037811F8014FA34201D0181B10BD013088
:10AD1000F2E7884210B501EB020402D984422346CF
:10AD200007D8431EA14208D011F8012B03F8012FC8
:10AD3000F8E7024401468A4200D110BD13F8014DE4
:10AD400002F8014DF7E702440346934200D17047F1
:10AD500003F8011BF9E74369406CDA1C1438B2FBB5
:10AD6000F0F203EBC203CA1D0333B2FBF0F2B3FBF4
:10AD7000F0F30132023301EBC20100FB0310704714
:10AD800038B5446905462146FFF7E5FF6A6CE31DC7
:10AD9000143AB3FBF2F3013304EBC304204438BD8F
:10ADA00073B506460D460024F36B012201A928194C
:10ADB0005B699847019B013309D10434736C6219B4
:10ADC0005B426A401A42EFD0204602B070BD0024B8
:10ADD000FAE770B505460C46CCF730FDEB6B204624
:10ADE000DB68BDE87040184770B5002586B00446A2
:10ADF0000562E369AB4202D8206A06B070BD666C9A
:10AE00000522206801A9E36B06FB05005B699847F2
:10AE100001A800F010FC00F033FC10B1236A0133EC
:10AE200023620135E5E738B50446456C006804F156
:10AE3000400305FB0101E06B00F02FFC05462046B6
:10AE4000FFF7D2FF284638BDF0B5054687B000268B
:10AE5000EC69013CB44203D80C46204607B0F0BD73
:10AE600001B14C1E6F6C0522286801A9EB6B07FB32
:10AE700004005B69984701A800F0DDFB00F000FCCE
:10AE80000028EAD101362146E2E7F0B5044687B052
:10AE9000466C0D4600680522E36B01A906FB050020
:10AEA0005B69984701A800F0C6FB00F0E9FB20B100
:10AEB00001A800F097FB07B0F0BD29462046FFF738
:10AEC000C3FF676C0646E36B206805225B6901A936
:10AED00007FB0600984701A800F084FB431CEAD05A
:10AEE000B54238BF0130E6E72DE9F043D0F82480C1
:10AEF0004FF6FF7987B004460E46C84514BF454655
:10AF000000250027E369BB4202D807B0BDE8F08303
:10AF1000E26B01A92368606CD2F814C0052200FB23
:10AF20000530E04701A800F086FB022806D0C8459E
:10AF30000CD1721C29462046FFF775FF0135E369E5
:10AF40000137B5FBF3F203FB1255DBE72946204638
:10AF5000FFF79BFFB0F1FF3F14BF024632460132BC
:10AF6000E8E70368F0B5CC1A436C87B006460025C5
:10AF7000B4FBF3F4F36937685A1E706C954208D33A
:10AF8000706C336800FB043007B0BDE8F04000F09F
:10AF900082BB013401A9B4FBF3F203FB1244F36B4F
:10AFA00005225B6900FB0470984701A800F043FB91
:10AFB00000F066FB0028E3D10135DBE710B423F095
:10AFC00003049B07436C2244C3F100030A4418BFE7
:10AFD000043282EA0104234203D05DF8044BFFF7F8
:10AFE000C0BF10465DF8044B70472DE9F041D0E931
:10AFF0000A3686B004469E4228D1C36914224568A9
:10B0000002FB1355284606B0BDE8F081206801A96F
:10B01000676C331AE26BB3FBF7F3D2F8148007FBCB
:10B0200003000522C04701A800F005FB012804D059
:10B03000636C1D44013B3340ED1A31462046FFF757
:10B0400090FF0646A36AB342E0D1DBE70025F9E7AB
:10B05000F0B5002587B004462E46E369B34202D816
:10B06000284607B0F0BD636C0522276801A903FBE1
:10B070000677E36B38465B69984701A800F0DBFA76
:10B0800000F0FEFA58B1384600F005FB01462046B4
:10B09000FFF786FE636C143B834208BF013501361F
:10B0A000DBE708B508301346D1E90012DAF742FCB5
:10B0B000012008BD13B50C460021217600931346EC
:10B0C00061682246D9F70AF818B1E37D03B1A07E82
:10B0D000A075A07D02B010BD73B500F1080516463D
:10B0E0000C460DF107020968284600F0A1F9032E6D
:10B0F00006D16368834203D12168284600F07FF9B6
:10B10000012002B070BDD01E009B42424241187E19
:10B11000824211D11A688A420ED85A688A420BD3E9
:10B120005A6901325A61D3E9030282423FBF9868EB
:10B1300040F8221001321A6101207047032A10B52D
:10B14000029C07D1A26A5340626C5242134201D161
:10B1500000F055F9012010BD08B5C36800209847DC
:10B16000BDE80840CCF772BB012870B514BF0420BD
:10B170000220002442431C70CC7D101D02F002020C
:10B180004CB91AB1012220F003001A7000F1080333
:10B190004868184470BD1AB1012220F003001A70EB
:10B1A0000C7E002301F12005DAB2944201D8002080
:10B1B000F0E735F833205E1C824206D901EBC30369
:10B1C00000F10802D8691044E4E7801A3346EBE73F
:10B1D00073B590F8426005461C460DF103033046F6
:10B1E000FFF7C2FFEB6B012E5B690DD1324601A95F
:10B1F00098479DF8033013B1BDF806300193BDF8B0
:10B200000430236002B070BD0122214602B0BDE8C7
:10B2100070401847F0B50546002487B04868EB6BCE
:10B2200027460E4601225B6902A90830029498471E
:10B2300095F84230012B40F08480632C02D90298AB
:10B2400007B0F0BD612C08D805AB22463146284630
:10B25000FFF7BEFF9DF814301BB305AB2246314605
:10B2600028468DF81070FFF7B3FF95F84230012B98
:10B27000059B55D14FF6FF72934200F0968008224D
:10B2800005A904A800F05EF9059B9DF81010C3F312
:10B290000722914240F08980DBB2029A1A4402925E
:10B2A00083E095F84230012B30D103AB2246314682
:10B2B0002846FFF78DFF04AB621C31462846FFF796
:10B2C00087FF05ABA21C31462846FFF781FF1022FD
:10B2D00008230DF107000DEB02018DF8073000F097
:10B2E00031F9102205A90DF1070000F02BF9039B9D
:10B2F000DAB2002A52D19DF80720B2EB132F4DD1BC
:10B30000DDE9043203EB0243029347E0302C2BD9F2
:10B3100044E09DF80720B2EB134F3FD1049BF3E7C5
:10B32000013342D0102205A90DEB020000F00AF90A
:10B33000059B9DF81010C3F30742914235D19BB293
:10B34000ABE7312C3FF67BAF87D005AB22463146C9
:10B350002846FFF73DFFBDF81430002B7FF47DAF8A
:10B3600095F84230012BA0D003AB22463146284647
:10B37000FFF72EFF04AB621C31462846FFF728FF7B
:10B38000102320220DF107000DEB03018DF807308B
:10B3900000F0D8F8039B9AB2002ABAD095F8423050
:10B3A000012B14BF012302231C44013440E713B5D1
:10B3B00000240194049C0094D9F724FA02B010BD33
:10B3C00013B501240194049C0094D9F71BFA02B030
:10B3D00010BD30B5002344684FF0FF329C4202D1CB
:10B3E0000023037230BD016801EBC30541F833202F
:10B3F00001336A60F2E7C0E90012FFF7EABFF0B577
:10B40000002345689D4210D00468DF0054F83320C3
:10B4100004EBC306B2F1FF3F08D0C2F3130291421E
:10B4200004D14FF0FF33E3517360F0BD0133E9E71E
:10B43000F0B5002345689D4202D14FF0FF300EE089
:10B440000468DE0054F83340671C09D0C4F31307C6
:10B45000B94205D1240D1470036833445868F0BD17
:10B460000133E8E713B50023044601461B220DF122
:10B4700007008DF8073000F065F822689DF8073066
:10B48000B3EBD26F0CBF0120002002B010BD13B58A
:10B4900000230446014620220DF107008DF80730F5
:10B4A00000F050F80DF107001A22211D00F04AF8B3
:10B4B00062689DF80730B3EB926F0CBF012000204B
:10B4C00002B010BD0068431C5842584170470068E4
:10B4D00010F07E0F0CBFC0F3C16000207047006801
:10B4E000C0F3D3107047006800F07F0001288CBFC4
:10B4F000002001207047036813F07E0F14BF042062
:10B5000008207047036813F07E0F03D1406820F0D5
:10B510007C40704713F078001CBF03F07F03D81FF6
:10B520007047006800F07F007047032809D00228A8
:10B5300003D1C1F10201C8B2704700290CBF072036
:10B54000002070471F2A0B689EBF4FF0FF319140CB
:10B550008B43590801F055315B1A03F033319B08D6
:10B5600003F033330B44017803EB13130A444FF019
:10B57000013103F00F334B43A2EB136202707047AB
:10B5800037B501F10C04054643696946012220469E
:10B590009847BDF80030012201A901932046AB690C
:10B5A000984703B030BD37B501F10C04436901225F
:10B5B0006946054620469847009B4FF6FF7299B2B0
:10B5C00091420DD11B0C012201A920461B0443F41A
:10B5D000254343F0A5030193AB69984703B030BD01
:10B5E0000020FBE737B5044600251B22011D0DF1A5
:10B5F00007008DF80750FFF7A5FF60689DF807204A
:10B60000B2EBD06F03D120F0784003B030BD0DF124
:10B6100007001B2204F108018DF80750FFF792FF85
:10B62000A0689DF80730B3EBD06F01D1C043EAE7C3
:10B630004FF0FF30E9E703684BF29A22B2EB134F69
:10B6400010B5044613D19BB2012B13D1FFF7CAFFEB
:10B6500001300CD0E0684FF6FF72B2EB104F4FEAAA
:10B66000104309D180B2C01A18BF012010BD236851
:10B67000013303D00420F9E70220F7E70320F5E7C0
:10B6800001288CBF002001207047033801288CBF9F
:10B69000002001207047143070472DE9F041054625
:10B6A0009846036908460E4617469847044638B937
:10B6B00043463A4631462846DAF718FA044618B1A6
:10B6C00031462846FFF75CFF2046BDE8F081DBF7F6
:10B6D00065B838B504460D46E0F7F4FD28B92946AB
:10B6E0002046BDE83840DBF721B838BDDCF732B979
:10B6F000DEF710BF70B516460C46FBF7D4F931469D
:10B7000005462046DEF7B8FB04462846FBF7CFF98E
:10B71000204670BD00F045B9052A2DE9F0410646E6
:10B720000C4615461F462CD800F059FC2146804691
:10B730003046E0F7C7FD044638B9DAF773FF38B989
:10B7400041463046E0F7BEFD02242046BDE8F081C8
:10B7500001212246084600F014FC204600F0C7FAFA
:10B76000DEF79CFA3846DAF7ADFD6FF029032B417E
:10B77000DB07284602D4DEF7F7FAE6E7DEF732FB0E
:10B78000E3E70124E1E738B5044648880D4600F0B8
:10B79000AEFAD4F8D4302BB929462046BDE838405B
:10B7A000DBF7CEB9022038BD00F0A3BA00F026B90D
:10B7B00073B5044600200D4600F099FAD4F8D46021
:10B7C00069462046FFF7F2FF5EB99DF800102A4651
:10B7D0002046CDF74FFD01462046DBF747FA02B081
:10B7E00070BD002329461A462046B047F7E7DAF72E
:10B7F00009BEDDF78BB938B505460C46FBF753F9A2
:10B800006B6B1C402B6B23432B63FBF750F9211E02
:10B8100018BF01210020490238BD38B504460D4645
:10B82000FBF741F9636B1D40236B23EA0505256394
:10B83000FBF73DF9284638BD006B704710B504464C
:10B840000121FFF7EAFF2046BDE81040DEF78CBE7D
:10B85000DBF72CBD00F072B938B504460D464FF445
:10B860008811FFF7DAFF29462046BDE83840DCF7AB
:10B8700029BB0846DDF762BA431C08BF0020DAF78F
:10B8800009BF431C08BF0020DAF746BF00F03DBAED
:10B89000DDF764BC0847022A01D800F08DB9012009
:10B8A0007047022A01D800F098B901207047022A97
:10B8B00001D800F0A4B90120704738B504460D4600
:10B8C00000F077F928B129462046BDE8384000F05D
:10B8D000A5B9022038BDDCF7B9B90846DCF7D6B9FE
:10B8E000DCF71EBA002070470020704702210120BB
:10B8F000DAF778BA013001D1DDF7C4BE0120704714
:10B900007047836B03F06003402B0DD0602B03D096
:10B91000203B58425841704749B10B68012B06D96A
:10B92000486940F00100704740F201107047002064
:10B930007047F0B514461E460F4687B019B900246B
:10B94000204607B0F0BD002AF9D00028F7D001A9A1
:10B95000DCF798FD0028F2D0BDF80630A2199A4213
:10B96000BDF80850C4BF9B1B9CB2B54212D90399C5
:10B97000AD1BADB23144A5420391ADF808500DD2D4
:10B980002A463846FFF7A8F90499621B7819FFF791
:10B99000A3F9D5E70499761B314404912246384631
:10B9A000F5E70846DEF7E6B80220DDF7C1BBD0F8C0
:10B9B000C8304BB11A68022A06D993F8250028B17D
:10B9C0001B6AB3FBF0F0704700F0EABA7047D0F89A
:10B9D000C8207AB11368022B0CD9536A13F47F4F35
:10B9E000C3F3072106D0126ADBB253438B42B3FB89
:10B9F000F1F201D200F0D8BA104670470346D0F8F1
:10BA000010010860B3F8143100208B80704790F863
:10BA100010310C2B14BF007EFF20704708B500F0DA
:10BA200025FABDE80840DEF769B938B50C464FF491
:10BA300000610546E0F7B8F970B17CB195F8FE30C9
:10BA400073B94FF480724FF480712846E0F798F98B
:10BA5000003818BF012038BD2202F4E72246F2E781
:10BA60000020F8E74FF48071E0F79EB908B54A026C
:10BA70004FF40071E0F784F9002008BD08B58A0290
:10BA80004FF48061E0F77CF9002008BD4FF40071AD
:10BA9000E0F78AB9062300208B717047084610B57D
:10BAA00010F0030411461BD13F2B15D9B3FA83F3D1
:10BAB000C3F11902D2B2062A01D8192B0ED0062AD8
:10BAC00028BF06220124931DDBB29C40A4B2A142F0
:10BAD00028BF2146DCF75CFA204610BD2246F1E77C
:10BAE0000024F9E7084611F0030110B518D11388B6
:10BAF0003F2B15D9B3FA83F3C3F11904E4B2062C32
:10BB000001D8192B03D0062C214628BF062101237A
:10BB10008C1DE4B2A3401380DCF75AFA002010BD5C
:10BB20000120FCE710B5144608460121DDF7B6FEFA
:10BB30002046BDE810400121DDF7B0BECCF7CABCFD
:10BB4000F8B504460E461746FAF7ADFF3A460546E5
:10BB500031462046DEF7A2FA04462846FAF7A7FF48
:10BB60002046F8BD0220704703207047DDF7D8BAA1
:10BB700010B5DBF739FD044608B9DFF751FA204666
:10BB800010BD70B504460E46154600F0B5F83146B6
:10BB90002046E0F7CFFB00F0AFF829462046DAF761
:10BBA000B7FC00224FF400312046E0F7E9F800200E
:10BBB00070BD8021E0F7F8B87FB5531C05AAADF839
:10BBC0001410029202210022DBB2CDE900211146BD
:10BBD000E0F7F4F807B05DF804FB7FB5531C05AA45
:10BBE000ADF81410029204210222DBB2CDE900214B
:10BBF00000220121E0F7E2F807B05DF804FB1FB571
:10BC0000531C029100220821CDE900210122DBB260
:10BC10001146E0F7D3F805B05DF804FB08B50A0457
:10BC20004FF48031E0F7ACF8002008BD38B5054688
:10BC3000DAF768FC04462846DAF742FC072811D1F7
:10BC4000D5F8C43024F47F41DB6921F0080103B149
:10BC50005B7841EA032141F020012846BDE83840E5
:10BC6000DAF756BC24F02001F7E770472DE9F74FCB
:10BC700001251C469DF8303006460193036817469F
:10BC800003F0070306339D4005F1FF380B46A1B1D1
:10BC9000416804EA080BA5EB0B0A41F00059524534
:10BCA00009EB0B0114D952461846FFF715F849461F
:10BCB0007A1B5A445044FFF70FF8019B2BB13C44C8
:10BCC00048EA050804EA0804F46003B0BDE8F08F10
:10BCD0001846F0E737B5002514460095FFF7C6FF74
:10BCE000204603B030BDDBF70FBE002070470020B8
:10BCF0007047002070477047704710F0FD0F14BF69
:10BD00004FF0FF300020C0B2704708B5DDF770FB80
:10BD1000BDE80840DDF794BB38B50446FFF7F5FFF2
:10BD20000546FFF7F2FF431BA342FAD338BD38B5EF
:10BD30000D460446DDF75CFB35B1844200D901397C
:10BD4000204601F0030138BD844238BF0131F7E7D6
:10BD500008B50121FFF7EBFFBDE80840DDF770BB38
:10BD600008B521B19200FEF7B7FF002008BD012001
:10BD7000FCE700F06F43B3F1804F02D0B3F1204FE6
:10BD800002D120F07040704700F06043B3F1204FC3
:10BD900008BF20F0805070470B0CB3F5384FF7B553
:10BDA00006460D468FB216D04BF60102934214D0D0
:10BDB0004BF60202934212D0B3F5304F14BF042465
:10BDC0000324D6F8C4300BB1196851B9D6F8C03085
:10BDD0009BB928680FE00024F3E70124F1E702246F
:10BDE000EFE7234668463A46DDF798FB9DF80430B6
:10BDF0000098002BEAD103B0F0BD19680029E8D003
:10BE0000234668463A46DDF789FB9DF804300098E2
:10BE1000002BDED1EFE700F03003202B10B513D15B
:10BE200010F4E02FC0F302440AD0C0F3C423B3FBE4
:10BE3000F4F410F4C01F18BF6400052C0ED8640879
:10BE4000DDF708FE604310BD6FF01204C0F38213EB
:10BE50001C4104F00104C4F10204F1E70424EFE7FB
:10BE60000020DDF7FDBE0120DDF7FABE0121032031
:10BE7000DAF754BB032070477047DFF7DBBADFF710
:10BE8000D9BADFF7D7BADFF7D5BADFF7D3BA0022CE
:10BE90008A4202D14FF0FF30704750F8223093FAB7
:10BEA000A3F30BB90132F3E7B3FA83F000EB4210CE
:10BEB0007047022070470020704701207047002023
:10BEC0007047002070470120704700207047DBF763
:10BED000D9BD08461146012200F053B870B5054699
:10BEE0000C4611461A46DFF7DFFF06682B46204650
:10BEF000B446BDE87040604710B5DFF7D5FFBDE838
:10BF0000104083681847FFF733BEDBF771BCFFF7BB
:10BF100003BC08B5FFF782FD002008BDFFF7D9BBC1
:10BF2000DDF7C0BD4942FFF7FBBF70B504460D46C3
:10BF300016464FF48811FFF770FC3246294620461A
:10BF4000BDE87040DBF796BF7047431E012B03D955
:10BF5000031F58425841704701207047FFF7C5BE84
:10BF60004FF4CC720021FEF7EEBE10B5044600215E
:10BF7000FFF7BCFB2046BDE81040DBF7EDB9DAF770
:10BF8000A7BA10B50C461146DAF7C8FADBF77AFD06
:10BF9000012801D1002010BD002CF7D10420FAE7C0
:10BFA000DAF73CBDFFF703BDDAF73EBDFFF70FBD83
:10BFB00070B500232425D0F8C000C4689C4201D18C
:10BFC000012070BD826805FB0322D6898E4202D80B
:10BFD000128A8A4201D20133F0E70020F1E7808B18
:10BFE00070470A7838B505461046FFF7AEFF60B1D6
:10BFF0004C782046FFF7A9FF38B12243530704D4F9
:10C000002846BDE83840DAF72FBD012038BD10B50D
:10C0100004460878FFF799FF58B14A781046FFF7B1
:10C0200094FF30B1042A04D02046BDE81040DAF76E
:10C0300051BD012010BDDAF7F1B9DBF79FB873B538
:10C040000D7806460C4635B304238DF80430237969
:10C05000304601A98DF80530FFF7D9FF0546B8B97C
:10C060002278A37952BB8DF80430E379304601A9D8
:10C070008DF80530FFF7B5FF054648B923783BB189
:10C0800061883046DAF742FF01213046FFF7CDFCE8
:10C09000284602B070BD2946FFF7C7FC2946304646
:10C0A000FFF7E4FC29463046FFF7E8FC2378002B35
:10C0B000CAD123798DF804306379C9E702228DF85B
:10C0C0000420D3E7FFF7D2BCFFF7E0BCFFF7E6BCE4
:10C0D000FFF708BD08461146DCF7D4B9C0F8D01008
:10C0E00000207047DAF74ABF70B5144605460E4681
:10C0F00086B0122200210DF10600FEF724FE23680F
:10C10000694628460093ADF80460FFF7C3FC009B26
:10C11000236006B070BD084611461A46BDF80030CF
:10C12000FFF707BC002070472DE9F0410E46A2B092
:10C13000144602A98022E0F769F9D6B30025013E32
:10C1400016F8013FABB3A3F13002092A07D805EB7B
:10C15000850503EB4503303B03F0FF05F0E7622B59
:10C160004AD017D8462B3CD006D8422B2ED0442B91
:10C1700024D08DF804302FE0572BFAD154F8042B3B
:10C18000012001A9FDF772FA022201A90020E0F7BF
:10C1900067F9D5E76C2B21D0702B01D0662BE8D145
:10C1A00054F8041B2A460020E0F75AF905460028F7
:10C1B000C6D0E0F743F922B0BDE8F08154F8042B73
:10C1C000012001A9FDF752FA0422DEE7012054F80C
:10C1D000042B01A9FDF74AFA0122D6E714F8045B03
:10C1E000AEE7002554F8041B4B5D0BB9EDB2D9E75F
:10C1F0000135FF2DF8D1D5E734F8048BB8F1000FE5
:10C200009ED04046E6F716F907464046E6F72EF977
:10C210003946C2B20020E0F723F9002890D0C8E7E1
:10C220000EB403B503AA52F8041B0192FFF77CFF7A
:10C2300002B05DF804EB03B07047E0F711B90EB43B
:10C2400003B503AA52F8041B0192FFF76DFF02B079
:10C250005DF804EB03B070472DE9F04F9FB09DF8F7
:10C26000BC50329E0C950A969DF8C050319E9DF8A8
:10C27000B470CDE908560C9E9DF8A0B007962E9E8E
:10C280009DF8A4A0CDE905769DF8A8909DF8AC8016
:10C290002C9ECDE901A9CDE90386CDF800B01C465E
:10C2A000CDE90D010F92FCF7FEF9002848D1C52118
:10C2B00010A8FDF7D7F90D9B8DF842300E9B8DF835
:10C2C00043300F9B8DF84430237A8DF84530002B96
:10C2D00039D1012022680DF14601FDF7C7F901208F
:10C2E00022680DF14A01FDF7C1F9637A01202C9A09
:10C2F0000DF153018DF84E308DF84FB08DF850A0F0
:10C300008DF851908DF85280FDF7B0F92E9A0120EA
:10C3100016A98DF85770FDF7A9F90C9B32980DF10D
:10C320005E018DF85C308DF85D5000F02DFC00232F
:10C330001E21CDE90033319A2B4610A8E3F7B8FD52
:10C340001FB0BDE8F08F022B01BF2368CDF8463047
:10C350006368CDF84A30C8E737B505460C46FCF7A8
:10C36000A4F978B9C7216846FDF77CF901200DF1E1
:10C3700002012A46FDF77AF9072168468DF8064042
:10C3800000F04BFE03B030BD2DE9F34106460F46E9
:10C3900015460AB90DF1070501213046E6F7D4F834
:10C3A00020B130460121E6F7CFF80646002130469D
:10C3B000297001F0CBFC10F0400F2B7802D1B0F5C2
:10C3C000804F0CD2042F14D10333D9B2297010F44A
:10C3D000406F00F0F280304601F0B8FC17E0012415
:10C3E000991CC9B2012F297005D13046E6F71CFA15
:10C3F0000DE00024F4E7D91CC9B2022F297000F423
:10C400004062E4D032B9032F12D14FF0FF3002B0B6
:10C41000BDE8F081591DC9B2032F297003D1B2F5CF
:10C42000006FD8D0F1E7B2F5006F05D107332B705C
:10C43000042F06D12978CEE7B2F5406FF8D10D333D
:10C44000F5E714B12B7802332B70052F00F4404030
:10C4500003D1B0F5004FD8D1ECE7B0F5004F2B7801
:10C4600010D102332B700D2F2C7810D03046297844
:10C47000E6F7DAF9030611D4062F804615D029789D
:10C48000013119E0B0F5404FEDD10833EAE730460D
:10C49000E5F7ECFF8442E9DB0020B8E73046297875
:10C4A00001F054FC062F804601D14046AFE710F062
:10C4B000800F2978E4D00231C9B20D2F297022D122
:10C4C0003046E5F7D3FF2B788342E5D208F03C02F3
:10C4D0000C2AE1D140F2037218EA020F2FD1043383
:10C4E0002B7008F4E063B3F5007F08BF2B7808F4E5
:10C4F000805804BF01332B70092F2BD1B8F1000FE6
:10C5000083D0297807E040F20373072F08EA03037A
:10C5100007D1002BC0D1304602B0BDE8F04101F098
:10C5200033BC13B92B7804332B70082FD9D108F4FE
:10C53000E060B0F5007F7FF468AF297855E708F434
:10C54000E062B2F5007F08F4805804BF01332B701D
:10C550001FFA88F8B8F1000F02D02B7804332B7043
:10C560000A2FEAD00D2F0DD13046E5F77FFF2C784A
:10C57000A04291D90134E4B22C70B8F1000F13D16C
:10C58000012044E72B780B2F03F101032B703FF4BC
:10C590003CAFB8F1000F3FF438AF3046E5F766FF27
:10C5A000011FC9B22970B6E73046E5F75FFF0334D3
:10C5B0008442ACBF0020012029E7FF232B7024E731
:10C5C00000280CBF8121012100B5137A8FB0022B06
:10C5D0008DF8041020D10C238DF80530FF238DF841
:10C5E00007308DF80830136805A9CDF80930536875
:10C5F000CDF80D308C238DF8113082238DF8123058
:10C60000537A8DF8133001A8091A002289B201F07B
:10C6100008FA0FB05DF804FB08218DF80510EBB99E
:10C620001368FF228DF8072023B96FF0724303A926
:10C630000293E8E76FF0E642029280228DF80C2028
:10C640001A0A8DF80D308DF80E201A0C1B0E8DF87D
:10C650000F208DF810300DF11101D4E70DF1070115
:10C66000D1E7024600B589B05168006804AB03C346
:10C6700090680DF10A021860002303A81946DFF73D
:10C680007FFFA0B1E5F7D6FE0022BDF80A101430F6
:10C6900001F0C7F940B1009000219DF81C309DF8D1
:10C6A0000D0004AAE0F7A6F803A8DFF7C3FF09B05E
:10C6B0005DF804FB70B506460D461068516886B0FB
:10C6C00002AC03C490682060CEB101228DF8143012
:10C6D0009DF830308DF804208DF81530BDF83430D9
:10C6E0009DF828200B9901A88DF80550ADF816305B
:10C6F000DFF7E0FFB0FA80F0400906B070BD01A896
:10C70000DFF798FF80F00100C0B2F6E738B5037A92
:10C7100005460C463BB90A7AEAB900680B68C31AA9
:10C720005842584138BD022B15D10B7A022B12D139
:10C730000822FEF7DEFA70B96B7A607A83420CD079
:10C74000013BDBB2FD2B08D80138C0B2FD2894BFF5
:10C7500000200120E6E70020E4E70120E2E703688B
:10C7600098B218B14FF6F8729A4312D1B0EB134F4A
:10C7700080EA134205D04FF6F87022F0070181429B
:10C7800004D19BB223B1083A90B27047104670476B
:10C7900007207047F0B5044685B00E4602A88E21EA
:10C7A00014F8017B1546FCF75DFF00232246CDE916
:10C7B000003305213B4602A88DF80A608DF80B5026
:10C7C0008DF80C70E3F774FB05B0F0BD00B50306FF
:10C7D0000246A1B00CD48DF800000DF10100FEF767
:10C7E0007BFA00216846E1F7E1FB21B05DF804FB2C
:10C7F0002120FAE7027810B504464AB9037A332BB0
:10C8000006D10123426003700374FCF783FA60745D
:10C8100010BD38B50378044663B9037A332B09D1C8
:10C8200001250570407CFCF777FA25746060FCF701
:10C8300071FA607438BD0020E4F740BB0020E4F7D3
:10C8400031BBFBF7C3BB38B505460C46E1F7B2FC7C
:10C8500090B96CB1FCF7C3F9214660732846F1F733
:10C860007FFD044610B92846E1F7CCFC204638BDD0
:10C870002846F1F74DFDF4E740F60444F6E7FFF7EC
:10C88000E2BF0021FFF7DFBF70B50E460546114637
:10C89000049C1A4666B102F0A3FB064635B12CB1E2
:10C8A000A5421FBF0FCD0FC42B682360304670BD5B
:10C8B00002F02EFBF1E7002313B5ADF80630037844
:10C8C000044603BB02220274027A102A09D03B2AD2
:10C8D0001BD00A2A0FD143600DF10600F0F7D0FCFF
:10C8E00007E001A8EEF710FABDF804306060ADF87B
:10C8F00006300123237023782BB1BDF8061004F114
:10C900001100FCF7AFFE02B010BD4360D3F79AFEF2
:10C91000ADF80600EDE737B505780446ADB9037A02
:10C92000102B14D100F111010120FCF7ADFE0546DA
:10C9300004F11500FCF794FE01A9ADF804002846A7
:10C94000EEF7B2F901236060237003B030BD3B2BDA
:10C95000FBD11130FCF784FED3F77AFE012365602A
:10C960002370F2E713B504466E2101A8FCF77AFEA6
:10C97000032101A88DF8064000F04FFB02B010BD66
:10C9800030B504460D4685B001A89B21FCF76AFE30
:10C9900023680B21CDF80630636801A8CDF80A3072
:10C9A0008DF80E5000F039FB05B030BD10B586B0E3
:10C9B0000A9C00920494099C4FF6FF7203949DF820
:10C9C0002040CDE901340023E1F72EFE06B010BD72
:10C9D00070B404469DF810509DF814609DF80C004A
:10C9E000CDE9045603931346224670BCE1F71CBE02
:10C9F00070B404469DF810509DF814600846CDE9C7
:10CA0000045611461A469DF80C30039470BCE1F7A9
:10CA10000BBE10B40446084621465DF8044BE7F708
:10CA2000E1BBE7F769BFE7F773BFF8F7F7BAF8F7C5
:10CA30003FBAF8F737BA2DE9F843089C0D469046FF
:10CA40000999224607461E46DDF82890F1F7FAFDBF
:10CA50002046F1F7C1FEB0FA80F464094246294647
:10CA6000384689F80040F1F7DBFE28B93146284600
:10CA7000BDE8F843F1F720BFBDE8F88338B50546B7
:10CA80000C46D3F78BFDA8420CD9D3F783FD30F8C1
:10CA9000252000EB8503002022809A78A270DB78A5
:10CAA000E37038BD0220FCE738B504460D46D3F7E5
:10CAB00075FDA0420BD9D3F76DFD2A8800EB8403E6
:10CAC00020F824200020AA78D8709A7038BD02205F
:10CAD000FCE7E6F755B938B50C460546E6F7BAF86F
:10CAE000082201462846FEF714F9E6F7ADF8208043
:10CAF000BDE83840E6F7B2B8E9F754B8F5F7E6BD57
:10CB0000F7F7D4BF70B5A2B00E4601A9054601F0F3
:10CB10002EFA044620B93246284601A900F007FD46
:10CB2000204622B070BD037813B50446B3B9012284
:10CB300043600270007A904212D002281CD008BBD9
:10CB4000217B0DF1060200F08BF90223BDF80610DF
:10CB50006060237404F11100FCF784FD02B010BD85
:10CB600003230DF106002374EBF758F9BDF8061006
:10CB7000607404F11200EFE7A0892274F8F760FAFC
:10CB80006074EBE72370E9E770B506460C4605468E
:10CB900036F8021B2046FCF765FD31460822A01C32
:10CBA000FEF7B7F8AB7A04F10E01A372EB7A01201D
:10CBB000E3722B7B23736B7B63732A69BDE8704040
:10CBC000FCF754BDF0B50446274615460E4687B01F
:10CBD00001A81B21FCF746FDA37837F8041B0DF1D3
:10CBE00007008DF80630FCF73DFD63681221CDF893
:10CBF00009307B6801A8CDF80D30E3788DF814601A
:10CC00008DF81130A3898DF81550ADF8123000F071
:10CC100004FA07B0F0BD37B50C4605461C2168463E
:10CC2000FCF720FD22460DF1030101208DF8025092
:10CC3000FCF71CFD0721684600F0EFF903B030BD9A
:10CC400030B504460D468BB0FBF7CDFFFBF7C9FFAF
:10CC500005A92046F4F7AEFB01A82321FCF702FD4D
:10CC6000BDF81E1002A88DF806408DF80750FCF79D
:10CC7000F9FC05AB03CB9DF81C30CDF80A00CDF8CC
:10CC80000E1001A80F218DF8123000F0C6F90BB07C
:10CC900030BD13B504467C2101A8FCF7E3FC214616
:10CCA0000DF10600FCF7DEFC04210DEB010000F0A5
:10CCB000B4F902B010BD37B505460C466846802170
:10CCC000FCF7D0FC2A460DF102010120FCF7CEFC56
:10CCD00021460DF10600FCF7C5FC0821684600F06E
:10CCE0009CF903B030BD37B50C460546C4216846F3
:10CCF000FCF7B8FC21460DF103008DF80250FCF75B
:10CD0000B1FC0521684600F088F903B030BDF0B5EC
:10CD1000154607460E4689B002A846211C46FCF778
:10CD2000A1FC284603A98DF80A708DF80B60FFF767
:10CD30002BFF00231721CDE900330E9A234602A8CA
:10CD40008DF81E40E3F7B4F809B0F0BD7FB5164684
:10CD500005460C4602A89821FCF784FC32460DF1EA
:10CD60000A010120FCF782FC00232246CDE90033B2
:10CD700006212B4602A8E3F79BF804B070BDF0B57E
:10CD800005460F468BB002A8922114461E46FCF7BA
:10CD900069FC2B683846CDF80A306B680DF112013A
:10CDA000CDF80E30FFF7F0FE00233246CDE9003318
:10CDB0001D21234602A88DF82440E3F779F80BB033
:10CDC000F0BD7FB506460C4602A893211546FCF738
:10CDD00049FC32460DF10A010120FCF747FC002313
:10CDE0002A46CDE900330721234602A88DF80E40DC
:10CDF000E3F75EF804B070BDEBF7C0BD70B49DF80A
:10CE00000C409DF810509DF814600394CDE9045631
:10CE100070BCF7F7ABBE38B505460C46FBF7E3FE32
:10CE20002B46024601210020E1F7EAFF28B92146FE
:10CE30002846BDE83840FBF700BCE5F7FBFA05469D
:10CE40000130FCF70DFC2080E81CFCF709FC608039
:10CE50006B7901202371AB796371EB79A37138BDD4
:10CE60000B46002170B5064614460846FF22E1F73E
:10CE7000C7FF054680B1E5F7F9FA411EC9B2284659
:10CE8000E5F7C0FC2EB1238803F0070303700020F0
:10CE900070BD03782380FAE73620F9E7F8B5074636
:10CEA0000E461546FBF79FFE3B4602460121002039
:10CEB000E1F7A6FF044630B92A4631463846BDE8B8
:10CEC000F840FBF7BCBBE5F7B5FA012E14BF08210B
:10CED0008179204602BF49000831C9B201EB450102
:10CEE00001F0FE01BDE8F84000F030BF2DE9F74346
:10CEF0008846694607461546FFF78DFF044620B968
:10CF00000024204603B0BDE8F0830026012D0CBFAD
:10CF10009DF806909DF80590F2B29145F0D929460A
:10CF20003846FFF7BBFF404506F10106F4D1E8E7BC
:10CF300038B5002204460D46FFF7D8FF30B9294620
:10CF40002046BDE838400122FFF7D0BF38BD0020A1
:10CF5000E1F7FEBF0120E1F7FBBF0220E1F7F8BFD8
:10CF60000320E1F7F5BF08B50020FBF779FBBDE82A
:10CF70000840D3F79BB81FB501238DF80430002378
:10CF800001A8CDE90233C9F761FE0298C0F303435B
:10CF9000C0F303621B0243EA0233C0B2184305B078
:10CFA0005DF804FB00207047704710B4044669B177
:10CFB000022A07D0032A07D0012A07D15DF8044BC3
:10CFC000E5F774BC0902F9E70904F7E720465DF8C4
:10CFD000044BE5F707BD0020E2F746BF0120E2F76A
:10CFE00043BF70B506460C46154600F07AFF70B197
:10CFF0003046E5F747FCB0F5803F09D3B0F1807FBC
:10D000004FEA102306D30323000C2B70208070BD41
:10D010000123FAE718460223F7E7002307B51A466B
:10D02000CDE90033E2F744FF03B05DF804FB37B508
:10D0300005460C4601A84821FCF714FB04210DEB22
:10D0400001008DF806508DF80740FFF7E6FF03B0AA
:10D0500030BD37B505460C466846D221FCF702FBC9
:10D0600029460DF10200FCF7FDFA052168468DF80E
:10D070000440FFF7D2FF03B030BD13B50446F221E0
:10D0800001A8FCF7EFFA032101A88DF80640FFF78D
:10D09000C4FF02B010BD10B50446C0B2E2F7C4FF31
:10D0A000200ABDE81040E2F7BFBF10B5E2F79EFFCF
:10D0B0000446E2F79BFF04EB002080B210BD10B5E0
:10D0C000044680B2FFF7E7FF200CBDE81040FFF7F1
:10D0D000E2BF10B5FFF7E9FF0446FFF7E6FF04EBF8
:10D0E000004010BD38B500F10C0400F1240514F81F
:10D0F0000C0CE2F799FF14F80C3C013B012B0CD906
:10D1000034F8020CFFF7C7FF0820A4F10A01E2F788
:10D110009BFF0C34AC42EAD138BD34F8080CFFF761
:10D12000BAFF34F80A0CFFF7B6FF34F8080CFFF723
:10D13000B2FF34F80A0CFFF7AEFF34F8080CFFF723
:10D14000AAFFE6E7014610B504460820E2F756FFBD
:10D15000FFF7ABFF2081E2F749FFA072E2F746FF3D
:10D16000E072E2F743FF2073FFF79FFFE081E2F7F1
:10D170003DFF2074FFF7ADFF606110BD10B50446A0
:10D18000FFF793FF2080FFF790FF6080E2F72EFF0C
:10D190002071E2F72BFF6071FFF787FFE080FFF758
:10D1A00084FF2081E2F722FFA07210BD10B5044673
:10D1B0000088FFF770FFA078BDE81040E2F734BFA9
:10D1C00010B50446FFF771FF2080E2F70FFFA07053
:10D1D00010BD10B504460078E2F726FF6088BDE870
:10D1E0001040FFF758BF014610B504460820E2F78B
:10D1F00005FFE2F7FBFE2072FFF757FF6081E2F7C1
:10D20000F5FE2073E2F7F2FE6073E2F7EFFEA07323
:10D21000FFF75FFF206110BD10B50446E2F7E6FEA0
:10D22000A070FFF742FF214621F8040B0820E2F727
:10D23000E5FEE2F7DBFE003818BF0120E070E2F700
:10D24000D5FE2073E2F7D2FE607310BD10B5044620
:10D2500001461020E2F7F8FE2069BDE81040FFF714
:10D260002EBF014610B504461020E2F7C7FEFFF7B7
:10D2700030FF206110BD10B50446FFF716FF208077
:10D2800010BD10B50446FFF724FF2060FFF721FF13
:10D290006060FFF70AFF208110BD10B50446FFF75C
:10D2A000BBFF04F11000FFF7ECFF04F11C010820A4
:10D2B000E2F7A4FEFFF7F9FEA084FFF7F6FEE08494
:10D2C000E2F794FE84F82800E2F790FE84F8290043
:10D2D000E2F78CFE84F82A00E2F788FE84F82B003F
:10D2E00010BD10B504460068FFF7E9FEA088FFF7FF
:10D2F000D2FEE088FFF7CFFE2089FFF7CCFE6089E1
:10D30000FFF7C9FEA089FFF7C6FEA07BBDE810406D
:10D31000E2F78ABE10B50446FFF7DBFE2060FFF798
:10D32000C4FEA080FFF7C1FEE080FFF7BEFE2081B3
:10D33000FFF7BBFE6081FFF7B8FEA081E2F756FE63
:10D34000A07310BD10B504460068FFF7B8FE207941
:10D35000E2F76AFE611D1020E2F776FE04F1150186
:10D360001020BDE81040E2F76FBE10B50446007A09
:10D37000E2F75AFE237A53B92068FFF7A0FE20682F
:10D38000FFF79DFE607ABDE81040E2F74DBE022B2C
:10D39000F8D121460820E2F757FEF3E710B504461E
:10D3A000E2F724FE207248B9FFF793FE2060FFF7F2
:10D3B00090FE2060E2F71AFE607210BD0228F9D1DB
:10D3C00021460820E2F71AFEF4E738B5841C00F184
:10D3D0001A05E2F70BFE04F8020C013801280AD9FD
:10D3E000FFF763FE214620810820E2F707FE0C3498
:10D3F000AC42EED138BDFFF758FE6080FFF755FE16
:10D400002080FFF752FEFFF750FEFFF74EFEEEE7DB
:10D4100010B504460078E2F707FE6068FFF74FFE9C
:10D4200004F10800FFF7A1FFA08AFFF734FEA07DFA
:10D43000E2F7FAFDA069FFF742FE04F11C0110209B
:10D44000E2F702FE04F12C00FFF74CFE94F84400D2
:10D45000E2F7EAFD94F84500BDE81040E2F7E4BDCC
:10D4600010B50446E2F7C2FD2070FFF71EFE608093
:10D47000201DFFF793FFE2F7B9FD207404F11200BD
:10D48000FFF7A3FFFFF711FE6085E2F7AFFD84F819
:10D490002C00E2F7ABFD84F82D00FFF71AFE04F133
:10D4A000340120631020BDE81040E2F7A7BD10B59D
:10D4B00004460078E2F7B8FD6088FFF7ECFD201D18
:10D4C000FFF753FF207CE2F7AFFD04F11200FFF7F6
:10D4D00009FE608DFFF7DFFD94F82C00E2F7A4FD54
:10D4E00094F82D00E2F7A0FD206BFFF7E8FD04F1B2
:10D4F00034011020BDE81040E2F7A6BD10B5044687
:10D500000088FFF7C8FD6088FFF7C5FDA088BDE86B
:10D510001040FFF7C0BD10B50446FFF7C6FD2080E0
:10D52000FFF7C3FD6080FFF7C0FDA08010BD0023A2
:10D5300010B502F8010BDCB2A04202F1040201F1C5
:10D54000040100D810BD31F8044C013302F8044C3A
:10D5500031F8044C240A02F8034C31F8024C02F86A
:10D56000024C31F8024C240A02F8014CE3E710B5F2
:10D5700004460068FFF7A3FD2079E2F755FD6079C6
:10D58000E2F752FDA079E2F74FFDE079BDE81040E7
:10D59000E2F74ABD10B504460078E2F745FD607831
:10D5A000E2F742FD6088FFF776FD211D0820E2F7D3
:10D5B0004BFD207BE2F738FD607BE2F735FD20690B
:10D5C000BDE81040FFF77BBD10B50446E2F70EFD45
:10D5D0002070E2F70BFD6070FFF767FD211D608092
:10D5E0000820E2F70BFDE2F701FD2073E2F7FEFCF5
:10D5F0006073FFF76EFD206110BD10B50446008812
:10D60000FFF749FD6068FFF75AFDA068FFF757FD77
:10D61000A089BDE81040FFF73EBD10B50446E2F713
:10D6200015FE21460020E4F701F9BDE81040002076
:10D6300000F0A1B9704708B5E5F74AF880F001009D
:10D64000C0B208BD08B5E5F733F80028FBD108BD26
:10D65000FEF71CB970470120E2F736BF0020E2F761
:10D6600033BFE3F729BF0020704770B5144681F03F
:10D67000010519B90D2A07D1FF2018E00D2A03D1A1
:10D6800000780538C0B212E00844FBF7E9FFC5F1A5
:10D69000040110F440660246C9B209D1042C0846C0
:10D6A00005D0052C16D112F0400F18BF084670BDEA
:10D6B000C5F10603042CD8B2F9D0B6F5006F03D13A
:10D6C000C5F10805E8B2ECE7B6F5406FE9D1C5F160
:10D6D0000E05F7E712F4404107D1062CE7D0072CDE
:10D6E000E5D0082C13D10130CCE755065CBF831C74
:10D6F000D8B2062CDBD0B1F5004F02D1831CD8B2D2
:10D70000EDE7B1F5404FEAD100F10803F7E7130761
:10D7100044BF0530C0B20C2CC9D9ADE710B50C46DA
:10D72000E4F788FE048010BD38B50C461546E4F7D2
:10D7300081FE03881DB11C43A1B2018038BD23EADC
:10D74000040189B2F9E708B5E4F774FE008808BD62
:10D7500008B5E4F76FFEC07808BD08B5E4F76AFEC7
:10D76000008800F00C0008BD08B5E4F763FE0088EF
:10D7700000F00C00031F5842584108BD38B505465B
:10D78000E4F758FE04462846FFF7EEFF30B904F1EF
:10D790001000FBF765FF00F4406038BD4FF40060F7
:10D7A000FBE738B50546E4F745FE04462846FFF793
:10D7B000DBFF014648B9103420460422E3F736FF68
:10D7C0002044BDE83840FBF74BBFA08838BD10B5FA
:10D7D0000C46E4F72FFE848010BD38B50546E4F70B
:10D7E00029FE04462846FFF7BFFF014608B1201D69
:10D7F00038BD103404222046E3F718FF2044F7E731
:10D8000038B50546E4F716FE04462846FFF7ACFF98
:10D8100030B904F11000FBF723FF00F4404038BD9D
:10D820004FF40060FBE738B50546E4F703FE044615
:10D830002846FFF799FF014648B9103420460622D2
:10D84000E3F7F4FE2044BDE83840FBF709BFA088A9
:10D8500038BD38B50546E4F7EDFD04462846FFF728
:10D8600083FF014608B1201D38BD10340622204632
:10D87000E3F7DCFE2044F7E708B5E4F7DBFD007AC8
:10D8800008BD08B5E4F7D6FD90F9090008BD08B554
:10D89000E4F7D0FD807A08BD08B5E4F7CBFDC06899
:10D8A00008BD10B50C46E4F7C5FD047210BD10B5F7
:10D8B0000C46E4F7BFFD447210BD10B50C46E4F70A
:10D8C000B9FDC46010BD2DE9F8430F468046002124
:10D8D00007F1100016469946E4F772FE0446D0B1EF
:10D8E000E4F7A8FD05462046E4F7C0FD0021024606
:10D8F0002846FDF728FA00232046AB7049F00401C2
:10D90000FFF70CFFA5F804802EB13A46314605F129
:10D910001000FDF7E1F92046BDE8F883F8B50546AB
:10D920000F4610200021E4F74BFE0446B0B1E4F7A7
:10D9300081FD06462046E4F799FD00210246304667
:10D94000FDF701FA002339462046B370FFF7E6FEE3
:10D9500025B12A4601212046E4F70AFE2046F8BDFB
:10D9600008B5E4F767FD103008BD08B5E4F77EFDA3
:10D970001038C0B208BD0020E3F784BE70B51D4664
:10D980009DF810300C46002B10460A4614BF0821A3
:10D990008821059EFFF7C2FF024640B100202B46BA
:10D9A0002146CDE90460BDE87040E3F7F9BE0120EF
:10D9B00070BD08B5E4F7ECF8002008BD4088C0F35E
:10D9C0000C000330800840000430704708B520B1D7
:10D9D000E4F744FB00F0010008BD0120FAE708B5B8
:10D9E000E4F782FABDE80840FFF7F0BFF8B5064655
:10D9F0000D460A2000211746E4F7E2FD0446E4F74D
:10DA000073FA60B1038807816FEA43436FEA5343B7
:10DA1000C0F80A600380C0F80E502046F8BD0446E6
:10DA2000FBE770B50E46054611463046E4F7C8FDE3
:10DA3000044635B128B1E4F7FDFC32462946FDF72E
:10DA400068F9204670BD0088B0FA80F04009704740
:10DA5000008810B1C9B2E4F777BD70472DE9F041F5
:10DA6000B0F8008006460C46D5B2B8F1000F11D0D0
:10DA700029464046E4F768FD2246074629464046C7
:10DA8000E4F776FD3A4629462046E4F771FD3480F6
:10DA9000BDE8F0810F46F5E738B505880022044659
:10DAA000FFF7DCFF05B1258038BDF8B507460D4608
:10DAB000008800211646E4F747FDB042044605D130
:10DAC00029463846BDE8F840FFF7E6BF002120466A
:10DAD000E4F73AFDB04205D020460021E4F734FDDA
:10DAE0000446F3E72A4620460021E4F741FD32468A
:10DAF0002846BDE8F8400021E4F73ABD03461B88FC
:10DB000008468B4202D00021E4F71EBD002070477A
:10DB100038B5044638B10021FFF79AFF00230146CB
:10DB20005D1C09B998B238BD2046FFF7E7FF2B46C8
:10DB30000146F5E7F8B5058807467DB1CCB2214628
:10DB40002846E4F701FD8542064609D100233B80C3
:10DB5000002221463046E4F70BFD35462846F8BD45
:10DB60002146E4F7F1FC214602462846E4F700FD91
:10DB7000EEE72DE9F04707888246884614465FB3F2
:10DB80003846E4F773FC3D460646E4B22146284693
:10DB9000E4F7DAFC4045814616D12146E4F7D4FC8F
:10DBA000214602462846E4F7E3FC474504D14545B3
:10DBB00008BF0025AAF80050002221464046E4F79D
:10DBC000D7FC3046BDE8F0878742FAD0E4F74EFC38
:10DBD00030444D4686B2D9E73E46F2E72DE9F0479C
:10DBE00080460F460646002402F1FF39BC4202D2AD
:10DBF00019F8015F25B9A6EB080080B2BDE8F087EF
:10DC00009A46A5F13102012A5AF8041B10D832466F
:10DC1000322D02F8011B06D10134A4B2A74232D33F
:10DC20000912B21C7170013453461646A4B2DDE7E6
:10DC3000342D0CD10334BC42DDDA0B0A3170737021
:10DC40000B0C090EB370321DF170A4B2EBE7A5F115
:10DC50003302062A0DD8303DADB22B19BB42CADAC9
:10DC60002A463046013CFDF754F815FA84F472193F
:10DC7000EBE7A5F14102062A01D8373DECE79D8884
:10DC800003F1080AE9E71646B5E770B505460088CE
:10DC90000C46E4F7EBFBA04228880AD2E4F7E6FB47
:10DCA0000023221A19462846BDE8704092B2E4F7D4
:10DCB00017BD2146E4F7F6FB002070BD2DE9F843BF
:10DCC00007460846154688461C469DF82090E4F70E
:10DCD000B1FB4619A4B19EB14046E4F7C7FB254409
:10DCE00085420FDC2246B9F1000F06D13146384695
:10DCF000FDF70FF80020BDE8F88339463046F7E716
:10DD00002120F8E71D20F6E738B50546E4F792FB39
:10DD100004462846E4F7AAFB002201462046BDE857
:10DD20003840FFF77EBEF8B516460C461D46BDF8D6
:10DD30001870E4F77FFB04443046E4F77BFB3A4677
:10DD400041192046BDE8F840FCF7E3BF70B50C462A
:10DD5000013189B20646E4F767FD214605463046A3
:10DD6000E4F762FD00EB052080B270BD1FB5012312
:10DD7000ADF80C2000930A460223014603A8FFF7E2
:10DD80009DFF05B05DF804FB2DE9F0410C46013123
:10DD900089B20646E4F748FD214607463046E4F7D7
:10DDA00043FDE11C054689B23046E4F73DFDA11C68
:10DDB000804689B23046E4F737FD05EB072500EBD6
:10DDC000082005EB0040BDE8F0810FB437B5069D93
:10DDD0000021A8B2E4F7F4FB0446E4F72BFB2CB1D6
:10DDE000002207AB0193D1B28D4205D8204603B083
:10DDF000BDE8304004B0704753F8041B8154013231
:10DE0000F1E773B504460D46402000211646E4F7BD
:10DE1000D7FBADF80600E4F70DFBBDF8063013B9EB
:10DE2000002002B070BD402133462A462044FFF74F
:10DE3000D5FE211889B20DF10600FFF726FF002854
:10DE4000EED1BDF80600ECE710B41446091B1A46E3
:10DE50002044019B89B25DF8044BFFF7BFBE08B4B4
:10DE600010B585B007AC54F8043B00940394FFF759
:10DE7000EBFF05B0BDE8104001B070470EB403B52C
:10DE800003AA52F8041B0192FFF7BBFF02B05DF832
:10DE900004EB03B0704700220123C0E90023704760
:10DEA000F8B5044601270026F8F708FE23683BB9B9
:10DEB000F8F70AFE00226368012B0ED16360F8BDFB
:10DEC0001D691F612660F8F7FFFD012DF2D02B467A
:10DED0002D691E61012DFAD1E6E719691A610B4619
:10DEE000EAE70069003818BF01207047036823B9CA
:10DEF0004068012803D0E4F7C5BC002070474FF00C
:10DF0000FF307047F8B50546FAF71EF801230646BC
:10DF10000027A8602B73F8F7D1FD2B6802467BB170
:10DF20001C692169A1420CBF2F601961276110464D
:10DF3000F8F7CAFD012C08D0204663689847EAE745
:10DF40006C68012C04D1F8F7BFFD00232B73F8BDDA
:10DF50006169711AB1F1004FF5D8216969602361D7
:10DF6000E5E7022070470220704702207047022038
:10DF700070477047022070470220704702207047A8
:10DF800002207047002070470144884201D10120DF
:10DF9000704710F8013B9342F7D0002070470821EA
:10DFA000FAF75CBE70B50146064692B00020E2F773
:10DFB00069FF044670B9FAF712FE054601466A4643
:10DFC0002046E3F755FB6A46294620468DF8026055
:10DFD000E3F72CFE204612B070BD00B593B0FAF7FF
:10DFE000FEFD6A4601460020E3F742FB9DF9020070
:10DFF00013B05DF804FB00B593B0FAF7F0FD6A4684
:10E0000001460020E3F734FB9DF8000013B05DF8F3
:10E0100004FBE3F7E7BA012070470020704707B51B
:10E020006846E2F7CDFE9DF8030003B05DF804FBFF
:10E03000F8B506460D46E4F725FF0328044621D02F
:10E040002846E4F71FFF032807461BD010F0020301
:10E0500018D1A0070DD5F90716D401233C43E207D8
:10E0600004D431892A89914218BF002303F00100AA
:10E07000F8BD082229463046FCF73BFEB0FA80F393
:10E080005B09EBE70020F3E71846F1E770B50D46B2
:10E0900000210646FFF7DCFC044630B1E4F7CAF97C
:10E0A00001462846FFF7C4FF08B1204670BD21464F
:10E0B0003046FFF723FDEFE77FB54FF6FF7101AA6A
:10E0C000E4F7CCFF20B1BDF80C0007B05DF804FB0D
:10E0D0004FF6FF70F9E708B5FFF7D8FF003818BF13
:10E0E000012008BD08B51046E6F7D0FABDE80840A3
:10E0F000E6F7B0BB7047704770477047704770478E
:10E100007047002100B593B06A460846E3F7B0FABD
:10E11000BDF8060013B05DF804FB002110B592B005
:10E1200004466A460846E3F7A3FA00216A46084611
:10E13000ADF80640E3F77AFD12B010BD002100B53E
:10E1400093B06A460846E3F793FABDF8040013B0AB
:10E150005DF804FB002110B592B004466A460846FB
:10E16000E3F786FA00216A460846ADF80440E3F773
:10E170005DFD12B010BD10B5002486B00494BDF84A
:10E180002C4003949DF828400294099C0194BDF80A
:10E1900020400094E5F780FA06B010BDF0B587B0D6
:10E1A0009DF83C40BDF84070BDF844C0029405465F
:10E1B0000E9C084611461A46BDF83430CDE9037C62
:10E1C000CDE90034BDF830309DF84860E5F764FAD9
:10E1D000044670B10146002310220120FAF703FB28
:10E1E00040B132462146284607B0BDE8F040E5F789
:10E1F000BFBA192007B0F0BD10B588B09DF83C40FB
:10E20000069400240594BDF8384004949DF83440E9
:10E2100003940C9C0294BDF82C400194BDF8284056
:10E220000094FFF7BBFF08B010BD70B50646E5F7D8
:10E2300069FA04463046E8F777FD22460346002196
:10E240003046F4F737FE0546C0B1FFF789FB0446B8
:10E250002846E4F7EFF8E21D121A002329460820A9
:10E26000D2B2FAF7C0FA0138C0B2012806D829465E
:10E270003046BDE870400122E5F77ABA70BD13461A
:10E2800010B50A4600210446F4F7EEFD014628B118
:10E290002046BDE810400222E5F76ABA012010BD11
:10E2A00007B5009313460A460021F4F757FD28B13D
:10E2B000002103B05DF804EBF2F702B9012003B0CE
:10E2C0005DF804FBF0B50E46114646F6655289B07E
:10E2D000ADF81820044600221846FFF7A2FB0546B9
:10E2E00058B306AFC4B1FFF729FF02224FF6FF7300
:10E2F0004FF44841CDE90172009003957C2007AAB4
:10E30000ADF81C30FFF737FF0146C0B100221046C0
:10E31000E5F72EFA09B0F0BDFFF710FF0223CDE9B3
:10E320000004CDE902734CF6604233467C2120465E
:10E33000CDE90454FFF760FFECE71920EAE701207C
:10E34000E8E72DE9F04F85B00C4690460746FFF709
:10E3500004FA0546661C3046FBF782F9042D40F0AE
:10E360008A803846FFF7FCFA0378092203F003039A
:10E37000012B4FF00101204614BF4FF0020B4FF06C
:10E38000030BE3F753F90922002105462046E3F782
:10E390004DF921788DF80F0001390022204689B20D
:10E3A000FFF73FFB04EB08098246D0B12A4601463D
:10E3B0000DF10F035846FAF716FA0228054626D142
:10E3C0005046E4F753F800222070C0B2431E00927A
:10E3D0009BB2012251463046FFF770FC237801338F
:10E3E00023703846FFF7AFF9020424D499F80130BE
:10E3F00021789B071FD50139A1EB08013A46484611
:10E40000C9B2EAF7E3FA23781844207013E020B980
:10E410002070284605B0BDE8F08F032809D1484692
:10E42000FBF71EF920F4007189B24846FBF71AF990
:10E43000D7E70428D5D10125002220462178FFF70F
:10E44000F0FA07460028E4D00023014601221846CE
:10E45000FAF7C9F9022819D13846E4F707F800227B
:10E46000C3B2013B207039460092304601229BB274
:10E47000FFF724FCCDE780F0800520F0800081B21A
:10E480003046C5F3C015FBF7EDF8D5E70028C0D13D
:10E490002070BEE708B50020FFF7CDF880F001003E
:10E4A000C0B208BD0A4608B501460020E5F760F98C
:10E4B000B0FA80F0400908BD0020E3F7E9BC002174
:10E4C0000846E3F763B90020FFF7BCB80020E2F785
:10E4D000B7BC70B50446FBF7C3F80422002106461A
:10E4E0002046E3F7A3F82044FBF7BAF803220546D9
:10E4F00000212046E3F79AF82044FBF7B1F84FF6E5
:10E50000FF730540ADB29D4214D1F30712D5062228
:10E5100000212046E3F78AF82044FBF7A1F80446DF
:10E52000E5F7CAF9844214BF02240624E5F7B8F9D6
:10E53000204070BD2046FAF7FEFAC400E4B2F5E7C9
:10E5400008B5FFF7C6FF003818BF012008BD01203D
:10E5500070470120704710B50446F7F717FB08B95C
:10E56000F7F71AFB03050FD40C231B2B01D1002056
:10E5700009E020FA03F1C90703F1010206D5DBB275
:10E58000E31A5842584110BD0B23F9E71346ECE754
:10E5900010B50C46098819B90846F4F745FC2080E7
:10E5A000012010BD0022E5F757BB08B5104600F06A
:10E5B0002DFBBDE80840FAF75FB870B504460D467C
:10E5C000164692B06A46E3F753F86A462946204653
:10E5D0008DF81F60E3F72AFB12B070BD00B593B051
:10E5E0006A46E3F745F89DF81F0013B05DF804FB99
:10E5F00007B50DF10701E5F70BFE20B19DF8070007
:10E6000003B05DF804FBFF20FAE710B50C46E5F710
:10E6100013FF2046BDE81040E5F716BE0129F8B506
:10E6200005460C461DD003291ED0052920D00729F8
:10E6300022D00026002400270120E2F7FDFE30440E
:10E6400085421DDA0320E2F7F7FE2044854219DAFD
:10E650000520E2F7F1FE38448542B4BF07200520CB
:10E66000F8BD6FF00406E5E76FF004040526E2E765
:10E6700000266FF00407DFE7002405272646DBE7C6
:10E680000120EDE70320EBE738B5054600242046DE
:10E69000E2F7D2FE0134A842E4B202D9062CF6D148
:10E6A0000724204638BD38B14379490023F00C03D4
:10E6B00001F00C010B434371704710B5044678B16B
:10E6C00041794088490801F006010131000AFFF74D
:10E6D000A5FF024601462046FFF7E5FF104610BDA4
:10E6E0000722FBE738B50D46E5F794FE044608B966
:10E6F000002038BDFFF7E1FF002DFAD1237913F098
:10E700000703F5D0984238BF1846C0B2F1E7037945
:10E7100023F00703194301717047037903F00F03D6
:10E7200043EA0113037170470022E6F7E1BA0021C2
:10E73000012208B5E6F7DCFA401A18BF012008BD2F
:10E7400038B51546FFF7F0FF04462846FFF750FF9F
:10E7500084B1FF2804D0626822FA00F3DB0701D5F8
:10E76000012038BD0123834013436360E378013304
:10E77000E370F5E72046F4E7E6F73CBD01461023D9
:10E7800007220120E4F7A8B910B5E3F753FE00F122
:10E7900010042046FAF764FF20F4007189B2204685
:10E7A000BDE81040FAF75EBF2DE9FF411546019123
:10E7B00001218DF80D301B0A8DF80E309DF82C309C
:10E7C0008DF80C008DF80F3028460423009103AA21
:10E7D0009DF828809DF830709DF8346001F039FE76
:10E7E000044670B12946FEF7F2FFB8F1000F02D1DE
:10E7F0002046FFF7C9FF2FB146B931462046F1F751
:10E800005FFE0024204604B0BDE8F08100222046CF
:10E810001146E6F771FCF4E74FF47A70E6F7C4BDF1
:10E82000F0B5064687B010461C460F461546FFF762
:10E8300097F89DF83030184443789CB161780122F4
:10E8400011F0020F0CBF032100210020CDE901428D
:10E85000CDE903100722394630460095E6F74CFE15
:10E8600007B0F0BD22462146EFE708B5E4F7BAF855
:10E87000BDE808400020E7F77BB81FB504466846AE
:10E88000FFF77CFF54B100238DF8053010230722D9
:10E8900069460020E4F720F904B010BDFFF731FC11
:10E8A000ADF80600FFF74AFCADF80000EEE708B54A
:10E8B000FFF7E3FF002008BD00B58BB06846FFF707
:10E8C0005DFF009BBDF8060004A90693E6F7F6FC81
:10E8D0000BB05DF804FB1FB504466846FFF74EFF1A
:10E8E00002AB03CB2060616004B010BD1FB50623EE
:10E8F00004468DF80C30E7F7C1F900238DF80D00C0
:10E90000CDE9003301210223204603AA01F0A1FD35
:10E9100004B010BD70B50C4605460120E8F740F97B
:10E92000237B4BB1FFF7EDFB014623462A46BDE8AA
:10E9300070400120E7F7E0BB4FF6FE71F5E71FB529
:10E940000A2301201A4601A9E4F7C6F84FF6FF731F
:10E95000BDF80C209A420AD00822FF2101A8FFF737
:10E9600013FB80F00100C0B205B05DF804FB00208D
:10E97000FAE7F8B50E460746FEF7F2FF0546FAF746
:10E980006FFE00F44040B0F5404F14BF0022062255
:10E9900002F10A03EB5C0B325C0004F00E045B082E
:10E9A000144403F0380338461C44FEF7DEFF84426B
:10E9B00008D2001BC2B20F2A28BF0F2230462919E5
:10E9C000FCF78AF92046F8BD13B5F2F71BF8694643
:10E9D000044601F0A0F958B1FFF793FB40B1E4F70A
:10E9E00043F928B10023022269462046EFF77CFB59
:10E9F00002B010BDFF224FF6FF71E9F787BA37B5B5
:10EA000005460C460823092269460120E4F764F80C
:10EA100015B19DF806302B700CB1009B2360BDF83A
:10EA2000040003B030BD07B500210DF10700FFF76A
:10EA3000E6FF9DF8070003B05DF804FB07B5082367
:10EA40008DF80600ADF804100092694609220020F6
:10EA5000E4F742F803B05DF804FB13B5044601A9DE
:10EA60000020FFF7CCFF019A01462046FFF7E6FFA2
:10EA7000204602B010BDF0B50F46002187B0044615
:10EA800008461646FFF7BBFF012305460DF10A00B5
:10EA90008DF808408DF80930FFF71DFF092C1DD1B6
:10EAA00031460DF11200FAF7DDFD05AB002102AA97
:10EAB0009B1A2846CDE90011DBB2642101F0C9FCA4
:10EAC0000546E0B1092C15D1E9F702FC044688B1EE
:10EAD0002846E9F711FC204607B0F0BD31460DF19C
:10EAE00013008DF812704FF6FF75FAF7BBFD0DF1AC
:10EAF0001503DBE7284600F02EF80446EBE7044652
:10EB0000E9E77FB50D461646ADF80E00E3F7AEFC1B
:10EB1000841BE4B2BDF80E20631B9BB2104629464D
:10EB200000937319FFF7FFF821460DF10E00FFF770
:10EB3000ACF804B070BD38B504460D4601F026F9B6
:10EB400040B1AC4206D02046F1F7DEFFBDE83840C8
:10EB500001F0A7B938BD10B50446FEF701FF023039
:10EB6000FAF77EFD4FF6F7739842204603D9BDE8C9
:10EB70001040E9F743BDE9F78DFDB0FA80F0400998
:10EB800010BD0022E9F75EBC70B50546FEF7E8FE51
:10EB90000646284601F081FC01462846E3F744FE7C
:10EBA00004462846FEF7FDFD4FF6F773984208D855
:10EBB000337803F00303012B05D1A31E58425841BB
:10EBC00070BD0120FCE70020FAE741F2033330B5C5
:10EBD00085B00D46ADF808300446FFF792FA8DF87F
:10EBE0000A00FFF78EFA0021000A8DF80B000523BA
:10EBF0002046CDE9001102AA8DF80C5001F029FC45
:10EC000010B12146FFF7BDFF05B030BD70B5044619
:10EC10000D46D9B13F294FF0000600D135462046B8
:10EC2000FEF79BFD082813D101212046E3F78CFC59
:10EC30000646E3F71BFC04463046E3F7FBFB2A4697
:10EC40000146E0B2BDE87040FAF774B80126E6E785
:10EC50002046FEF782FD024630B9BDE870404FF60F
:10EC6000FF710120F9F7C1BF2046FEF787FDB0F51F
:10EC7000006F0ED12046FEF794FD4FF6FF739842C9
:10EC8000014617D0002D0CBF032005200022F9F704
:10EC9000ACFF29462046E6F7EDFA68B9294620463A
:10ECA000EBF7B6F940B9324629462046BDE8704038
:10ECB000E9F7E0BF0120E9E770BD01460320EDF769
:10ECC0001FB837B54FF6F675F9F7C6FF431E9BB26E
:10ECD000AB420446F8D8E5F79DFB0028F4D169461D
:10ECE0002046E4F737FC0028EED0204601F0D5F9A5
:10ECF0000028E9D12046FFF71AFD0028E4D120467C
:10ED0000EBF7EEF90028DFD1204601F03FF80028AC
:10ED1000DAD12046DDF7BAFD0028D5D1204603B070
:10ED200030BD73B504460E46EBF7DAF9054688B9EF
:10ED30002046EBF72FFA21462B460D224FF6FD70A9
:10ED4000009500F056F83146204602B0BDE870400C
:10ED5000EBF7E2B902B070BD37B5054614460C2991
:10ED600014D8DFE801F02C132C131313071313131B
:10ED7000132424006946E4F7EDFB18B90121684625
:10ED8000EFF79AFD41202946F5F7C4FED4B120469D
:10ED9000FEF7E6FD0230FAF763FC4FF6F773984290
:10EDA00010D9204603B0BDE83040E9F747BE40F631
:10EDB000144040F613430B2908BF1846E3E7F3F766
:10EDC0005FFAE3E703B030BD1FB5034608460321F1
:10EDD0008DF80D308DF80C1001230021ADF80E20B8
:10EDE000CDE9003103AA042301F033FB05B05DF83F
:10EDF00004FB2DE9F34106460F4614461D469DF8D7
:10EE00002080FFF77EF9B04207D100222146384624
:10EE100002B0BDE8F041FFF79FBF3A4631462046B9
:10EE2000FFF7D2FFADF8060060B10D2C05D100222E
:10EE30004FF6FF712820F9F7D8FE35B9BDF8060066
:10EE4000FFF789FE02B0BDE8F08101234246294662
:10EE50000DF10600E3F744FCBDF80630002BEDD1C0
:10EE6000F0E7F7B50C460546FEF77AFD611C06464D
:10EE70002846E3F7D9FCA11C07462846FEF766FFA3
:10EE8000014604463846F9F733FF0D2F34D12046AA
:10EE9000EBF726F978B1301DFAF7E2FB0446284675
:10EEA000F679FEF7C0FC31460246204603B0BDE8C5
:10EEB000F040FFF745BCB01CFAF7D2FB4FF6F773F2
:10EEC000984202D92846E9F7B9FD2046EBF762F9E6
:10EED000FFF717F9A04205D1002003B0BDE8F040CC
:10EEE000EBF79CB96B46B068F16803C369462046EE
:10EEF000EBF712F903B0F0BD2A463946204603B0BD
:10EF0000BDE8F040FFF728BF14220021FBF71BBF2C
:10EF10002DE9F04F11F00F0704460E4615468FB04D
:10EF20005CD10120D2F7B0F809A8D2F755F809232F
:10EF300009A88DF82430D2F75BF809A8D2F778FB3E
:10EF400001A909A8FAF717F926F00F08A84404F157
:10EF5000100904F10F0A454511D1236901A9334471
:10EF6000236109A8FAF7E8F80020D2F78DF8B6F186
:10EF7000005F28BF272738460FB0BDE8F08F05AAED
:10EF8000234696469446186859680833ACE803004F
:10EF90004B456246F6D12B46224605F1100B53F83D
:10EFA000041B5B4542F8041BF9D1714609A8FAF726
:10EFB000C3F809A8D2F73CFB224621460120D2F72C
:10EFC000CDFB013D631E13F8012F15F8011F5345BA
:10EFD00082EA01021A70F6D15D46BCE70227CAE751
:10EFE000F0B5174685B005460C461022002168464C
:10EFF000FBF7A9FEBFB3C4B30F2C04F00F0608D96A
:10F0000024F00F043A4621462846FFF781FF40BB13
:10F010002744324639466846FBF75EFE80222F6958
:10F0200006F1100337446B44B7F5005F03F8102C6A
:10F030002F61C6F110061AD3062E1FDDFB001A0E33
:10F040008DF80A201A0C5BBA8DF80B20ADF80C3045
:10F050006A4610212846FFF75BFF00202B69103B12
:10F060002B6105B0F0BD3E46D8E72646D6E7022E16
:10F0700004DDFB005BBAADF80E30E9E76A4610210B
:10F080002846FFF745FF2B691022A3F11004002149
:10F0900068462C61FBF757FEB7F5005F4FEAC403E3
:10F0A000CDD2E7E770B50E46054686B001A81446F6
:10F0B000FFF72AFF3246294601A8FFF791FF2246B3
:10F0C000054601AB05AE1C4603CCB442106051604E
:10F0D000234602F10802F6D1284606B070BDEBF7D0
:10F0E0003BB90A460021EBF737B9F0B58BB00C46B7
:10F0F00001A9EBF731F9054680B325220021E01C78
:10F10000FBF721FE0123A3700E23BDF810702380AE
:10F11000FA0510D523464FF4877206AE23F8042B68
:10F120000DF1280C324603CA624518605960164634
:10F1300003F10803F6D13B0605D5238843F080038D
:10F140002380069B636001AB03CB039BC4F81D00C7
:10F15000C4F82110A361ECF707FC606128460BB0EE
:10F16000F0BD30B505460C4687B001A8D1F734FF95
:10F170002868696802AB03C39DF8113043F00202AE
:10F180008DF8112074B12288510644BF43F0060364
:10F190008DF81130530542BF9DF8113043F008033C
:10F1A0008DF8113001A8F9F77AFFB0FA80F0400924
:10F1B00007B030BD70B58AB00D46002201A90446E3
:10F1C000EBF7CAF888B1204604A9FFF7CAFF60B17F
:10F1D000BDF81060FEF795FF38B9720601D57305CA
:10F1E00003D529462046F9F7A9FD0AB070BD2DE9DF
:10F1F000F3410F4605461646E3F738F94FF000088D
:10F20000C41BE4B2294623463A463046CDF8008076
:10F21000FEF754FD01212846E3F796F988B1012154
:10F220002846E3F791F90746E3F720F90546C3B20C
:10F23000424630193946CDF80080FEF73FFD25449F
:10F24000ECB2204602B0BDE8F0812DE9F04F85B068
:10F250000C46054691461F464FF0010ADDF83880FE
:10F260009DF83CB0E3F702F922463B4629460646A4
:10F27000CDF800A04846FEF721FD51462846E3F7A9
:10F2800063F93C4418B351462846E3F75DF9F6B2FA
:10F29000B442814610DAE7B2F31BDBB240462246A5
:10F2A0002946CDF800A003935F44FEF707FD039BBA
:10F2B000BF1B984407F0FF0B012300220E93494621
:10F2C0005B46404605B0BDE8F04FFEF7F7BC5B4635
:10F2D00022462946CDF838A0F3E72DE9F041002673
:10F2E00086B0074608460C4615469846CDE90266A4
:10F2F00004968DF81460E3F7B9F8411BCBB20D2BDF
:10F3000028BF0D232A462146009602A8FEF7D6FC08
:10F31000424602A93846EBF7AFFA06462946204690
:10F320009DF80820E3F794FA304606B0BDE8F08176
:10F330002DE9F04F0F461546ADF5057D0DF110088E
:10F3400081464246294638469A46FFF750FF041F39
:10F35000E4B2F82C04D900200DF5057DBDE8F08F4E
:10F360005545F8D8B9F1000F36D0AAEB0506F6B22C
:10F37000B4420ED904230193A5EB0A032344DBB264
:10F3800008EB06020093012100238E980292D2F727
:10F39000CDF94FF0040B0DF5887A33464246012132
:10F3A000CDE9004B8E98CDF808A0D2F7BFF95A46A8
:10F3B0008F990AEB0400FBF79CFC03460028CAD196
:10F3C000B9F1000F06D0024629463846CDE900843F
:10F3D000FFF73BFF0120BFE72646DAE72DE9F04FB4
:10F3E0000E46CBB00121054617461C46E3F7ACF8A4
:10F3F00023463A462946814606A8FFF76EFF0DF1DF
:10F40000280A00EB070B5246314628465FFA8BFB71
:10F41000FFF7EDFEB34503D200204BB0BDE8F08FFF
:10F42000ABEB06085FFA88F808F104039842F3DBB7
:10F43000331F18440423C4B20193A31BDBB200930F
:10F44000524643460021CDF808A006A8D2F76EF92F
:10F450000028E1D1A4EB0B040AEB0803E4B2524606
:10F4600028463146009301944346FFF7EEFE3946A5
:10F470002846E3F7D9F9394600F0F8022846E3F7C1
:10F48000E7F901212846E3F75FF8002818BF4D4649
:10F490002846ADF81650E2F7E9FF011FC9B20DF199
:10F4A0001600FEF7F2FB0120B7E72DE9D84106462A
:10F4B00000F0F3FF411C044689B2304600F0C0FF63
:10F4C00098B394B321463046E3F7AEF900F00C034D
:10F4D000042B074629D000F00308B8F1020F00D131
:10F4E0001BBB384601F063F83B060444A4B216D5B2
:10F4F000611C304689B200F0A3FFB0B1214630460E
:10F50000E3F792F9B8F1010F014600F003030CD0C4
:10F51000032B0AD0384601F059F803199CB2214652
:10F520003046BDE8D84100F08BBF0020BDE8D8814F
:10F53000F8B5064600F073FF054604463046FEF770
:10F540000FFA43785B0718D5AC1CA4B221463046AD
:10F5500000F076FFB8B129463046E3F765F9074673
:10F56000691C304689B2E3F75FF91FB1874201D8C1
:10F57000FF2808D104EB4704A4B221463046BDE879
:10F58000F84000F05DBF0020F8BD13B5044601A8A7
:10F59000EBF7BAFBBDF80430DA0710D49B0707D4A9
:10F5A00010220021204602B0BDE81040FBF7CBBB83
:10F5B000224621461020FFF775FD0028F0D102B049
:10F5C00010BD024608B5EBF7CBFB510544BF083828
:10F5D000C0B2130544BF0838C0B208BD01460120BF
:10F5E000ECF78EBBF0B5D30705460C468BB04AD579
:10F5F000008800F052FF00230646029314B9CDE9BB
:10F60000034403AC002208212046FEF7BDFCA8B14C
:10F610002888FEF7A5F90230FAF722F821460746B6
:10F62000E3F798FF50B1002240231146384600F01E
:10F6300052FB40F6094528460BB0F0BD31462888FC
:10F64000E3F7F2F810F0030F0CBF01260026EAF7EB
:10F65000C7FE46EA4000C0B200900021204602AB3F
:10F6600005AAECF701FE0546EAF7BAFE0028E2D04B
:10F67000002DE0D000212046009602AB05AAECF751
:10F68000F3FD0546D7E740F60A45D4E72DE9F04FEC
:10F690001D4600238BB00C4617460646ADF82430B5
:10F6A00010B1A1F10904E4B2002221463846FEF768
:10F6B000B8F9ADF82600002800F0B8800021E3F783
:10F6C000B3F8830640F1B4800020E2F7CFFE804615
:10F6D0000020E2F7AFFE0023024600934FF6FF70D2
:10F6E00004235FFA88F1FEF7EEF8ADF82400002855
:10F6F00000F098800EB10534E4B204F1100109A8BD
:10F70000FEF7C3FA044600284ED103461021BDF887
:10F710002620BDF824000095FEF705FBBDF8262045
:10F72000002E104614BF4FF0050B4FF0000BBDF834
:10F7300024A00792E2F79AFE05F11009401B80B25F
:10F74000CB442B465946079A00905046FEF7EBFAF9
:10F750000DF123030193149BCDE90344029400931C
:10F760001020234609AA5FFA89F18DF82360ECF78F
:10F7700011F9C8460446B8B9BDF824002EB3E2F723
:10F7800075FEA0F11005EDB229460DF12600FEF739
:10F790007CFA002848D110232146BDF82420BDF86A
:10F7A00026000095FEF7BFFABDF826504DB1284659
:10F7B000E2F75CFE00220346294638460092FEF737
:10F7C0007DFA20460BB0BDE8F08F4946E3F72CF8F0
:10F7D00010F0200FBDF8240014BF4FF00D094FF0BA
:10F7E0000509E2F743FEC5F1F0060644A6EB09065B
:10F7F0002146BDF82420BDF82600F6B2102300955E
:10F80000FEF791FA2946BDF82600BDF8242000969F
:10F8100009EB0803FEF787FAA9190DF12600FEF798
:10F8200034FAC1E71924BFE70446BDE71924C8E745
:10F830000224C6E701461A2308220120E3F74CB947
:10F8400000231A46ECF76CBC38B5002204460D467E
:10F85000FEF79AFB50B9FF2229462046FEF794FB9B
:10F8600080F00100C0B200F0010038BD0020FAE7CE
:10F8700030B58BB005AD04462846D1F7ADFB022369
:10F88000284601A98DF81430F9F775FC234601AA22
:10F89000144603CCAC4218605960224603F10803B9
:10F8A000F6D10BB030BD08B5002302461946184604
:10F8B000ECF736FC012008BD37B504466846ECF786
:10F8C000A5FC054648B1082221466846FBF711FA17
:10F8D000B0FA80F0400903B030BDFF220821204675
:10F8E000FEF752FB034628B106212846FFF7A8FF82
:10F8F0000120F0E722460146ECF712FCF8E707B5D5
:10F900006846ECF783FC10B16846F9F702FE00F098
:10F91000010003B05DF804FB0120EDF7A1B97047C9
:10F9200037B504460846FDF758FF0546FEF7E9FBE4
:10F9300000230146009322462B460120F2F7F8FEF1
:10F9400003B030BD2DE9F04114464FF0010894B0EA
:10F9500006460FA80F46D1F73FFB01A88DF83C8063
:10F960000BADD1F70DFCF4B1002329460FA803AC71
:10F970008DF83D30F9F7FFFB95E80F0084E80F00A4
:10F980009DF80650334604F11006224603CAB242DF
:10F9900018605960144603F10803F6D100203D7049
:10F9A00014B0BDE8F08129460FA807AC8DF83D8062
:10F9B000F9F7E1FB95E80F009DF8075084E80F0088
:10F9C000E0E730B50124054689B003A8D1F704FB70
:10F9D00001A88DF80C40D1F7D3FB9DF806209DF8C7
:10F9E0000730AA4209D0AB4209D103A88DF80D40D7
:10F9F000D1F71EFE012009B030BD0024F5E700203C
:10FA0000F9E7002208B511461046EDF78FFCBDE876
:10FA1000084000214FF6FF70FFF712BF00221021AF
:10FA2000FEF7B2BA7FB50D4602460D231721684690
:10FA3000F8F7F4FA6B462A4602AE1C4603CCB442F1
:10FA400010605160234602F10802F6D12068106070
:10FA50002379137100236B7304B070BDF0B585B0CA
:10FA60006C4606460B46224601F1080725461868F3
:10FA70005968083303C5BB422C46F7D11868314694
:10FA800028601B7917202B710D23F8F7D0FA05B0E9
:10FA9000F0BD38B504460D46D0F798FDA04205D913
:10FAA00020462946FFF7BEFF002038BD2820FCE78E
:10FAB00030B5002485B08DF80040D0F787FDE5B261
:10FAC000A84204D8EEF75CFD002005B030BD6946C1
:10FAD0002846FFF7C3FF0134EFE738B5044600209E
:10FAE000F0F7E2FFFF2805460FD0F1F79DF810F080
:10FAF000010009D02846F1F797F8400840EAC170A4
:10FB000080F0010000F0010038BD04F00100FBE7C7
:10FB10000146F8B506460020EEF76CFCFF2801D040
:10FB20000120F8BDD0F736FD00240546871CD0F72C
:10FB300035FDE3B2984201D80020F2E735F82430D1
:10FB4000B34203D117F82430002BE9D10134EEE79A
:10FB500038B50D4601210446E2F7F6FC30B101212B
:10FB60002046E2F7F1FC2880012038BD20462C8099
:10FB700000F089FD0130C0B2F7E72DE9F04788B009
:10FB80000746894610460DF10A011D469046FFF7CB
:10FB9000DFFF4FF0000ABDF80A6004463046CDE9A9
:10FBA00005AACDF81BA0E2F761FC031BDBB20B2B0F
:10FBB00028BF0B2322463146CDF800A005A8FEF74A
:10FBC0007DF848F21F039D4243D00BD885F40043D3
:10FBD000012B15D923464246494628460097F9F796
:10FBE000B0FC33E048F23A039D42F3D1FEF789FAC4
:10FBF000B8422BD02246414605A8F4F7BBFA25E0CF
:10FC00009DF8143013BBBDF81D40DDF81500DDF87C
:10FC1000191003AB03C3204603A9D0F709FF012243
:10FC2000204603A9EAF72EFBA74206460ED0012183
:10FC300003A8EEF741FE48F201039D4206D12EB91A
:10FC4000334632463946204600F066FE08B0BDE82D
:10FC5000F0879DF81450002DF8D12F469DF815809F
:10FC60000234EAB24245F1D2D200D2B22244082391
:10FC7000314692B2009703A8CDE90377FEF71EF84C
:10FC800003A8F0F7EFFEF0F73FFF00F00AF90135A7
:10FC9000E7E708B5E2F7A6FEBDE80840EFF750B881
:10FCA00010B50024418084800480C280038110BD8F
:10FCB00013B5BDF81040CDE900340023EFF7A8F9E3
:10FCC00002B010BD13B5BDF8104001900094EFF7DD
:10FCD0009FF902B010BD07B500930123FFF7F2FFB3
:10FCE00003B05DF804FB0121F0F7EABB08B500F0B2
:10FCF0000EF8FF2804D0F0F797FFC0F3C00008BD4E
:10FD00000120FCE701464FF6FF70F0F7FBBA014611
:10FD10000020F0F7C9BE10B50C46F0F7F5FEFF283D
:10FD200008D0F0F787FE20B1036823604368012004
:10FD3000636010BD0020FCE710B50446FDF71EFD12
:10FD4000B0F5006F204605D1FDF72BFDBDE8104052
:10FD5000F0F7DABEFDF741FDBDE81040FFF7D7BF71
:10FD600008B5F0F7D1FEFF280CD0F0F75DFF10F0DA
:10FD7000010309D0400840EAC17080F0010000F0A2
:10FD8000010008BD0020FCE71846FAE708B5F0F7C7
:10FD9000BBFEFF3818BF012008BD08B5F1F798F980
:10FDA000002008BD30B585B005460C46D0F71AFCDA
:10FDB000A8421CD92068616801AB03C36389ADF810
:10FDC0000C30237A022B10D0DA1E53425341DA0052
:10FDD00000231A4318208DF80E200B23294601AA70
:10FDE000F8F725F9002005B030BD0022F1E7272003
:10FDF000F9E71FB502460B2301A81821F8F70EF901
:10FE00009DF80E0005B05DF804FB30B589B001F037
:10FE1000010503A90446F1F7CDFA9DB190B920463A
:10FE2000F0F702FF10F0010109D02046F0F7FCFEC8
:10FE3000430843EAC17383F0010303F0010103A8FF
:10FE4000EEF73AFD2046F2F78FFA9DF81430294676
:10FE500000932046BDF8162003ABF8F719FF09B050
:10FE600030BD30B585B00C460546F0F7CBFDA0425D
:10FE700015D04FF6F7739C4211D80B232A46182150
:10FE800001A8F8F7CBF8294618200B2301AAADF8F2
:10FE90000C40F8F7CCF821462846F0F74FFE05B0A5
:10FEA00030BD10B50446D0F79DFBA0420FD92046C7
:10FEB000F0F7A8FD4FF6FF73984208D020460021C6
:10FEC000FFF7A3FF2046BDE81040F1F7CBBA10BD05
:10FED000F0F71ABEF0F796BD4FF6FF73984210B5D3
:10FEE0000C4605D0FEF784FBFF2801D0E4F7A4FA06
:10FEF00034B12046BDE810404FF6FF71E4F7A0BBD7
:10FF000010BD38B5014605460020F0F7CDFD04468A
:10FF10004FF6FF712846E4F793FBFF2C04D02046F0
:10FF2000F1F7A0FA002038BD0120FCE710B5044627
:10FF3000FEF7E7F8002102462046BDE81040F1F741
:10FF400001BC2DE9F04114460F4605469846FDF7E1
:10FF500007FD06460430F9F783FB20802846FDF7AD
:10FF600062FC6080B379791CE372C9B22846E2F77B
:10FF70005BFCB91CA072C9B22846E2F755FCFE1C16
:10FF80002072F6B2B8F1000F18D031462846FDF7BE
:10FF9000DDFE0537FEB23146A0802846FDF7D6FECD
:10FFA000B11CE080C9B22846E2F73EFC6072217ABB
:10FFB000A0880122BDE8F041F2F7E4B82088EAE722
:10FFC0002DE9F04186B090461E4604460D46FEF7E8
:10FFD00098F84FF6F7739845074632D80523A042A4
:10FFE0008DF80C304FF0010214BF012300234FF0B5
:10FFF000000118BF8DF80D30CDE9002114BFADF818
:020000040804EE
:100000000E008DF80D30284614BF0423022303AAE6
:1000100000F01FFA0546A0B1A7421AD0FDF7A0FCD8
:10002000074621460430803EF9F71CFB2046FE714E
:1000300004A9FFF770FE40B9204604A9E2F7AEFF1D
:1000400018B9002006B0BDE8F081284604A900F0E8
:100050008FFA41462846FEF794FDF3E7037923F033
:100060000303194301F03F010171704707B50DF11A
:100070000701F1F72DFF03B05DF804FB08B5FFF7AA
:10008000F5FF18B1BDE80840F1F772BF08BD0022C6
:100090004FF6FF701146F2F775B810B50446FFF73A
:1000A000E5FF024638B901462046F2F76BF8003802
:1000B00018BF012010BD0120FCE7F8B51746044623
:1000C0000E46FFF7D3FF0546386068B1037903F0A9
:1000D0000303337023B93A68137903F03F031371B4
:1000E0003B685C882046F8BD01462046FEF7FAFAD8
:1000F000074628B1E4F70CFC874201D83570F1E7D8
:1001000031462046F9F717FA0028EBD003234FF6C3
:10011000FF743370E6E707B501AA0DF10301FFF79D
:10012000CCFF9DF8033053B9019828B1037913F03F
:10013000300F14BF0120002003B05DF804FB002045
:10014000FAE72DE9FF410646104688461546F0F7C6
:1001500089FC0746FDF7D5FF044648BB4FF6FF7301
:100160009E4225D09F4206D00146384604B0BDE8E5
:10017000F041E7F7DBBF07238DF804302B68024618
:10018000CDF805306B68092101A8CDF80930FDF7DD
:1001900048FC024618B9192004B0BDE8F0810123DB
:1001A00041463046EDF754FA0028F4D02046F3E7F4
:1001B0000220F1E7F2F716B907B5024669464FF695
:1001C000FF70F2F70FF903B05DF804FB2DE9F0437F
:1001D00090460F4606464FF0010991B00BA803ADBB
:1001E000D0F7FAFE07AC29460BA8ADF82C90F8F72B
:1001F000C2FF95E80F0084E80F004B460022394605
:100200003046CDE90048EDF73BFB11B0BDE8F08387
:100210002DE9F04F002785B081460C467E203946F7
:100220009846BDF83CB09DF844A0BDF84C500192F2
:10023000ADF80E70E2F7C4F90646002800F0AA8077
:10024000E2F7F8F839467E22FAF77DFD3046E2F70C
:10025000F1F800903046E2F7EDF8B9F1FF0F0CBF6E
:10026000274644F003073B0A14F4406207704370CA
:100270005FD14FF00808C31C184642460199FAF7AF
:1002800048FD034604F44044434484B1790606D44F
:1002900019464FEA1B2201F802BB5A700B46B4F50F
:1002A000004F56D0A4F5404254425441E400224647
:1002B00018460E99FAF72DFD009A03462044A0EB4C
:1002C00002085FFA88F89DB14FF47C521A53841CDF
:1002D0002846E2F7AFF883462846E2F7C7F8C5B2EA
:1002E0002A4659462046FAF7F7FC60190235EDB266
:1002F000B9F1FF0F2FD05246109900F8019BFAF781
:10030000EBFC08F101015AFA81F129443046E2F789
:10031000C9F80C210022FF0007F08007104639437E
:10032000FDF7FCFAADF80E00E8B9002005B0BDE815
:10033000F08FB2F5006F80F803804FEA182880F83C
:10034000048000F1050314BF4FF008084FF00208C5
:1003500092E70224ABE708EB0A0129443046E2F7B2
:10036000A1F80821D6E73046E2F764F804463046A3
:10037000E2F77CF80123024621460DF10E00E2F778
:10038000AFF90028D1D10121BDF84820BDF80E00F9
:10039000E2F7EEF8BDF80E00C8E710B50C46098884
:1003A00021B90846F2F740FD208008B1012010BDB8
:1003B0000220FCE72DE9F7430F460121814616464E
:1003C000E2F7C2F8054658B1FDF79EFC308088B9C7
:1003D0002846E2F74BF868B1192003B0BDE8F08376
:1003E0004846E2F743F8FF2FA0EB0704E4B214D02D
:1003F00014B934800020F0E72A4621462846FDF74C
:1004000010FB80460028E7D03B464A462946009428
:10041000FDF789FCA6F80080ECE70120DDE708B5D0
:10042000FDF79EFA437803F001001A074CBF103025
:100430000830DB0644BF0830C0B21030C0B208BD7F
:1004400010B50C46E2F712F8A04234BF002001209C
:1004500010BD7FB514460091024641F2092141F6D4
:1004600009209DF820601D46002E18BF0146099BFB
:100470000020F3F739FAADF80E0010B9002004B0EF
:1004800070BD01232A4621460DF10E00E2F728F93E
:100490000028F3D1BDF80E00F1E738B50546FFF7A7
:1004A000BEFF04462846E1F7E1FF631C9BB283428E
:1004B0000FD82846FDF754FA43785B0707D5214645
:1004C0002846E2F7B1F9013004EB4004E4B22046DB
:1004D00038BD0024FBE71FB5ADF80E00E1F7C6FFFD
:1004E0000446BDF80E00FFF7D8FF00F10E03DBB2A3
:1004F000E4B2BDF80E200146E01A80B2009010462A
:10050000FDF711FCA4F10E0189B20DF10E00FDF70B
:10051000BCFB04B010BD4278034612F0080006D0C0
:10052000D20702D403F10800704703F109007047B5
:1005300037B505460C46FDF713FA437813F0100261
:1005400012D09CB103F001021B074FF000032946B3
:10055000009320464FF0080354BF18322032FDF7B5
:10056000ADFB012003B030BD1046FBE72046F9E7A4
:1005700073B505460C46FDF7F3F9437813F0100206
:1005800011D094B1012603F001021B0729464FF058
:100590000803204654BF183220320096FDF78EFB28
:1005A000304602B070BD1046FBE72046F9E700F088
:1005B0000303012B08D0C30606D400F00C000C285E
:1005C00014BF08200920704702207047034611F02D
:1005D000030005D003F00303022B14BF0220032005
:1005E0007047F8B50C460646E1F740FF631C8342AE
:1005F00002D900252846F8BD21463046E2F714F915
:100600000746FFF7D4FF3B060546F3D504443046C2
:10061000E1F72CFFA4B2631C9BB28342E9D82146C8
:100620003046E2F701F901463846FFF7CFFF28448C
:10063000C5B2DFE770B506460D46FFF7D2FF0446A8
:1006400010B90024204670BD29463046E2F7ECF888
:100650008206F7D53046E1F709FF2544ADB26B1CA1
:100660009BB28342EDD829463046E2F7DDF800F030
:100670001803082B14BF05340634E4B2830644BFC4
:100680000834E4B2DEE738B50546FFF706FF044656
:1006900008B9002038BD01462846FFF7CBFF0028E7
:1006A000F7D02044C0B2F5E72DE9F04387B0054606
:1006B0000C46FDF755F98046F8F7D2FF0746284665
:1006C000FFF7EBFE064601462846FFF78AFF0022A9
:1006D000034600922946324602A8FDF7EFFA9DF83C
:1006E000086006F00C030C2B06F003090BD0B9F1DF
:1006F000010F59D0F10657D49DF809300DF10A05C4
:100700000020637107E0FF230DF109006371F8F722
:10071000A7FF0DF10B05208198F80130DA0704D509
:1007200008F10200F8F79CFF2081B9F1010F5FFA90
:1007300089F83DD0F3063BD42846F8F791FF608056
:10074000A81CF8F78DFF053515F8013C20802371B2
:100750002B78B006A37206F0400348BF43F0200395
:10076000390627D543F40073F80448BF43F4806387
:10077000390548BF43F400633206E38011D56A7837
:1007800012F003020DD06FEA43436FEA5343A97896
:10079000B8F1020FE3800B4611D1EB7841EA032157
:1007A000218107B0BDE8F083FF230DF10905A7E71C
:1007B000FF23CCE77A0648BF43F48073D4E7012ACD
:1007C00004BF0B029BB22381EBE773B50546E6F746
:1007D00005FB06462846E6F7A7FA04463EB330B3C3
:1007E0002846E2F78FFF009602462346002128465E
:1007F000F2F7B8FB0646D0B1FDF7B2F80446304632
:10080000E1F718FE04F10D02121A00233146082008
:10081000D2B2F7F7E8FF0138C0B2012807D80122A9
:100820003146284602B0BDE87040E2F7A1BF02B0F1
:1008300070BD00B589B00B4605226946F4F726F86D
:10084000023818BF012009B05DF804FB037810B529
:10085000044643B901220270427843601A2A03D148
:10086000CFF7FCFE208110BD0370FCE738B503789C
:10087000044663B901220270427843601A2A0CD1FF
:100880000589CFF7EBFE854202D92123636038BD8D
:10089000207ABDE83840CFF7E7BE0370F7E7F8F7F6
:1008A0002BBA002070477047F0B505462F4687B039
:1008B0000C4602A859211646F8F7D4FE37F8021B59
:1008C0000DF10A00F8F7CEFE0022D5F80200796893
:1008D00003AB03C3AB890F21ADF814306300CDE93E
:1008E000002203F0FE03324602A88DF81640DFF71F
:1008F000DFFA07B0F0BD002108B50846E1F760FE59
:1009000000280CBF1920002008BDF4F771B80020A2
:10091000F4F7CCB8F4F79CB90BB1F4F705BA0AB9FF
:10092000F4F77EBAFF21F4F7A7B970B505468378CE
:1009300008462E460C4600F8013B36F8041BF8F733
:1009400091FE08223146E01CFAF7E3F9EB7801202A
:10095000E3722B7B04F10E0123736B7B63732A69B3
:10096000F8F784FE6A69012004F11201F8F77EFEAF
:10097000298B04F11600F8F775FE082205F11C0119
:1009800004F11800FAF7C5F9A98C04F12000F8F772
:1009900069FEE98C04F12200F8F764FE95F828302E
:1009A00084F8243095F8293084F8253095F82A30D9
:1009B00084F8263095F82B3084F8273070BD0B462C
:1009C00011461BB1012B03D021207047F4F732BC34
:1009D000F4F738BEF0B507460D4695B00021144631
:1009E00001A84C221E46FAF7AEF9B62101A8F8F785
:1009F00039FE38460DF10601FFF797FF0DBB23685E
:100A00006189CDF82F3063680EA8CDF83330237A92
:100A10008DF82E508DF83730F8F724FEA1890DF1AE
:100A20003A00F8F71FFEE389ADF83C3030460DF18F
:100A30003E01FCF7A9F84C2101A8FCF7EEFA15B02D
:100A4000F0BD01238DF82E30F0E713B50446B72131
:100A50006846F8F707FE22460DF102010120F8F77B
:100A600005FE06216846FCF7D8FA02B010BD30B585
:100A700004460D468BB001A8B821F8F7F3FD218894
:100A80000DF10600F8F7EEFD618802A8F8F7EAFD1F
:100A9000A1880DF10A00F8F7E5FDE18803A8F8F751
:100AA000E1FD21890DF10E00F8F7DCFD618904A854
:100AB000F8F7D8FDA1890DF11200F8F7D3FD28460B
:100AC00005A9FCF761F8222101A8FCF7A6FA0BB0F2
:100AD00030BD10B504468CB001A8BB21F8F7C2FDAB
:100AE00020460DF10601FFF720FF2A2101A8FCF79F
:100AF00094FA0CB010BD70B51646FF2204460D46A0
:100B0000FDF742FA024610B146B9022070BD2946EF
:100B10002046FDF739FA0028F6D1F7E720466908A4
:100B2000BDE87040F8F79AB870B506461446084616
:100B30001A4608211D46FFF7DEFFA0B92A4602210A
:100B40003046FFF7D8FF70B92278531EDBB2FD2B79
:100B50000AD80120904020F0FF6020F4FF200038E8
:100B600018BF0120400070BD19232370FBE708B5B2
:100B700000F0AEF9002008BD002230B58DB003466C
:100B8000CDF826200846CDF82A20ADF82E2041F6D3
:100B9000063200F12504ADF8042001F115020DF133
:100BA000060152F8045BA24241F8045BF9D10DF151
:100BB000160203F1100153F8044B8B4242F8044B28
:100BC000F9D100F085F901A8ECF76CFC0DB030BD4F
:100BD0000021002814BF012202220846FDF7EDBCC7
:100BE0000020E0F7BBBF37B504466846FDF773FE4B
:100BF00008226946201DFAF77CF8D0B92588FDF750
:100C00009DFA854215D1FDF70EFF0246607B131A4F
:100C1000002BB8BF5B42C82B13460CDD824228BFB5
:100C20000346DBB29A4204D0FDF717FFA078E4F741
:100C3000A1FF03B030BD824238BF0346F1E7102365
:100C40007F221C21F7F7EAB928237F221D21F7F71D
:100C5000E5B910B50C46FFF7F2FF2046BDE810409D
:100C6000FFF7F2BF024610237F211C20F7F7DFB900
:100C700008B500F0F1F880F48070C0F3002008BDE2
:100C800010B5044600F0E8F820F00200204380B2DE
:100C9000BDE8104000F0ECB808B5F4F72FFB0128D0
:100CA00006D0022806D0032814BF0220062008BD63
:100CB0000420FCE70520FAE730B5154689B000228C
:100CC000FCF7AFFE0446E0B10146002307220920ED
:100CD000F7F789FDB8B1FDF731FA0346002001228C
:100CE000CDE901304FF6FF73CDE9050200934CF6D4
:100CF00021422B46FF21CDE90304FDF74FFA09B04D
:100D000030BD1920FBE740F60140F8E773B500233A
:100D100015460C4606460A46009301460823281D40
:100D2000FCF7CCFF04F108013046C9B2E1F77CFDC5
:100D300004F109016873C9B23046E1F775FD04F1A9
:100D40000A01A870C9B23046FDF700F8288002B049
:100D500070BD00B58BB0684600F098F801209DF892
:100D60000430984080B20BB05DF804FB10B5044627
:100D7000FFF7EFFF2040C30B0DD10E235A1C01D10A
:100D8000FF2007E020FA03F1C90703F1FF3204D581
:100D900058B2C0B210BD0F20FBE71346EEE7024683
:100DA00010237F211C20F7F742B91FB51023684696
:100DB0007F221C21F7F732F99DF80E0005B05DF88F
:100DC00004FBF0B507460E46154685B01C467F224B
:100DD00010231C216846F7F721F9BDF80430BDF84F
:100DE0000C203B80BDF806303380BDF808302B80E6
:100DF000BDF80A3023800A9B1A8005B0F0BD2DE9AA
:100E0000FF410E4615461C460746BDF8288018B11E
:100E10004FF6F77399421DD8B5F57F4F1AD214B12A
:100E2000B8F57F4F16D210237F221C216846F7F7B2
:100E3000F5F86846ADF80470ADF80660ADF80850F6
:100E4000ADF80A40ADF80C80FFF7A9FF002004B010
:100E5000BDE8F0810120FAE71FB5102368467F2224
:100E60001C21F7F7DBF8BDF8000005B05DF804FBC6
:100E70001FB5044610237F221C216846F7F7CEF8E1
:100E800068460094FFF78BFF04B010BD10B590B01A
:100E900004467F221D2106A82823F7F7BFF8002368
:100EA00023609DF81C3001A82371D0F795F8052325
:100EB00001A8E1188DF80430F8F75DF9062304F174
:100EC000150101A88DF80430F8F755F910B010BDE0
:100ED000002310B590B00693037906AA04467F213B
:100EE0008DF81C301D202823F7F7A1F801A8D0F7B2
:100EF00073F801A8D0F77CF8052301A8E1188DF854
:100F00000430F8F719F9062304F1150101A88DF84A
:100F10000430F8F711F910B010BD1FB57F221C2165
:100F200068461023F7F77AF8009B684643F480730D
:100F30000093FFF734FF05B05DF804FB00000000EC
:100F4000F8B500BFF8BC08BC9E467047F8B500BFB6
:100F5000F8BC08BC9E4670475FF800F0B54800201A
:100F60005FF800F01148002013B779FAC925DDB702
:100F7000ADF3CFE0F1B614B80102000000000000AC
:100F8000FFFFFFFF01000000010000000000000063
:100F90000000000000000000000000000000000051
:100FA0000000000000000000000000000000000041
:100FB00000000000000000001E0000037B6B03081F
:100FC000776B0308556B0308536B0308F977000828
:100FD000856B0308BD7700082C00000002030000A9
:100FE00000000000000000000000000000000700FA
:100FF00008000000000000000000000000010204E2
:1010000005000000000000000000000000000604D1
:101010000503000201000000000800B4501004089D
:101020000100000F30100408000000000000000064
:1010300006FF6CFFA1FFBCFFCDFFD8FFE0FFE6FF7E
:10104000EAFFEEFFF0FFF3FFF4FFF6FFF7FFF7FF15
:10105000C800AEFEB400E8087F8DFBFF4E0002031F
:101060006349FFFF2C00AF01EFE5FFFF1B00FF000E
:10107000E61A00001100A700DA2800000A0062004A
:101080001528000006003B00A821000003000B000B
:10109000A10E0000DC11040800000000AC100408E0
:1010A0000100000000000000C0175302D010040827
:1010B0004063598F404B4C000B000B001A00FF7F20
:1010C0003C4C002000000000E41504080000000073
:1010D000FC4F01039415040820C0011000F807001C
:1010E00020C001301402280124C00110FF000000BC
:1010F00024C001300043000044C001002E02000063
:1011000068C00200D1B60200C0060000D0C00100D5
:10111000000000004C40030120F9130407006200A6
:1011200038700000604002010068010F40B82440A0
:1011300080400101236300008C40020100800060B8
:10114000BE0A000020410101590B00003841010195
:1011500090200AF05C410101001E00006C410B016F
:1011600000140CC0141A21282E343B424950435518
:101170007698BA0C2373000001010000172128643F
:1011800014171A002004C87DA1203A09A8410101C2
:10119000290000003C4201010000000080420201E1
:1011A0000000000081000000A0420301FFFF0000DA
:1011B000FF030000FFFF0000B44201010000000037
:1011C0003043030140002001A0000000085000014E
:1011D0004C43010145C1872FFFFFFFFF0C40020078
:1011E000018014007F400000204002000000000049
:1011F0000000000030400700000000000000000078
:10120000000000000000000000000000004000009E
:10121000A007000350400100000000005C400200F5
:101220000000000000000000A840010007000000CE
:10123000BC400400000000000000000000000000AE
:10124000000000000841040000400000FF4C0000C6
:1012500000410000FF4D000028C00700EC80B303F0
:1012600043754051A00F00F800400000A8AA0700F5
:10127000000000000000000054C0050051313000A3
:101280000E000DE62A000000080B0C0D0D000000FA
:1012900070C00900BA10000000042000041880008B
:1012A0000B3C2001187C10022FFCE0067F000000A0
:1012B0000000000000000000A8C00500BD4B721532
:1012C00011A3180510325476980A0000000000009F
:1012D000CCC0010001000000D4C0020001000A00DF
:1012E00001002800080001010407000018000101A6
:1012F00000000000200001010884000040400301BC
:101300000000000000000000100000005840020132
:101310000000000000000003684006014902F000E0
:101320004108000002000000B0070800A70000000C
:1013300000000000844002019BC34A74F0030F00C8
:10134000944010010101103050707F7F00000000B8
:10135000000000000000000000000000000000008D
:10136000000000000000000000000000000000007D
:10137000000000000000000000000000000000006D
:1013800000000000E04001010002000010410201E5
:10139000331E0500000000001C4101010090C28BBB
:1013A00024410501FF0483078813C83AFF06660C31
:1013B000FF0483078813FF033C410601F8545200E1
:1013C00000000000B756351200000050803B0000BE
:1013D00000000000584101010000000064410201CA
:1013E0000C010000E853FA00A441010100000000D4
:1013F000B04102010000000000002000BC410301D8
:101400000000000000003C0069900600D04103018C
:1014100000000000D000000000000200E0411601C2
:1014200000000000DE635E36BF6F07006FEA160043
:10143000E530CE00B2B9D90E4B8494045A1FA924CA
:10144000DE635E36BF6F07006FEA1600E530CE0040
:10145000B2B9D90E4B8494045A1FA924000000008D
:10146000000000002C00000007EE753660180040F8
:1014700000000000000000004442030114000000CE
:1014800000000000080000046842010100000000A4
:10149000984202013F000002FFFF00003C430401AC
:1014A0001F1F1F1F1F1F1F1B18151311100E0D0CC0
:1014B0005043020100000000000000001080010104
:1014C0000300000038800201F14710000100000015
:1014D0009C800301EB40020070780300D5C000003F
:1014E000A8800111F0010000A88001310542CB0164
:1014F000AC800111F0010000AC80013105228D00AB
:10150000B080020100030002370000019C000102CC
:10151000000C0004D8000302050040AA8801000066
:10152000C0000000EC000112E00F0000EC000132EE
:101530000C205111F00001022B01000010010112DA
:1015400000FF0F00100101320200003150010112B2
:1015500000C0010050010132C100A200740101026B
:1015600069811B0C7801011200001C007801013216
:101570001004E0CF800101127907000080010132E0
:101580000200000084010202000000005000000080
:10159000FFFFFFFF1000000066666600000000000D
:1015A000481604083C160408000000000000000073
:1015B000005A620280841E000420F600F1475002A7
:1015C00000000000E6150408000000000000000014
:1015D0000000000061841E00000000000000000008
:1015E00000000000050002000000C01753020614AE
:1015F0000000802FA60405380000A00800000000AD
:10160000580901040706100A01040707C80A000464
:101610000807800B00040808380C0004090861085A
:10162000000000008A0800000000C709010404034C
:101630002C0B01040404920C01040504ED170000B6
:10164000ED170000F4010000193F0106041001002D
:101650000001010600102700000900000000000042
:1016600000000000941004080000000000000000CA
:101670000B0000000C000000030000000000202010
:1016800000000000020000003C3C3C0000000000A4
:101690000000000000000000010310010109030028
:1016A0000D0000001E0000001B0000001A000000DA
:1016B00000800A5013000000A416040864656275D7
:1016C000670073696C6162737675617274646F77B9
:1016D0006E007675617274002F73696D706C69634A
:1016E0006974795F73646B2F706C6174666F726D6F
:1016F0002F736572766963652F6C65676163795FC7
:1017000068616C2F7372632F626173652D726570EF
:101710006C6163656D656E742E63002C200025730B
:10172000203D2025346C7800526573657420636118
:101730007573653A205761746368646F67206578D4
:1017400070697265642C206E6F2072656C696162CD
:101750006C6520657874726120696E666F726D6168
:1017600074696F6E0A0052657365742063617573E6
:10177000653A205761746368646F672063617567B9
:101780006874207769746820656E68616E6365644B
:1017900020696E666F0A00496E73747275637469AE
:1017A0006F6E20616464726573733A2025346C78BF
:1017B0000A0052657365742063617573653A204150
:1017C00073736572742025733A256C640A00526540
:1017D0007365742063617573653A20486172642093
:1017E0004661756C740A00484653522E5645435460
:1017F00054424C3A206572726F722072656164695E
:101800006E6720766563746F72207461626C652008
:10181000666F7220616E20657863657074696F6EA3
:101820000A00484653522E464F524345443A2063DD
:101830006F6E666967757261626C65206661756C52
:101840007420636F756C64206E6F742061637469BB
:10185000766174650A00484653522E444542554706
:101860004556543A206661756C742072656C6174DB
:10187000656420746F206465627567202D20652E75
:10188000672E2C20657865637574656420424B5023
:10189000540A0052657365742063617573653A205C
:1018A0004D656D6F7279204D616E6167656D656E16
:1018B00074204661756C740A00496C6C6567616CD4
:1018C0002061636365737320616464726573733A46
:1018D0002025346C780A00434653522E25730A00A3
:1018E00052657365742063617573653A2042757340
:1018F000204661756C740A004164647265737320DC
:101900006973206F6620616E20696E7374727563EF
:1019100074696F6E206166746572206275732066EB
:1019200061756C74206F636375727265642C206ED0
:101930006F74207468652063617573652E0A0043B7
:101940004653522E286E6F6E6529206C6F6164209D
:101950006F722073746F726520617420616E2069EC
:101960006C6C6567616C20616464726573730A00F6
:1019700052657365742063617573653A20557361B0
:101980006765204661756C740A0052657365742042
:1019900063617573653A204465627567204D6F6EAB
:1019A00069746F72204661756C740A0070726F639F
:1019B000657373006D61696E0054687265616400DF
:1019C00048616E646C6572002573206D6F646520DC
:1019D0007573696E6720257320737461636B2028AB
:1019E00025346C7820746F2025346C78292C205392
:1019F00050203D2025346C780A00257520627974CA
:101A0000657320757365642028257525252920694F
:101A10006E20257320737461636B20286F757420AA
:101A20006F6620257520627974657320746F746108
:101A30006C290A005350206973206F7574736964B0
:101A40006520257320737461636B2072616E676516
:101A5000210A004E6F20696E74657272757074731E
:101A6000206163746976650A00496E7465727275E7
:101A70007074732061637469766520286F722070BA
:101A800072652D656D7074656420616E6420737479
:101A900061636B6564293A0A00202575000D0A5BB5
:101AA0004153534552543A25733A25645D0D0A005B
:101AB000554E4B00474F200042544C00474F3200D8
:101AC000474F3300474F3400474F3500474F3600EC
:101AD000474F3700474F3800474F3900474F4100C5
:101AE000474F4200474F4300474F4400474F450090
:101AF000474F46004A4D5000424452005550520054
:101B000042544D004D534D0046544C00554E4B0031
:101B1000474F200042544C004241440046544C0080
:101B2000465243004F54410044534C004241500040
:101B300055504700544D450046415500545A460003
:101B4000554E4B0050494E00454D3400554E4B000C
:101B500048562000554E4B00455850004C574D00FC
:101B6000554E4B005242540044534C00454D3400F6
:101B7000554E4B0041535400554E4B0056465900AC
:101B8000494E4800554E4B004C434B0058544C00B6
:101B90004F424600554E4B00485244004D454D00C3
:101BA000425553005553470044424700444D4100BD
:101BB00056435400554E4B005550200052502000C3
:101BC000415030004150310041502000445020002D
:101BD00044454300B01A0408B41A04080C1B040856
:101BE000401B04084C1B0408541B0408601B040819
:101BF000701B0408781B0408841B0408941B040849
:101C0000B41B0408554E4B004649420042544C0058
:101C1000455854005057520057444700205357002E
:101C2000435253004653480042414400464C54003E
:101C300042524F0001040103030601050105010999
:101C40000600060B0000070B050B0000000000005B
:101C50000000000052300052310052320052330076
:101C6000523400523500523600523700523800527A
:101C7000390052313000523131005231320052318C
:101C800033284C5229004D535000505350005043BC
:101C90000078505352004D535020757365640050C6
:101CA000535020757365640043535441434B206285
:101CB0006F74746F6D00494353520053484353523D
:101CC00000494E545F4143544956453000494E54F3
:101CD0005F414354495645310043465352004846FC
:101CE00053520044465352004D4D41522F424641FB
:101CF00052004146535200526574300052657431AF
:101D000000526574320052657433005265743400B9
:101D100052657435004461743000446174310000D0
:101D20004941434356494F4C3A20617474656D7084
:101D300074656420696E737472756374696F6E2064
:101D400066657463682066726F6D2061206E6F2D0A
:101D5000657865637574652061646472657373008A
:101D60004441434356494F4C3A20617474656D7049
:101D7000746564206C6F6164206F722073746F727D
:101D80006520617420616E20696C6C6567616C20F0
:101D900061646472657373004D554E53544B4552E4
:101DA000523A20756E737461636B2066726F6D209A
:101DB000657863657074696F6E2072657475726E94
:101DC0002063617573656420616363657373207656
:101DD000696F6C6174696F6E004D53544B4552527C
:101DE0003A20737461636B696E672066726F6D2051
:101DF000657863657074696F6E206361757365647F
:101E0000206163636573732076696F6C6174696FB9
:101E10006E004D4D415256414C49443A204D4D4182
:101E20005220636F6E7461696E732076616C6964B1
:101E3000206661756C742061646472657373004917
:101E40004255534552523A20696E737472756374E9
:101E5000696F6E2070726566657463682063617572
:101E600073656420627573206661756C74005052EE
:101E7000454349534552523A207072656369736510
:101E8000206461746120627573206661756C7400F2
:101E9000494D5052454349534552523A20696D705D
:101EA0007265636973652064617461206275732073
:101EB0006661756C7400554E53544B4552523A202E
:101EC000756E737461636B696E67206F6E206578E1
:101ED00063657074696F6E2072657475726E2063CD
:101EE0006175736564206461746120627573206636
:101EF00061756C740053544B4552523A20737461AF
:101F0000636B696E67206F6E2065786365707469B6
:101F10006F6E20656E7472792063617573656420DD
:101F20006461746120627573206661756C7400422F
:101F300046415256414C49443A2042464152206360
:101F40006F6E7461696E732076616C69642066617E
:101F5000756C74206164647265737300554E4445FA
:101F600046494E5354523A20747269656420746F26
:101F7000206578656375746520616E20756E646593
:101F800066696E656420696E737472756374696FD7
:101F90006E00494E5653544154453A20696E76615D
:101FA0006C69642045505352202D20652E672E2CDD
:101FB00020747269656420746F2073776974636834
:101FC00020746F2041524D206D6F646500494E565C
:101FD00050433A20657863657074696F6E2072654E
:101FE0007475726E20696E746567726974792063A6
:101FF0006865636B73206661696C6564004E4F436E
:10200000503A20617474656D7074656420746F203B
:1020100065786563757465206120636F70726F63A6
:102020006573736F7220696E737472756374696F10
:102030006E00554E414C49474E45443A20617474F8
:10204000656D7074656420616E20756E616C696782
:102050006E6564206D656D6F727920616363657371
:10206000730044495642595A45524F3A206174749C
:10207000656D7074656420746F2065786563757430
:10208000652053444956206F7220554449562077A5
:102090006974682064697669736F72206F66203096
:1020A00000000000201D0408601D0408AF1A040889
:1020B000981D0408D91D0408AF1A0408AF1A0408B3
:1020C000121E04083F1E04086E1E0408901E040819
:1020D000B61E0408F51E0408AF1A0408AF1A040857
:1020E0002F1F04085C1F0408921F0408CD1F04085A
:1020F000FD1F0408AF1A0408AF1A0408AF1A040839
:10210000AF1A040832200408622004080400E40C1A
:102110000A0042426C66004242424242002F73690A
:102120006D706C69636974795F73646B2F706C6137
:1021300074666F726D2F736572766963652F6C6557
:10214000676163795F6E63705F6173682F73726339
:102150002F6173682D6E63702E63004242426200ED
:1021600000CA9A3B00E1F5058096980040420F00B6
:10217000A086010010270000E803000064000000B2
:102180000A000000010410406C24040868240408BC
:1021900054240408502404084C2404084824040847
:1021A00036240408262404080C2404080424040803
:1021B000FA230408F8230408E0230408DD230408B4
:1021C000D5230408C4230408B4230408A223040864
:1021D0008823040880230408742304087023040857
:1021E0006E23040861230408562304083D230408D1
:1021F000E1220408E0220408D0220408A8220408EE
:1022000094220408602204085C2204082C2204089A
:10221000282204081D2204081C2204080F000000C4
:10222000000000000000000000000000FF00FFFFB1
:10223000FFFFFFFFFFFFFFFFFFFFFFFFFFFFFFFFAE
:10224000FFFFFFFFFFFFFFFFFFFFFFFFFFFFFFFF9E
:10225000FFFFFFFFFFFF0000FF00FF000000000086
:10226000FF000000FFFFFFFFFFFFFFFFFFFFFFFF7B
:10227000FFFFFFFFFFFFFFFFFFFFFFFFFFFFFFFF6E
:10228000FFFFFFFFFFFFFFFFFFFFFFFFFFFFFFFF5E
:10229000FFFFFFFFFFFFFFFFFFFFFFFFFFFFFFFF4E
:1022A000FFFFFFFFFF000000000000000000000033
:1022B000000000000000000000000000000000001E
:1022C000000000000000000000000000000000000E
:1022D00001000000000000000000000000000000FD
:1022E0000F000000000000000000000000000000DF
:1022F00000000000000000000000000000000000DE
:1023000000000000000000000000000000000000CD
:1023100000000000000000000000000000000000BD
:1023200000000000000000000000000000000000AD
:10233000000000000000000000000000000000009D
:10234000000000000000000000000000000000008D
:10235000000000000000000000000000000000007D
:10236000000000000000000000000000000000006D
:1023700000000000FFFFFFFFFFFFFFFFFFFF000067
:10238000000000000000000000000000000000004D
:10239000000000000000000000000000000000003D
:1023A000000000000000000000000000000000002D
:1023B000000000000000000000000000000000001D
:1023C000000000000000000000000000000000000D
:1023D0000000000000FFFFFFFFFFFFFFFF9C000069
:1023E000FF000000000000000000000000000000EE
:1023F00000000000800000000000FFFFFFFFFFFF63
:10240000FFFFFFFF00000000FFFF000000000000D2
:1024100000000000000000000000000000000000BC
:10242000000000000000FFFFFF00000000000000AF
:10243000000000000000000000000000000000009C
:10244000000000000000000000000000000000008C
:10245000000000000000000000000000000000007C
:10246000000000000000000000000000FC0301016B
:10247000010101010101010101010101010000004F
:10248000000000010020200C0020010101050000D7
:1024900000000002041104040211101A080A0218B4
:1024A00001081110111A080A04020D0B195C011021
:1024B0002812340430040B0100000000000000006A
:1024C0000000000000000001010101010100010104
:1024D00001010101000000010101010101000100F1
:1024E00001010000000000000000000000000000EA
:1024F00000000100000000000000000000000000DB
:102500000000000001FF010023E1010075E401006B
:1025100063E2010063E5010062E1010079EB010083
:1025200064EE010024E1010025E1010026E1010043
:1025300027E1010028E1010029E101002AE1010071
:102540000000010080000100000101008001010085
:10255000000201008002010020E2010000030100EE
:102560000005010080050100000601008006010051
:102570000007010001E5010002E5010058E2010049
:1025800080030100800401000004010080070100B5
:1025900000080100800801002F73696D706C696389
:1025A0006974795F73646B2F706C6174666F726DA0
:1025B0002F736572766963652F746F6B656E5F6DDF
:1025C000616E616765722F7372632F736C5F746FD6
:1025D0006B656E5F6D616E616765722E63002F7350
:1025E000696D706C69636974795F73646B2F706C6B
:1025F0006174666F726D2F736572766963652F748F
:102600006F6B656E5F6D616E616765722F7372636C
:102610002F736C5F746F6B656E5F6D616E75666155
:1026200063747572696E672E6300FFFFFFFFFFFF23
:10263000FFFF34B62C337032603204320011681060
:102640006410381034103010201010100C100210CC
:10265000496E69743A2064656661756C7420434301
:1026600041206D6F64652073657420746F2025644C
:102670003A2030782558002F73696D706C69636952
:1026800074795F73646B2F70726F746F636F6C2FEC
:102690007A69676265652F6170702F656D323630BB
:1026A0002F73657269616C2D696E74657266616302
:1026B000652D756172742E63002F73696D706C697E
:1026C000636974795F73646B2F70726F746F636F7B
:1026D0006C2F7A69676265652F6170702F66726111
:1026E0006D65776F726B2F636F6D6D6F6E2F736C8F
:1026F0005F7A69676265655F73797374656D5F633F
:102700006F6D6D6F6E2E6300526573657420696E18
:10271000666F3A203078257820282573290045787F
:1027200074656E64656420526573657420696E66B5
:102730006F3A2030782532582028257329002F73CE
:10274000696D706C69636974795F73646B2F707203
:102750006F746F636F6C2F7A69676265652F617044
:10276000702F6672616D65776F726B2F636F6D6D21
:102770006F6E2F7A69676265655F737461636B5F03
:10278000736C6565702E63000D002F73696D706C3E
:1027900069636974795F73646B2F70726F746F63B0
:1027A0006F6C2F7A69676265652F737461636B2F35
:1027B000636F6E6669672F736C5F7A6967626565C0
:1027C0005F636F6E66696775726174696F6E2E63A1
:1027D000000000000020000002010A0006000A00BC
:1027E00026002A0000800000FFFFFFFFFFFFFFFF21
:1027F0000000000000000053756363657373667525
:102800006C6C79206D696772617465642025642041
:102810006B65797320746F205053412E0A00466116
:10282000696C656420746F206D69677261746520DE
:102830002564206B65797320287768696368206D4B
:10284000617920616C736F20626520696E76616CBE
:102850006964292E0A00FFFFFFFFFFFFFFFFFFFF54
:10286000FFFFFFFFFFFF0101020305080D152237DF
:102870005990E900F0E1D2C3B4A5968778695A4B24
:102880003C2D1E0F002F73696D706C69636974793C
:102890005F73646B2F70726F746F636F6C2F7A69E4
:1028A000676265652F737461636B2F7A6967626510
:1028B000652F6170732D6B6579732D66756C6C2E49
:1028C00063008000000000000000000022002B00D8
:1028D0002100141400001C2030401C2000001C208B
:1028E0003040505341004B455900666E692B0066DD
:1028F0006E69006E616E00666E692D00000000005A
:10290000000000000000F03F000000000000244034
:1029100000000000000059400000000000408F400F
:10292000000000000088C34000000000006AF8407A
:102930000000000080842E4100000000D01263419E
:102940000000000084D797410000000065CDCD4114
:102950005465726D696E616C0000000000000054E7
:1029600054522052454747455300000003000000E1
:1029700076636F6D0000000005000000000000009D
:1029800000C201000005000000100000000000006F
:102990000000000002020300000000000000020826
:1029A00000000000FFFFFFFFFFFFFFFFFFFFFFFF33
:1029B0000000000000000000000000000000000017
:1029C0000000000000000000A00000006D5E010893
:1029D00050000000E55D0108000000010000010159
:1029E00000010101000100000102020300000000DB
:1029F00000000000020303030304040404050500AF
:102A000000000001010101020202020303030303AB
:102A10000404040404000000010101010707080880
:102A20000303030504040405050506060607070756
:102A3000080302020404040304050506060606074B
:102A40000707020202030303030404040405050547
:102A5000050506060606010202020203030303033C
:102A60000404040404050505050606060C0C0C0CFC
:102A70000B0B0B0B0B0B0B0B0B0B0B0B0B0B0B0BA6
:102A80000B0B0C0C0C0C0C0C0C0C0C0C0B0B0B0B8C
:102A90000B0B0B0B020101010100000505050504EC
:102AA0000404040303030302020202010101010101
:102AB00005050505040404040303030307070808C8
:102AC00008080909090A0A05050506060607070791
:102AD0000808080809090909050505060606060784
:102AE00007070808C7BFBEBEBEB5B5B4B4ABABDC04
:102AF000DCDBDBD2D2D1D1C8C8C8C7BFBEBEBEBD29
:102B0000B5B5B4B4B4DCDBDBD2D2D2D11B1B161604
:102B10002E2D2D2A29292925242420201F1B1B1B6B
:102B2000162E2D2D2A2A29292524242020201F1B5A
:102B30001B1B2D2DBEB5B5B4B4ABABABAAA2A1A1E6
:102B4000A1A099999898C7BFBEBEBDB5B5B4B4B49D
:102B5000ABABABAAAAA2A1A1A199999900000000D0
:102B6000030303030302020202020202030302023E
:102B7000020201010101010100000000030303033F
:102B800003020202D3CACAC9C9C0C0F2F2F1F1E815
:102B9000E8E7E7DEDEDDDDD4D4D3D3CACAC9C9C9CC
:102BA000F2F2F1F1E8E8E7E7DEDEDDDD22221D1DCD
:102BB0001D1D18181813132C2C2C2727272222220E
:102BC0001D1D1D1D181818182C2C2C2727272722EF
:102BD00022221D1DFFFFFFFFFFFFFFFFFFFFFFFF83
:102BE000FFFFFFFFC8C8C8C8C8C8C8C8C8C8C8C889
:102BF000030404080808080800B801B802B800B0C7
:102C000003040408080500000000000000000000A4
:102C10000000000000000000040008007C003100FB
:102C20003B001B00F4380000880300007C3C0000DF
:102C300018000000143E000004000000FC330000F7
:102C4000F8040000943C000004000000103E000066
:102C50000300000000000000FC330000183E0000EC
:102C600000000000183E0000370000003B39000063
:102C7000573900001F3A00000B3B0000293B0000C1
:102C8000913B0000FD330000000000000006800FB3
:102C90007047954909684143880B7047934800681D
:102CA0000104C80F704730B5002084490A6800232A
:102CB0008F4C521C6568AA4200D322681578AD0675
:102CC000AD0E9D40054328009B1D1E2BF1D30A60CD
:102CD00030BD86480168090408D586490A68774BE3
:102CE0001A604A68C261886883490860704780B585
:102CF000FCF768FF012081490870814800680228BC
:102D000008D280480068F02109050140C0208004F5
:102D10008142F2D07C480068C01C7C4901437C4859
:102D2000016001BD7B487A49086000207A4908604B
:102D300080218902794A1160794908606F490870D9
:102D40007047F3B583B01700C006000E009010382E
:102D500091282ED2FFF7A2FF00282AD00025714C1F
:102D600001260398FFF792FF002802D0022803D023
:102D700003E02068304000D001250197049F934E66
:102D80000C20205E38180E21615E4018FFF781FF8D
:102D900001994018306000983818FFF77AFF0199C0
:102DA00040187060C0208001894908602803894963
:102DB000086005B0F0BDF8B5874C574A04250221DC
:102DC000504BA068284204D0107D8006C50F6D00CE
:102DD00024E0084024D01069042807D21868F0269F
:102DE00036050640C02080048642F4D0107D0007DE
:102DF000000F072814D1507D022811DD907D800638
:102E0000800E02280CDBD07D0090284208D0C0073D
:102E100000D50A250098084200D0AD1D002D04D130
:102E2000FFF780FF00202061F1BD681C1669864213
:102E300007D21F68F02636053E40C027BF04BE42B9
:102E4000F4D06648405D2061C300F8251D4001D0E4
:102E50004B061360624B1E68012E00D16D00556059
:102E60002268002A1CD12A4A15682026A65F36034C
:102E7000AD05AD0D35431560294A012515609160FA
:102E8000810909D11968002901D1182100E01A210E
:102E9000625E0021FFF755FF207A000700D425600D
:102EA000F1BD16480078002800D1704780B5FFF7C3
:102EB00039FF46484B490160416001BD143E0000A6
:102EC000062049490860002048490860F0200001B8
:102ED0004749086080204000464908603B48414916
:102EE0000160416070470000A43E0000C04101A89D
:102EF0007C3E0000843E00005C4201A84E3E000083
:102F0000D44000A80C0002A8204000A800F0FF3F19
:102F1000B84101A8FFF3FF3FC44000A8106001A81A
:102F2000044003A8A03E000070B50400A00310D523
:102F30002B480068002803D11620FEF73AFA02E079
:102F40000C20FEF7A3FD08202B490860C0032B4985
:102F500008602B4D286800040CD5FCF733FE0600F2
:102F6000FFF7A1FEE861FFF79EFE264908603000EA
:102F7000FCF731FEA00727D58020C0021F4908605A
:102F8000FCF743FE00281FD01F4A1068C0B200287B
:102F900002D006211D4B1960810915D01C490B6810
:102FA000012BFBD949680905090D091DC9000C4B06
:102FB0001B68012B00D14908002B01D1182300E028
:102FC0001A23D25EFFF7BDFE70BD0000C84101A804
:102FD000C06101A8C05101A8983E0000D84000A8D7
:102FE0006C3F0000FFFF0300006401A8504000A8F0
:102FF0000C6000A80C5000A8846000A8106001A814
:10300000C04101A85C4201A89C3E0000005401A8F8
:103010001C4000A870B50822804B1A60804B1B68CA
:10302000DC0302D50020088070BD0C880019401E0A
:1030300000787C4DA870641C0C8045076D0F052D31
:1030400005D8794E3668F60603D5022D0DD003203B
:1030500070BD9604AE401E4001D1082070BD052D04
:1030600003D1104201D1641E0C80AA4848600020A0
:1030700070BDF3B582B008886C490978491CC9B2A3
:10308000814204D202990918491E097800E0002102
:10309000644A517093785B075B0F01933023019C66
:1030A000052C28D1194232D19478E5081E242C40F1
:1030B000CD0702D5250001242C430125A14EE64071
:1030C0002E4072D0019FA04EE641402426403E4350
:1030D0004C0602D5340020262643947889080D40FA
:1030E000A7080C2139402943C02525400D43202144
:1030F0002943967051704A490C685578022123265D
:103100002E4008D0660302D52B40202B01D005208D
:1031100082E0424B196093789B0601D4202203E0A1
:103120009278120702D540223C4B1A603D4A9278B1
:103130006B461A70C022854B1E680E4001D11542A5
:1031400012D06E46377827263E40232E03D1E60262
:1031500007D4012606E0252E03D0212E04D1260314
:1031600002D504262D4F3E601B6819402026019F82
:10317000002F1CD11E4027D02A4B5B781A40402AD2
:1031800013D00C221A40042A0FD02A073BD4012264
:10319000002902D0E100CB0F5A4069460978CB07DD
:1031A000DB0F1A422FD021012AD4072034E0022F4E
:1031B000E2D11E4008D00029DED1CC232B4003D120
:1031C0006B461B785B0601D5032025E0A30311D5D0
:1031D0009C4E73691B051B0D5B1C3668F60205D5FA
:1031E000994E36683607B60F9B1B5B1E9BB2052BAC
:1031F00004D1C1E7029B1B78052BBDD006200BE054
:103200008021064A1160E90702D4401C0399088016
:10321000AB4803994860002004B0F0BD4C1002A8F0
:10322000BC3E0000103E0000480002A82C3E0000FA
:10323000F2B586494978CA0705D4009A12888018E1
:10324000401E037800E000239E4A106802249E4D31
:103250002E68F60611D512695340DBB2002B03D15C
:103260006E68D30973402340002B03D0020204D4BC
:103270000A20F2BDE206954E3260744A1E02C02357
:103280000B403343914E336093785E07760F022EE6
:1032900006D16D682C4003D1002000990880F2BD52
:1032A000A0250D409E08102737402F433D090E07EB
:1032B00002D42E0010253543CC240C401A262E4073
:1032C0000A2E04D1CC2C02D02E00FD253540804E94
:1032D000EE40F60705D4000416D5412B10D108297D
:1032E00012D17C48E84011210140214320200843AD
:1032F00010700D210140009808D000F0A9F8F2BD2F
:103300000B2B01D10029ECD00720F2BD00F020F8F2
:10331000F2BD00005B34000038B50C006E490B783C
:103320001A0953399500491925881B071B0FEB1AF9
:103330009A1A8018FFF740F8010002D1200000F02F
:1033400007F832BDF300A3E3981440684C0002A8CC
:10335000F8B50400614805683C4F3878D026304203
:1033600002D00D21014005D008205D490860EF2002
:10337000FEF7E0FF39782000314204D009093970A6
:1033800000F066F8F2BD052129401FD002884D49A2
:10339000CA60544BEC0705D5521C0280690607D45D
:1033A000514B05E043242C40422C03D1521C028097
:1033B00043600DE010224A4B1A604C4A09688B00AA
:1033C000DB0F1901116380210903116000210180C5
:1033D0000020F2BD0A888018401E0078830601D4C0
:1033E000121D0A801822024004D008885208801852
:1033F000C01E088039480068C00702D50888401CF4
:1034000008803948486000207047344A1368DB0759
:1034100008D51268920705D40A888018401E0078E3
:1034200004280CD110202E4A10603048254A12681A
:103430009300DB0F1A010263802212030260002056
:10344000088070470C4000A8080001A8103E00004A
:1034500031B581B02649002000900822254B1D7807
:1034600002230C24254202D10022234903E02C40F0
:10347000082C00D10222EC0703D50C001E2161406C
:1034800000931D4207D015490968090601D51B495B
:1034900001E00021C943019B194C21601949FF2417
:1034A0008C70009C15012543CD7008701888009918
:1034B00040188018188014485860002036BD00005D
:1034C00019360000BC3E0000480002A8481002A8BF
:1034D0000D0F0C0D07170850473F00004C0002A8C5
:1034E0004C2002A8BD370000F33700001C1002A8D2
:1034F000DE1B2501103E00002084100000FCFF01AF
:10350000F03E0000443F000001370000103E000084
:10351000C9330000E1330000E1330000E133000073
:10352000E1330000E1330000000000000000000073
:103530000000000000000000E1330000E133000063
:10354000E1330000CD250000E1330000392C0000FC
:10355000492C00007B2D0000DD2D0000652E0000B1
:10356000F12F0000912E00009D300000ED2E000094
:10357000412F0000B52F0000193200001D3300005C
:103580000B2C0000EB22000031290000E133000089
:10359000A5230000E13300009D2400006524000005
:1035A000E1330000E1330000E5240000E1330000D6
:1035B000E1330000E1330000E1330000E1330000BB
:1035C000E1330000271200001D1200004948806806
:1035D000000200D4704780B580208002AB490860AB
:1035E000CF2000F05DFA01BDF8B589480068894C2C
:1035F000802292032260884E316809051DD5110B87
:10360000A023034001D0216017E002403FD1802772
:10361000824A1760824A1760084038D0354D287AB0
:10362000400705D501207F49086000027E490860F7
:103630002878002801D0062801DB0020F2BD00F028
:103640007BFB716889684E682978052907D1B9051F
:10365000A1606E60B668CC218901734A116000F0E8
:1036600074FB012E00DA0226BC2080058849086020
:10367000942080058749086068480021C943016497
:103680007142416484490F6040210160D5E783485D
:103690000160FFF79BFF0120F2BD5D4801688905CD
:1036A00004D5C06E0004000F022801D0002070472E
:1036B0000120704738B580245848046000F03CFB76
:1036C00005007748006800F07DF9280000F03DFB18
:1036D000FFF77CFF0748007A000705D5A0004D4999
:1036E000086000F050FC31BD60036C490860B248CE
:1036F000046031BD183E0000FEB50500CC208001FD
:1037000068494860012668480660FFF7C6FF002840
:103710007DD0664C2078002879D0310201950528AB
:1037200002D02A460A4072D1CC27BF015D4A1760F9
:10373000924A126881231B02134001D0032301E047
:1037400053075B0F022805D1022B5ED308013649CF
:103750000860F7BD4D01032804D1022B55D932482A
:103760000560F7BD042802D111404ED0F7BD0528F1
:103770004BD10198002848D0C005C10F6846417060
:103780000198C004C10F6846017000F0D5FA02909C
:10379000606869464978002903D006688021204A7C
:1037A00011602C0485496A461278002A0CD0C26840
:1037B0000B68D21A824B1B68234001D0066800E0D8
:1037C0004668964200DD1600684640786A461278E0
:1037D000024308D008684242B01E824202DA7042B8
:1037E000886000E00026029800F0AFFA019880059A
:1037F00001D59D4804600198054001D09B480460B4
:10380000002E02D008480760F7BDFFF753FFF7BD51
:10381000440002A8442002A8BC3E00000CC001A83D
:1038200090E001A8C4D000A8145001A838B58024A5
:103830008F48046001201C4908601C4D2878052829
:1038400002D060008B490860FFF727FF002812D0E4
:1038500013480068000A80214140A868000EC9B2E0
:10386000814208D2454800684007400F022802D232
:10387000FFF720FF31BD80480168C0220A4002D115
:10388000C06F204001D00448046031BD1C1002A864
:1038900008E001A808D001A894D001A8441002A80B
:1038A00018C000A8106001A8C4E000A8183E0000DD
:1038B000F1B582B00F00A020384003D080208000F6
:1038C0006E4958E000F038FA0190FB20800104684E
:1038D000F80202D5A0680069029000F0C8FB8021C0
:1038E0000903606800F07CF926780020761C617876
:1038F000B14200D200261821714365180C35297891
:103900000829F3DA2670A56029785D4A1170B90597
:1039100010D500F011FAFB21890109688968C9688E
:10392000009100F012FAF80203D4009803218843B2
:1039300000900098524988600127384003D100F078
:10394000B3FC01F013F9F904686900F049F93C206F
:1039500000F0A6F8F0B200F0A3F8608849490140F1
:103960006180019800F0F1F9380544490860464843
:1039700007603802454908600298FEBD184001A85A
:1039800010B543480068800501D4FE2010BDC0205A
:1039900080034049086000F0CFF9FB2189010968E4
:1039A0008A78D20702D589688C7800E00C7800F01C
:1039B000CCF9200010BD0000100002A848C001A8EA
:1039C0004C0002A8FB21890109688A688B78DB0713
:1039D00004D5927818235A438A180C3290607047A5
:1039E000F1B582B02C4F3C680026200F000702D1B1
:1039F000E00102902AE001F0B9F800F09DF9019091
:103A000080210903606800F0EBF825786D1C607870
:103A1000A84200D20025E80020180C300090006871
:103A20000290802109030098406800F0D9F83D20F9
:103A300000F036F8E8B200F033F825700098A06086
:103A4000019800F082F902A801F0ECF81348006830
:103A5000800407D5F86901F0CCFD0299081802909E
:103A600000D502960298FEBD4C1002A84C2002A878
:103A700094E001A8146001A814C001A8442002A881
:103A8000183E0000FEFF0000C0E000A8106001A882
:103A9000440002A8441002A8C43E0000FC0302A88F
:103AA00044490968002901D5434908607047F3B5C6
:103AB00081B0424FB968424C4A004CD501250901FA
:103AC00000D5212501003F4A1068566822689206F9
:103AD000920E94463A689300802213406246134344
:103AE000802252001A4300920A0023D0890601D591
:103AF000012008E0F021014007D16946097A0C2233
:103B00000A4002D0022000F03FF82F49096809045A
:103B10000AD53968090701D5022605E03968490345
:103B200001D5002600E003264835009A2749096898
:103B3000890003E0009A2549896B0909402319404F
:103B400011439A00002E02D01643266608352166DE
:103B5000024322662566E06D4407640F00F0D6F844
:103B6000A0070BD0052C09D0B868000406D400F0DB
:103B7000E3F80221164A116000F0E7F800F0CFF8F0
:103B8000002000F001F8F7BD0E490A68F0239A43BF
:103B9000000110430860C0B270478020C0020D4988
:103BA0000968890701D10C4900E00C490860704799
:103BB00000000000500002A8884000A8480002A8A9
:103BC000284000A8683F0000684101A8184001A8EB
:103BD000D4D40350844000A8486000A8485000A8EE
:103BE00080B56D4A116001F02FFDFFF7D6FF01BDD2
:103BF000FEB56A4D2878000604D5287F002801D03C
:103C0000182400E0462400F097F802906448C06849
:103C10004005C20DD52A01D2D52204E0D1204000B2
:103C2000824200D90200100001005E4B01932B6B11
:103C30005B011DD55C4B00931D1D5C4E367806273D
:103C40007E43AA530025019B1B7CEB40DB070CD570
:103C5000009B06266E439B199B888FB2BB4200D205
:103C6000190086B29E4200D218006D1C022DEAD3C4
:103C700089B2091909044E4B0B40001BC005C00D49
:103C8000184347490860C02000064A490860454873
:103C9000017D00290CD04849D52A02D98023DB05B3
:103CA0000B60D1235B009A4202D280231B060B607B
:103CB0000021424B19604188002900D102800298FE
:103CC00000F043F800F07EFDF7BD80B53C483D496B
:103CD00008603D48C1680902090A19225143416040
:103CE00005210160FFF784FF01BD80B52B480178F5
:103CF000090604D5007F002801D0FFF779FF32487C
:103D00000068C00301D5FFF773FF01BD8020C0022A
:103D1000214908602D4800684007FBD47047802087
:103D2000C0022B490860704701E02A4908602A490F
:103D300009680140F9D17047284800682021284AC5
:103D400011601021274A116070473021014002D1D3
:103D50001020234908607047204800683021014046
:103D6000102901D101207047002070471E48012111
:103D70000160C160704701201C49086070471C4801
:103D800000780621014001D10020704719480068E1
:103D900002288041C00F7047441002A8BC3E0000BA
:103DA0007C400050743F00003C3E0000383E000064
:103DB0000000FF01A0600050A450005018E000E097
:103DC0007F1A0601540002A810E000E0440002A897
:103DD000442002A8282002A8280002A8600002A807
:103DE000602002A8601002A8789001A884A001A811
:103DF000A03E00006C3F0000FEB56E4880214902E5
:103E0000C16102216C4A516000216C4AD1626C4A46
:103E100011800321684A116002210160694EB06877
:103E2000C005C10F684601701FD064480068F021CA
:103E30000905014090200005814216D062480068C3
:103E40000224624DC00703D5614C0220286004E0C3
:103E500045224021002001F061FE2C64012001F088
:103E6000CFFE802040005B49086020205A4908604E
:103E700080205A490860CC208001594908600120FF
:103E80005849086034680F26200B3040019056488E
:103E90000068C505ED0D103DC0202843C0B2FFF7F6
:103EA000FFFD6846007800280BD00198092808D04B
:103EB000FFF765FF002802D04C480068804701F0FA
:103EC00021FA26404A480468032E04D0022E06D167
:103ED0000198032838D000F06BFA032E04D0019823
:103EE000062831D1062D2FD0424800680127C00B8B
:103EF000384001D001F0A2FF3F480068000108D51A
:103F0000052D06D101253D4807606805FFF70CFF28
:103F100000E000252100019800F07CFA0400384EF2
:103F2000002D05D000F00AFC3760022035490860FA
:103F300078057065800934490860FFF720FF002884
:103F400002D03248006880471B4880214902016244
:103F50000199002908D10221416000201749C86356
:103F6000C020C0001E4948642000FEBD80B5FFF798
:103F7000CDFE27480078800602D40220254908603B
:103F8000FFF7CDFE01BD0220234908607047802065
:103F900000062249096801400AD0C10D204A127862
:103FA000920701D51F4A00E01F4A11601F490860AF
:103FB000704700002C1002A8282002A80C0002A8BC
:103FC000483E0000B00002A8FC0302A82C1102A881
:103FD00002300000B82002A894E001A80CC001A89B
:103FE000146001A8C4E000A804ED00E08C3C0000CF
:103FF000B44000A800E200E0EC3E0000645000A8DD
:10400000646000A82C4000A880E200E0883C00002A
:10401000BC3E0000081002A8082002A8440002A824
:10402000683E0000FC1302A8FC2302A8442002A85A
:1040300059480068800700D4704770B5574801217F
:104040000422BB4B0C02E025ED0086682E4002D016
:104050001C601A6119610068054002D01C609A60FA
:10406000996070BDBF48012181600160704710B543
:10407000012087498A680240FCD1BB4A04231361AE
:104080000C680440FCD193600002106010BD8149AF
:1040900008680122104200D1704710B5E023DB0010
:1040A0000340FF24A41CA34204D3C04B1B689B06FF
:1040B00000D54868024001D000F044F910BDFEB5BB
:1040C0000700754E30683F218843744909780143E1
:1040D0003160FFF7DCFF724880214903714C0825ED
:1040E000944A1268D20504D525600322B2620160A9
:1040F00006E0C822B26206228F4B1A608F4A116016
:1041000000978909C160009800688D4FB9688142A5
:1041100001D2019100E001900199401A00990860D4
:104120000121009800F0F6FB060000980068019954
:10413000401800990860FFF77BFF8C4800683860E2
:10414000300013D1002060627A480168C90501D4AB
:10415000102161620068284001D0256000E06560A0
:1041600095480068400001D5680260623000FEBDDD
:104170007F48017809060DD5007F00280AD08B48BA
:104180004168C90606D40068A0210140481E80414C
:10419000C00F704700207047500002A8900102A88D
:1041A00080B5FFF7E5FF002803D00021042001F0CF
:1041B000E3FE01BDF1B581488149C860EE20C0042D
:1041C0000860804880490860FFF7D2FF002803D0CC
:1041D0000021042001F0D0FE7C4C8020C001206032
:1041E00008277B4887650125754845641D20784967
:1041F0008862784E9B204000B061072001F000FDEE
:104200000220734988624B490A68D20603D5704977
:10421000714A0A6008E00F220968394002D0310073
:10422000103101E0310014310A606C49096800293D
:1042300000D4B761E32109013160C021C900684A97
:104240001268F823DB01134001D1F16201E05C4AFE
:104250009165216C294008D0616BC90705D461497B
:104260000968084001D101F0A5FE0020C0435E4965
:104270000860606B054001D1FFF7DAFE009801F09D
:10428000ADFC606B8001FCD4606A58490860F1BDE8
:10429000940102A8783F00002C8001A84A3E00004B
:1042A000981002A8601102A870B53148017809067B
:1042B00006D5007F002803D00021052001F05CFE18
:1042C0004B4801683F2291434A4A12780A430260F0
:1042D0003E4849490122436B134001D10A638A6277
:1042E000972252000A6010220A60444AE3231B010D
:1042F0009366434BCB610021424B196080235B00E6
:10430000072408210B4D2E680E4005D094672C68B9
:10431000234006D1916704E0D4672C68234000D184
:10432000D1670323136011630903016070BD0000AE
:10433000881102A8FC0302A80C9001A8982002A8EA
:10434000A03F0000F02109012F4A116001402F48D1
:1043500001602020A5490860A54909680840A949CD
:1043600008607047902102A8882102A8340002A8A2
:10437000BC3E0000A448A54982680A4002D1C26838
:10438000114001D00F49016012480821A04A13686A
:104390000B4000D081611178C90602D58C2109013A
:1043A000016014209B490860C9E10000440002A894
:1043B0000448054908607047EC0002A8000FFF00A0
:1043C000242102A801200000706201A8100002A8A8
:1043D000C01002A8501102A8BD03000028C000A808
:1043E000A88001A8203E0000B46000A89C3F000007
:1043F0002C8001A84B3E0000682102A8E82002A8FA
:1044000010100000C00002A8586001A8585001A870
:1044100070470000F8B586B005000C007E480068C3
:10442000400102D52000402404437C48C66AFFF7BF
:1044300083FC0590B00503D579480068FFF7C2FA00
:104440000020009001227006C00F01907548866818
:1044500000218160B8214900734B19606308B821BD
:1044600019400078F0230340402B02D1080040217E
:1044700001430D2D02D1300004260643700704D5F8
:1044800008001421014310208443A548036820003C
:104490003400DB0506D580235B00644D2B600B00E8
:1044A000012119439F4D019B002B11D10C230B407F
:1044B000082B0DD00B00594EB66BF70601D4102710
:1044C000BB43B60601D42026B343B1261E4042D0DA
:1044D000130042D0AB6DDB04DB0C792B07D38021BA
:1044E00006224E4B1A604A02984B1A600022812322
:1044F0000B4035D00823019E002E00D12B622600F0
:104500000824344310239843042302931B05904E40
:1045100033605B088F4E336013001ED0029B062B66
:1045200024D33D4BDE6CF60620D5314E3668360E70
:1045300000965B699BB22E4EF66B360603D01E00CA
:1045400080235B0133432B611B122B61744B1B686F
:10455000DE059ED40AE008222A620390049132E02C
:1045600090A34E06F60E9B5D0293D5E7039004914F
:1045700002982A490B6B1E4A12682E686F46BE804D
:1045800028261E400643980CC00130431E001B0E17
:10459000334010263340034390004022104018431C
:1045A00001AA9070486B000A01A9C870FFF7E8F9EA
:1045B00001A908710098487167480068C88001988F
:1045C000E8660298E8660598FFF7BFFB08200399A4
:1045D000490601D55E49886060490860E1B20498E7
:1045E000C0B2FFF764FA039807B0F0BD482002A8F4
:1045F000184001A8081A03D2594909684018401CFC
:1046000070470000481002A8704201A80080008096
:10461000F84F0000703F0000084000A8180002A8F2
:104620001CC000A8683F0000B46000A81C2100AABC
:10463000F8B54C4F4C4E0F2401254C494C48806B2B
:10464000C0061BD5012008704A4800684A4909681D
:10465000FFF7D0FF716F401801285FDB01F0B6FA59
:1046600046490968090B0C40022C55D16905444A9A
:104670001160102139643E490D604DE03C48006CEA
:10468000C00026D53F480068E0218905014045D09B
:104690003A4D3D480068C00504D42868000B20400E
:1046A0000228F5D039480668FFF746FB3849F2B2D0
:1046B0000A603204120E0A603202120E0A60320ED2
:1046C0000A60FFF742FB2868000B20400228DFD079
:1046D000F1BD30480068002820D001220A7001F0A6
:1046E0007DFA00281AD101F071FA24490968090BF2
:1046F0000C40022C10D102213278D20705D5264A6F
:1047000012680A4001D01A4A1560CA031C4B1A608D
:10471000396000211F4A116001F05CFAF1BD000010
:104720001C0100AA540000AA802080041B490860D4
:1047300070478020400419490860704700BF18483E
:104740000168490701D0FF2141617047141100AA97
:10475000441002A84C5001A8448001A8845000A82D
:1047600038C001A8082002A8683E00004D3E0000A5
:10477000100002A81CC101A820C001A8B00002A816
:104780001C1002A84C4001A8084000A8904000A8B6
:10479000640000AA243E0000EC3E00003C2002A879
:1047A0000C4000A8030107060301070605010606E1
:1047B00005010606030207060302070605020606B0
:1047C0000502060643480068000219D54248016800
:1047D000C902490F0BA2008ACA384009105C0818A8
:1047E00040B2082801DB401F02E0002800D5401D30
:1047F0003A490A683A4B1340000680111843086092
:104800007047000002010000FFFEFD00FF2807D0F6
:10481000032805D233490978C140C807C00F704743
:1048200000207047F8B58020000200902E480388D1
:1048300008202E4908600A22012001249440009992
:104840000C432B492DA5AD5C25438D60F025294EE9
:104850003560264D2CA6B65C022737432F60042610
:104860002E60214D244E3668064008D12E88F61A57
:10487000B6B2012E03D88E6C3603F3D401E00220C9
:10488000F2BD8D6CCE6C6D036D0BAE4200D2009408
:10489000521ED2D50822174B1A60009A8A60AF4A7E
:1048A0001268520113D5AE4B5A78541C012525408D
:1048B0005D70140006256C431C190968A1800099DD
:1048C000E1801A7007490B78904018430870002067
:1048D000F2BD0000500002A8643F0000F80302A8E7
:1048E000FFFFE3FF843F0000483E0000889001A8DE
:1048F000448001A888A001A8140002A800000001BB
:104900000102040810202000505050404040403028
:1049100020202000F1B582B0924C93484068C00539
:1049200016D5606AE021C9000840884210D1AA4823
:10493000006E0004000FA9490A68D20601D50728B5
:1049400004D00968C90603D40B2801D10020FEBD9C
:10495000FFF788FBA2484069400101D401251CE013
:10496000A048826B00207E49C3B206256B43CB185A
:104970009B8895B2AB4204D0401CC3B2022BF3D348
:10498000FF200870012596484069400105D5087848
:10499000FFF73CFF002800D0002593485421405CDD
:1049A000000608D58E480078002804D08C4840784E
:1049B000002800D10125E06901906B480068E061A2
:1049C0008A4E02980068316D4718012F16DB00F0FF
:1049D000C4FD3060C001381A01280FDBFFF747FB28
:1049E00000F0C4F802980068316D401801F0F6F844
:1049F000010003D00021029A116010E07C4FC0201A
:104A0000C00038602068072832D0052108400528FA
:104A100008D021600C2001F0F3F8010002D00199C8
:104A2000E161FEBD734EFF207A3070620420B062F7
:104A3000FFF71DFB02203060E020C0046E49486093
:104A400080208004786002203860012001F0D8F8CE
:104A5000802080007062022001F0D2F88020C00027
:104A600070620820B062022001F0CAF80220B06231
:104A7000624EE0204000F061614F5B480078C00763
:104A800004D580200006386040083060042001F022
:104A9000B7F8694608706846007800284DD10220B2
:104AA0005549086080027064C001706410204D494F
:104AB00008600120B0674C4E47480068400621D48A
:104AC00047484069400113D5254800786946487039
:104AD00068464078FFF79AFE002809D020486946CA
:104AE0004978062251434018C0883E49086409E0CD
:104AF00001203074FFF796FE69460870684600781A
:104B000000281AD10120374908600020C867022018
:104B100001F076F84020F861C030F8613078C007C5
:104B200005D5C020000638602E48006C7082022037
:104B300001F066F88120C0027864002D01D0FFF7F3
:104B4000D4F8E069E0214903014001982D4A024070
:104B50000A43E26168460078FEBD0000EC3E0000BA
:104B6000383E00005C0102A8F80302A870B5FFF708
:104B700079FAFFF77CFA244C24480068C00509D56F
:104B8000E06F000B0F210F220240072A23D00140C3
:104B90000B2920D00225134805601D4E0820B06265
:104BA000C0017062012001F02BF8280270623560AC
:104BB0000620B06217487062E02040001649086085
:104BC0000D4805600021154A1160C021C90001602F
:104BD00020681349086070BD500002A8B04301A8C6
:104BE000D83E00000C8001A8683E00008C3F000009
:104BF000981002A85C1102A8982002A8109001A8A1
:104C000010A001A8FFFFE3FF340002A8FC0302A8E4
:104C10005C2102A8F96100002CA001A85C0102A897
:104C2000943F000070B52949C022D200284B1B6870
:104C3000F824E4011C4001D1CA6101E0254B1A604F
:104C4000254A80235B00254C25681D4003D008259C
:104C50000D60032101E0AC214900916421680B4003
:104C600001D10A21116006001D488021490301601D
:104C70008909C1601B4C6069AF21C90145183068C2
:104C8000854200D30500401B306000213000FFF753
:104C900041FE31684919316013490968216070BDCE
:104CA0008020000111490860000111490860704727
:104CB00010B50400FFF740F80E490A680E4B134088
:104CC0001C430C60FFF741F810BD0000601102A802
:104CD000AC8001A87C2102A80C8001A8FC0302A8DA
:104CE000981002A8903F0000340002A8441002A8C7
:104CF000685000A83040005AFFF8FFFFF1B584B0BB
:104D0000E020C000FFF7D4FFAD4800680190AD4F30
:104D1000386BAF21C90140180499884205D2081A9E
:104D200000F05CFF002800D00FE2A74C6068C007CD
:104D300000D50AE20425A548C562A803A4498862F3
:104D4000A448406D0090A06B8607B60F1020032E7C
:104D500002D09E49C86221E042038A62E26B920659
:104D600001D5012055E0009A12060FD5E26B92079B
:104D70000CD4994A05231360E36B184002230343C4
:104D8000136000201060A06B000A1060CD62E06B21
:104D9000002803D5E8038D4988620026A06B2840CF
:104DA00004D0A06BC000A901084002E0B868C107A8
:104DB00001D5FFF7C7FA01210098084008D0C14883
:104DC000B2018018006AC004C00C401EBE4A1060C8
:104DD0000020BE4A13681B0403D5926F002A00D43A
:104DE0000120C0218900BA4A51653202794B1B78F3
:104DF000DB0703D5724B1B68DB0501D5002801D00A
:104E0000080000E01000D24B1860B14881655A607C
:104E10000020216C942292050A40110000D001214B
:104E20006A46117069460978014337D0C94800784D
:104E3000C021014040290CD1FFF798F8F86D01908E
:104E400001A8FFF73CF9002827D10198FFF7B2F934
:104E500001E0FFF798F820202060684600780028DD
:104E60001BD0BD4EA06B284008D02803584988624B
:104E70000220306000F08EFA002806D05348C56248
:104E80006802534988620001306052485421405CF6
:104E9000000602D568044D49086056E16068C00705
:104EA000FBD4E8034A49C862FEF730FF206C0004D7
:104EB00006D4FEF741FF0221A84A1160FEF745FF24
:104EC000FEF72DFFA8022060C0200006A449C8609C
:104ED000A803BA490860A06B4007C10F684601707B
:104EE0000198C00700D4CAE000F070FE0290FEF7FF
:104EF0003DFF206C40040DD400BF00BF00BF00BFC9
:104F000000BF00BF00BF00BF00BF00BF8020000681
:104F100094490860FEF72FFF029800F05BFEEE2038
:104F2000C004A74908608E4869024162A54903226E
:104F30000A647F224A644222019BDB0501D40A6095
:104F400000E002600646A020B06008209B49086689
:104F50009D480560206CC00252D59C4841680A0BF0
:104F60000F2313401A01D21A09090F250D405119B8
:104F70000F3901D1002200E04A1E00BF7AA55B0074
:104F8000EB5A10293CD33988E72939D395256D0090
:104F9000A94205D8691A09094B43990A4B4204E012
:104FA0008B4D491909094B439B0A5BB2D218396BE7
:104FB000FD6B6B43C9183963B32A0FD3B32210E0DA
:104FC000FC0302A8743F0000100002A81C2002A8E5
:104FD0001C1002A8683E0000E40000AA0F2A00D2BC
:104FE0000F227C485043C00C7B49774B1960411C11
:104FF00009030301C01A1018401C00010843B066E1
:105000006F4D7648A864C0208001F0606B487449F9
:10501000416774498167F020000168658020C00005
:10502000B0610A2000F0ECFD82204002B066C4208E
:105030000006F060C02040016B490860012000F0CC
:10504000DFFD0120F060062000F0DAFD8020000284
:10505000F060082000F0D4FD80204004F06040089B
:10506000F0604008F060C000F0604000A8640320D9
:1050700000F0C6FD802040025349086004E09A4ACF
:105080004021002000F04AFD0020C0431049086084
:1050900000F063FA401DC001396B46188020C00142
:1050A00092494D6F0540924908600498864212D299
:1050B000396B401A00F092FD00280BD08D48056036
:1050C00043E000BF0C0000AA204000A8684101A8EE
:1050D000B46000A8049E88482149C860012000F0FF
:1050E0008FFD606AF862802040003449086030001B
:1050F00000F074FD814E68460078002806D17B4898
:105100000068B0678020C0037D4908607948056069
:105110002B4802218164C02189018164606A786220
:105120006846007800280AD0012000F069FD54206C
:10513000305C000603D58020000395490860206C90
:10514000C00202D521480068386305B0F0BD00BF39
:10515000085100A8EC3E0000685000A8D4E40350B9
:10516000601102A80450095000000000000400086B
:105170000008010C01100218021C0324042C043046
:105180000534000080B55D490978C90701D50028BC
:1051900003D0C0208000FFF78BFDFEF7CDFD9449C2
:1051A00000220A600A22CA61FEF7CFFD9148C021A1
:1051B000890201609049416001BD0000B81002A859
:1051C000242102A8600102A8C82102A8F83F00001B
:1051D000D6FEFFFF89880000F0F000000404000004
:1051E000020300000004FF00B05101A88348806B57
:1051F000800300D47047F8B5814800680090082704
:105200008048076080480068C00403D47F48006875
:105210003840FBD07E4C38486065042000F0F0FC3C
:105220008820C004606501250098284028D0E80542
:10523000606580006065012000F0E2FC6565E803C0
:1052400060654002606500F0C1FC0500FEF78EFD60
:105250006A48006C40040DD400BF00BF00BF00BF0F
:1052600000BF00BF00BF00BF00BF00BF802000061E
:1052700068490860FEF77FFD280000F0ABFC03E002
:10528000654A402100F04AFC644D00260098C005A4
:1052900001D52F6000E02E606E60C02000066065C2
:1052A000C00C5F490860012000F0AAFCF02000015A
:1052B000E0665C480099C90502D50321016000E061
:1052C000066086204002584908605848606527609B
:1052D000A02020652E646E64B80248490860000171
:1052E00053490860F1BD00000A07000020C001A872
:1052F00094E001A894D001A802400000683E00009C
:105300001C1002A8F8B54B4800680D27074004247C
:10531000002F00D104274848102566030821474A7A
:10532000474B1B682340126814D04260394004D0B8
:105330000220FEF729FC434806603C4007D0424863
:105340000068054340480560B0083E4908600220F7
:105350003E4915E00260394005D00220FEF714FCFA
:10536000A002384908603C4006D0374801680D4328
:1053700005607009334908603448066030032C49E1
:105380000860FFF733FF00210020FEF790FBF1BD1E
:105390001C2002A810B580202D490A6802400AD0BE
:1053A0002C4B1A680624144005D15C6E2A4A224010
:1053B0001B6D9C0101D5002010BD096808400DD06F
:1053C0002648824203D1180501D5012010BD24488A
:1053D0000068C107C90F481E8041C00F10BD214899
:1053E00003210164A821C1631021016070470000FE
:1053F000D80000AA442002A804000080100002A8DF
:10540000FC0302A8106001A8D84001A8104001A820
:10541000182102A804600950130A0000600102A8C4
:10542000B06101A8548001A8C82102A8043400007A
:10543000482002A8B44000A8E43E00001CC101A816
:10544000480002A8441002A8683F0000685000A865
:10545000440002A814C001A81F1F0000010C000096
:1054600030C101A8082002A86C4800680121084248
:1054700009D16B4A12686B4B000C1840F032914016
:105480000B40984201D00220704700207047F8B5C9
:1054900007000F386A461080604CE0680A0004D1AB
:1054A0006B461B8882B29A423AD200226B461A801F
:1054B000012502263A0013D02268324007D0002985
:1054C0002ED059480088401C5749088000203900D8
:1054D000216156490E6080B2B84201D369460D8001
:1054E0005348456000E030BF2068304003D1FFF7EB
:1054F000BBFF0028F7D04D484560390010D0216827
:10550000314005D048490A886B461B88D2180A806A
:10551000066000202061E068B84201D2444806607D
:10552000FFF7A2FFF2BD38B5050000F04FFB040005
:10553000012199204543A8093E4A12688018123873
:1055400080B2FFF7A4FF05008020C0013A4908603F
:10555000200000F03FFB280032BD33480388354966
:10556000096802889342F9D1100408187047FEB503
:105570001238070C6946088000F028FB0190274C80
:10558000294D2888B8421ADA01202C490860274E94
:1055900030BF02202168014006D030604003264918
:1055A00008602888401C2880FFF75EFF010002D1B8
:1055B0002988B942ECDB0121716000280DD12888CF
:1055C000B8420AD1E06869460988884205D20021BC
:1055D00068460088FFF75BFF01E0FFF745FF040026
:1055E0008020C00114490860019800F0F3FA2000FF
:1055F000FEBD10B512490A680E4B1B680C68944238
:10560000FAD0DB014033141A02D288692418641CD2
:105610000C4800684443181B10BD0000280002A875
:1056200004ED00E0FF3F0000483E0000282002A8F3
:10563000281002A8340002A880E200E02C1002A882
:1056400020C001A8B43F0000F0B502E00A601C6071
:105650002E607EC84F1C07D05F1C04D06F1CF5D194
:105660000A601C60F0BD0A60F0BD000010B5C20009
:1056700018231340FF249C40E2438907090E9940F8
:10568000030004D477489B089B00C01806E0764BC3
:105690000007000F083880088000181803681A40B7
:1056A0001143016010BD80B56F225421002000F02D
:1056B00035FA01BD10B500F089FA6C4901220A6083
:1056C0006B4B6C4C23606C4C236003236B4C23604E
:1056D0006B4C23606B4B1A606B4B1A606B4A8023D8
:1056E00013606B4B136011228A6300F073FA3F2042
:1056F0006849096801400A1D402A00D2081D664A0F
:105700001070A748017010BD00F060FA0500002479
:10571000012160B2FFF7AAFF641C0E2CF8D301210F
:105720000F20FFF7A3FF01211120FFF79FFF0121A9
:105730001320FFF79BFF01211720FFF797FF03219D
:105740000120C043FFF792FF01211E20FFF78EFFCB
:1057500001211F20FFF78AFF5048514908600220AD
:105760005049086001209949086047044E4C206860
:105770003840FCD0FEF7A9FA280000F02BFA4B487D
:105780000068400311D4902252005321002000F001
:10579000C5F90AE000281CD0FEF7CEFA19E020680F
:1057A0003840FCD0280000F015FA206D0004000FEE
:1057B000022801D1FEF73CFF00F008FA05006B4E0D
:1057C000FEF7CAFA00287078E4D0002801D1FEF76D
:1057D000BCFA012033493278002A05D1714A126897
:1057E000920600D4086030BF0022327002220A60A4
:1057F00076490860D3E77648016842680A407548F0
:1058000010401C490860800700D4704770B572488A
:105810000188491C0180714C2078000620D5704910
:105820000A680F20120B0240032A19D16D4A126830
:105830005207520F032A13D80968090B084003289E
:105840000ED1694805680826684806600D2000F0FA
:10585000DFF9354001D09A480660E08A401CE082BA
:1058600070BD000000E400E01CED00E0040002A8B0
:105870000000FF3F282002A82C1002A840E002A848
:1058800044C002A804C001A8044001A8145001A803
:10589000200060062C8001A84A3E0000FFFF9BC04C
:1058A00000E100E0602002A8600002A8F80702A85A
:1058B000F8B58448016844680C4083480460834814
:1058C000204007D0FEF75BFA002803D02000804973
:1058D000096888477F4880210C4220D0794A936A22
:1058E000F825ED011D401AD0C0231B019D4216D89A
:1058F00080252D06884E3560976AF826F6013E40D1
:10590000C76E3F043F0F022F01D0032F03D1002E9B
:1059100001D09E42F0D3904A15606B4A11608F49C6
:10592000097806290DDACC20800120401DD000F036
:105930004DF905002000FDF7DFFE280000F04AF9D0
:10594000F1BD0068800510D58548204005D0FEF7E0
:105950005FFD2000FDF7D0FEF1BDA00205D580203F
:105960004001594908607F490860F1BD4D3E000083
:1059700010B57D48016844680C407C480460802173
:105980000C4205D041607A4801600020FDF7B4FE6A
:10599000600403D5802040057649086010BD0000F2
:1059A0004B3E0000F40302A838B573480168446810
:1059B0000C40E00707D500F009F90500FDF736FFB8
:1059C000280000F007F96D48046031BD601002A89E
:1059D000280002A8FFFF00C0483E0000BC3E0000B7
:1059E000B00002A8184001A84C4000A84C6000A8D4
:1059F000FEB5634C206C676C074001252F4216D022
:105A00002E066048066020685F490D60002802D0BD
:105A10000021FEF7E5F85D480068A021C901884231
:105A20008041C043C00F5A4948705A480660FEF78B
:105A300083F90190022007403ED06168CEB20F0A80
:105A400055490822494B4403012E24D0022E31D15E
:105A5000012F22D1514EF6780096504E377801260C
:105A6000BE404F4F3E604D4E3678760590277F04FE
:105A7000F71903263E434B4F3E601C604A4B1C60A7
:105A80000B68009C1B194B65444909788D404749B8
:105A90000D6047490DE00090DFE7002F0AD1454E29
:105AA000356000254D655C601C60C104424B196087
:105AB00042490A60344908600198FEF746F9F7BD8B
:105AC0004C5000A8104001A8106001A80200060078
:105AD000903C0000440002A870B5FEF72DF90400C8
:105AE00000F074F82F490A68D2070FD52A4A566D7C
:105AF0001368334D2E60CE686E604968E98180215D
:105B0000C904204E3160297B5918516500F062F8B4
:105B10002000FEF71AF970BDE06101A8002800D04E
:105B2000704770B50C00FEF707F9050000F04EF85D
:105B30000600FEF71BF9234804600121224A116088
:105B4000026C0A40FCD1FEF716F9300000F042F872
:105B50002800FEF7FAF870BDE05101A8183E0000D9
:105B600000104006145001A890C001A890E001A8C0
:105B70000CC001A804ED00E0C0C000A8C0E000A86F
:105B800000C002A8441002A840E002A8404000A8BB
:105B90004D3E0000442002A818800A50613E0000DB
:105BA00068A00A5060C101A894D001A868900A506A
:105BB000F42302A860E101A880E200E0F41302A847
:105BC000583E00000080095040900950EFF31080CB
:105BD00072B67047002800D162B6704710B5C4098C
:105BE000FFF7BBFC201A312806DAC000183801D4B0
:105BF000C01EFDD5002010BD2000FFF7B8FC10BD71
:105C0000C32148436F3801D41E38FDD500207047AA
:105C100080B5FDF7B9FF01208449086001BD80B55A
:105C2000EB2000F001F801BD30B581490B68184048
:105C30001022134210D07F4B7F4C2468224008D0A2
:105C4000AF4A14682402FF252D0225401D6300245D
:105C50001460802252031A60086030BDF3B5010061
:105C600016001C0000250095A648019A3300002765
:105C70000BE0BC464F5D4743AE009E597E40575DEA
:105C800047433740664637436D1CA542F1D3390977
:105C900039438A080A43510811430840C1090143A6
:105CA0000F208A0B0A4302405040F6BDF1B582B086
:105CB0000E00002092490860934DEF7AA87A019077
:105CC0000F21394000910ED00B46904A904902981E
:105CD000FFF7C4FF01990140894801608D484143A5
:105CE0008D48084001D1012400E04401380915D055
:105CF00032003B0929000298009E6D7A75194019FF
:105D0000FFF7ACFF0199091101407D4802680B01C2
:105D100013430360002901D0480044437F480068D2
:105D2000204001D10420FEBD0020FEBD80B50A0048
:105D3000002111807A4952888018FFF7B7FF02BD11
:105D4000F0B50F22774B5C7905780F202040C540D5
:105D50002009284001259C79C4402C4001D1032012
:105D6000F0BD354C2468254008D06F4D9E68470033
:105D7000F65B761E2E608026B601EE60DD78DE7959
:105D8000C640F00711D5E0060FD5002D0DD06748AD
:105D900048600888488008881C7800192A408018C4
:105DA0005A7880182A09801800E000200880002016
:105DB000F0BD10B55E4801685E4A0820014200D07F
:105DC0009061C90602D58C21090111605A495B4ACC
:105DD0005B4B1B681B040CD54B685C0402D5C303EA
:105DE000136006E0C024A4011C4043029C4200D082
:105DF00010600B68034005D0524B1B689B0F9B073C
:105E000000D010600C480078C023034002D18020ED
:105E10004005106008682021084010604A4800686A
:105E2000C00101D4FFF7FBFE10BD00002C4000A80C
:105E3000703F00001C1002A8BC3E0000F8B5434FA4
:105E400038687E68064042483040424908608024F5
:105E5000A403414DF00228D540480168080606D544
:105E60003F480068A86001202870022015E001204A
:105E7000014202D03B49A9600FE00020C9060CD5C1
:105E80002A49A960384A91780B071B0F12789A1893
:105E900009095118A980E880A888A880A888002846
:105EA00001D0264301E0FFF7BAFE264026D0294E56
:105EB00074603460A88800280ED0396A81420BD300
:105EC000291D2A48AA6890470100F3D0FDF75CFE1F
:105ED000012027490860F1BD01000CD0FC21890296
:105EE000F16124490203CA6134604C603A6A82421B
:105EF00004D30C60F1BDEB20FFF796FEF1BD00006E
:105F0000283E0000010101013C3F0000F43E00007A
:105F1000343F00001111000021840000F03E000019
:105F2000143F0000443F0000204000A8212800004A
:105F3000F84F0000502102A8184001A8481002A8FC
:105F4000684101A84C4201A8D04000A8B44000A874
:105F5000FFFFDFFFB46000A82C3E0000BC3E000045
:105F6000943C000035280000453F0000D84000A8C0
:105F70002C4000A8B45000A870B505000C00FFF735
:105F800025FE0600FDF7F2FE2002054306480560E7
:105F9000022006490860FDF7EEFE3000FFF71AFE0A
:105FA00001200349087070BD0480095040900950D9
:105FB0004C3E0000FEB5C020C004334908603348A1
:105FC0003349486533488865334840240460446059
:105FD0001020FFF715FE010054D1FF2000052F49C6
:105FE00008602F482F4908602F4829490860A503F9
:105FF0002A4805602D4807680820FFF701FE0100C8
:1060000040D108262A4806600120FFF7F9FD2748FD
:10601000806801902748066027481D4908601F488E
:1060200005600820FFF7ECFD01002BD12048066039
:106030000120FFF7E5FD1D48806800901D480660BF
:10604000134D1E4828600199009800F03FF886061D
:10605000B60E0198C10B0098C00B00F037F8000293
:10606000FC21890101403143296010480760600329
:106070000A490860124804604460124901641249E8
:1060800041640020FEBD000020E000A8571400007D
:106090004C0102A8FF3FFF3F601102A8B42002A8F4
:1060A0000000380EB41002A830300000104101A8E2
:1060B000105101A8106101A810100000202000005C
:1060C000602102A8F703F000FF3F000010B549046B
:1060D000CA104004C310991A00209A18D30F9A18B6
:1060E000521052188B115B0E5B18DB11D218202353
:1060F000541A01D422001843CC0F611849105B08D0
:10610000F6D110BD80B5FDF73AFE002802D0B648A2
:106110000068804701BD80B5FDF76EFEC448006889
:1061200000030AD4FEF744F9FFF760F8FEF7BCF865
:106130000120FFF727F8FEF719FD80208005FDF705
:10614000F3FD01BD80B5FDF757FE80204002FDF74D
:10615000EBFD01BDFEB505208D4908608D48066840
:106160000124264201D1FDF77DFFFDF745FE8A4956
:10617000086800909D4849680160B105CA0F6946EA
:106180000A710025264210D00095AA49496801608D
:10619000A848026896490B68981A9A4202D38B69FC
:1061A000C018401C934B9842F5D3A34F3D606846FE
:1061B0000079002804D031000098FDF779FB0090A9
:1061C00000263868204003D16846FDF778FF0600B6
:1061D000FDF7CEFF002844D09648407C002840D1EF
:1061E00096489449C96802690B689A4200D0012513
:1061F000934FBA1C9446934A13780622534362463F
:10620000D25A8C462B0018214B436146C9184A606C
:10621000009901918749C96801226A4018235A43AD
:106220008D1829680161A96801608748E9680160E3
:10623000296901626869A149086001A8FDF73FFF6B
:10624000010006D1B91C7F4A127806235A43895AA5
:106250006960310006000E43300602D175494C7466
:1062600001E0360602D10098FDF7A4FF9E480460C5
:1062700002209E490860C820C004BD49086060042F
:10628000FDF752FDF7BDF8B5994C8025EF02FDF7FB
:106290006FFF002808D097480078002804D1380004
:1062A000FDF742FD2560F1BD206CC00506D58020BC
:1062B0000006206000BF00BF40082060FEF75AF8CB
:1062C000FDF79AFDFDF790F906008B48A949086093
:1062D000FFF718FF3800FDF727FD002E00D02560DE
:1062E0000120A5490870F1BDF8B5A44CA448006888
:1062F0002060FDF781FDFDF709FD02257C48006C5B
:10630000000405D4FDF718FD9E490D60FDF71DFD45
:10631000FDF705FD1020C0439B4908600026744826
:10632000C6639A480660FDF72AFD070003D0984827
:106330000068804700E066637820205C052101400A
:1063400002D0FDF713FE01E0FDF71DFEA06F054032
:1063500002D0012066490860FFF72BFD002F02D014
:106360008C480068804780200003FDF7DDFCF1BD0C
:1063700080B5FDF741FD2E480068000303D4FDF70A
:1063800093FFFEF7F3FB80204003FDF7CDFC01BD3A
:106390005C1102A8440002A8B83F000038B5FDF720
:1063A0002BFD534C2025FEF7F5FF002806D0606B2F
:1063B000000704D5FFF713F8FEF772FC2560FDF720
:1063C00073FFFEF7D3FB744800780C2101400429C9
:1063D00002D1FDF7CBFD01E0FDF7D5FD6804FDF727
:1063E000A3FC4020206031BD7C3C0000243E000026
:1063F00020C001A801FF00001CB505206749086006
:10640000FDF7FAFCFEF7EBFF654800680090684670
:10641000FEF708FC0400FFF775FE002C02D100987F
:10642000FEF76CFC80204004FDF77EFC13BD0000ED
:106430000C0002A8C83E0000203E0000348001A8E5
:106440003C3E0000383E00001C4101A8F8B5FDF7B5
:10645000D3FC544CA56A5020284002D0FDF786FD9D
:1064600001E0FDF790FD224FFEF794FF00281BD1BD
:10647000B86B40071DD4786BE0214901014018D169
:10648000A80611D4FDF742FCA56A9F4E354207D0FD
:10649000FF20C0432D18A562802000059B4908609D
:1064A000FDF73DFC2E4002D00120386001E00020C5
:1064B000206080208004FDF737FCF1BD284000A853
:1064C00080B5FDF799FC92480068C00501D5FDF73D
:1064D000EBFE0120FEF756FEFEF748FB8020C004CD
:1064E000FDF722FC01BD0000442002A8305201A8A3
:1064F000100002A8D93E00007001200010B5264807
:106500000468FDF779FC8349096809032AD403214B
:10651000C00601D5214001E0A0080140012902D1B7
:10652000FDF724FD0BE0200107D50E20FFF770FBDF
:1065300079480421016008210160FDF724FDFDF781
:10654000A6FD764C2069B3490860FFF7DBFD2068A3
:10655000002807D04000122802D2FFF751FB01E0CB
:10656000FEF7E1FF80208003FDF7DEFB10BD000099
:10657000106001A8B46000A84D3E0000743E000009
:1065800008C000A8D4E40350482002A8283E000018
:10659000803C0000843C0000EC3E00005C1102A83E
:1065A000CC3F0000C43E0000F8B584B000249A49F6
:1065B0000C740120694608700294FDF71DFC0390DD
:1065C000544F3868000300D598E0032093490864CD
:1065D000934800681025FF26B6010F210F220240C4
:1065E000032A03D0000B014006293BD18D480068E7
:1065F00071680291396C890701D5B1680291FEF783
:10660000F8FF0299401801D5019400E00190B86BA1
:106610000107C80F0321424A12680A40022A1BD10F
:10662000039A2A4018D07C4A526DD30512D5FE6BCE
:106630009D4B1E409E4202D178490D640CE09205AC
:106640000AD43A6C2823134006D16B461C702F4A9B
:10665000116001E06A461470029068460678002EC8
:1066600012D11EE06C480078C0070AD56A488068DD
:10667000FEF7BFFF7168401801D5019410E001904A
:106680000EE0306801900126FEF784FE002808D055
:10669000FEF7A5FE0298002802D0FEF701FB00E0FD
:1066A000002602205D490860002E10D01C480078AA
:1066B0000C210140042902D0F86B054002D0FDF7FF
:1066C00055FC01E0FDF75FFC2020786016E05248A1
:1066D0000078C00705D575480068054001D1FDF771
:1066E00056FCFDF7E1FD01A8FEF79CFA0400FFF758
:1066F00009FD002C02D10198FEF700FB8020000468
:10670000FDF712FB05B0F0BD00FFFF00481002A826
:10671000680102A80C0002A880E200E0AC3F000083
:10672000EC3E0000FEB53C4C002525740095FDF7BD
:1067300063FBFFF7E7FC5E4EF06E5E4F0007000F55
:1067400007280BD17068002808D40020FEF71AFD36
:10675000386830490860FDF723FD55E00120716875
:1067600049070CD454490968014008D00102626D00
:106770000A4209D0520502D43268114001D100907A
:1067800002E010204D4908602078C00705D5474831
:106790000068C00601D5FDF7FAFB494801680320EF
:1067A000009A002A01D0890900E0090908400190F7
:1067B0000020FEF7E7FC0198002805D17068C006AC
:1067C00002D4FDF7E0FB01E0FDF7D0FB00200099CB
:1067D000002903D13B480068FEF70BFF7969401898
:1067E00001D5009500E000906846FDF768FC0028A0
:1067F0000AD10098FDF7DEFC2078C00701D560685B
:1068000000E0B8690349086080200005FDF78CFAB4
:10681000F7BD0000243E0000683E0000082002A8EA
:10682000B00002A80CC101A8F8B5FDF7E5FA0024F4
:1068300000252548466B80277F05300606D53007A2
:1068400009D5FEF7CCFDFEF72BFA29E001251A4801
:106850000068284019D00020FEF794FC0220064072
:1068600002D01A490C60C86119480468002D03D091
:106870002000FDF7B5F80400FEF7B1FD2000FEF79B
:106880003DFA3800FDF750FAF1BD0D480078C021FF
:106890000140402902D1FDF769FB01E0FDF773FBE0
:1068A000202009490860ECE710000010B04301A85F
:1068B000440002A8BC3F0000B44000A8481002A851
:1068C000EC3E00001CC101A8100002A8180000AA9C
:1068D000D83F0000FEF7EEFE024803494860FEF78D
:1068E00013FF00BFFD2100000000000080B5EFF3A2
:1068F00005800B2801D23A2100E029218C22520088
:106900000020FFF70BF9FEE7596901080969010842
:1069100015690108016A0108A9B90308B3BE030893
:10692000B7BE0308C3BE0308BBBE0308BFBE03084F
:106930000000000098010000A014002002010A00DD
:1069400000806D66676C69622E630000D451002080
:10695000CD510020C4510020D0510020D251002040
:10696000D1510020CF510020B551002070460020A9
:10697000BD510020BB510020C3510020A94500207B
:1069800003520020BA510020A6450020A345002054
:1069900018520020CC51002009470020005200204E
:1069A0001102030607082B2C1910131C1D20222A84
:1069B0002E33343537FF80556E737570706F727477
:1069C000656420636F6D6D616E6420494420257895
:1069D00000777600757600757500777500777562BB
:1069E00000757700757562007562757000000000B3
:1069F000011000004A26040802100000482604087E
:106A0000030200004626040805100000342604088E
:106A1000070800003E260408000200004C26040877
:106A20000402000044260408095C00003A26040819
:106A30000A140000362604080D0200003C26040853
:106A40000C0800004E2604086C6F7765722D6D618E
:106A5000632D7261696C2D3830322E31352E342E13
:106A600063006C69627261696C2E6100000103044D
:106A7000756E636C61696D656400627566666572EA
:106A80002D6D616E6167656D656E742E63006C655A
:106A9000676163792D7061636B65742D62756666DD
:106AA00065722E63006576656E742D71756575650A
:106AB0002E6300000700100008001A0006001100F5
:106AC0000200110004000400010004000900080095
:106AD0000A000A000B00020000000000DF6C04083E
:106AE000856C040800000000E06C0408C22804085B
:106AF00000000000F1270408F3270408000000004C
:106B0000F52704085D6C0408F56C04084A6D040858
:106B1000F227040800000000F6270408B6690408FC
:106B2000E7270408296D0408F4270408E627040869
:106B30000203040508090A0B0001020304051D20D5
:106B4000450208000300AA00FFFFFFFFFFFFFFFF51
:106B5000FFFF7A69676265652D737461636B2E63ED
:106B6000000000009904030841160208C5500208FD
:106B7000E53C0308D1530208F7E00308F9E00308F5
:106B8000FBE00308FDE00308FDCD02084DA3020869
:106B900019EB0208ED3603084D3C0208F5E0030846
:106BA00005A80208D9230308CD2A02087DC70108D9
:106BB000BD5B0308AD320208AF8703080000000088
:106BC0007A69676265652D75707065722D6D616398
:106BD0002E63006E65696768626F722E6300617371
:106BE000736F63696174696F6E2E6300003F1B9061
:106BF0001B194A9300001300000000000000000071
:106C00000000000001000000DDAB020802000000EF
:106C100031F503080300000035AB02080400000052
:106C2000ABF4030805000000D5AA0208000000002C
:106C3000000000000023001B2200FF0000000000F5
:106C40000C090202000000001C1A0B0303FF0608D7
:106C50000402020204020A0B030302030480FF027F
:106C600004FF0101010108000000000000000031E4
:106C700038323173005A6967426565416C6C6961ED
:106C80006E63653039803134323231003132310057
:106C90003273003132323131320032383100383122
:106CA000310031383231310031323131313231322B
:106CB00032323173003132313132323100323238D6
:106CC000000000183810300000000000008F8E8C8B
:106CD00080726F7574652D7461626C652E630081BE
:106CE000815A6967426565416C6C69616E636530A4
:106CF0003906080C10806D61632D6D756C74692DFB
:106D00006E6574776F726B2E6300313131313131C2
:106D1000006368696C642D68616E646C696E672DD0
:106D20007232322E6300000000806D61632D696E47
:106D3000666F2D656C656D656E742D70617273691B
:106D40006E672E630038343132008000000000008E
:106D500000000032313232313131340031313132E0
:106D6000343831313232313100383132323131312F
:106D7000003831470031323232323232323200386A
:106D80003200383131320038313132320010270FC1
:106D900051421B390F390F1C06000A0026002A0039
:106DA000008050684C6900000000434C534E0000C6
:046DB00000000000DF
:086DB4001CFEFB7F0100000042
:0C6DBC00C86D0408004C002072040000A8
:106DC800FFFFFFFFC0EA2101C0EA210100800000A7
:106DD800C0175302184C00200060170800800000FC
:106DE80014180020C8000000FE0000000000000089
:106DF800BC0F0408A0100020FFFFFFFFFFFFFFFFEC
:106E0800FFFFFFFF9C1F0020BC16040804000000C1
:106E180021AE00089C1F002002000000097B030827
:106E2800B41F0020D2160408030000005DB3000858
:106E38000C21040833000000CD0201080F000000F7
:106E4800070000000700000047AD0308444C00207D
:106E5800984C0020604C0020002E00207029040867
:106E680002000000BD320108002E0020F2000000E0
:106E780055330108B84C0020000000002C2E0020DB
:106E8800942E0020FC2E00200000000000000000CE
:106E980000000000000000000000000000000000EA
:106EA80000000000000000000000000000000000DA
:106EB80000000000000000000000000000000000CA
:106EC80000000000E9B80308E5B80308FFFFFFFF6A
:106ED800FFFFFFFF01B9030820C001B86BBC03081E
:106EE800FFFFFFFF61BD0308FFFFFFFFFFFFFFFF7D
:106EF800FFFFFFFFFFFFFFFF9B21000049BF0308C3
:106F080030690408FFFFFFFF6C3400203DC501080D
:106F180000000000AF1A0408000000000000000094
:106F280000000000000000006C3400201DC50108AE
:106F380000000000AF1A0408000000000000000074
:106F480000000000000000006C340020B1DA0108E5
:106F580000000000AF1A0408000000000000000054
:106F68000000000000000000384E00200000000073
:106F780000000000184E0020000000000000000083
:106F8800F84D00200000000000000000D84D00204F
:106F980000000000000000006C34002061CF0308EE
:106FA80000000000AF1A0408000000000000000004
:106FB80000000000000000006C3400205BCF0308D4
:106FC80000000000AF1A04080000000000000000E4
:106FD80000000000000000006C34002055CF0308BA
:106FE80000000000AF1A04080000000000000000C4
:106FF80000000000000000006C3400204FCF0308A0
:1070080000000000AF1A04080000000000000000A3
:107018000000000000000000884E00200000000072
:10702800684E0020000000006C340020DDCF03080B
:1070380000000000AF1A0408000000000000000073
:1070480000000000000000006C340020D7CF0308C7
:1070580000000000AF1A0408000000000000000053
:1070680000000000000000006400000020A10700EC
:1070780000000000A906020800000000F0460020F9
:10708800000000006C34002001040208792802087E
:10709800AF1A040800000000000000000000000013
:1070A800000000006C340020B1110208000000004C
:1070B800AF1A0408000000000000000000000000F3
:1070C800000000006C340020491D020879280208DD
:1070D800AF1A0408000000000000000000000000D3
:1070E80000000000706A04086C3400200D2F0208AC
:1070F80000000000AF1A04080000000000000000B3
:1071080000000000000000006C3400205D49020807
:1071180000000000AF1A0408000000000000000092
:1071280000000000000000006C3400206D4F0208D1
:1071380000000000AF1A0408000000000000000072
:1071480000000000000000006C34002031650208D7
:1071580000000000AF1A0408000000000000000052
:107168000000000000000000B80B00006C34002094
:107178001D6B020800000000AF1A040800000000A0
:107188000000000000000000000000006C34002037
:107198005976020800000000AF1A04080000000039
:1071A8000000000000000000000000006C34002017
:1071B8002178020800000000AF1A0408000000004F
:1071C8000000000000000000000000006C340020F7
:1071D800E179020800000000AF1A0408000000006E
:1071E8000000000000000000000000006C340020D7
:1071F800D97E020800000000AF1A04080000000051
:107208000000000000000000000000006C340020B6
:107218003185020800000000AF1A040800000000D1
:107228000000000000000000000000006C34002096
:1072380019F9030800000000AF1A04080000000054
:107248000000000000000000000000006C34002076
:10725800C9EA020800000000AF1A04080000000094
:107268000000000000000000000000006C34002056
:10727800BD03030800000000AF1A04080000000066
:107288000000000000000000000000009B0304084C
:107298006C3400205537030879280208AF1A04080F
:1072A80000000000000000000000000000000000D6
:1072B8006C340020B53D030800000000AF1A040834
:1072C80000000000000000000000000000000000B6
:1072D8006C340020C543030800000000AF1A0408FE
:1072E8000000000000000000000000000000000096
:1072F8006C3400207551030800000000AF1A040820
:107308000000000000000000000000000000000075
:107318006C3400201555030800000000AF1A04085B
:107328000000000000000000000000000000000055
:10733800FFFF0200CEFAEFBE2C01B80B2C0140066D
:107348001027FFFF04F8FFFF0C00000000000100F9
:1073580000004000FDFF2C019C000000FFFFFDFF26
:10736800FFFFFFFF60EA8000800010C1CDABFFFF88
:1073780028010101010201D80F010208031E20059E
:1073880016010C014024200520C80505101A0140EB
:107398001A08100120070101010301FF0C01FF0F6A
:1073A800103020407F010150403000FFFFFF0B03E9
:1073B800FF64FF01FF01010503050001050B010141
:1073C800FF03010305020201FFFFFFFFFFFFFFFFAD
:1073D800010102FFFFFF40FF01018001FF01FF00E3
:1073E800AD6B0008856B000800000000000000007D
:1073F8000000000000000000000000000000000085
:107408000000000000000000000000000000000074
:107418000000000000000000000000000000000064
:107428000000000000000000000000000000000054
:107438000000000000000000000000000000000044
:107448000000000000000000000000000000000034
:107458000000000000000000000000000000000024
:107468000000000000000000000000000000000014
:107478000000000000000000000000000000000004
:1074880000000000000000000000000000000000F4
:1074980000000000000000000000000000000000E4
:1074A80000000000000000000000000000000000D4
:1074B80000000000000000000000000000000000C4
:1074C80000000000000000000000000000000000B4
:1074D80000000000000000000000000000000000A4
:1074E8000000000000000000000000000000000094
:1074F8000000000000000000000000000000000084
:107508000000000000000000000000000000000073
:107518000000000000000000000000000000000063
:107528000000000000000000000000000000000053
:107538000000000000000000000000000000000043
:107548000000000000000000000000000000000033
:107558000000000000000000000000000000000023
:107568000000000000000000000000000000000013
:107578000000000000000000000000000000000003
:1075880000000000000000000000000000000000F3
:1075980000000000000000000000000000000000E3
:1075A80000000000000000000000000000000000D3
:1075B80000000000000000000000000000000000C3
:1075C80000000000000000000000000000000000B3
:1075D80000000000000000000000000000000000A3
:1075E8000000000000000000000000000000000093
:1075F8000000000000000000000000000000000083
:107608000000000000000000000000000000000072
:107618000000000000000000000000000000000062
:107628000000000000000000000000000000000052
:107638000000000000000000000000000000000042
:107648000000000000000000000000000000000032
:107658000000000000000000000000000000000022
:107668000000000000000000000000000000000012
:107678000000000000000000000000000000000002
:1076880000000000000000000000000000000000F2
:1076980000000000000000000000000000000000E2
:1076A80000000000000000000000000000000000D2
:1076B80000000000000000000000000000000000C2
:1076C80000000000000000000000000000000000B2
:1076D80000000000000000000000000000000000A2
:1076E8000000000000000000000000000000000092
:1076F8000000000000000000000000000000000082
:107708000000000000000000000000000000000071
:107718000000000000000000000000000000000061
:107728000000000000000000000000000000000051
:107738000000000000000000000000000000000041
:107748000000000000000000000000000000000031
:107758000000000000000000000000000000000021
:107768000000000000000000000000000000000011
:107778000000000000000000000000000000000001
:1077880000000000000000000000000000000000F1
:1077980000000000000000000000000000000000E1
:1077A80000000000000000000000000000000000D1
:1077B80000000000000000000000000000000000C1
:1077C80000000000000000000000000000000000B1
:1077D80000000000000000000000000000000000A1
:1077E8000000000000000000000000000000000091
:1077F8000000000000000000000000000000000081
:107808000000000000000000000000000000000070
:107818000000000000000000000000000000000060
:107828000000000000000000000000000000000050
:107838000000000000000000000000000000000040
:107848000000000000000000000000000000000030
:107858000000000000000000000000000000000020
:107868000000000000000000000000000000000010
:107878000000000000000000000000000000000000
:1078880000000000000000000000000000000000F0
:1078980000000000000000000000000000000000E0
:1078A80000000000000000000000000000000000D0
:1078B80000000000000000000000000000000000C0
:1078C80000000000000000000000000000000000B0
:1078D80000000000000000000000000000000000A0
:1078E8000000000000000000000000000000000090
:1078F8000000000000000000000000000000000080
:10790800000000000000000000000000000000006F
:10791800000000000000000000000000000000005F
:10792800000000000000000000000000000000004F
:10793800000000000000000000000000000000003F
:10794800000000000000000000000000000000002F
:10795800000000000000000000000000000000001F
:10796800000000000000000000000000000000000F
:1079780000000000000000000000000000000000FF
:1079880000000000000000000000000000000000EF
:1079980000000000000000000000000000000000DF
:1079A80000000000000000000000000000000000CF
:1079B80000000000000000000000000000000000BF
:1079C80000000000000000000000000000000000AF
:1079D800000000000000000000000000000000009F
:1079E800000000000000000000000000000000008F
:1079F800000000000000000000000000000000007F
:107A0800000000000000000000000000000000006E
:107A1800000000000000000000000000000000005E
:107A2800000000000000000000000000000000004E
:107A3800000000000000000000000000000000003E
:107A4800000000000000000000000000000000002E
:107A5800000000000000000000000000000000001E
:107A6800000000000000000000000000000000000E
:107A780000000000000000000000000000000000FE
:107A880000000000000000000000000000000000EE
:107A980000000000000000000000000000000000DE
:107AA80000000000000000000000000000000000CE
:107AB80000000000000000000000000000000000BE
:107AC80000000000000000000000000000000000AE
:107AD800000000000000000000000000000000009E
:107AE800000000000000000000000000000000008E
:107AF800000000000000000000000000000000007E
:107B0800000000000000000000000000000000006D
:107B1800000000000000000000000000000000005D
:107B2800000000000000000000000000000000004D
:107B3800000000000000000000000000000000003D
:107B4800000000000000000000000000000000002D
:107B5800000000000000000000000000000000001D
:107B6800000000000000000000000000000000000D
:107B780000000000000000000000000000000000FD
:107B880000000000000000000000000000000000ED
:107B980000000000000000000000000000000000DD
:107BA80000000000000000000000000000000000CD
:107BB80000000000000000000000000000000000BD
:107BC80000000000000000000000000000000000AD
:107BD800000000000000000000000000000000009D
:107BE800000000000000000000000000000000008D
:107BF800000000000000000000000000000000007D
:107C0800000000000000000000000000000000006C
:107C1800000000000000000000000000000000005C
:107C2800000000000000000000000000000000004C
:107C3800000000000000000000000000000000003C
:107C4800000000000000000000000000000000002C
:107C5800000000000000000000000000000000001C
:107C6800000000000000000000000000000000000C
:107C780000000000000000000000000000000000FC
:107C880000000000000000000000000000000000EC
:107C980000000000000000000000000000000000DC
:107CA80000000000000000000000000000000000CC
:107CB80000000000000000000000000000000000BC
:107CC80000000000000000000000000000000000AC
:107CD800000000000000000000000000000000009C
:107CE800000000000000000000000000000000008C
:107CF800000000000000000000000000000000007C
:107D0800000000000000000000000000000000006B
:107D1800000000000000000000000000000000005B
:107D2800000000000000000000000000000000004B
:107D3800000000000000000000000000000000003B
:107D4800000000000000000000000000000000002B
:107D5800000000000000000000000000000000001B
:107D6800000000000000000000000000000000000B
:107D780000000000000000000000000000000000FB
:107D880000000000000000000000000000000000EB
:107D980000000000000000000000000000000000DB
:107DA80000000000000000000000000000000000CB
:107DB80000000000000000000000000000000000BB
:107DC80000000000000000000000000000000000AB
:107DD800000000000000000000000000000000009B
:107DE800000000000000000000000000000000008B
:107DF800000000000000000000000000000000007B
:107E0800000000000000000000000000000000006A
:107E1800000000000000000000000000000000005A
:107E2800000000000000000000000000000000004A
:107E3800000000000000000000000000000000003A
:107E4800000000000000000000000000000000002A
:107E5800000000000000000000000000000000001A
:107E6800000000000000000000000000000000000A
:107E780000000000000000000000000000000000FA
:107E880000000000000000000000000000000000EA
:107E980000000000000000000000000000000000DA
:107EA80000000000000000000000000000000000CA
:107EB80000000000000000000000000000000000BA
:107EC80000000000000000000000000000000000AA
:107ED800000000000000000000000000000000009A
:107EE800000000000000000000000000000000008A
:107EF800000000000000000000000000000000007A
:107F08000000000000000000000000000000000069
:107F18000000000000000000000000000000000059
:107F28000000000000000000000000000000000049
:107F38000000000000000000000000000000000039
:107F48000000000000000000000000000000000029
:107F58000000000000000000000000000000000019
:107F68000000000000000000000000000000000009
:107F780000000000000000000000000000000000F9
:087F88000000000000000000F1
:0400000508006FF987
:00000001FF
