:020000040800F2
:1060000000100020F96F000801BF000805BF00085C
:10601000DB6A030809BF000811BF0008DB6A030838
:10602000DB6A0308DB6A0308DB6A0308DB6A030830
:1060300015BF0008680F0408DB6A0308DB6A030861
:10604000296F0008DB6A0308DB6A0308DB6A0308C0
:10605000DB6A0308DB6A0308DB6A0308DB6A030800
:10606000DB6A0308C933010879AA0308DB6A03085D
:10607000DB6A0308DB6A0308DB6A0308DB6A0308E0
:10608000DB6A0308DB6A0308DB6A0308DB6A0308D0
:10609000DB6A030835770008DB6A0308DB6A03085C
:1060A000DB6A0308DB6A0308DB6A0308DB6A0308B0
:1060B000DB6A0308FDB1010895BC01087BBE03083B
:1060C00077BE030831B4010887BE03087FBE03080A
:1060D00069BC010883BE0308D5BC010841BD0108A5
:1060E000DB6A0308DB6A0308DB6A0308DB6A030870
:1060F0006D7A0308DB6A0308DB6A0308DB6A0308BE
:10610000DB6A0308DB6A0308DB6A0308DB6A03084F
:10611000DB6A0308DB6A0308DB6A0308DB6A03083F
:10612000DB6A0308DB6A0308DB6A0308DB6A03082F
:10613000DB6A0308DB6A0308DB6A0308DB6A03081F
:10614000DB6A0308DB6A0308DB6A0308DF820308F3
:1061500085A00108DB6A03085DBE030863BE03086F
:10616000DB6A0308DB6A0308DB6A0308DB6A0308EF
:10617000F0B5114A114C124E00F00105E3695F07BA
:1061800013D40DB9334213D103EA00078F4207D16C
:106190000B4A1A40002A0CBF00206FF00100F0BD2E
:1061A000013AEBD16FF00200F9E74FF0FF30F6E76C
:1061B0006FF00100F3E700BF8096980000000350E5
:1061C000020001000B4B70B5D96911F480310DD17B
:1061D00001244FF48072084E084DF46020462C6470
:1061E0001A61FFF7C5FF3464EC6070BD6FF0010009
:1061F000FBE700BF000003500010035000200350D5
:106200004FF4803238B50E4B0E4C9A66E56941F674
:10621000713315400122E3630B4B0021DA60022346
:10622000606121202361FFF7A3FF10B92120FFF750
:106230009FFF0122054BDA600DB10023E36338BDF7
:106240000090005000000350001003500020035045
:1062500070B5134C6061E3695B071ED40E4656F8B7
:10626000043B8D18A361AE420BD1042300212120F1
:106270002361FFF77DFF58B9BDE870402120FFF78B
:1062800077BF08210846FFF773FF10B1042323618D
:1062900070BD56F8043BA361E5E74FF0FF30F7E728
:1062A000000003502DE9F84315464FF48032184B97
:1062B00089469A6603F51C33DF690646174041F6A6
:1062C0007132DA63012203F58053DFF84C80DA6023
:1062D00055B9284601220F4BDA601FB10022A3F501
:1062E0000053DA63BDE8F88306F5005404EA0804B5
:1062F000A41BAC4228BF2C46494622463046FFF735
:10630000A7FF0028E6D12644A1442D1BE0E700BFEB
:0C631000009000500020035000E0FFFF50
:106320002DE9F04F93B0CDE90A32DDE91C530E930D
:1063300053EC102BCDE90801104619468DED060BE4
:106340001E9E0DF081FC80B1DDE906014FF0FF32A9
:10635000C54B0DF0A1FC40B9DDE906014FF0FF325D
:106360006FF480130DF07AFC70B1DDE908019DED4A
:10637000060B0E9B1E96CDE91C53DDE90A3213B0C5
:10638000BDE8F04F00F088B90022DDE906010023E6
:106390000DF064FC002800F03381DDE906A303F171
:1063A000004BCBF30A5016F48063A0F2FF3008BF15
:1063B00006250F930DF076F99BA3D3E900230DF08A
:1063C000DBF99BA3D3E900230DF020F8CBF31304F2
:1063D000894644F07F5180460022A44B504641F448
:1063E00040110DF011F894A3D3E900230DF0C4F986
:1063F00002460B46404649460DF008F80DF056FCA3
:1064000004460DF04FF98EA3D3E900238046894658
:106410000DF0B2F90022964B0CF0F8FF0DF046FC9F
:1064200089A3D3E900230746494640460DF0A4F965
:106430008046384689460DF035F985A3D3E9002317
:106440000DF09AF902460B46404649460CF0DCFF37
:1064500002460B46CDE90C230DF08EF9DDE90C2345
:1064600080468946104619460CF0D0FF0022CDE93F
:106470001001804B404649460DF0A8FA00227E4BA1
:106480000CF0C4FF02460B46404649460DF09EFA0A
:1064900000227A4B0CF0BAFF02460B4640464946B2
:1064A0000DF094FADDE90C238046894600204FF078
:1064B00080410CF0A9FF02460B46404649460CF0CD
:1064C000A5FF02460B46DDE910010DF07FFA07F249
:1064D000FF3700226A4B0CF099FF00223B050DF0BC
:1064E0004BF952465B46804689460DF0D5FB0028A5
:1064F00040F08980CDE90C8904F16303C72B34BFD8
:106500000427052731051BD553A3D3E900235046A3
:1065100059460DF0B7FB00287FD051A3D3E90023E3
:10652000504659460DF09AFB002876D00027A54228
:10653000C6BF2C1B04F1FF3500253C4646F480669F
:106540000E9B9F422CBF4FF00008A3EB070816F0EC
:10655000020903D0002F18BF4FF000083CB1DDE95D
:106560000C23504659460DF031FA82468B46DDE940
:106570000601002200230DF071FB10B10BF1004366
:106580009B46DDE9080126F40063CDE90183DDE9DE
:106590000A324BEC10AB009500F07EF802465FB378
:1065A000DDE9091316F0200F00F10105089E0CBF6C
:1065B00065204520B047DDE9080105230022059349
:1065C0000A23002CCDE9023207F1FF374FEAD473DA
:1065D000B8BF64422A46019304970A9B009434F0A2
:1065E0003BF90246B9F1000F06D00B9BC41A0B9B76
:1065F0001A190E9BA34245D8104613B0BDE8F08F80
:10660000DDE906ABCDE60022404649461A4B0DF0C7
:10661000DDF9013CCDE90C016EE7002D90D00F9B18
:10662000002B8DD0013D8BE7FB799F501344D33F66
:10663000B3C8608B288AC63F61436F63A787D23F88
:1066400071A379094F930A401655B5BBB16B02404F
:10665000EF39FAFE422EE63F2D431CEBE2361A3F9D
:106660000000000080842E41FFFFEF7F0000F83F14
:106670000000E03F00002C400000244000001840D3
:106680000000F03F2020DDE90913089DA8470134F0
:10669000ADE700BF000000002DE9F04F5BEC10AB50
:1066A00097B0CDE90501DDE92057CDE90723504634
:1066B00052465B465946229E0DF0C6FA70B9032336
:1066C000CDE902760193B04B0093DDE90501DDE9E8
:1066D000072333F0E1FF17B0BDE8F08F4FF0FF3232
:1066E0006FF48013504659460DF0B8FA28B10423D0
:1066F000CDE902760193A54BE6E74FF0FF32504615
:106700005946A34B0DF0C8FA68B1A24A06F004033B
:10671000002B08BF0322A04B1CBF13460422CDE967
:1067200002760192D0E7504693A3D3E9002359465D
:106730000DF0B2FA38B992A3D3E900235046594676
:106740000DF08CFA68B1DDE90723DDE905014BECBA
:1067500010ABCDE92176209517B0BDE8F04FFFF7DB
:10676000DFBD00220023504659460DF077FA00287D
:1067700000F09A805B465246002000210CF044FE57
:10678000012382468B46099316F4806400F08E80C4
:10679000092D40F28E80002430210EABA5F10902B4
:1067A0000134202C03F8011BA5EB040901D094420D
:1067B000F6D1594650460DF079FA784B054603EB71
:1067C000C90393ED007B8DED0A7B0CF06BFF024655
:1067D0000B46504659460CF017FEDDE90A230CF033
:1067E000CBFF02460B46CDE90C230DF087FA80461D
:1067F0000CF048FF02460B46DDE90C010CF004FEEC
:1068000002460B46CDE90C230022654B0DF044FAFD
:10681000002851D008F1010840460CF033FF024631
:106820000B46DDE90A010DF023FA10B14FF0000824
:106830000135B9F1000F50D128460CF033FF024664
:106840000B46504659460CF0DFFD0022544B804663
:1068500089460DF003FA30B1002240464946504BBC
:106860000DF01AFA10B1E80700D501350A210EAB78
:106870001A19202C0AD095FBF1F001FB1055303588
:1068800002F8015B013405460028F2D106F003024C
:10689000012A57D1002F55D0099A12B916F00C0FC2
:1068A00000D0013F302245E009906DE74FF0060926
:1068B0007FE7A94600247CE70022DDE90C01384B84
:1068C0000DF0CCF90028B4D1B8F1000F02D018F0C7
:1068D000010FAED008F10108ABE70A210EAB23444B
:1068E000202C0ED0B8FBF1F001FB1082B8F1090F9B
:1068F00002F1300209F1FF3904F1010403F8012B20
:1069000011D83021A1440EAA202CAFD0A14504F10A
:1069100001030AD11C4609F158030DEB03092E238C
:1069200009F8203CA2E78046DAE7A1541C46EBE7D1
:106930001A550134A74205D9202CF9D1CDE90276A8
:106940000194C1E6202CF9D0099A3AB12D2104F125
:1069500058026A4402F8201C0134EFE7710704D59D
:1069600004F158022B216A44F4E73207E6D504F11A
:10697000580220216A44EDE70000000065CDCD41BA
:106980000000000065CDCDC1F3280408F7280408F5
:10699000FFFFEF7FEA280408EF2804080029040815
:1069A0000000E03F0000000070B58EB02C220021F6
:1069B00003A834F0C6F964234FF002320893CDE9FE
:1069C00005230B2301218DF83430534B8DF8101023
:1069D0001B88D80700F19880084619F0B1FB0A22FD
:1069E0004E4B4F491A704FF428734E48ADF8123091
:1069F00015F064FA4C4C206020B940F25A214B4803
:106A000005F078F90521206835F0B7FA20B140F299
:106A10006A21464805F06EF920680CF0E7FC444B0B
:106A20002068196834F0ADFE0C251AF09BFA684313
:106A300009901AF097FA68430DEB0501079020685A
:106A40000FF018F920B140F27F21384805F052F9D3
:106A500025681CF00FFE00220146284634F025FF71
:106A600020B140F28121314805F044F940F203534E
:106A7000304D314E2B80052396F90000AB707F28F6
:106A800001D119F0C1FC3378EB701AF06BFA00EB0E
:106A900080008000A8801AF065FA0023C0004FF043
:106AA000FF31E880AB604FF0FF3019A3D3E900233A
:106AB00019F022FD2149206835F00EFB206802A95B
:106AC00034F0C8FE20B140F2BA21184805F012F99E
:106AD000042220680DEB020134F00AFE042804D0E1
:106AE00040F2BD21114805F005F901A9012032F05D
:106AF000C9FD05F049FA01201AF01AFD30F04DF9F0
:106B00001AF04EFD19F0A0FB0EB070BDAFF300807F
:106B10000A0020FF4203000078430020F4460020D2
:106B200069010208B44E002020330020486A04089E
:106B3000704C002014330020E4510020150302089B
:106B40000348044B834202D0034B03B118477047FC
:106B5000C85D0020C85D002000000000064B07490A
:106B6000C91A891048BF0131491003D0044B0BB139
:106B700001481847704700BFC85D0020C85D00206D
:106B80000000000010B5064C237843B9FFF7D8FF8A
:106B9000044B13B10448AFF300800123237010BDF0
:106BA0007844002000000000B46D040808B5054BCF
:106BB0001BB105490548AFF30080BDE80840FFF769
:106BC000CDBF00BF0000000050160020B46D0408C7
:106BD000A3F5803A704700BF174B002B08BF134B3B
:106BE0009D46FFF7F5FF00218B460F461348144AD8
:106BF000121A34F0A6F80E4B002B00D098470D4B1C
:106C0000002B00D098470020002104000D000D4803
:106C1000002802D00C48AFF300800DF031FA2000BC
:106C2000290034F045F80DF019FA00BF0000080003
:106C3000000000000000000000100020A010002054
:106C40008047002000000000000000004FF00063BB
:106C50009B6A03F17842B2F5C04F03D21968064A25
:106C6000914203D0002303708360704701220270B9
:106C70009A689B694260F7E707B0CD5E73B54F4BEA
:106C800004461A781AB102221A7002B070BDCDE91A
:106C900000220028F9D001261E702FF00DFF484D6C
:106CA000484B186011F074FF2B785BB900F07CFD45
:106CB00040B945480823454A454900680EF046FC5E
:106CC00000B92E70434B5A6E62619B6E424AA361BB
:106CD0004FF480439366414B5968E16140499960A4
:106CE000196E2160596E6160D3F87011A160196C42
:106CF000E160596C21613B49086C1864496C596426
:106D0000012151661B6E9C0441D5374AD368D807D0
:106D1000FCD4364B1A68531C3ED04FF4801393407A
:106D2000334A13664FF400730426314C26662366FB
:106D30002FF087FE01300DD02FF083FE40F20113BB
:106D4000984207D04FF4005323664FF480432366E4
:106D5000C4F870610823264C684623664FF48053BC
:106D600023664FF0006323664FF4002301A9636696
:106D70002FF04BFE009B2366019B63662B78002B54
:106D800083D0124B1A6822665B6863667DE7194AF6
:106D9000D368D907FCD4BCE7174B1B78002BC1D1B3
:106DA0004FF400720C4B5A6603F5A6235B68002B68
:106DB000B8D14FF480120E4B1A66B3E77A44002024
:106DC0007B44002088160020344C00208C160020C4
:106DD00000710800008000500090005000800044C6
:106DE00055CEAC0000C0005400000440004C002010
:106DF00000900044000004507944002070B5224DFA
:106E000004462E78012E02D001232B7070BD00287D
:106E1000FCD02FF016FE01300BD02FF012FE40F206
:106E20000113984205D0194B194A5E66D368DE07F4
:106E3000FCD42268174B1A6662685A66A268C3F8C7
:106E40007021E2681A6422695A64E269D00744BF7B
:106E500000229A60104B1A68013207D10F4A12784B
:106E600022B90F494968C90748BF1A6062690D4BCA
:106E70005A66A2699A6611F093FE0B4B18682FF0C0
:106E800021FE0023C1E700BF7A44002000900040AB
:106E90000000044000800044004C002079440020A1
:106EA00000C005500080005088160020F8B54FF053
:106EB0000066B36A03F17842B2F5C04F26D21A6871
:106EC000144B9A4222D1144D2C7814F0FD0402D0B8
:106ED00000242046F8BD4FF480371048FFF7CEFE5F
:106EE000204603F04FFF0E4B2046DF6003F03CFFCF
:106EF0000C4B1F61B36ADB69984704460748FFF7EC
:106F00007DFF002CE5D101232B70E1E74FF4817464
:106F1000DFE700BF07B0CD5E79440020681600208F
:106F200000A000440090004413B5214B1B7803B926
:106F3000FEE700231F4CCDE900336A4608231E49B3
:106F400020680EF003FB00BB1C4AD2F84031D2F897
:106F500040211F2B4FF0010312D9203A9340019A90
:106F60001A43019208236A46134920680EF0A4FAD6
:106F70004FF00053124A1A6003F0D2FE02B010BD67
:106F80009340009A1A430092ECE70E4B9842EFD1DF
:106F90000A4AD2F84031D2F840211F2B4FF00103AA
:106FA00085BF203A93409340019398BF0093D9E75F
:106FB0007A440020344C0020007108000080004416
:106FC0000B020FF00BE000F0034B5868C0F3080011
:106FD000003818BF0120704700ED00E00348044A64
:106FE0000449121A92102FF079BD00BF7061000899
:106FF0001C6300088047002008B500F02FF8FFF759
:10700000EDFF124B12498B4212D30020114B124953
:107010008B4218D3FFF7E0FD186850F822405868FB
:1070200040F82240013298688242F5D30C33EAE7F7
:107030000022F8E71C6844F8220001325C68A24292
:10704000F8D30833E4E70022F8E700BFBC6D04087A
:10705000C86D0408C86D0408C86D04084FF4804169
:10706000124B134A70B59A60D3F88820114D42F440
:107070007002C3F88820104A05F5005491664FF05D
:10708000FF3222660D4A62660222C3F8D020BFF3A7
:107090004F8FBFF36F8F4FF44036002003F072FE26
:1070A0000020E66003F060FE2E6170BD00ED00E0A0
:1070B000006000080080004400900050F7FF370097
:1070C000014B1868704700BF084C0020014B186046
:1070D000704700BF084C0020084B1B6F03F00703EC
:1070E000022B04D0032B05D0012B05D0FEE7044B67
:1070F00018687047034BFBE7034870470080005057
:10710000084C0020104C0020002D310108B5FFF77D
:10711000E3FF054B1B6FC3F303330133B0FBF3F005
:10712000024B186008BD00BF00800050044C0020D6
:107130000048704700B4C404014B1868704700BF92
:10714000104C0020054B1860054B1B6F03F0070324
:10715000032B01D1FFF7DABF704700BF104C0020AE
:107160000080005000487047002D31014FF0B443BB
:107170009868C0F304400C280AD8DFE800F00B0937
:1071800009090909072119091B1D1F000F4870472C
:10719000002070479B6803F04073B3F1807F11D0EB
:1071A000B3F1007F10D00A4A002B08BF1046704789
:1071B00008487047084870470848704708487047B3
:1071C000084870470848704708487047405DC60047
:1071D00000093D00C0EA210180BA8C010048E801A5
:1071E000005A62020024F40080841E0040420F0016
:1071F000014B1868704700BF0C4C002013B50024E9
:107200002948019430F0CBFB0123042203212046BE
:1072100001F034FD20462FF018FD0122234B0520FC
:10722000C3F8442401A930F0B5FB002839D1204B24
:10723000D3F8F02042F00102C3F8F020D3F8FC208C
:1072400042F08072C3F8FC201A4AA3F55D431A602D
:10725000019B194A03F5D52303F2FC43B3FBF2F378
:10726000164A013B13610223C2F8F0304FF48073D9
:10727000C2F804334FF06043114AC3F8B02F114AEB
:10728000C3F8802ED3F8002E42F48072C3F8002E8B
:10729000FF2283F82020D3F8002E22F48072C3F856
:1072A000002E02B010BD00BFAC16040800D0035081
:1072B00000ED00E0FF030040F8590D00000004E07D
:1072C00055CEACC5090001004FF06043D3F8802EC5
:1072D00030B5D20715D501240B4D8440D5F8FC20DC
:1072E00042F08072C5F8FC20D3F8002E2243C3F888
:1072F000002E53F82020002AF0D003F820100020A0
:1073000030BD1120FCE700BF00ED00E02DE9F04F9B
:107310009A46564B85B01B7806460F461546DDF853
:107320003C909DF844B0DDF85080002B00F0978031
:10733000072A00F296800E9B002B00F09280B9F194
:10734000000F00F08E80129BB3F5006F00F3898070
:10735000012803D1109B002B00F08380444B03EBEA
:1073600005131B7B002B7ED0424C10220021684667
:1073700033F0E7FC04EB45141022A7BB3946204646
:1073800033F0DFFC43F210036380BBF1000F03D145
:10739000E37843F00303E370364A0E9B02EB451C8F
:1073A000CCE90193129B6901581E9DF84C30C0F343
:1073B0000A0003F003039B0643EA001E53582E48BD
:1073C000012E00EA03004EEA0003CDF800A053505E
:1073D00017D0B8F1000F2ED19CF8023068F30413D7
:1073E0008CF8023027E00021204633F0AAFC4FF44D
:1073F00044736380BBF1000FCED1E37843F03003D8
:10740000C9E713230CF1100ECCF80C309CE80F00E8
:107410008EE80F006FF00301DCF81C20109B61F375
:107420009F02012FCCF81C20CCF8143003D1CCF8EB
:107430001890CCF8043000270D4A290102EB0513FF
:1074400042F80180159A28465A60694622469F6094
:107450005E7301F0A7FC384605B0BDE8F08F074821
:10746000FAE70748F8E70748F6E700BF7C44002042
:1074700094170020941600200F80FFF3028000F084
:10748000018000F0078000F038B5124B05461B78EC
:10749000DBB1E0B12FF010FB0F4A00231146147B43
:1074A00054B92B6001251A0101EB03131D738C5095
:1074B0002FF008FB204638BD0133082B02F11002E3
:1074C000EDD12FF0FFFA0548F5E70548F3E7054849
:1074D000F1E700BF7C44002094170020048000F0F6
:1074E000028000F0018000F038B52FF0E5FA0023AB
:1074F00005460B4A147B6CB90133082B02F11002CC
:10750000F8D101F0FBFB074B28461C702FF0DAFA8C
:10751000204603E028462FF0D5FA034838BD00BFC7
:10752000941700207C440020058000F00D4B10B51E
:107530001B78044693B1072812D82FF0BDFA0A4BE6
:1075400003EB04131A7B2AB100241C732FF0BAFA40
:10755000204610BD2FF0B6FA0448FAE70448F8E7D1
:107560000448F6E77C44002094170020068000F0D1
:10757000028000F0018000F0154B13B5186800235D
:1075800001908DF804302FF097FA124B1C7824B13B
:107590002FF098FA104802B010BD01221A702FF097
:1075A00091FA0E4B01A81C731C7783F82C4083F8CA
:1075B0003C4083F84C4083F85C4083F86C4083F88F
:1075C0007C4008238DF8073001F0BCFB2046E2E741
:1075D000B80F04087C440020038000F094170020BA
:1075E0000A4A08B512785AB107280BD8084A02EBA4
:1075F00000131B7B43B1002101F096FB002008BD66
:107600000448FCE70448FAE70448F8E77C44002013
:1076100094170020028000F0018000F0078000F045
:107620000A4A08B512785AB107280BD8084A02EB63
:1076300000131B7B43B1012101F076FB002008BD44
:107640000448FCE70448FAE70448F8E77C440020D3
:1076500094170020028000F0018000F0078000F005
:107660000A4A08B5127852B107280AD8084A02EB2C
:1076700000131B7B3BB101F0E1FB002008BD054876
:10768000FCE70548FAE70548F8E700BF7C4400201E
:1076900094170020028000F0018000F0078000F0C5
:1076A0000D4B1B7893B1072812D889B10B4B03EB14
:1076B00000131B7B73B10A4B1A6D012383401342E5
:1076C00014BF0123002300200B707047054870474A
:1076D00005487047054870477C44002094170020F7
:1076E00000000450028000F0018000F0078000F0EC
:1076F0000B4A10B512780C4662B107280CD859B164
:10770000084A02EB00131B7B43B101F0A9FB207078
:10771000002010BD0448FCE70448FAE70448F8E7F5
:107720007C44002094170020028000F0018000F0CB
:10773000078000F0184B2DE9F0411F6D5B6D1F4075
:1077400000D5FEE701260025144CDFF858803742AB
:1077500018D02368C8F85060A3B1A1682846013149
:107760006268A1609847637B012B0BD150B90C4B29
:1077700003EB45131A7B60F341021A731A7F60F31F
:1077800041021A770135082D4FEA460604F110042C
:10779000DDD1BDE8F08100BF000004509417002047
:1077A0009416002000200450024B1968024B186800
:1077B0000DF0A8BD144C0020344C002070B594008E
:1077C000224605460E4639F0C7FB431C0AD058B97D
:1077D00022463146284633F08AFA0028034808BF7B
:1077E000002070BD0248FCE70248FAE710E000F014
:1077F00021E000F024E000F010B5044639F0B0FBC1
:10780000431C10D088B901F0C1FB234620F00300CF
:107810002044984201D1002010BD53F8042B0132BE
:10782000F7D00348F8E70348F6E70348F4E700BF5A
:107830000EE000F021E000F024E000F008B52FF0A9
:1078400030F9014B186008BD041F0020014B186877
:107850002FF02BB9041F0020044BD3F88420D2064C
:10786000FBD4D3F88400C0F381107047004000506F
:107870002E4B98424AD022D82D4B984240D014D853
:107880002C4B984239D00AD82B4B984232D02B4BF4
:1078900098422FD02A4B98422CD000207047294B79
:1078A0009842FAD1284B186F7047284B98422AD03B
:1078B000274B9842F1D1244BD3F880007047254BD9
:1078C00098422BD009D8244B984223D0234B98427E
:1078D000E3D11D4BD3F88C007047214B984221D047
:1078E00003F5740303F510539842D6D1164BD3F821
:1078F00098007047144B986D7047134B586E704743
:10790000114B586F7047104B986F70470E4BD3F860
:10791000840070470C4BD3F8880070470A4BD3F8AB
:1079200090007047084BD3F8940070470048E80176
:107930000024F400C0CF6A0080841E0000093D00CE
:1079400040420F00405DC6000080E00FC0EA210108
:1079500080BA8C01007E560380D54302006CDC02A5
:107960000090D00338B5104B0546D3F880300C4654
:1079700003F00303022B0BD0032B0DD0012B0FD1EF
:10798000FFF7AAFB0E2305B1286004B1236038BDC0
:10799000FFF7ECFB0723F6E7FFF792FB0623F2E77E
:1079A00000231846EFE700BF0080005038B5184BA1
:1079B0000546D3F820010C4600F00700062823D81E
:1079C000DFE800F0040A0E16121A1E00012305B1AA
:1079D000286004B1236038BDFFF772FB0523F6E78A
:1079E000FFF7AAFB0323F2E7FFF7C0FB0723EEE74D
:1079F000FFF7B8FB0223EAE7FFF762FB0623E6E79F
:107A0000FFF79AFB0423E2E700231846DFE700BFF5
:107A10000080005038B5174B0546D3F828310C4686
:107A200003F00703013B052B20D8DFE803F0031325
:107A30001B0F0B17FFF744FB052305B1286004B1AA
:107A4000236038BDFFF73CFB0623F6E7FFF78EFB0C
:107A50000723F2E7FFF770FB0323EEE7FFF76CFB6A
:107A60000423EAE7FFF77EFB0223E6E7002318463C
:107A7000E3E700BF0080005073B50D460021114BB5
:107A80000191D3F88041064604F00304022C13D080
:107A9000032C0CD0012C13D101A8FFF787FF102471
:107AA0000EB1019B336005B12C6002B070BDFFF7D1
:107AB0005DFB07240190F3E7FFF754FB0190EFE72C
:107AC0000C46EDE700800050002337B50193164BBC
:107AD0000546D3F820320C4603F00703042B21D8C7
:107AE000DFE803F0030B11161B0001230DB1019A0F
:107AF0002A6004B1236003B030BD002101A8FFF764
:107B000089FF1223F2E7FFF731FB07230190EDE72E
:107B10002EF0F2FF0A230190E8E7FFF769FB092343
:107B20000190E3E70023E1E70080005038B5104BF7
:107B30000546D3F840310C4603F00303022B0BD06B
:107B4000032B0DD0012B0FD12EF0D6FF0A2305B148
:107B5000286004B1236038BDFFF74AFB0923F6E72C
:107B60002EF0CDFF0C23F2E701230020EFE700BF4A
:107B700000800050002337B50193164B0546D3F81B
:107B800060320C4603F00703013B032B1FD8DFE8EC
:107B900003F0020E1914002101A8FFF707FF1023BC
:107BA0000DB1019A2A6004B1236003B030BD0021F9
:107BB00001A8FFF7BBFF1123F2E7FFF7D7FA07236E
:107BC0000190EDE7FFF7CEFA02230190E8E70023EA
:107BD000E6E700BF00800050002337B50193164B45
:107BE0000546D3F894320C4603F00703013B032B00
:107BF0001FD8DFE803F0020E1914002101A8FFF7D7
:107C0000D5FE10230DB1019A2A6004B1236003B0A0
:107C100030BD002101A8FFF789FF1123F2E7FFF72C
:107C2000A5FA07230190EDE7FFF79CFA02230190E4
:107C3000E8E70023E6E700BF0080005038B5144BAA
:107C40000546D3F800020C4600F0070004281BD8B4
:107C5000DFE800F003090D111500012305B12860CC
:107C600004B1236038BD2EF047FF0A23F6E7FFF783
:107C7000BFFA0923F2E72EF042FF0C23EEE7FFF7ED
:107C800045FA0F23800AE9E700231846E6E700BF1C
:107C90000080005038B5144B0546D3F808020C4656
:107CA00000F0070004281BD8DFE800F003090D11DD
:107CB0001500012305B1286004B1236038BD2EF002
:107CC0001BFF0A23F6E7FFF793FA0923F2E72EF0EA
:107CD00016FF0C23EEE7FFF719FA0F23800AE9E7F6
:107CE00000231846E6E700BF0080005038B5104B6F
:107CF0000546D3F840320C4603F00303022B0BD0A9
:107D0000032B0DD0012B0FD12EF0F6FE0A2305B167
:107D1000286004B1236038BDFFF76AFA0923F6E74B
:107D20002EF0EDFE0C23F2E701230020EFE700BF69
:107D30000080005038B5104B0546D3F860310C4632
:107D400003F00303022B0BD0032B0DD0012B0FD11B
:107D50002EF0D2FE0A2305B1286004B1236038BD9D
:107D6000FFF746FA0923F6E72EF0C9FE0C23F2E7E7
:107D700001230020EFE700BF00800050B0F5207F16
:107D80001FD009D8B0F5007F15D003D868B1B0F581
:107D9000C07F0AD000200CE0B0F5607FFAD10B4B19
:107DA000D3F88000C0F3011003E0084B186FC0F354
:107DB000033001307047054BD3F89000C0F30460E6
:107DC000F7E7024B186FC0F38020F2E70080005005
:107DD00002464FF48030104B10B598660020FFF734
:107DE000CDFF504341F671320C4BDC69DA635A68BF
:107DF00004F4803422F4401259B90949884294BFEE
:107E000000200120000502435A600CB10022DA6311
:107E100010BD0449F2E700BF00900050000003507D
:107E2000005A6202002D3101430905D0012B0CD00C
:107E3000022B084B18BF002300F01F0039B103F5D7
:107E40008053012282401A607047034BF4E703F528
:107E50000053F6E768800050648000501FB5002191
:107E600080280446CDE9001100F0A58035D85E28B1
:107E700046D85E2844D8DFE800F0A243434343439A
:107E800043434343434343434343434343434343C2
:107E900043434343434343434343A2AAA2AABABA38
:107EA000BABABAAAC44DDA714DAAAAAA4343434347
:107EB00043434343AAAAAA79E4AA4343434343431F
:107EC00043434343434343BAA2A2A2DF4D4DE98853
:107ED0005EBF434343434399A200B0F5B06F00F047
:107EE00090802DD8B0F5207F71D00CD8B0F5C07F30
:107EF00065D0B0F5007F65D0B0F5807F00F086805A
:107F0000009804B010BDB0F5607F6BD00DD8B0F50F
:107F1000407FF5D1FFF7FAF802464FF42070FFF7E3
:107F20002DFFB2FBF0F252085AE0B0F5806F5ED040
:107F3000B0F5A06FE4D100216846FFF7C5FDDFE78B
:107F4000B0F5106F78D016D8B0F5E06F79D00AD8B8
:107F5000B0F5C06F6BD0B0F5D06FD1D100216846BD
:107F6000FFF76CFECCE7B0F5F06FC9D10021684691
:107F7000FFF7E0FEC4E7B0F5406F3DD013D8B0F591
:107F8000206F63D0B0F5286FBAD10021324B039136
:107F9000D3F8703203F00303012B02D103A8FFF7DB
:107FA000C5FD039B3CE0B0F5486FA9D100216846B0
:107FB000FFF712FEA4E7FFF78FF80090A0E7FFF7A6
:107FC000A5F8FAE7FFF788F80246204604E0FFF735
:107FD0009DF802464FF42070FFF7D0FEB2FBF0F29E
:107FE00000928DE701A8FFF7BDFC019AEDE70021A3
:107FF0006846FFF7DBFC83E700216846FFF70AFDD0
:108000007EE700216846FFF737FD79E74FF0E02370
:1080100002911B695B0705D5FFF778F80290029B78
:1080200000936DE703A902A8FFF780FDF7E70021A1
:108030006846FFF77BFD63E700216846FFF72AFEED
:108040005EE700216846FFF751FE59E700216846C8
:10805000FFF790FD54E700BF0080005008B5802076
:10806000FFF7FCFE034B98429EBF4FF48032024B59
:108070001A6708BD005A620200A000501FB50346EF
:108080000020B3F5807F019000F0C18064D85D2BA3
:1080900055D84C2B07D82D2B48D8232B2CD80198FA
:1080A00005B05DF804FB4D3B102BF8D801A252F847
:1080B00023F000BF058200089F8000089F80000811
:1080C0009F800008BB8100089F8000089F800008F7
:1080D00089820008D98100087F8100087F8200081A
:1080E0009F8000089F8000089F8000089F800008F4
:1080F0009F80000893820008243B092BCFD801A25F
:1081000052F823F005820008058200080582000865
:1081100005820008058200089F800008FB81000896
:108120009F8000089B8100083B8200083D2B7FD088
:108130003E2BB4D1002001A9FFF7D8FDAFE7802B7B
:10814000ADD1594B1B6F03F00703013B032BA6D89E
:10815000DFE803F0514E858DB3F5F06F68D021D87C
:10816000B3F5B06F49D00FD8B3F5607F00F08380CE
:1081700095D3B3F5806F45D0B3F5A06F8FD10020B4
:1081800001A9FFF7A1FC8AE7B3F5D06F55D0B3F58D
:10819000E06FCFD0B3F5C06F81D1002001A9FFF708
:1081A000C5FC7CE7B3F5206F6ED00BD8B3F5086F34
:1081B00048D0B3F5106F7FF472AF002001A9FFF72C
:1081C00069FD6CE7B3F5406F59D0B3F5486F60D0E7
:1081D000B3F5286F7FF463AF334BD3F8703203F0FD
:1081E0000303012B5AD0022B0CBF1523002300E000
:1081F0000523019353E70223FBE7002001A9FFF7C2
:108200003BFC4CE7002001A9FFF7D0FB47E74FF00C
:10821000E02302901B695B0705D5FEF777FF0D236E
:108220000393039BE5E703A902A8FFF77FFCF8E7A8
:10823000002001A9FFF77EFD31E7002001A9FFF72B
:10824000FDFC2CE7184BD3F8003103F00303022B9D
:1082500007D0032B09D0012B0BD1FEF76DFF0323B1
:10826000C7E7FEF7C5FF0923C3E72EF043FC082349
:10827000BFE70123BDE701A9FFF774FB0FE700206B
:1082800001A9FFF7C7FB0AE7002001A9FFF772FC6D
:1082900005E7002001A9FFF79FFC00E7002103A8E4
:1082A000FFF744FC1123A4E7008000504FF4803214
:1082B000074B0849586E03F580535A664B6A23F002
:1082C00001034B62C3035CBF034B5A66704700BF98
:1082D0000080005000C0075000A0005038B5044690
:1082E0008020FFF7CBFE032800F083804FF480123C
:1082F000524B4FF0A0615A6645F60E02504BC3F840
:108300008020504A91624FF4803102F58052916290
:108310009A6DD203FCD4996D11F08041FBD1D4E960
:108320000002120542EA0062E07B0243207B42EA3F
:108330000042607B42EA0032A07B42EA80121A616E
:108340009869D4E90452120642EA856200F00040BE
:108350000243A07EE57E0243207E42EA0042607E28
:1083600042EA00229A611A6AE06922F00F0242EAA8
:108370008502354D00283DD11A6294F82420996A6F
:1083800094F82000D200294042EA40120A4394F8AF
:10839000211042EA011242F480329A622B49284AA3
:1083A000936D31EA0303FBD14FF080712548816260
:1083B0001369A56823F4700343EA055313614FF072
:1083C0000043836194F822300BB9214B996294F8F1
:1083D00023303BB94FF480321D4B9A62184A936D9B
:1083E0005B00FCD494F825301BB1154B194AC3F837
:1083F000802038BD024342F0080202281A6208D1E8
:1084000019614FF40852996113484FF47F412EF0DF
:10841000CFFB0B4994F822308A6A94F820001B069F
:108420002A4043EA4013134394F8242043EAC2034A
:1084300094F8232043EA02438B62D3E70090005074
:108440000040005A0050005AC7FFFEFE0300010022
:108450000060005AF1A7FFFF3440005A70B5194C74
:10846000FF28A66A2BD8A36D4FF0807113F4803FCC
:1084700018BF4FF48032144B18BF9A629962134AA6
:10848000A36992F9005023F47F03054423F47F434A
:1084900043EA002385F3080543EA0543A361324616
:1084A0000B482EF085FBA36DDB0301D4002070BDCB
:1084B00032464FF4803106482EF07AFBF6E7212051
:1084C000F5E700BF0040005A0050005AB0510020AC
:1084D0002840005A70B5104C4FF08071A66AA36D09
:1084E0000E4813F4803F18BF4FF480320C4B18BF76
:1084F0009A6299623246A5692EF05AFBA36DC5F3C4
:108500000725DB0305D532464FF4803103482EF0B2
:108510004FFB284670BD00BF0040005A2840005A5B
:108520000050005A014B93F900007047B0510020F1
:108530004FF4803311481249826A8B62836D03F0D5
:108540000303032BFAD14FF080730E488B620B4B61
:10855000996D30EA0101FBD1012009490865996D47
:108560008907FCD4054B996D8807FCD5996D89075F
:10857000FCD5054905482EF01BBB00BF0040005A42
:108580000050005A03000100000001012840005A79
:10859000014B1880704700BF705100204FF48002DB
:1085A00008B5184B5A660223174A5360936813F4B0
:1085B0008033FBD1012822D1FEF7BEFD134B984238
:1085C00015D003F5122303F5F863984213D0104B2E
:1085D00000EB8002400AB3FBF0F3520A0A49CA6278
:1085E0000B6301234B620022074B5A6008BD45F61E
:1085F0007A13084AF2E745F61A03074AEEE7536290
:10860000F1E700BF009000500040025000F0490226
:1086100064666666D8B80500BBCF0500B0F5207F5C
:1086200010B50C465DD008D8B0F5007F4ED003D809
:10863000C0B1B0F5C07F15D010BDB0F5607FFBD1E3
:108640002C4B4C1ED3F8FC202B4912F0807F4FEAB4
:10865000041427D1D1F8803023F030032343C1F82C
:108660008030E9E72EF0B3FA2EF0BFFA4FF48031F4
:10867000224B214A1967136F013C23F4704343EAEC
:1086800004331367FEF742FD0446FFF7E5F8C0F137
:10869000020120462EF0A3FA00F042F8BDE8104097
:1086A000FFF7DCBCD3F8FC2022F08072C3F8FC207A
:1086B000D1F8802022F030022243C1F88020D3F884
:1086C000FC2042F08072C3F8FC20B5E70A4A4C1E39
:1086D000D2F8903023F0F85343EA0463C2F89030A4
:1086E000AAE7054A4C1E136F23F4806343EA8423F0
:1086F0001367A1E700ED00E00080005000900050FB
:1087000008B50121022000F06DF92EF060FA2EF07C
:108710006CFA4FF48032014B1A6708BD009000508C
:1087200008B54FF4C070FFF799FBBDE80840044955
:10873000884294BF012102214FF42070FFF76EBFE1
:1087400080F0FA024FF4C02270B50546FFF790F8AA
:10875000314B04465A6603F598335A68012A04D10E
:108760002E494A605A689207FCD48020FFF786FCA5
:10877000052807D12EF02BFA2EF037FA4FF480326D
:10878000254B1A67264B24F040749D4230D0254B70
:108790009D4230D0FEF794FC8542064603D9012164
:1087A000284600F05FF9204BDA6812F0060FFBD183
:1087B00099689C609A68624012F4F81F1ED128469E
:1087C000FEF784FC8020FFF759FC05280DD1FEF749
:1087D0009DFC0446FFF740F8C0F1020120462EF050
:1087E000FEF9FFF79DFFFFF739FCAE420CD270BDDA
:1087F00044F00074CEE744F08074CBE780209960A9
:10880000FFF73CFC052805D0BDE8704001210020A1
:1088100000F028B93546DAE70090005000E001503A
:1088200040420F0080841E0000000150304B314A4E
:10883000984251D020D8A3F5B703A3F558639842C6
:1088400046D00DD82C4B984231D02C4B984239D081
:108850002B4B4FF4002198421DD00023516622E09B
:10886000284B4FF400219842F7D1274BD3F8BC3066
:10887000516623F0407316E0244B984230D0244BCD
:10888000984231D0234B4FF400219842E5D11E4B42
:10889000D3F8C830ECE71C4BD3F8A030516623F076
:1088A000407343F000734FF0B442936070474FF44D
:1088B0000021154BD3F8A030516623F0407343F0EC
:1088C0008073F0E7104BD3F8A0304FF40021CFE7CE
:1088D0000D4BD3F8B830F8E70B4BD3F8C030F4E7C2
:1088E000094BD3F8CC30F0E7074BD3F8D030ECE7A6
:1088F000C0EA21010090005080841E0000093D0064
:1089000040420F000024F4000080E00F0048E8011E
:10891000005A620280BA8C01024A536B0342FCD1B6
:10892000704700BF00400950044A4178536F23F458
:10893000407343EA01235367704700BF0040005073
:108940000E4A10B51369044643F00403136105F0A1
:1089500059F82EF066F90A4B5B6E5B0142BF094B7A
:10896000094AC3F8202430BF2EF05CF905F084F8E2
:108970001CB9BDE81040FEF7C9BB10BD00ED00E01A
:108980000080005000E003500000FF0F0C4A10B5BB
:108990001369044643F0040313610A4B5B6E5B01E9
:1089A00042BF094B094AC3F8202405F02BF830BF19
:1089B00005F062F81CB9BDE81040FEF7A7BB10BD7A
:1089C00000ED00E00080005000E003500000FF0FC9
:1089D000034A0179D36E23F030030B43D36670470B
:1089E00000400050F8B504461C4BD3F88420D10653
:1089F000FBD4D3F88430C3F381139C422CD0FEF710
:108A00006BFB012C064602D121462EF0E8F82EF031
:108A100048F84FF00072124B07465A6620462EF077
:108A200004F94FF480630D4D621E93402B676B6E0B
:108A30009A0103D4D5F884309B060AD538462EF027
:108A400034F8022C08D13046BDE8F84000212EF061
:108A5000C6B8D5F88430EAE7F8BD00BF0040005042
:108A60000060005010B50C4608B9FEF735FB074B07
:108A700021461B783BB1064B984204D80120BDE843
:108A80001040FFF7AFBF0220F9E700BF7D44002090
:108A9000005A62020278034B012100201A70FFF78E
:108AA000E1BF00BF7D4400204FF0004238B5244BA9
:108AB000244C5A664AF6CD33656C014605F0010533
:108AC000236428BB0120FFF727FF6368DB0715D568
:108AD0001D4B586008461D4B226BD2070CD49842A0
:108AE00008D1072415B1174B194A1A6432F0FEFD5C
:108AF000204638BD0130EFE79842F2D00024F1E77C
:108B00000132236B13F0080305D08A42F8D1E8E75D
:108B100000220E49F5E78A42E3D020210A4A9162F9
:108B20000121A2F5805251600649084A886A8006F0
:108B300003D49342D5D00133F8E79342DDE700BF79
:108B400000900050004009500060095040420F0062
:108B50003254FFFF4FF0004238B5164B01465A66BB
:108B60004AF6CD33144C154A656C236443780B20C8
:108B70005B0043F00103D363FFF7CEFE63688A789E
:108B800023F4F87343EA02136360CA784B7943EA2B
:108B90000223A3600A798B7943EA022323610878D0
:108BA000FFF782FFEB0744BF054B236432F09EFDC5
:108BB000012038BD00900050004009500040005096
:108BC0003254FFFF4FF00042124B70B55D6E03F55B
:108BD00080535A664AF6CD3304460F4980204E6CC6
:108BE0000B64FFF799FE0B6A23F00F030F2C94BF61
:108BF000234343F00F030B62F30744BF074B0B649F
:108C0000002DA2BF4FF00042054B5A6632F06EFDB8
:108C100070BD00BF00800050004009503254FFFF7B
:108C200000A000504FF00042104B70B55D6E03F590
:108C300080535A664AF6CD3304460D4980204E6C67
:108C40000B64FFF769FE0B6A23F4F85343EA04232D
:108C50000B62F30744BF074B0B64002DA2BF4FF01C
:108C60000042054B5A6632F041FD70BD0080005055
:108C7000004009503254FFFF00A000502DE9F041A0
:108C800005460F461E4690464AB101233022194C34
:108C90008B4002FB004436B304F5825423600F215D
:108CA000072F05EB450388BFA7F108044FEA03131C
:108CB000114895BFBC00A40004330C3308FA04F239
:108CC000A14018442DF0B2FFB8F1000F09D10123E3
:108CD0003021084ABB4001FB05223EB102F5825219
:108CE0001360BDE8F08104F50154D7E702F50152A5
:108CF000F6E700BF00C0035030C0035010B5152088
:108D000002F020F80024FF22064B21465C6520205B
:108D10009A625C60FFF788F82146BDE81040212088
:108D2000FFF782B800000450044A054B002908BF31
:108D30001346012282401A60704700BF4010045061
:108D40004020045010B5012104462020FFF76CF8A4
:108D500001212120FFF768F80122114B15205A60EC
:108D6000227812069A606178A27842EA01429A61FA
:108D7000FF229A6200229A631A644FF000425A65F9
:108D80004FF0FF3203F500531A6501F0FBFF152089
:108D9000E17802F005F8BDE81040152001F0E4BFCD
:108DA00000000450F8B50125C3B2D1F800E091F8F5
:108DB0000AC00F7B0C469D40CB7A1D491D4E0D65A8
:108DC000810001F1A04101F58821C1F804E04FF0D4
:108DD000300E0EFB00601B05617B43EA0C4343EA47
:108DE000475322F003020166C36502672DF064FE5B
:108DF000114B5D65237A13B1336C2B433364637A73
:108E000013B1B36B2B43B3632279A37943EA0243D3
:108E1000074A93616179E37943EA014306498B612B
:108E2000044B55639D64BDE8F8402DF04BBE00BF78
:108E300000200450000004500010045010B501241C
:108E4000C0B284402DF038FE044B5A6D22EA040271
:108E50005A659C62BDE810402DF034BE00000450FD
:108E600010B50124C0B284402DF026FE074BDA6A0B
:108E7000224208D15B6B9C430CBF012400242DF0DF
:108E800021FE204610BD0024F9E700BF0000045079
:108E90004FF48032054B9A6641F6713203F51C336C
:108EA000DA63012203F50053DA6070470090005046
:108EB00041F671320121064BDA6303F50052D160AD
:108EC0000022DA634FF48032A3F518339A667047B4
:108ED00000000350013831289ABF024B185C002073
:108EE000704700BFDD0F040838B5C2F306250446FD
:108EF00002F0070241B942EA052242F44022063458
:108F0000074B43F8242038BD114628462DF09EFE1D
:108F100002462846FFF7DEFF163442EA0022EFE75A
:108F200000800350044B1868421C02BF034AD2F869
:108F300094001860704700BF384C0020004000507B
:108F40004FF48032064B5A6603F5E6239B69C3F360
:108F50008512827003F03F021B0B42700370704752
:108F60000090005040F6B732064B5B689BB29342CC
:108F70009FBF4FF47A72B3FBF2F3034AD05C88BF11
:108F8000002070470080E00F0F1004080120034B01
:108F90009B680A3303F01F03984070470080E00F7E
:108FA00070B5054616461C4621B94FF42070FEF7F1
:108FB00055FF0146402C1BD003D8DCB1202C1BD020
:108FC00070BD602CFCD1042303FB06F2530803EBB5
:108FD0004113B3FBF2F3094A203B02EAC303AA6838
:108FE00022F06002AA60AA681443AC60EB61E7E774
:108FF0000623E9E71023E7E70823E5E7F8FF7F000A
:10900000012100F5805310B5596040F6AA6341F282
:10901000050243610023094C8360C365C26000F50B
:1090200000520361C361C3649464054C8365A0422C
:1090300004BF03654365516010BD00BFFFFF010021
:1090400000C0055070B50D46FFF7DAFF012300F5AB
:1090500080567360AB7C04461BB1836843F0804349
:109060008360EB7C5BB1244B9C4202BF2A7DA3F55D
:109070001033C3F8C821E36D43F08003E3652A8A07
:109080006B7B20461343EA891343E3602B7BD5E9CE
:109090000112FFF785FF6B7D1BB1A36843F480339A
:1090A000A360AB7D1BB1A36843F40043A360EB7DD9
:1090B0002A7E1B07120502F4E00203F0E04313438B
:1090C000A3656B7E9A1E012A4FF0020209D80B4954
:1090D000032BC1F8202709D10423F3652B786361A2
:1090E00070BD0749012BC1F82027F4E7042204F5DD
:1090F0000053DA65F2E700BF00C0055000D003500E
:1091000000E00350034B5A68D20702D5DA69002AFF
:10911000F9D1704700800A50054B9A689107FCD43A
:109120005A689207F9D4DA69002AF6D1704700BF6D
:1091300000800A5008B5FFF7E5FF0222014B1A61D3
:1091400008BD00BF00800A5008B5FFF7E5FF012207
:10915000024B03F580514A601A6108BD00800A5035
:1091600008B5044B5968012903D1FFF7E3FF024B0F
:10917000596008BD00800A5000A00A5010B5064C86
:10918000FFF7CAFF6368012B03D1FFF7E9FFFFF781
:10919000C3FF0378E36010BD00800A50B8B94A6885
:1091A0000B7812B1127843EAC2034A7843EA4203C9
:1091B0008A6812B1127843EA82138A7843EA8203FA
:1091C000CA6812B1127843EA4223014A9364704795
:1091D00000800A5008B9014B5964704700900A504A
:1091E00008B9014B5964704700A00A5008B9014BF7
:1091F0001964704700A00A5010B9024B186C7047F0
:109200000020704700800A5048B911B1012903D0ED
:109210007047044BD86C7047024B186D70470020A4
:10922000704700BF00800A5040B911B1012903D036
:109230007047034BDA647047014B1A65704700BFF3
:1092400000800A5010B9024B586D704700207047DB
:1092500000800A5038B50446054D32F0A3FA0FCC11
:109260000FC594E8030085E80300002038BD00BF67
:10927000081F002047F6FF739A42F0B56FD002290D
:109280006FD8394B5B5C012B6BD8384DDF0005EB99
:10929000C30415F83330A178012B13D10025E078F1
:1092A000401AA84202D80844C0B2F0BD431B666809
:1092B000A0EB530336F913609642D4BF1D4603F169
:1092C000FF30EEE760680028EFD0B0F9004094422C
:1092D00004DBB0F902409442B8BF144683883D4491
:1092E000FF2B19BFC8224FF0280CB0F90620B0F9A7
:1092F00008C0A2EB04030CBF0126002693FBFCF37D
:1093000033446E781BB29E4201DD002B01DA731EDE
:109310001BB24FF47A7C01339BB2071D5D1E2DB248
:109320004FEAC50E00EBC505EA88AD689E4214FB06
:10933000025222EAE27202F15C02B2FBFCF204DDAC
:1093400037F8335001339542E8D200EB0E0398888A
:10935000904228BF1046884238BF0846A4E7FF2045
:10936000A3E70020A1E700BF12100408081F002097
:109370000229F0B555D82C4B585C012851D82B4CFC
:1093800004EBC00114F830004B6801280FD1C878F5
:109390008C78904294BFC4EB0001C4EB0201001B27
:1093A000CAB28242C8BF002233F91200F0BD002BBE
:1093B00037D08878904202D3B3F90200F6E7CC7830
:1093C000B3F900009442F1D94C789988013CA1F19D
:1093D000FF06714203F10405E4B2714103F10C0789
:1093E000CEB2B44216D805EBC1014FF47A756A4388
:1093F000B1F902404968521A04EBD47102EB6102E0
:1094000092FBF4F29042D1DBB3F902009042CDDC42
:1094100010B2CBE737F831C04E1C9445E3D3314648
:10942000DEE70348C2E700BF12100408081F00204F
:109430000080FFFF08B50448FFF70CFFBDE80840B7
:10944000012032F0D4B900BF181004087FB51422EF
:10945000002101A831F075FC044B01A94FF0FF3049
:10946000029332F004FA07B05DF804FB006A1800BA
:1094700008B5B0B14FF480620B4B9A662DF08EFFA9
:109480004FF098435A6CD202FCD54FF48062586D6D
:10949000064B10F470209A6604D0BDE808402DF009
:1094A000ACBC212008BD00BF0090005000A00050BF
:1094B0002DE9F0418CB08846DDE912761D46044660
:1094C000002847D0002945D0002F43D0002E41D09E
:1094D00013F00F033ED120482049A360002A08BFA3
:1094E0000146E361C4E90013404609A92DF081FD5E
:1094F00068BB204609992DF048FF294620462DF0EB
:1095000044FF6946404600F0F7FA00BB6946204632
:109510002DF027FF404603A92DF06AFEB8B920467A
:1095200003A92DF01EFF06970127204645F00055A0
:1095300006A9079708952DF014FF204609A909965A
:109540000A970B952DF017FF2046FFF791FF0CB0FF
:10955000BDE8F0812120FAE70001000400010104C8
:109560002DE9F04F97B0894690461F460546DDF835
:1095700080A0002800F0BB80002900F0B8803AB13C
:10958000229B002B00F0B380239B002B00F0AF80C8
:10959000BAF1000F00F0AB80219B002B00F0A780F8
:1095A00067B13C680026229B43440293464507D39B
:1095B00007B13C60002017B0BDE8F08F3C46F1E7F2
:1095C0005CB1229B219A9B5D125D01345340239A2A
:1095D00004F00F0493550136E8E7A8EB060BBBF146
:1095E0000F0F58D9434B4846C5E90034AC60EC61D5
:1095F00013A92DF0FEFC0028DDD1284613992BF08D
:109600000F0B2DF0C2FE594628462DF0BEFE4846EF
:1096100004A900F071FA0028CDD1284604A92DF044
:10962000A0FE484607A92DF0E3FD0028C3D1284637
:1096300007A92DF096FE012322992F4ACDF828A0E4
:109640000B930C928A190D9228464BF000520AA9EE
:109650000E9303920F922DF084FE28460DA92DF053
:1096600080FE239B039A9919012310911193129262
:10967000214A284610A9CDF84CA0149315922DF03C
:109680007AFE284613A92DF076FE2846FFF7F0FE55
:109690005E4400288FD1229B03EB060B239B1E44C4
:1096A000029B5B4501D1464680E7ACB9219B22462F
:1096B000CDE900A3494610232846FFF7F9FE00280C
:1096C0007FF479AF0AF1100212F8013D0133DBB2E9
:1096D00013700BB95245F7D1219A1BF8013B125D6B
:1096E0000134534006F8013B04F00F04D8E7212071
:1096F00061E700BF03030004100000202DE9F04FD4
:1097000097B0894615469A460446209FDDF8888022
:10971000DDF890B0269E002800F09D80002900F022
:109720009A80002E40F08A80002B00F09480B8F1DF
:10973000000F0AD0219B002B00F08D80002A40F002
:109740009F80F10700F1878002E0002A40F08580C9
:10975000FB1F062B7FD8524B0BEB05029A427AD89F
:109760000023504A4846C4E90023A360E36113A9DB
:109770002DF03FFC00285ED1204613992DF005FE08
:10978000204646EA07412DF000FE414620462DF0D6
:10979000FCFD294620462DF0F8FD484601A900F0C1
:1097A000ABF9002847D1204601A92DF0DAFD484643
:1097B00004A92DF01DFD00283DD14FF001092046E0
:1097C00004A92DF0CEFD239B45F000550793219B66
:1097D000CDF82090204609950DA90A9347F000572F
:1097E00048F00053CDF82C900C93CDF834A0CDF870
:1097F00038900F972DF0B5FD20460AA92DF0B1FD48
:10980000204607A92DF0ADFD259B204610A946F066
:109810000056CDF840B0CDF8449012951393CDF892
:10982000509015962DF0A7FD204613A92DF0A3FD0D
:109830002046FFF71DFE17B0BDE8F08F259B53B102
:10984000BAF1000F07D0B8F1000F01D0219B13B17E
:10985000B5B9022E20D12120EDE7239B002BFAD0B1
:10986000BBF1000FF7D0C7F10F03DBB2032B3FF6BC
:1098700068AF0122DB0002FA03F3AB42EBD9E8E761
:10988000239B002BE7D0BBF1000FE4D0C7F10F03FF
:10989000DBB2032BDDD8ECE7102E7FF652AFDAE710
:1098A00000000420000005042DE9F04F99B088461F
:1098B00015469B460446229FDDF89890289E60B18D
:1098C00059B1279B4BB1BBF1000F06D0249B0BB1C4
:1098D000239B13B11DB9022E13D121239AE0259B9E
:1098E000002BFAD0B9F1000FF7D0C7F10F03DBB2AC
:1098F000032BF0D80122DB0002FA03F3AB42ECD9D0
:10990000E9E7731E0F2BE8D816F0010AE5D1FB1F1B
:10991000062BE2D8414B09EB05029A42DDD8404BB9
:109920004046C4E9003AC4F808A0C4F81CA015A930
:109930002DF05FFB034600286CD1204615992DF0D1
:1099400024FD204646EA07412DF01FFD20462499BC
:109950002DF01BFD294620462DF017FD404603A99A
:1099600000F0CAF80346002854D1204603A92DF080
:10997000F8FC404606A92DF03BFC0346002849D1DF
:109980004FF00108204606A92DF0EBFC259B204650
:10999000099345F00053CDF8288001930B93239B46
:1099A0000FA90C93249B47F0005743F00052CDF8C9
:1099B00034800E92CDF83CB0CDF8408011972DF058
:1099C000D0FC20460CA92DF0CCFC204609A92DF096
:1099D000C8FC019B204612A9CDF84890CDF84C80D8
:1099E00014932DF0C8FC279B204615A946F000567D
:1099F0001593CDF8588017962DF0B3FC2046FFF74D
:109A000037FD034630B101902A465146484631F0B1
:109A100098F9019B184619B0BDE8F08F00000420AA
:109A2000000006042DE9FF474FF000080E461746D8
:109A30000446CDF80080002859D022B900252846D8
:109A400004B0BDE8F087002951D032F0030902F0DC
:109A5000030A1FD04FF0E063C0E9003801230191F1
:109A6000C0F808800293C0F81C8049F0005301A997
:109A700003932DF080FC494620462DF086FC2046BD
:109A8000FFF7F6FC054628B14A464146304631F01C
:109A900058F9D4E7BAF1000FD0D04FF000084FF0DA
:109AA000E063C4E900380123CDF804D00293114BE0
:109AB000204601A9C4F80880C4F81C8003932DF047
:109AC0005AFC042120462DF060FC2046FFF7D0FC14
:109AD000054608B13A46D8E7009A4E44EB000135F6
:109AE00022FA03F3AA4506F8013BF7D1A6E72125A0
:109AF000A5E700BF0400002090B189B101234B60AD
:109B0000C368013B012B08D88269064B1AB10A6071
:109B100000208B607047044AF9E74FF00053F7E7E5
:109B2000212070470800002068160408012300F077
:109B30001F02A0F506200949A0F550604009934096
:109B400051F820201A4341F82020054951F82020DF
:109B500022EA030241F82020704700BF401F002086
:109B6000201F00200122A0F506230D49A3F5506314
:109B70005B0900F01F00824051F82300024341F8C6
:109B8000232000231946074A52F8040B0133082BFF
:109B90000144F9D119B92022014831F0D2B87047F7
:109BA000201F0020401F00202DE9F04FA9B0039294
:109BB0001E4604460822339FCDE90401414021FAA4
:109BC00002F34B40980702F1080218BF9B00202ABD
:109BD0001C44F4D1744BE4B21B7804F5062404F55C
:109BE0005064002B3ED1FDF7DFFD054620B16FF03C
:109BF000910029B0BDE8F08F0146402208A831F05D
:109C0000A0F84022294618A831F09BF8DFF8B4816B
:109C1000DFF8B491C3460BF10F0ACDF800A05B4604
:109C20001022D9F8000008A931F0BFFB002302463A
:109C300008F1100808AD9A423DD1CDF800A05B466E
:109C40001022D9F8000018A931F0B8FB4FF0000A33
:109C5000834618ADD34538D1544B9845DAD101220B
:109C6000514B1A704FF480780025DFF860B1A4F5ED
:109C70000623A3F5506252095BF8221004F01F007E
:109C8000C140C90734D44A4951F82220C240D20702
:109C900022D5A3F6FF43DBB2002D08BF254603F50E
:109CA0000624B8F1010804F55064E0D1039BABB180
:109CB000A5B12C4618E055F8040BCDE90623FFF7B3
:109CC00035FF079B069A0133B5E755F8040BFFF7FC
:109CD00049FF0AF1010ABDE7039B13B96FF08B003E
:109CE00087E7002D18BF2C46349B00201C6080E7BE
:109CF000329B13B10023329A13600FB100233B60F3
:109D00004FF0100ADFF8C090CDF800A000233246D3
:109D10002146D9F800000BF067FC58BB3299326835
:109D2000244BC1B99A4206D02146D9F800000BF065
:109D3000C3FD0028D2D1D6E90223DDE90410834215
:109D400008BF8A4226D0A4F50624A4F6FF44E4B254
:109D500004F50624A5E732999A42C1F800A0E3D1A0
:109D6000002FE8D03B462146D9F8000018AA0BF096
:109D70005FFD48B1104B9842D6D0104B9842D3D0DB
:109D80000F4B9842D7D032E7329A3B6812689B1A41
:109D90003B60D0E7039B002BA6D07368012BA3D1B7
:109DA0006FF0840025E700BF7E44002000710800AA
:109DB000201F0020105D175EFFDF00F011E000F0B3
:109DC000FEDF00F0006D0800344C0020401F002032
:109DD0002DE9F04F87B08246894698461646DDF851
:109DE00040B02AB1002B4FD040F26C739A424ED84B
:109DF000BBF1010F4ED8002406F1100739460120AF
:109E000005942EF0CBF90546002846D021463A4667
:109E100030F097FF05ABCDE9014300942B460122BA
:109E200050464946FFF7C0FE044680B110F18C0F42
:109E300008BF6FF08D043A460021284630F081FFBC
:109E400028462EF08DF9204607B0BDE8F08F144B60
:109E5000C5E902A92B60C5F804B02EB132464146CF
:109E600005F1100030F036FF059E0E483B462A46AD
:109E7000314600680BF020FB18B93046FFF756FE5C
:109E8000D9E76FF09104D6E76FF08604DBE76FF057
:109E90009104D8E76FF08504D5E76FF08C04D2E722
:109EA000105D175E344C00202DE9F0438DB08146E3
:109EB000DDE914780E4615461C469BB1B8F1000F3B
:109EC00005D16FF0860630460DB0BDE8F083002F57
:109ED000F7D0B7F1005FF4D3C3F1005303F580234B
:109EE0009F42EED81022002108A830F02AFF00225D
:109EF00007AB029305AB019306AB3146009348468E
:109F000008ABCDE90522FFF74FFE06460028DAD15F
:109F1000059BA4B1AB4215D853EA0504D1D1069BE9
:109F20000B48C8F8004000943A46079900682B4453
:109F30000BF05AFB002818BF6FF09106C3E7AB4245
:109F4000EDD2BEE75B1B9C4228BF1C46E7E700BF83
:109F5000344C002030B58DB00C460546102200214F
:109F600008A830F0EEFE002207AB029305AB019388
:109F700006AB21460093284608ABCDE90522FFF742
:109F800013FE0446D8B9099B012B1BD0079D104B2B
:109F9000294618680BF090FCB8B90122A5F50623F4
:109FA0000C49A3F550635B0905F01F00824051F88E
:109FB00023004240284641F82320FFF7D3FD2046E6
:109FC0000DB030BD6FF08404F9E76FF09104F6E74F
:109FD000344C0020401F002030B5048804F4E043D6
:109FE000B3F5005F2ED1C4F30223042B2AD181F0F4
:109FF000AA6383F4807333F47E132AD081F0AA63BA
:10A0000083F4007333F47E1323D00023144D21F422
:10A010007E11A9421AD1B4F5105F17D1418821F001
:10A020004000802802D0B1F5807F15D1191F0C297E
:10A0300012D8DB0710D4073A072A34BF00206FF08C
:10A04000860030BD42F204039C42DED16FF08500F1
:10A05000F7E7C1F30543D9E76FF08600F1E700BFEA
:10A06000000140052DE9F04F9BB08146DDE92876DF
:10A070001D468B46DDF8A880DDF8BCA0099241B1F1
:10A0800038B1249B2BB1269B0BB9279B0BB91FB969
:10A090004EB16FF086047FE02EB1B8F1000FF8D01A
:10A0A0002B9B002BF5D02C9B002BF2D0BAF1000F8C
:10A0B000EFD02E9B002BECD02D9B002BE9D0B9F8D4
:10A0C000003003F4E042B2F5005F69D1C3F302222D
:10A0D000042A65D185F0AA6383F4807333F47E1378
:10A0E00006D085F0AA6383F4007333F47E1360D145
:10A0F000C5F3054329464846259ACAF80030FFF7BC
:10A100006BFF0446002847D1014620220AA830F000
:10A1100018FE2022214612A830F013FE0AA82CF0C7
:10A120009AFE002855D159464846099A12AB00F0CC
:10A13000C3FA044600282FD12B9B9E424CD8DAF854
:10A1400000302E9A934247D8474508D2BB1998450C
:10A1500005D239463246404630F0D9FD4746204BBD
:10A1600025F47E159D4226D1DAF80030324606935A
:10A170002D9B0397CDE90483279B12A90293269B6D
:10A180000AA80193259B0093249BFFF7B7FA212887
:10A1900019D0D8B92C9B1E6020461BB0BDE8F08FAB
:10A1A00042F20402934204D185F0052383F4801324
:10A1B0009BE700239EE76FF0880400232C9A13602E
:10A1C000CAF80030E8E76FF08604F6E76FF0920413
:10A1D000F3E76FF09204DFE76FF08904DCE700BF7C
:10A1E000000140052DE9F04F99B08A46DDE926656A
:10A1F0009346984681462A9F28B96FF086042046E8
:10A2000019B0BDE8F08F0029F7D0229B002BF4D0C5
:10A21000249B13B9259B002BEFD10EB9002DECD157
:10A2200017B92B9B002BE8D12C9B002BE5D0289B4A
:10A23000002BE2D041464846239AFFF7CDFE044664
:10A240000028DCD1202201460DEB020030F079FD20
:10A250002022214610A830F074FD08A82CF0FBFD48
:10A2600010B16FF09204CAE75A465146484610AB07
:10A2700000F022FA04460028C1D12B9B9D422AD827
:10A28000BE4208D273199F4205D231462A4638464B
:10A2900030F03DFD3E46144B28F47E1898451DD104
:10A2A000299B2A460693289B0396CDE90473259B98
:10A2B00010A90293249B08A80193239B0093229B3F
:10A2C000FFF7F2FA212898D02C280AD00028C8D10C
:10A2D0002C9B1D6093E76FF0890490E76FF0880472
:10A2E0008DE76FF094048AE700014005084B98421F
:10A2F00002D0084B984207D10B88B3F5105F0CBF12
:10A3000000206FF0850070476FF08500704700BF38
:10A31000004440040013C0042DE9F04F9946002387
:10A32000A3B09346DDE92E74DDE93068CDE906334C
:10A33000CDE90833CDE90A33CDE90C33DDF8C8A007
:10A340000490059129B96FF08605284623B0BDE831
:10A35000F08F002AF7D00FB9002CF4D12C9B13B941
:10A360002D9B002BEFD116B9B8F1000FEBD1BAF14C
:10A37000000FE8D048460499FFF7B8FF05460028CB
:10A38000E3D10146202212A830F0DBFC202229462E
:10A390001AA830F0D6FC12A82CF05DFD002878D168
:10A3A000DDE904015A461AAB00F086F9054600289B
:10A3B000CBD11A982DF032F905460028C5D114B931
:10A3C000CAF80000C1E7B7420AD23B199E4207D241
:10A3D0004445B8D839462246304630F098FC3746D6
:10A3E0004E4B994558D003F54073994515D04C4BC9
:10A3F000994540F08C804445A5D814F00F02A2D1B5
:10A400002346CDE900761AA912A8FFF751F80746AE
:10A41000002834D1CAF8004097E700234445CDE92D
:10A420000E33CDE910338ED82D9B0D2B8BD101230C
:10A430008DF838302C9B0DF1390203F10C0153F8E3
:10A44000040B8B4242F8040BF9D11B7813700123E3
:10A450008DF8473014F00F0933D10F2CDAD906AB41
:10A4600001930EABCDE90276009324F00F02002396
:10A470001AA912A8FFF774F80746002843D04246ED
:10A480000021304630F05DFC0023012FCAF8003077
:10A4900040D06FF0920558E744453FF654AF2D9BEE
:10A4A000102B7FF450AF2C9B0DF1380C03F1100EE4
:10A4B000624618685968083303C273459446F7D159
:10A4C000C8E724F00F033B440DF1280C03F1100EF4
:10A4D000624618685968083303C273459446F7D139
:10A4E0000F2CBCD824F00F03334403930AAB029320
:10A4F00006AB01930EAB00934A4600231AA912A89B
:10A50000FFF72EF883E7B9F1000F83D0EAE76FF089
:10A5100085051AE76FF08B0517E700BF0010C00430
:10A52000004440042DE9F04F994600239FB0934624
:10A53000DDE92865DDE92A788A46CDE90633CDE9EB
:10A540000833CDE90A33CDE90C33059029B96FF012
:10A55000860420461FB0BDE8F08F002AF7D00EB960
:10A56000002DF4D117B9B8F1000FF0D12C9B002BBE
:10A57000EDD048460599FFF7B9FE04460028E8D11A
:10A58000014620220EA830F0DCFB2022214616A82E
:10A5900030F0D7FB0EA82CF05EFC002844D15A46C0
:10A5A0005146059816AB00F087F804460028D0D134
:10A5B00016982DF033F804460028CAD115B92C9B03
:10A5C0001860C6E7BE420AD273199F4207D24545BA
:10A5D000BDD831462A46384630F099FB3E46344BCA
:10A5E000994549D003F54073994520D0314B9945A1
:10A5F00054D1454555D82B07A9D12B460122CDE989
:10A60000006716A90EA8FEF753FF2C9B06461D6097
:10A6100000289ED042460021384630F092FB0023AD
:10A620002C9A012E13603FD06FF0920491E70D3DFC
:10A63000454536D801238DF8283033460DF12902DF
:10A6400006F10C0153F8040B8B4242F8040BF9D1CC
:10A650001B780D3613704FF48073ADF8363006ABAF
:10A6600001930AAB00932A460023CDE9026716A99D
:10A670000EA8FEF775FFC8E7103D454511D83346D3
:10A680000DF1280C06F1100E62461868596808335F
:10A6900003C273459446F7D11036E0E76FF08504A6
:10A6A00057E76FF0890454E76FF08B0451E700BF60
:10A6B0000010C00400444004F0B5164600221C46B9
:10A6C00043688DB01B0A07460D46009204D0012B4B
:10A6D00038D06FF08B0071E02246314600962CF0A6
:10A6E000C4FF00286AD1F31CC4E9030523F0030367
:10A6F0006361002E00F0A3802022002101A830F029
:10A7000020FB3146384601AA2CF0AFFF002840F06C
:10A7100096802368019A9A4240F091806368029A79
:10A720009A4240F08C80A368039A9A4240F0878056
:10A73000A369079A9A4240F08280E369089A9A4294
:10A740003CD07CE0032E7FD90B78012B40F0878032
:10A75000497800294BD0F7390829BAD801A353F812
:10A7600021F000BFCBA7000889A70008D3A60008E6
:10A77000C1A70008D3A60008E5A70008D3A60008D3
:10A78000D5A70008DDA700084FF41056F825354F6F
:10A790001C22002102A830F0D4FA03230197CDE94E
:10A7A0000435039601AA09AD134603CBAB422060E2
:10A7B00061601A4604F10804F6D100200DB0F0BD26
:10A7C00010274FF08076FA25E2E720274FF0007639
:10A7D000F725DDE7FE25234F234ED9E7FF25214F3F
:10A7E000224ED5E74FF41056FC251E4FD0E72B2EF6
:10A7F0002AD92022204630F0A4FA05F11003236163
:10A80000AB070DD001AB05F1280C1A462868696822
:10A81000083503C265451346F7D1286801AD1060BD
:10A820006B68103E2360AB6869466360EB68204646
:10A83000A36001236661E3602CF01CFB38B1202289
:10A840000021204630F07DFA6FF08600B6E7009ECA
:10A85000626906F11C039A42BFF44BAFEFE76FF059
:10A860009100ABE720000080004400020044000398
:10A87000B8B1036813F4E07F03F03F00C3F3821222
:10A880000AD0012A0DD1084B41B103F580530122B2
:10A8900082401A6000207047044BF5E703F500532F
:10A8A000F5E70E20704700BF6880005064800050BC
:10A8B00030B58BB06C466D4D0FCD0FC40FCD0FC4AE
:10A8C00095E8030084E80300694BD3F84C21110399
:10A8D00040F1AE80A3F5FE431C884FF6FF739C4207
:10A8E00008BF8C248DF81940FDF71CFE044484F346
:10A8F000080460488DF81840FCF724FC6846FDF712
:10A90000EDFC3220FDF744FE5B48FDF71BFF5B4882
:10A91000FDF78CFF5A4C01213620FDF785FA002007
:10A92000FDF73CFEFDF7ECFE236F002023F007034C
:10A9300043F003032367236F23F4744343F48063DA
:10A9400023672CF057F94F4BD3F8FC20D20173D476
:10A95000D4F8803023F0030343F00103C4F88030BF
:10A96000D4F88030C4F88030454CD4F8203123F03E
:10A97000070343F00203C4F82031D4F8283123F050
:10A98000070343F00203C4F82831D4F8803123F0E0
:10A99000030343F00103C4F88031D4F8403123F0BD
:10A9A000030343F00103C4F84031D4F8603123F0CD
:10A9B000030343F00103C4F86031D4F8403223F0BC
:10A9C000030343F00103C4F84032D4F8003223F00B
:10A9D000070343F00103C4F80032D4F8083223F02F
:10A9E000070343F00103C4F80832D4F8703223F0AF
:10A9F000030343F00103C4F87032D4F8203223F08B
:10AA0000070343F00103C4F82032FDF74FFC4FF079
:10AA1000E0220020136963F004031361D4F860326C
:10AA200023F0070343F00103C4F860320BB030BDDC
:10AA3000D3F85041E4B255E7D3F8FC2022F08072FD
:10AA4000C3F8FC20D4F8802022F0030242F0010277
:10AA5000C4F88020D4F88020C4F88020D3F8FC20EB
:10AA600042F08072C3F8FC207EE700BF7016040835
:10AA70000080E00FC017530200B4C404C0EA2101F3
:10AA80000080005000ED00E007B5094B18689A8877
:10AA90009B7900906846ADF804208DF80630FEF7EB
:10AAA00059F80920FEF78EF8002003B05DF804FB8A
:10AAB0009816040870B503F09FF90446E8B903F04E
:10AAC000FDFB03F083FA4FF4167343430C4A03F57E
:10AAD000742303F23F23B3FBF2F30A490A480B60E5
:10AAE0000A230268094D0E68013B45F8046B0E68A5
:10AAF00013F0FF033244F6D10260204670BD00BF60
:10AB000040420F00941F0020641F0020681F002097
:10AB1000012208B5034B1A702DF0B3FB024B1860ED
:10AB200008BD00BF7F440020601F002010B503F067
:10AB30004DFA04462BF0E3FF844207D92DF0ADFB1C
:10AB400020B10122024B1860024B1A7010BD00BFE9
:10AB5000601F00207F440020F8B51F4C2378E3B12C
:10AB60002DF08FFB1D4B1E4D1B68C01A28602B68F3
:10AB7000A3B12B682B6003F029FA4FF416725043EF
:10AB8000184A00F5742000F23F20B0FBF2F02B6869
:10AB90002B68834204D900232370F8BD0123E9E721
:10ABA0001148124E0378296856F82320104F511A85
:10ABB0003A68521A29683A6046F823100A21093285
:10ABC000B2FBF1F20B4D0133DBB22A60B3FBF1F2C1
:10ABD00001FB12330370DEE77F440020601F00207A
:10ABE000901F002040420F0080440020681F00207A
:10ABF000641F0020941F0020014B1868704700BF9D
:10AC0000941F002070B503212C2000F0C9F84FF4E8
:10AC1000801204250E4C0F4B0F4E5A6604F500535C
:10AC20005E672C205D671E671D6700F0ABF82C2067
:10AC300000F09AF804F580535E675D67A36A23F01D
:10AC40000073A362A36A43F48053A36270BD00BF84
:10AC50000040005A00900050010000A0064B074A37
:10AC6000996D11F0050F01D0117811B10028F7D1BD
:10AC700070470120704700BF0040005A8144002007
:10AC8000164B10B51C6F14F0040111D0144A116753
:10AC9000082191629B6DDA0701D4FFF747FF02F0AC
:10ACA000DDFD02F0BDFD012003F0B4FA2DF0F7FA4E
:10ACB000E30706D501220A4B1A67FFF74DFF02F0A2
:10ACC000AFFD14F000521CBF054B1A67002CBEBF2D
:10ACD0004FF00042024B1A6710BD00BF0040005AFF
:10ACE0000060005A6FF00403502110B50A480B4C65
:10ACF00013F0800F03F1010206D123444C2A83F89C
:10AD000000131346F4D110BD03F00F03043B0344BA
:10AD100019761346ECE700BF00ED00E000E100E02B
:10AD2000BFF34F8F0549064BCA6802F4E062134334
:10AD3000CB60BFF34F8F00BFFDE700BF00ED00E029
:10AD40000400FA0500280CDB01220649430900F043
:10AD50001F008240203341F82320BFF34F8FBFF301
:10AD60006F8F704700E100E0002807DB01234109F5
:10AD7000034A00F01F00834042F82130704700BFB3
:10AD800000E100E0002808DB01224309034900F04C
:10AD90001F008240603341F82320704700E100E04B
:10ADA0000028ACBF00F16040064B4FEA0111C9B268
:10ADB000ABBF00F5614000F00F0080F8001319549C
:10ADC000704700BF14ED00E010B504462BF069FE9B
:10ADD000024B1C602BF069FE002010BD981F002064
:10ADE00010B52BF05EFE034B1C682BF05EFE204678
:10ADF00010BD00BF981F002038B50C46154601460F
:10AE000010B9FFF7EDFF01462B462246034808F034
:10AE100055F90028D4BF3720002038BDD97A03085F
:10AE200010B5002400F024F80348044B846043600C
:10AE3000FFF7CAFF204610BD9C1F002041AE00084E
:10AE400013B5064C23780093054B1B882CF061FE4C
:10AE500010B923780133237002B010BD8244002062
:10AE600072510020014B1880002070477251002061
:10AE700008B5074B1A6842B9012208201A602BF066
:10AE800041FE0449044802F071FB002008BD00BFE8
:10AE9000B01F0020584C0020A81F002030B51446D9
:10AEA000054687B010462CF08DFE6369024683424A
:10AEB0003CBFD4E903315B181B1A7BB10F490494E2
:10AEC00003910021CDE90131012300932846D4E903
:10AED00000132BF022FE002007B030BD0122627665
:10AEE00094F82D20002AF6D084F835301321E36938
:10AEF000204698472046636A9847ECE79DAE0008D5
:10AF00002DE9F04788B004460F46164698462BF0C8
:10AF1000D3FD8146002E7AD0237E03F0FF02002B62
:10AF200000F0A28020462CF04DFE6569A84205D1B4
:10AF3000637ED4E9033213445D1B01E0F9D9451B5C
:10AF4000B54228BF35462BF0B7FD94F82D30824628
:10AF5000002B6DD12A46384661692FF0BBFE63692C
:10AF60002E462B44636121E0037803F0FD01112993
:10AF70005BD1216B814205D1A3F111014B424B41C1
:10AF800084F83430013E6369216B01328B4203F156
:10AF9000010308BF2363636195426069E4D1D4E98A
:10AFA0000323216B1344994200D122630025D4E985
:10AFB000032361691344994208BF6261207A657670
:10AFC000FCF70EFB20462CF0FDFD6369834232D175
:10AFD000257694F82D30E568656103B12563204638
:10AFE000636A9847214B04940393002302932369D7
:10AFF0002A4601930123009363682168207A2BF08D
:10B000008CFD207AFCF70CFB50462BF05BFD48468C
:10B01000C8F800602BF056FDD8F80030002B0CBFAC
:10B020001B20002008B0BDE8F08707F8013BAAE725
:10B030002E460022B0E70123207A23760DF11E016F
:10B04000FCF756FB9DF81E30002BDAD00DF11F01E6
:10B05000207AFCF725FB9DF81F100029D1D122464C
:10B06000207AFFF71BFFCCE71646D0E79DAE00081D
:10B070002DE9F0410C461546064686B040220021D7
:10B0800020461F462FF05DFE95E8030000232A6945
:10B090002376EB6884E80300C4E904232A7DE36097
:10B0A00084F82C20AA7D2363012384F8343084F8AB
:10B0B00035300C9B84F82D2023620D9BE761636281
:10B0C0000E9BA3622B7A84F836306B7A84F8373083
:10B0D0002D4B346073602D4BB3602D4B33612D4B82
:10B0E00073612D4BF360FCF747FA38B12B4B984254
:10B0F00004D01024204606B0BDE8F081002104F100
:10B100000800FCF7C1F907460028F2D14FF001080A
:10B11000234B3362234B84F83C80B361224BF361B1
:10B120009DF8403084F8390084F83B309DF83C307D
:10B13000204684F83A30697D84F838802CF07FFD11
:10B1400095F90900FFF71EFE95F90900FFF70CFEBF
:10B15000164B0494CDE902732369CDE9008363683B
:10B16000E2682168207A2BF0D8FC04460028C0D180
:10B1700095F90800FFF706FE95F90800FFF7F4FDC2
:10B180003046FFF721FEB5E78F7C030801AF0008CA
:10B19000B37B0308B97B0308E57B0308038000F059
:10B1A0008D7B03083F7C0308BF7B03089DAE00082E
:10B1B0002DE9F04101271C465B4B86B002935B4BA7
:10B1C0000C9D01935A4B904600930A46CDE90377B4
:10B1D0002946584BFFF74CFF0646002840F09B805D
:10B1E000236839462B6463683A206B64637A85F878
:10B1F0004930237A85F84830E37A85F84B30A37AD2
:10B2000085F84A30637B85F84D30237B85F84C30D8
:10B21000E37B85F84F30A37B85F84E30FCF704FEC6
:10B220003B460422617A207AFDF728FD3B46022244
:10B23000E17AA07AFDF722FD39466068FCF7F4FD5B
:10B2400088F8006041462068FDF7FCFE1420617C10
:10B25000394B01F1390252019850607A227A03EB9E
:10B26000411342EA0042C3F83827E17AA27A42EA5F
:10B270000142C3F8302785F8506098F81930032B45
:10B280004FD8DFE803F0394C021C022385F8503018
:10B2900000230422E17BA07BFDF7F0FC0220617C0F
:10B2A000254B01F1B9025201985003EB411341F2D1
:10B2B0002C71E07BA27B42EA00425A501CE001273D
:10B2C00085F8503002220023617B207BFDF7D6FCFD
:10B2D000617B227B637C42EA014241F228715B017F
:10B2E00003F1A04303F570335A500422236803F599
:10B2F0008053DA65002FCBD1237A2A6C85F8483049
:10B30000637A052185F84930D36C206843F0040343
:10B31000D3642BF0BEFC304606B0BDE8F0810027B8
:10B32000CEE72326F7E700BFBD7D0308B17D030804
:10B33000497E03083D7E030800C0035013B5064C48
:10B340002378009311232CF0E4FB10B92378013308
:10B35000237002B010BD00BF8344002037B5FFF753
:10B3600087FD01250E4C0F4A0F49206020230095D0
:10B37000082007F033FF0D4B204663600C4BA360A1
:10B38000FFF722FD2BF08DFB04462946284602F0EC
:10B3900059F820462BF089FB002003B030BD00BFD8
:10B3A000B41F002084440020C21604083DB30008E6
:10B3B000FB7E03081A2812D8102814D940F28523DE
:10B3C000A0F11102D2B2D340DB070CD50122064B0B
:10B3D00080F020001A70054B18707D2003E0A0F16A
:10B3E0007D03012BF2D97047AB440020AA44002012
:10B3F000F8B50E461446204B00B3204A2049107081
:10B4000000221A7022700A704FF6FF721D4B1A80CC
:10B410001B4D2B78EBB91B4F304639882CF0DBFDE8
:10B42000164A38801378013BDBB213706BB90123E5
:10B430002B703046BDE8F840FFF7BCBF1A78002AF1
:10B44000E6D01870104B1878F8BD237801332370BC
:10B45000EFE7012B05D102232B700A4B1888000A55
:10B46000E8E7022B04D103232B70064B1878E1E7A1
:10B47000FF237E202370E7E7AB440020A844002090
:10B48000A944002056350020AA4400202DE9F047A9
:10B49000394E8846337817465BB9384A1370384AB4
:10B4A0001370384A1370384A13704FF6FF72374BD7
:10B4B0001A807D2850D02DD8182851D01A2852D063
:10B4C000314B2E4D1A78DFF8BC9080EA020400223E
:10B4D0001A702B78CD2B9CBF01332B702B78022B4D
:10B4E00012D9DFF8A8A099F80000BAF800102CF0E3
:10B4F00072FD2B78AAF80000CD2B9FBF99F8002091
:10B50000023B88F800203B701D4B1A781C7089F8AC
:10B51000002006E07E28D3D1184B1B781BB91A4AAD
:10B520001370202011E0FF2B1FD0184A1188154AF4
:10B530001078134A127802EB0022914217D1022BA5
:10B5400017D9CE2B34BF00207A20A0F1200253421D
:10B5500053413370BDE8F08720220B4B1A70E0E7AF
:10B56000FF22064BFAE77420EFE77720EDE776201D
:10B57000EBE77920E9E700BFAC440020A7440020B6
:10B58000A5440020A4440020A644002054350020F7
:10B5900008B52CF0D2FC4FF6FF73002818BF034605
:10B5A000014A138008BD00BF5A35002010B5074C72
:10B5B000208850B12CF0C1FC2388C01A044B00B283
:10B5C0001B889842B4BF0020012010BD5A350020CE
:10B5D000583500204FF07E624FF6FF732DE9F041A1
:10B5E000B2F84670B2F84460154D9F4208BF4FF460
:10B5F00048679E4208BF4FF4C8762C88DFF8448025
:10B6000050B164002C802B88BB4215D92F800023B9
:10B61000A8F80030BDE8F081B8F80030002BF2D077
:10B620002CF08BFCB8F80030C4EBC404C01A80B214
:10B6300004EB8004E408E5E7B34238BF2E80E6E778
:10B64000583500205A35002008B52CF076FC4FF014
:10B650007E634FF6FF72B3F85430934208BF4FF445
:10B660007A73034413F47F6FC3F3071208BFFF22FA
:10B67000014B1A7008BD00BFAD44002010B5084C46
:10B68000237843B12CF059FC2378C3EB10131B062D
:10B690005CBF002323702078B0FA80F0400910BD11
:10B6A000AD44002007B502F077FC6A4602F0DAFCF0
:10B6B00018B14521034800F01DFBDDE9000103B08E
:10B6C0005DF804FBD816040808B502F095FB18B124
:10B6D0006D21024800F00EFB002008BDD8160408BA
:10B6E00008B500F053FA0D4A536A43F470235362CD
:10B6F000EFF308834FF0CD31094A043B93420AD25D
:10B700002CF06AFD00F08CFCFFF7DEFFBDE808407E
:10B710000448FDF79FBD43F80419EFE700ED00E092
:10B72000000000201810040807B5042200200DEBCB
:10B7300002012FF0DDFF042803D0F621044800F0B9
:10B74000D9FA019800F020FC03B05DF804FB00BFBB
:10B75000D81604081028034670B535D020D8032821
:10B7600015D9002070BD032202231A491A4D0C6816
:10B770000021C8B28442F4D955F8200028B1067AD5
:10B780009E4202D1467A9642ECD00131F1E7421E48
:10B79000022A19D8DFE802F0021B16000022E3E7B4
:10B7A000A0F12002032ADCD8213B022BF6D801A20B
:10B7B00052F823F0C1B70008C5B7000867B7000802
:10B7C0000122D1E70222CFE700220323CDE70122A5
:10B7D000CBE700BF6C2904088C4C0020082310B56F
:10B7E0000A0A41400648C9B201F00104490804B1FF
:10B7F0004140013B13F0FF03F6D181EA020010BD86
:10B800002083B8ED2DE9F8430025134C134EDFF8E3
:10B810005480134FDFF8509023780BB9BDE8F883BC
:10B8200022464146002056F8043B2CF05EF922786F
:10B8300023460134002AFAD15B7853B105F00303A3
:10B84000032B0CBF3946494600202CF04EF9013538
:10B85000E2E73946F8E700BF541C04080010002056
:10B86000AD1A04081E1704081B17040840F6052229
:10B870006A4B2DE9F0411B8893420ED8B3F5206F37
:10B880000DD840F20252934218D040F20172934216
:10B8900020D040F2015293420AD0BDE8F081A3F6D5
:10B8A00002235F4C032B1ED8DFE803F0376396B208
:10B8B0005C490020BDE8F0412CF017B900205A493E
:10B8C0002CF013F9564B1A6C0020BDE8F041574993
:10B8D0002CF00BB9524A0020D2E92523BDE8F041F3
:10B8E00053492CF002B9002052492CF0FEF894F88C
:10B8F0006C309E0703D500204F492CF0F6F894F8E1
:10B900006F305D0603D500204C492CF0EEF894F919
:10B910006F30002BC1DA4A49CBE7002049492CF0AF
:10B92000E4F894F86830980704D00020226C3F496E
:10B930002CF0DBF894F96830002B04DA0020626FF9
:10B9400041492CF0D2F800250126404FDFF808814C
:10B95000A26E06FA05F3134207D057F82520137894
:10B960001BB1414600202CF0C0F80135082DEFD165
:10B9700093E7374900202CF0B8F82C490020226CBE
:10B980002CF0B3F894F86930590703D500203149F9
:10B990002CF0ABF894F96930002B04DA0020626FC8
:10B9A00029492CF0A2F80825284E2B4FA36EEB4016
:10B9B000DA0707D556F8252013781BB13946002041
:10B9C0002CF093F80135102DF0D194F86800002880
:10B9D0007FF463AF21496DE7214900202CF085F801
:10B9E0000020226C11492CF080F81025174E1A4FB8
:10B9F000A36EEB40DB0707D556F8252013781BB163
:10BA0000394600202CF071F801351A2DF0D144E7A9
:10BA1000002014492CF069F8226C55E75C350020B1
:10BA20000010002028170408661704089717040858
:10BA3000B2170408CE170408E717040822180408F0
:10BA40005618040893180408B9180408A420040818
:10BA5000E0180408F8180408D71804083F19040867
:10BA6000701904088A1904082DE9F04F3A4D85B081
:10BA7000D5E90D32580748BF0026D5E9121B48BF4B
:10BA8000B046D5F83CA05FBFD5F850808B469246B3
:10BA9000324E54BFDFF8E890DFF8E89013F0080F5B
:10BAA0002F4B304A18BF1A46B6EB08071FBF642356
:10BAB0007C0803FB0B44B4FBF7F40CBF3C46A4B278
:10BAC0004B4629490020CDE9016ACDF80080BFB27C
:10BAD0002CF00BF823460020CDE9009723491FFAEC
:10BAE0008BF22CF002F8B24501D8C24504D24A4686
:10BAF00000201F492BF0F9FFD5E9170318436B6E9F
:10BB0000184309D11B492BF0F0FF00201A4905B05A
:10BB1000BDE8F04F2BF0E9BF002018492BF0E5FFFE
:10BB2000002501270C4EDFF860800024F26D07FA33
:10BB300004F3134204D0414600202A192BF0D5FF0C
:10BB40000134202CF2D12035602D06F10406ECD111
:10BB500000200949D7E700BF001000200010002096
:10BB6000B9190408C0190408C8190408FA19040806
:10BB7000341A0408531A0408AE1A0408691A04088F
:10BB8000B4190408AC190408991A040837B5FDF76C
:10BB9000C9F905462BF077F8EB072ED40123194697
:10BBA0001A4601FA02F42C4003F1010327D0214B7D
:10BBB00033F812402AF01CFF062C83B21E4A4FEACB
:10BBC000104022D14FF20F0188421BD1B3F5406FD4
:10BBD00028BF4FF4C06313804CF23C314FF0005348
:10BBE000598040F2017312889A4201BF134B144AE4
:10BBF000D2E90001C3E9000117E00022D7E7102BCA
:10BC0000CED1D7E74FF4C063E5E740F207218C427D
:10BC10000DD14FF20F01884209D1A34207D14FF055
:10BC200000534CF23C315980148003B030BD148075
:10BC3000D7E700BF341C04085C350020C01F00207B
:10BC400094100020014B1888704700BF5C3500201D
:10BC5000014B1888000A70475C350020164B188885
:10BC6000020A10F0FF00134604D1012A23D143F049
:10BC700080007047072BFAD801A252F823F000BFCA
:10BC8000A5BC00086FBC0008A1BC0008B5BC00083A
:10BC9000B5BC0008A9BC0008ADBC0008B1BC0008D8
:10BCA0000920704718467047032070470B207047E3
:10BCB00006207047022070475C350020044B054881
:10BCC0001B881A0AB3F5406F38BF00EB820070473B
:10BCD0005C350020041C0408044B1888044B020A3D
:10BCE00053F82230C0B203EB800070475C3500206F
:10BCF000D41B040838B504460D460B4602460749D6
:10BD000000202BF0F2FE00F0B7F92AF0D1FE294610
:10BD10002046BDE838402CF06DB900BF9D1A0408DC
:10BD20006E4A2DE9F0416E4B55686E4C5D65516A67
:10BD300099656D49D1F80002D865D1F804021866FA
:10BD4000D1F80812586B5966916A10F0040F996681
:10BD5000D16A4FF00000D966116B1967516B5967B2
:10BD6000D26BD8649A67D3E90E1218BF11465F4AA6
:10BD700091421A655DD301F12000A04259D888692B
:10BD8000C5F308051864CE69062D5E6455D1584D7B
:10BD9000A84252D3574DA8424FD205884DF6426073
:10BDA00085424AD11868C3F894005868C3F89800CF
:10BDB00040F20170A242154604D22E680432B6F158
:10BDC000CD3FF7D00022C3E91F22C3E92122C3E9F6
:10BDD0002322641BDFF818C1424DDFF818E19C6490
:10BDE0008D422DD8D3E91FC7D3E92165D3E923417B
:10BDF0004FF0000E013AD2B2FF2A3BD1BEF1000F44
:10BE000005D0C3E91FC7C3E92165C3E92341B3F8DE
:10BE10005430C3F308030C2B3AD8022B53D9DA1E43
:10BE2000092A50D8DFE802F030563F424F4F4F4FBB
:10BE30004F4C0021C3E910112C494FF42060B9E7A1
:10BE400055F8044D6445CBD37445C9D2E607C7D530
:10BE50000026294F57F8048FA045C1D00136062E81
:10BE6000F8D12AB1013AD2B203EB8206F467B7E700
:10BE70000522F9E7E0464FF0010EBC4637462E4654
:10BE800025460C464146B5E740F60120BDE8F08165
:10BE90003A2B18D1194B9B6913F0020F40F2025351
:10BEA00018BF1846F2E740F60320EFE740F20172B0
:10BEB00040F60423B0F5206F14BF10461846E5E79E
:10BEC00040F60520E2E740F60722013B5A2B98BFD7
:10BED0001046DBE740F60220D8E700BF00ED00E0A7
:10BEE000001000200010002000E100E00000002011
:10BEF00020630008400F0408781000200040005B19
:10BF000000F00CB800F00AB800F008B800F006B86D
:10BF100000F004B800F002B800F000B872B61EF0ED
:10BF2000080F09D01EF0040F0DD0DFF850E0AEE886
:10BF3000FF1F6FF002000CE0DFF840E0AEE8FF1FEB
:10BF40006FF00E0005E0DFF834E0AEE8FF1F6FF0A1
:10BF500006006946EFF309828EE807008646084826
:10BF6000084C854501D3A54501D384F30888FFF724
:10BF7000D7FE84F308882CF03FF800000010002062
:10BF800040000020001000204BF6EF6283B2002B2F
:10BF900008BF1346044A000C13804FF6CE2308BF97
:10BFA0001846024B188070477651002074510020CB
:10BFB0000B4BB3F900201888002AB8BF80F062004C
:10BFC00042001A80074AB2F9001013880029BCBF4A
:10BFD00083F4805383F00B0359001180584070475D
:10BFE000765100207451002008B502F069FA60B162
:10BFF0000A4B0344072B0DD8072B0BD8DFE803F0BF
:10C000000C060A080A0A0A045D2008BD5A20FCE74B
:10C010005B20FAE75C20F8E75920F6E7FF1FFF0FE7
:10C0200030B50D2485B012482BF0B9FC2246002112
:10C030000DF101002EF085FE01238DF80030032361
:10C0400002258DF80A400B4C694620468DF80B30CE
:10C050002AF058FE2A20FEF795FE04F500532A2008
:10C060009D61FEF781FE04F58054E56105B030BDA9
:10C07000A01604080040005B01482AF032BE00BF51
:10C080000040005B10B5054C20462AF076FE2046A5
:10C09000BDE8104000212AF010BE00BF0040005B48
:10C0A000024B586800F00100704700BF0040005B81
:10C0B00010B5094A137813F002040CD10749084857
:10C0C00009780078884206D0064863F07D03048032
:10C0D00005481370017010BD7B450020824500208B
:10C0E000804500205A3500207F450020054B064A38
:10C0F00019881288914202BF0121044A117000225E
:10C100001A80704768350020663500207945002088
:10C1100007B50346009102223D20034930F07EF826
:10C1200003B05DF804FB00BF1921040807B5064BF6
:10C1300002221B783D2000930449812330F06EF8E1
:10C1400003B05DF804FB00BF8545002019210408F9
:10C1500038B50C4D0C4C2A7823789A4200D138BD62
:10C1600000210A4831F0E4FC094B1B88834202BFDE
:10C170000122084B1A702378013303F00703237060
:10C18000E9E700BF824500207D45002060350020A2
:10C190006635002079450020074B93F90030002BCD
:10C1A00008DB064A137803F04101402904BF43F03D
:10C1B00005031370704700BF854500207B450020B4
:10C1C000282307B5054A3D20CDE9003204497023F4
:10C1D000022230F023F803B05DF804FB3800E00FD2
:10C1E000122104087028034607B504D103B05DF896
:10C1F00004EBFFF7E5BF074A3D201278064901929C
:10C20000064A12780092022230F008F803B05DF876
:10C2100004FB00BF7A450020182104088545002052
:10C2200008B50A4815F02AFF094815F027FF094804
:10C2300015F024FF084815F021FF084815F01EFFEF
:10C24000BDE80840064815F019BF00BF683500205A
:10C2500064350020623500206035002066350020FE
:10C260005E35002008B5CA220021044831F0BCFB2D
:10C270000122034B1880034B1A7008BDAF44002005
:10C28000663500207945002030B585B0FFF7EAFF1C
:10C29000FFF7F2FE4FF07E634FF6FF72B3F84C30BB
:10C2A000214D934208BF4FF47A732B8000231F4C1B
:10C2B0002380FFF76DF9FFF779F90028FBD04FF0E5
:10C2C0007E634FF6FF72B3F84230934208BF4FF4DB
:10C2D000C8632B8000232380FFF7C0FC431E144D4E
:10C2E000DBB20A2B134C287018D840F2035222FA02
:10C2F00003F3DB0712D50222C1230290CDE90032FD
:10C300003D2084230C492FF089FFFF232B70D0237D
:10C31000237005B0BDE83040FFF752BFFFF750FF74
:10C32000A023237005B030BD583500205A350020B9
:10C33000834500207B4500201721040837B50446BB
:10C340000D4616F091F8022825D84FF48B711B4842
:10C35000FFF7D0FC1A4B197801F14003DBB2022B36
:10C360001FD901F0A003A02B04D00B0619D57E2005
:10C37000FFF7CEFE4FF07E63B3F8403013B1204696
:10C380002BF062FEB5B1002221460E4803B0BDE895
:10C39000304031F061BB204616F066F8CA28D4D888
:10C3A000D8E7CDE90014842302223D2006492FF06E
:10C3B00035FFDFE72A4621460448E7E71D21040848
:10C3C00087450020643500205B2104086235002089
:10C3D0002DE9F84FFFF7EAF8A84C48B32378580640
:10C3E00026D599074CBFA64BA64BA74A1B781278B7
:10C3F0009A4232D00120FFF7EDF87320FFF7F2FEEA
:10C40000A24A4FF6FF7113780133DBB213704FF07D
:10C410007E62B2F848208A4208BF0322934219DDA7
:10C4200051229B4B72201A70FFF7DCFE20232370F1
:10C43000984D994E94F900202378002A18DA13F0C9
:10C4400030030ED01A202BF01EFE237803F07F035A
:10C450002370EFE7FFF72CFEEAE700228F4B1A80EC
:10C46000E6E72A78022AF0D18C4A2B701380E9E79C
:10C470002A78012A00F0F1800DD9931E012BD9D81A
:10C480003178FF2900F01E81002940F0EE80844BB6
:10C4900019783246E7E09A0719D579497A4A7948F6
:10C4A00092F800C007780A78ACEB0200BA1A02F0E2
:10C4B000070200F00700904298BF81F800C00A7898
:10C4C000BA4204D123F002032370FFF741FE237820
:10C4D00013F0300F1ED013F0200F714F15D0C22370
:10C4E0003B706B4B187802237B702378B87023F075
:10C4F0003C0323700320012332462B70684B1978CC
:10C50000FEF776FF2BF0BFFD94E7C1233B70FFF7EA
:10C51000A5FBE8E713F00C081FD0624F13F0040FDF
:10C5200039785F4B0FD06039C9B280201970FFF79E
:10C53000EFFD237803F0F3033A7823705A4B1A7017
:10C5400001231846D8E781F080017E201970FFF79B
:10C55000DFFD237803F0F703EEE79B0732D5DFF822
:10C5600020A1524B9AF800701B78DFF844B1FF1AF3
:10C570002AF0A2FA414681464D4831F067FA8046DA
:10C5800007F00707B7B948462AF09CFA494B4046DE
:10C59000A3F8008015F068FF424B9AF800201B7842
:10C5A000013043EA02133E4A43F008031370C0B25D
:10C5B0000323A1E74146584631F09EFA013F8046E9
:10C5C000FFB2DFE7304B4FF6FF7019784FF07E6314
:10C5D000DB8F2C4F834208BF05233A780B44013B85
:10C5E000521A5B1A02F0070203F007039A42DFF8BF
:10C5F000B48028DC304831F024FAE0B92E4831F01C
:10C6000020FA01462C4B2D48002908BF18462C4B18
:10C610000021186031F01AFA264B188015F024FF1B
:10C620003A7898F80030013043EA02131C4AC0B24D
:10C630001370022360E7214831F003FA18B9FFF7BD
:10C640001DF80028DAD1184B1A7898F800309A4271
:10C650005ED0237843F00803FAE63378FF2B4DD001
:10C6600032460F49C95C00204AE7124B013989B2B2
:10C67000188816F0D7F801460BE700BF7B4500206D
:10C680007F45002080450020824500207C45002019
:10C690008345002084450020AE4400205A35002008
:10C6A000874500207E450020814500207D450020F3
:10C6B000603500205E3500206435002062350020A2
:10C6C000C81F0020022A1CD1124A0021137801330E
:10C6D00003F007031370104B186831F029FA0F4B61
:10C6E000002219880E4831F0B7F90E4B1B880BB9A0
:10C6F000FEF74EFF0C4B1A780C4B1A7000232B7070
:10C7000098E60B4A1378013303F007031370ECE744
:10C71000BDE8F88F80450020C81F00205E3500204E
:10C72000603500205A3500207E45002081450020DC
:10C730007F4500202DE9F04F8046AC4F85B00023A7
:10C74000DFF8DC92A8F8003099F8003013B93B709C
:10C75000FFF7CCFCDFF8CCA2A54E0DF10E002BF0BC
:10C7600096FC272800F0A0813A469DF80E000DF1B6
:10C770000F013D78FEF78AFE2028044630D070B1C4
:10C78000FFF7B4FC7A2804D8732877D8272C00F058
:10C790008B814FF4AA719748FFF7ACFAD4E73B7846
:10C7A0009D4205D0022B3ED89DF80F20924B5A5542
:10C7B000DFF844923B7899F80010904CC02940F083
:10C7C0008180012B40F0C980FFF7B0FCFFF7AEFC81
:10C7D0002BF0C8FBFFF78AFC23785806AFD4B9E0EA
:10C7E0003B789D42B9D0022B04D89DF80F20824B94
:10C7F0005A55B2E7032B1ED07D4B1888804B1B88FF
:10C800008342AAD115F030FEDFF8E4B1C5B2691C4D
:10C81000584631F038FA29469DF80F20BBF8000041
:10C8200016F014F820E0032B05D0754B30881B88D8
:10C830008342BDD1E6E79AF80030714D83B14FF0E5
:10C84000000B3388012128462B808AF800B031F094
:10C850001AFA012300935A4629886A4831F02CFAC3
:10C8600030882B888342CDD0202C3FF476AF7A2CB1
:10C870008FD8732C02D8002C88D199E7743C062CF1
:10C8800087D801A353F824F0A5C8000893C700086F
:10C89000ADC80008B9C8000893C70008BDC80008A3
:10C8A000C1C800087420FFF79DFC4DE77620FFF714
:10C8B00099FCFFF771FC47E77720F8E77920F6E766
:10C8C0007A20F4E70E0607D4032B46D926787306A0
:10C8D00045D4FFF70BFC3DE001F0E002802A23D1B4
:10C8E000012B3AD17D20FFF713FCFFF7FFFB2678E1
:10C8F00071062FD50225DFF830C1434A99F8003080
:10C900009CF80000117803F0070BABEB000E091A3E
:10C910000EF0070E01F007018E4529D97820FFF7A8
:10C9200061FCFFF739FC0AE7A02A0BD1012B14D1D7
:10C930007F20FFF7EDFBFFF7D9FB2678720609D5BC
:10C940000325D8E77B20FFF74DFCFFF7CFFB2378CB
:10C950005D06E6D420232370F1E67C20F3E72B4B21
:10C960001B78B3EB111F01D0FFF7C0FB0125C2E715
:10C97000A5F1020A83451FFA8AFA0DD00021244846
:10C980008CF800B0017016F002004FD0214A1180DF
:10C99000214A12785A4517D1BAF1010F1BD91B4908
:10C9A00099F800200B78C2F30210984271D1144D0F
:10C9B0002888002848D12620FFF7EEFBFFF712FC5D
:10C9C000262005B0BDE8F08FFEF7E2FDBAF1010FB9
:10C9D000E5D899F8003013F0080332D10F4A1370EC
:10C9E000032D7FF4ACAEFFF763FBA8E67A45002089
:10C9F000663500201D210408854500207B45002068
:10CA00006835002086450020804500207E450020B6
:10CA10007C4500205A3500207F450020AD44002091
:10CA2000AC4400207945002082450020FEF7D2FD6D
:10CA30001E4A13785B4501D0FEF7AAFDFFF788FB7D
:10CA4000C4E7FEF701FECBE7013303F007030B70E9
:10CA50004FF07E63160742BF227842F00802227030
:10CA6000227822F005022270B3F840300BB12BF08F
:10CA7000EBFA2B883D20019399F8003002220093B5
:10CA80000B4985232FF0CAFB2B880020A8F8003023
:10CA900097E71207237802D543F008035BE7DB072B
:10CAA0003FF53FAF75203AE727208AE78045002011
:10CAB0005B21040808B50F4B1B780BB1002008BDA3
:10CAC0000D4B1A780D4B1B789A42F7D113F074FA7C
:10CAD0000028F3D10A4830F0B4FF0028EED009480E
:10CAE00030F0AFFF0028E9D0074B1878B0FA80F09B
:10CAF0004009E4E7AC440020814500207E45002049
:10CB0000623500206435002084450020F0B551B125
:10CB1000002807DA2D23B0F1004F137000D04042F7
:10CB2000012100E0002100252C460E4F002357F87C
:10CB3000046B01E06346801B864203F1010CF9D9C6
:10CB400013F0FF0300D125B14D1C30335354E9B22B
:10CB500001250134E4B2092CE8D130305054481C8E
:10CB6000C0B2F0BD602104082DE9F04F002495B05B
:10CB70002146029480461646A1464422274603A831
:10CB800002AC9A4625462EF0DCF8317859B9641B80
:10CB9000E4B2224629460020C047002840F0908099
:10CBA0003819C0B28DE0252918D0B9F1000F19D17C
:10CBB00004F8011B12AB9C42C0F0D680641BE4B2A7
:10CBC000294622460020C0470146002878D13C442F
:10CBD00048222846E7B22EF0B4F8C4E0B9F1000FBD
:10CBE00000D101363278622A48D022D8252A3FD097
:10CBF00004D8002ACBD04FF00009DBE7392A15D83A
:10CC00002F2AF8D9717801F0DF01582940F0DB8034
:10CC1000322A06F1010940F0C380204604223AF886
:10CC2000041B2BF045FA04464E46E4E7582A17D079
:10CC3000E1E7632A6BD0A2F1640C5FFA8CFCBCF1D3
:10CC4000140FD8D80121614B01FA0CF919EA03003D
:10CC500040F08C8019F4104960D1BCF1140FA9D1B7
:10CC6000204602221AF8041B2BF022FA0446C2E7DF
:10CC7000214601F8022B62700C46BCE74FF0000918
:10CC8000DAF800300DF1480B0193DAF80430009324
:10CC9000009B994502D10AF1080AACE7019B2046A6
:10CCA000022213F809102BF003FA5845044612D358
:10CCB000441BE4B2294622460020C047014618B171
:10CCC000002015B0BDE8F08F3C4448222846E7B26A
:10CCD0002EF037F82C46009B5A1E4A4584BF20226E
:10CCE00004F8012B5C450FD3641BE4B229462246AD
:10CCF0000020C04701460028E2D13C444822284693
:10CD0000E7B22EF01EF82C4609F10109C0E75346A0
:10CD100053F8042B9A4604F8012B6CE7D146641BA8
:10CD2000E4B22246294659F804ABC047834600289E
:10CD3000C6D101463C4448222846E4B22EF001F810
:10CD40005FFA8BF31AF803005F460BF1010B002822
:10CD5000F6D1FFB23A465146C0470028B0D1CA4684
:10CD600081463C44E7B22C4601360EE76C2ADAF8DD
:10CD700000000AF104090FD17378752B01D0642BE0
:10CD800004D1B3F1750118BF012101362246FFF726
:10CD9000BDFECA4604442EE7752A08BF0021F5E708
:10CDA000342A10D1564656F804AB04224FEA1A41F1
:10CDB00020462BF07DF91FFA8AF104222BF078F936
:10CDC000B246044630E74FF00109F3E601010200E4
:10CDD00073B50024684600F0AFF90C4B00981C6056
:10CDE0000B4B0C4D1C600C4E0C4B306018602C60D3
:10CDF0002BF0E1F92046019B3268013BDB085380B0
:10CE00002B6801332B6002B070BD00BFD01F002023
:10CE1000CC1F0020D41F0020DC1F0020D81F0020C2
:10CE20002DE9F04F0027924687B04A1C0E4614BFEA
:10CE30000C46082499460597002B00F0B0801F602F
:10CE4000002800F0AE80073020F0070529F034FEFE
:10CE500005AB31460290009352463B46284600F00F
:10CE600075F9059E804606B130B9029829F02AFE70
:10CE7000192007B0BDE8F08FDFF83CB17788DBF808
:10CE80000010FB00C0EBC7070139272FCBF80010BB
:10CE90006CD9BAF1000F48D1854205F1080740D09E
:10CEA000214630462BF016F904460590059B1F4499
:10CEB00038462BF080F9059905F10F034A88C3F332
:10CEC000CF03D21A7A80CA88BB8062B3D31A9BB2CE
:10CED00001EBC202FB8093808B88ED08A380BB88A6
:10CEE0000022314638466580E38000F0A7F92378B8
:10CEF00043F001032370DBF800300133CBF800303E
:10CF00002B4A02981368083443441360294A116875
:10CF10008B4288BF136029F0D5FD0020C9F800407E
:10CF2000A7E73446C2E7FA80D6E7F4192046039310
:10CF30002BF041F908F10702D20805996280FA1D29
:10CF4000D208A280CA887AB1D200039BD01DC31A2E
:10CF50004344C3F3CF030A44E3809380A388013F93
:10CF6000FF084F80CB80C2E7E280F7E7BAF1010FFC
:10CF700019D106F10803B3FBF4F204FB1233A3B199
:10CF8000214630462BF0A6F804462378012243F0D0
:10CF9000010331462046237000F050F9B0E722200B
:10CFA00067E7212065E78542EAD13446EDE700BF17
:10CFB000D01F0020CC1F0020D41F00202DE9F347F4
:10CFC0000446684600F0B8F8002C00F0AB8029F069
:10CFD00073FD14F8086CF30704D534F806ECBEF1C1
:10CFE000000F05D129F06EFD012002B0BDE8F087E9
:10CFF0004D494E4D0A68D5F80080A2EBCE020A607A
:10D0000034F8041C0EF1010308F10102A4F1080C2C
:10D010009BB22A60B9B3ACEBC10292F800A0B2F89F
:10D0200006901AF0010F578806F002061FD1FEB9CC
:10D03000A9EB0701012926D80EF102031F44BBB258
:10D04000C5F8008034F8026CFEB9013B9BB214F8BD
:10D05000081C6FF3000104F8081C002124F8061CCA
:10D0600053801378D18061F30003137031E056B11F
:10D0700019448BB214F8081C6FF3410104F8081C22
:10D0800000219180DEE76246DCE70CEBC608DDE9B3
:10D0900000710F44B845D8D21CF83670414617F0DD
:10D0A00001072AD0013B9BB214F8085C6FF300051E
:10D0B00004F8085C002524F8065C5380137865F3B7
:10D0C00000031370C2F107030B44C3F3CF03D380F3
:10D0D0008B8017490B681BB1934201D85B8803B959
:10D0E0000A6014490B681BB1934201D35B8803B9F2
:10D0F0000A6029F0E7FC002077E7A6EB0E06012E78
:10D10000D0D8B8F80260A8F802703344B8F80670B6
:10D110002E689BB2013E1FB108EBC7012E60C3E72A
:10D120002E6094E7222060E7D01F0020D41F00204B
:10D13000DC1F0020D81F00200249034A0160521A58
:10D1400042607047C85D002000000420F0B506462C
:10D150000020059F4C1C08BF08213860BAB91F4841
:10D160000568002D38D0B5F802E0DB0003EBCE0EE9
:10D17000C1F1000C2878C0070BD52ABBE888B0B1F4
:10D1800005EBC005B5F802E003EBCE0EF2E714485C
:10D19000E6E7B645F1D35AB905F10804B4FBF1F05E
:10D1A00001FB1044A0190CB17045E7D83D60F0BDFB
:10D1B00008290FD06C88013405EBC404A01B00EAD9
:10D1C0000C00201A8645F1D2A8880028EFD0A5EBE4
:10D1D000C005D7E73046E9E72846E8E7DC1F00202E
:10D1E000D81F0020134B13B51B6804460846FBB13B
:10D1F00021B96846FFF7A0FF6CB900980378D907FA
:10D2000007D55CB9C3889BB100EBC3000378DA078C
:10D21000F8D402B010BD084B1868EFE7012C07D115
:10D2200083882BB1A0EBC3000378DB07F8D4F0E7C9
:10D230000020EEE7D41F0020D81F0020F8B5154FBE
:10D2400005460C463B68144EB2B1994209D041B133
:10D250003368994204D129460120FFF7C3FF3060AB
:10D26000F8BD29460020FFF7BDFF33683860A342B0
:10D27000F1D0002CEFD0F3E7994205D13D6033683F
:10D28000A34204D13560EBE79842F7D3F7E7AB420E
:10D29000F8D3E5E7DC1F0020D81F0020054B1A78E3
:10D2A0002AB95B78002B0CBF0320022070470120B5
:10D2B000704700BF944500200329F8B598BF124B72
:10D2C00005460E468CBF00245C5C032805D8DFE8C9
:10D2D00000F002080B0E44F002040C4B1F684FB91B
:10D2E000F8BD44F00804F8E744F02004F5E744F002
:10D2F0008004F2E77B681A68144203D0314628465E
:10D300005B6898473F68EAE7842104080C20002006
:10D3100038B5104D2B78ABB10F4C23781BB100F012
:10D32000DDFB00232370002000F000FC0B4C50B10B
:10D3300000F006FC0023012120782B70FFF7BCFFD2
:10D340000123237038BD0122054B1A702278054B4A
:10D350001A70F7E78F4500208D4500209645002084
:10D36000904500209145002010B529F09AFB064B0E
:10D3700004461B781BB1BDE8104029F096BBFFF7AF
:10D38000C7FF2046F7E700BF8C450020094A137805
:10D3900030B101331370084B1B78012B03D8704751
:10D3A000013B13707047054B1B780BB9FFF7B0BFFB
:10D3B000704700BF9445002096450020904500200E
:10D3C00070B529F06EFB184E054618482AF0E7FAAA
:10D3D0003378E3B900F010FD044620B1284629F067
:10D3E00064FB204670BD00F04FFF114829F06DFB33
:10D3F00001F026F80F4B1C6000F0E8FD0E4B0F4AC1
:10D400001860536F43F0010353672AF0ECFE00F0FD
:10D4100059FA2AF0E3FE0A4B00241860012328463B
:10D42000337029F042FBDCE797450020AC16040876
:10D430000C200020E01F00200820002000400050A9
:10D44000E41F00202DE9F843284A0138135C39B164
:10D45000274F013339781354012904D8BDE8F883E4
:10D46000013B1354FAE7FFF719FF0128044635D8AA
:10D4700029F017FBDFF88480054698F8003013B3D5
:10D480001C4E33781BB9012232701B4A1370DFF82F
:10D49000709099F8003023B100F020FB002389F848
:10D4A0000030284629F001FB012000F03FFB29F065
:10D4B000F8FA337805461BB100F042FB00233370C5
:10D4C000002388F80030284629F0EFFA3878A04287
:10D4D000C4D02146FFF7F0FE3C70BFE70329F5D129
:10D4E0000228F3D12AF07EFEF0E700BF9445002029
:10D4F000964500208C450020904500208F45002057
:10D500008D45002010B5044629F0CBFA002C0CBF45
:10D51000FF210121064A13780B44DBB21370B3FAE2
:10D5200083F3BDE81040034A5B09137029F0BDBACC
:10D53000934500209245002038B529F0B2FA094BF6
:10D5400005461B78012B04D829F0AFFA00242046A9
:10D5500038BD054B1C6800F04DFB0444284629F0FB
:10D56000A4FAF4E796450020E01F002038B541609A
:10D57000044629F096FA05462146044829F0A8FAFF
:10D580002846BDE8384029F090BA00BF0C200020A2
:10D59000054B1B685843054B00F5742000F23F20F3
:10D5A000B0FBF3F0704700BF0820002040420F009E
:10D5B0002DE9F04F85B0EFF3108772B6AFF300801E
:10D5C0002DF060FA00286FD07F4EDFF82882337884
:10D5D00023B10020FFF7DAFE00233370FFF75EFE71
:10D5E0000446002867D0841EE4B2012C6AD9FFF7F4
:10D5F00055FE01280546754CDFF8FC9100F28C8041
:10D600002078854240F0C480207800F0DDFA99F857
:10D61000003013B16E4B1B782370AFF3008007B955
:10D6200062B6EFF3108772B66A4B1A7852B10022D5
:10D630001A70674B20781B78984203D10121217022
:10D64000FFF73AFE644800F011FC2DF02FFA054672
:10D650000028BCD1614BDFF89081187098F8003039
:10D66000ABB189F80000DFF8889199F800301BB160
:10D6700000F034FA89F80050002000F057FA002832
:10D6800000F0998000F05CFA002388F800303378CD
:10D6900023B10020FFF77AFE0023337000212078A9
:10D6A000FFF70AFE00232370AFF3008007B962B6CC
:10D6B00005B0BDE8F08F3378002B98D0FFF766FEF9
:10D6C000347094E7002003A900F020FC04460028F1
:10D6D0008DD1D8F80030039A9A4205D80120FFF77F
:10D6E00055FE0123337082E73D4B1D6800F082FA3E
:10D6F000039B05449D42F1D200F092FA8200039907
:10D7000042F0020292B2CDE900422346354A491B5B
:10D7100031482AF073FD6AE7334BDFF8C0A01B786D
:10D7200003F0FF0B2BBB00F057F9207885422FD177
:10D730009AF800307BB92C4D2B78002B7FF464AF26
:10D740002A4B1B7823B900F0C3F90122284B1A7029
:10D7500001232B7058E7022DEDD18AF800B014E0B8
:10D760002378022B24D100238AF800302EF0BCF855
:10D770001EE0207885420BD19AF80030002BDAD0D9
:10D78000022DD8D100238AF800302EF0ADF8D2E770
:10D790000023DFF848A08AF8003099F8003013B968
:10D7A0002946FFF789FD9AF800302570002BD7D164
:10D7B000012DC0D828E7012000F006FA07B962B6AB
:10D7C000EFF3108772B657E78E450020964500208C
:10D7D000914500208A450020E81F00209245002046
:10D7E000E01F002069D300088F45002093450020EA
:10D7F0008D450020E41F00209045002010B529F041
:10D8000050F90022054B1C781A7029F04EF900F0EF
:10D81000F5FCE4B22043C0B210BD00BF8B45002030
:10D8200010B5094B1B786BB1084C237853B100F04D
:10D8300087F90023064A237013700123054A1370E9
:10D84000054A137010BD00BF96450020904500208A
:10D850008F4500208B4500208A450020034B1B7814
:10D8600013B10122024B1A70704700BF9645002089
:10D870009045002073B5114E0446337883420FD093
:10D880004FF400730E4DADF8043058B101A8FBF70A
:10D890004BF84020FFF77CFE2B68181A2860347084
:10D8A00002B070BD8DF8050001A8FBF73DF84020DF
:10D8B000FFF76EFE2B681844F0E700BFB15100205F
:10D8C0001020002073B5002401A88DF80440FBF758
:10D8D000E1F82046FFF7CEFF364A3749136F374845
:10D8E00003F007030B60D2F80011354C01F003017F
:10D8F00001604FF480103349032B48664FF4003029
:10D90000486601F59831896901F00200C1F34001D0
:10D91000217046D0D2F8203103F00703991E4B4204
:10D920004B41D2F82811284D01F00701022908BF08
:10D9300043F0010325490B7058B33BB9D2F80031CD
:10D9400003F003035A1E534253410B70194BD3F893
:10D95000003103F00303022B25D0032B26D0012B2B
:10D9600017D1F9F7E9FB024698B1194B194EDC685B
:10D9700000231946C4F30B04013404EB840401387A
:10D98000E4FB060106F0DAF9FFF702FE2B68034418
:10D990002B601F20FFF7FCFD2B6803442B6002B0B7
:10D9A00070BD0123BDE7F9F723FCDCE729F0A2F8FD
:10D9B000D9E700BF0080005014200020182000206C
:10D9C0009A45002000900050102000209B45002028
:10D9D00000C0015040420F00074A0849D2F82031E8
:10D9E00003F007030B60D2F82831054A03F0070360
:10D9F000136029F018B900BF0080005020200020DB
:10DA00001C20002008B5164B1A7822B300221A7089
:10DA1000144B1A6F22F0070242F001021A67D3F882
:10DA2000202122F0070242F00302C3F82021D3F89C
:10DA3000282122F0070242F00302C3F828210A4BF2
:10DA40001B7833B10122094B5A60094A53689B077E
:10DA5000FCD4F9F75BFB0122064B5A6708BD00BFF7
:10DA600099450020008000509A45002000E00150B8
:10DA700000C001500060005A0122114B10B55A67D6
:10DA8000104B114C1B78A3B102202AF017FC80B177
:10DA900000F06CFA68B1A36DD90302D5E36D9A0763
:10DAA00003D4094B9B6DDB0704D54FF48032044B44
:10DAB0009A6210BD0122054B1A70FDF729F8F4E7B0
:10DAC0000050005A9B4500200040005A9845002015
:10DAD0000122014B1A707047994500200F4B10B579
:10DAE0001B7883B10E4C2378A3B90E4B9A6DD103EA
:10DAF00002D5DA6D920702D49B6DDB0704D54FF493
:10DB00008032094B9A6210BDFDF702F84FF4803263
:10DB1000054B9A6200232370F5E700BF9B45002068
:10DB2000984500200040005A0050005A034B1B78D3
:10DB30000BB1FDF793B80120704700BF9B45002053
:10DB400008B529F071F8174B1B7833B10122164B39
:10DB50005A60164A9369DB07FCD5154B15491A6FB5
:10DB6000096822F007020A431A671349D3F82021F3
:10DB7000096822F007020A43C3F820210F49D3F8AD
:10DB80002821096822F007020A43C3F828210C4B18
:10DB90001B781BB14FF480320A4B9A62BDE80840F3
:10DBA000F9F7B4BA9A45002000D0015000C00150E6
:10DBB0000080005014200020202000201C20002085
:10DBC0009B4500200060005A02280AD003280BD091
:10DBD00001280CD1064A136923F00403136130BFF6
:10DBE00070470020FAF7ACBE0020FAF7CFBE7047AE
:10DBF00000ED00E008B5054B187818B1FCF7FCFF04
:10DC000000EBD000024B1B68184408BD9B45002068
:10DC1000102000200122014B1A7070479B45002004
:10DC2000014B1878704700BF9B4500200222014B32
:10DC30001A6770470040005038B500F057FB0025C8
:10DC4000084B094C1A682368C31A2AB123B15169D9
:10DC5000994203D3C91A5161206038BD55615B1ADE
:10DC60009268F2E72C20002028200020C38870B59D
:10DC700004460D463BB9FFF75FFC8542064602D2DB
:10DC80002AF09FFA35460E4965610B688BB90C6026
:10DC9000A3600DE0AD1A9A68184665616AB1134633
:10DCA0005A69AA42F6D930B18460521BA3605A6106
:10DCB00070BD0020F4E70C60F7E79C60A260F7E716
:10DCC0002C20002038B5134D2B685B6993B1124AA4
:10DCD000022014681C442AF0E8FA204600F03AFBBF
:10DCE00000230E492A680B70D088800709D50123CC
:10DCF0000B7038BD02202AF0D8FA022000F078FB21
:10DD0000EEE79268002AF4D050690344012BEBD966
:10DD1000EFE700BF2C200020282000209D45002098
:10DD2000F8B515469DF81C20BDF820700271069AC2
:10DD30000446026000220E46C0E903358260C780B7
:10DD4000ADB900F0D3FA3044A0615EB13546062F7C
:10DD50001FD1194A2846936A43F00803936200F0E2
:10DD6000CDFA02E0E36866617BB90020F8BD00F0FF
:10DD7000BDFA2844A061002EE8D1E3686661002B5B
:10DD8000E5D0204621689847E1E72046216898477A
:10DD9000EBE728F086FE0646FFF74EFF29462046B1
:10DDA000FFF764FF054B1B68A34201D1FFF78AFF11
:10DDB000304628F07AFED8E70040005A2C20002098
:10DDC00000220C490B687BB183420AD183687AB187
:10DDD000936083681BB15A6941690A445A61002003
:10DDE00070471A469B68EEE70028EFD00220704784
:10DDF0000B60EEE72C20002070B528F05DFE144E7D
:10DE000005463478FCB9134B1C60134B1C60134B54
:10DE10001C8000F005FA01202AF047FA00F0F0FA21
:10DE20000F4B0246186020B9284628F04BFE2320ED
:10DE300070BD234640F2E7310A4805F07FFF0A4BE8
:10DE4000186001233370284628F03CFE0020EFE7DD
:10DE50009E4500202C200020282000206A3500202C
:10DE60003020002018FCFFFF24200020C38870B55C
:10DE7000062B044601D100F0CFFA28F012FE134E13
:10DE80000546FFF7D9FE33682046A34208D0FFF7C6
:10DE900097FF0446B0B1284628F007FE204670BD23
:10DEA000FFF78EFF04460028F5D133683BB9022006
:10DEB00000F088FA284628F0F8FD0024EEE7FFF786
:10DEC00001FFF7E73368002BF4D1F0E72C200020A6
:10DED00038B50C460546A8B1A1B100230B7028F057
:10DEE000EBFD0121084B1B6833B928F0EBFD002046
:10DEF00038BD9D4204D121702278002AF9D0F4E780
:10DF00009B68F1E72220F3E72C200020F8B50646B5
:10DF10000F4628F0D1FD00250446124B1B6823B99B
:10DF2000204628F0CFFD1B2011E05A691544DA88FD
:10DF3000B2420DD100F0DAF90B4E3368C01AA84294
:10DF40000AD3002320463B6028F0BCFD0020F8BD2A
:10DF5000FF2EEFD09B68E2E700F0C8F933682B444E
:10DF60001B1AEFE72C2000202820002008B5084BC2
:10DF70001B7803F0FF004BB12AF083F9054B1B68B7
:10DF80009B69C01A02288CBF0020012008BD00BF79
:10DF90009D4500202C20002070B528F08DFD064600
:10DFA00000F0A4F9084B04461D880120ADB22AF008
:10DFB00085F918B100F09AF904460135304628F089
:10DFC00081FD2046294670BD6A350020014B186846
:10DFD000704700BF30200020F8B50C4B05461B6889
:10DFE0000E4683420FD3002440F2E7302146084B0F
:10DFF0004FF47A721F680023E5FB070105F09EFECF
:10E0000030602046F8BD2120FCE700BF242000201E
:10E0100030200020014B1868704700BF24200020EA
:10E020000F4B10B51A689AB14FF47A71531E134210
:10E03000A0FB01010ED1B2FA82F2C2F11F04531CFF
:10E04000D243E04001FA03F3184321FA02F20243FB
:10E05000104610BD002305F071FE0246F8E700BF30
:10E060003020002038B5154B14468342144B8B41A9
:10E0700021D3144B1A68F2B14FF47A75A0FB050353
:10E0800005FB0131531E134211D1B2FA82F2C2F1E3
:10E090001F05531CD24301FA03F3E84021FA02F2B0
:10E0A00018431043E940C4E90001002038BD0023B3
:10E0B00005F044FEF7E72120F8E700BFEFA7C64BC5
:10E0C0003789410030200020C2072DE9F04704467F
:10E0D0000BD5474A138801339BB21380FFF7ACFD81
:10E0E000444B1B680BB1FFF7EDFDA3077ED528F06D
:10E0F000E3FC4FF0000905464E46FFF79DFDC8467C
:10E100003C4F3C680CB163698BB100223A4B012E45
:10E110001A7003D119F0020F18BF1E70002C61D0C5
:10E12000FFF7D0FD2846BDE8F04728F0CBBC2346DA
:10E130005A693AB91A792179914288BF1C469B687D
:10E14000002BF5D1284628F0BDFC2569DDB100F093
:10E15000CDF8A269A0EB02094FEAE9734D4578EBCF
:10E16000030311DA23691344A361E368B4F806904A
:10E17000013613B120462168984728F09DFC0546DA
:10E18000FFF75AFDBDE7A94628F096FC82462046D7
:10E19000FFF716FE504628F095FC2369002BE4D0CB
:10E1A000A38BB5EB090533B1E28B13449BB2B3F5F6
:10E1B0007A7F0FD2E38328F07FFC814629462046F0
:10E1C000FFF754FDA369226948461344A36128F070
:10E1D00079FCCAE7A3F57A73E383A369013D013BA8
:10E1E000A361E8E7022000F0EDF89BE7BDE8F087C7
:10E1F0006A3500202C2000209C45002010B528F016
:10E200005BFC034B1C7828F05DFCE4B2204610BD9B
:10E210009C450020014B1870704700BF9C450020B2
:10E2200010B50123002486B01548ADF80830CDE9BB
:10E2300003448DF804408DF80A40059429F0AFFBA3
:10E2400001A8FAF79BFF204602A98DF80840FAF7CB
:10E25000A5FF20460F21FAF7C3FF0F212046FAF74A
:10E26000C5FFFAF771FFFAF74DFF064B43209C619B
:10E27000FCF788FD4320FCF777FD06B010BD00BF1A
:10E28000A416040800800A5008B50A4829F087FB44
:10E2900040F6015200210120FAF726FE4FF4967253
:10E2A0000021012028F0E3FC034A936C43F48073BF
:10E2B000936408BDA816040800800A5008B50948F0
:10E2C00029F06DFB40F6016200210220FAF70CFEF6
:10E2D0004FF492720021022028F0C9FC024B9A6C84
:10E2E0009A6408BDA816040800800A5008B5FAF719
:10E2F00009FF014B986908BD00800A5038B50446F3
:10E3000028F0CFFB0546FAF7FDFE104B022C9A6968
:10E310004FF001018CBF12190332B2F1FF3F38BF39
:10E32000013A0020FAF780FF284628F0BEFB084992
:10E330000B7853B1054B9A6C42F002029A649A6CC6
:10E3400042F004029A6400230B7038BD00800A502A
:10E35000B2510020F8B5044628F0A3FB0746FAF7AF
:10E36000D1FE164B9D6929F09CFF06460020FAF766
:10E3700043FF830704D4731B032B01D8AE420FD194
:10E380000021631B022B98BFEC1C0846B4F1FF3F31
:10E390002CBF2246621EFAF747FF022029F085FFB4
:10E3A000384628F082FB064A137833B103498B6C58
:10E3B00043F001038B6400231370F8BD00800A5002
:10E3C000B3510020830700F0010109D50122064B5B
:10E3D00041F002011A70054A936C23F00103936423
:10E3E0000020FAF7FDBE00BFB351002000800A50A4
:10E3F000830742BF0222014B1A64704700900A5003
:10E4000007B5044B01A9187929F0C4FA019803B0A3
:10E410005DF804FBB016040807490B7853B9074BA5
:10E420009A6C22F002029A649A6C22F004029A64B6
:10E4300001230B70704700BFB251002000800A50CA
:10E440000A4B10B5D3F8403203F00303013B012B14
:10E450000BD828F026FB044601210220FEF7F2FF2C
:10E460002046BDE8104028F020BB10BD00800050C1
:10E4700024282DE9F341054604D82C46204602B055
:10E48000BDE8F08100240B4E0B4FDFF830800023F5
:10E49000CDF800801A46194638682CF086FF844271
:10E4A000EBD2252CE9D056F8043BAB42E6D0013440
:10E4B000EDE700BF04250408344C0020FFFF0F00E7
:10E4C0002DE9F04F634E644D3168286889B006F03D
:10E4D00019FF0446002827D033680024D3E900013F
:10E4E0009A6912689047336804A89B699B689847AB
:10E4F000336802209B69DB68984732680598536847
:10E50000E7B2B3FBF0F3BB42916904F101044CD8CC
:10E51000CB680020984733689B695B6898473168EF
:10E52000286806F0EFFE04460026DFF848914B4FBE
:10E53000DFF84481DFF844A1F4B9494B28689B5DBA
:10E54000002B00F08280D7F800B002AB594603AA36
:10E5500007F06EF9504507D070B9039B012B0BD023
:10E560005946286807F0A8F9D9F8003059461A68C2
:10E57000286807F08DF804460136252E09F10409B4
:10E5800007F1040708F10108D6D1B4FA84F3354A3B
:10E590005B0913702B681B7C1BB1C5213248FDF74A
:10E5A000A9FB204609B0BDE8F08F12680B6907FB94
:10E5B00000209847A1E73B6803AA194402AB0191E8
:10E5C00007F036F95045034601992ED028682BB341
:10E5D0000BF1010B009B5FFA8BF199422868EAD39B
:10E5E000224B9B5D002BC7D0DDF800B05FFA8BF3A8
:10E5F0007E2B2868C0D8396802AB594403AA009121
:10E6000007F016F95045B7D00099286807F054F97B
:10E610000BF1010B04460028E8D0ADE7039B7BB962
:10E6200098F80020029B9A42D2D098F80030D9F88E
:10E630000020286806F040FF0028C9D00446CFE734
:10E64000019107F039F90199EFE7094BA3469B5D6A
:10E650000093BFE7144C0020344C0020042504082C
:10E66000DD2404089F45002098250408B8240408E8
:10E670006E24040888210408932404080BE000F0A9
:10E68000F8B50D4616461F46FFF7F2FE242804464D
:10E690001CD8164B1B780BB3154B1868154B53F849
:10E6A0002410154B1B5D3BB1324607F03DF8044684
:10E6B000A0B129F05BFE12E07F2D08BF00253B468C
:10E6C000324651FA85F106F041FFF0E7FF2808D9FC
:10E6D00081B23B463046EAB229F0ABFC002420462A
:10E6E000F8BDFB210548FDF705FBF7E79F45002036
:10E6F000344C002004250408DD240408982504086F
:10E70000F8B50D4616461F46FFF7B2FE242804460C
:10E710001CD8164B1B7803B3154B1868154B53F8D0
:10E720002410154B1B5D3BB1326806F0B1FF044667
:10E7300098B129F01BFE11E07F2D08BF00253B4654
:10E74000324651FA85F106F0B7FEF0E7FF2807D907
:10E750003A46314680B229F075FC00242046F8BDC7
:10E7600040F235110548FDF7C5FAF6E79F45002050
:10E77000344C002004250408DD24040898250408EE
:10E7800010B5FFF775FE0A4B1B7813B9002420461D
:10E7900010BD084B002253F82010074B186807F0F3
:10E7A00001F804460028F1D029F0E0FDEFE700BFB2
:10E7B0009F45002004250408344C002073B51646FC
:10E7C0001D46002B71D04BF23463984210D1082DB6
:10E7D00028BF082536492A4630462CF07BFA2A46BF
:10E7E000304634492CF083FA30B3002002B070BDBB
:10E7F000C9B27F2980B208BF0021984218D17F2278
:10E8000041F202016846082329F013FC08226846F9
:10E8100028492CF06CFA30B908237F2241F2F0111C
:10E82000684629F006FC6B4603CB30607160DCE77C
:10E8300041F2F01398421CD11F4B701E996CDA6C98
:10E840002B462C1F013B9C4200F8011F4FEA11216F
:10E850000CD1002CC9D00423D9B20729F2544FEAB5
:10E860001222C2D001339D42F6D1BEE7002BE9D17E
:10E87000BBE700F47043B3F5805F0AD1C0F30B042B
:10E8800004F17E642A46304605FB01412CF022FA51
:10E89000ABE700F46043B3F5005FA6D1C0F30B040F
:10E8A00004F1016404F5FC24ECE721209EE700BF9D
:10E8B0000200E00F2A2604080080E00F08B5520885
:10E8C00029F055FD30B1BDE8084040F26F11024813
:10E8D000FDF710BA08BD00BFDE2504082DE9F74397
:10E8E0000446E0070F46154604D540F2C5113848E6
:10E8F000FDF700FAE90704D54FF4E3713448FDF75A
:10E90000F9F904F47043B3F5805F41D1C4F30B040B
:10E91000304A04F17E646B1E2344934232D826466B
:10E92000DFF8AC9006EB0508464546D1A2070ED0AD
:10E930004FF6FF7337F8022BA01E43EA024304226E
:10E940000DEB02010193FFF7B9FF0234023DAB0763
:10E950000ED0023D25F00103FB5A04226FEA034367
:10E960006FEA13430DEB020160190193FFF7A6FF55
:10E9700025B12A4639462046FFF7A0FF002003B004
:10E98000BDE8F08340F2CB111148FDF7B3F9C6E7BB
:10E9900004F46043B3F5005F06D1C4F30B0404F143
:10E9A000016404F5FC24BAE74FF4E9710848FDF767
:10E9B000A1F96FF00F060024B2E716F8013BFF2B18
:10E9C000B2D04FF4EE714846FDF794F9ACE700BFC2
:10E9D000DE250408FF03E00F2DE9F04FE2289FB089
:10E9E0002CD8DC2808D8702800F0CC80C03883B23E
:10E9F000092B0AD900205CE0DE38042800F296805A
:10EA0000DFE800F09FA6B1B6BD000928F2D801A347
:10EA100053F820F01FEB0008F5E90008F5E90008BD
:10EA2000F5E90008F5E90008F5E90008B9EA000889
:10EA3000F5E9000809EB00084FEA0008F52800F0A6
:10EA4000A480B0F58C7FD5D10EF0F2FF2EE02EF031
:10EA50003EFB044609A82EF09FFC11F0C5FA0546BE
:10EA60002EF021FB06462EF01EFB07462EF01BFB68
:10EA70000DF11C0A8046514608200DF1300B11F0B3
:10EA8000BBFA5946102011F0B7FA2EF020FB814650
:10EA900011F0AAFA3346CDE904902A462046CDE982
:10EAA00002ABCDE9007809A90EF072FE11F0BAFAB6
:10EAB00001201FB0BDE8F08F11F096FA044611F066
:10EAC00093FA05460CA82EF067FC11F08DFA064665
:10EAD00011F08AFA074611F09DFA804611F084FA87
:10EAE00081462EF0E0FA291E18BF0121CDE90290DF
:10EAF000201E334618BF0120CDE900780CAA2DF066
:10EB0000D7FD2EF0DAFAD3E711F06EFA0CA90EF069
:10EB10008BFA2EF0D2FA0CA82EF078FCC8E70CA8DD
:10EB20002EF03AFC0CA80EF0D7FABFE711F05CFA11
:10EB30000CA90EF05DFF2EF0C0FA0CA82EF0B5FC6B
:10EB4000B6E70CA82EF028FC0CA80EF0D7FEADE717
:10EB500011F04AFA04460CA82EF080FC20460CA9BD
:10EB60000FF06AF8CDE711F03FFA0FF053F89FE786
:10EB70000CA82EF011FC0CA80EF004FF96E70FF085
:10EB800033F895E70FF0E6F892E711F02DFA044616
:10EB90002EF09DFA014620460EF0D4FE88E700BF15
:10EBA0002DE9F0436A288DB000F2868032280DD816
:10EBB0000020D7E06FF49B731844032800F275819E
:10EBC000DFE810F078017D018C019401333837289B
:10EBD000EED801A353F820F05BED00086BED0008C0
:10EBE000B1EB0008ABED0008B1EB00080BEE00083C
:10EBF00057EE0008B1EB0008B1EB0008B1EB0008DC
:10EC0000B1EB0008B1EB0008B1EB0008B1EB000874
:10EC10007BEE00088FEE0008B1EB0008B1EB0008B6
:10EC2000B1EB0008B1EB0008B1EB0008B1EB000854
:10EC3000B1EB0008B1EB0008B1EB0008B1EB000844
:10EC4000B1EB0008B1EB0008B1EB00080FEF0008D2
:10EC50004DF00008B1EB0008B1EB0008B1EB000883
:10EC6000B1EB0008B1EB0008B1EB0008B1EB000814
:10EC7000B1EB000805EF00082DEF000837EF0008A2
:10EC8000B1EB000855EF0008B1EB0008E3EF000816
:10EC900001F00008B1EB000811F0000827F00008AF
:10ECA000B1EB0008F7ED0008B1EB0008B1EB00088C
:10ECB000B1EB00087FF0000840F21B13984200F00F
:10ECC000EA81B0F58E7F33D2EF2800F0DB8122D8C5
:10ECD000822800F05D810DD87E2800F04C817F28CD
:10ECE0007FF466AF082009A911F086F909A81FF082
:10ECF00071FD87E0AE287FF45BAF2EF0D4F90446B7
:10ED000011F072F9054611F085F9294602462046B0
:10ED100031F0EFFD76E0F42800F0AC81FE2800F041
:10ED20008D81F3287FF444AF09A817F0A3FEACE16E
:10ED3000B0F59D7F3FF63CAFB0F59B7FBFF43AAF97
:10ED400040F21D13984200F0A98140F2211398422D
:10ED50007FF42EAF1EF068FA01E01BF0FFFF11F008
:10ED600061F901200DB0BDE8F08311F03DF90446D2
:10ED70002EF099F9054609A82EF0FEF92EF093F928
:10ED8000064611F031F9074611F044F907ABCDE919
:10ED90000103294620460097F3B209AA2DF004FE8C
:10EDA0002EF08BF99DF81C00D9E72EF07CF9054672
:10EDB0002EF079F9064611F017F9074609A82EF04A
:10EDC000DBF911F011F980462EF06DF9044611F0CF
:10EDD0000BF9814611F01EF9E4B207ABCDE903034C
:10EDE0003A4631462846CDE90084CDF8089009AB73
:10EDF0002DF0ECFDD4E7082009A911F0FDF809A8D1
:10EE00001BF0A0FF2EF059F9ABE709A82EF0B4F9DA
:10EE100011F0EAF805462EF046F906462EF043F9C1
:10EE2000074611F0E1F880462EF03DF9044611F056
:10EE3000DBF8814611F0EEF8E4B207ABCDE903034D
:10EE400032463B462946CDE90084CDF8089009A812
:10EE50002DF0CCFDA4E72EF026F9044609A82EF0EB
:10EE60008BF911F0C1F8054611F0D4F82A46034693
:10EE700009A920460FF01CFCC4E72EF014F9044643
:10EE800011F0B2F80146204619F080FDBAE72EF0E5
:10EE90000AF9044611F0A8F8054611F0A5F829462C
:10EEA0000246204610F0AEF8ACE72EF0FCF818F061
:10EEB00051FEA7E72EF0F7F818F06AFEA2E72EF051
:10EEC000F2F809A90446082011F096F811F08CF820
:10EED00009A90246204622F0F9FB93E7082009A978
:10EEE00011F08AF809A831F00AF88BE72EF0DBF868
:10EEF000044609A9082011F07FF8204609A930F03E
:10EF0000E9FF2EE711F070F82DF0F8FD7AE72EF00A
:10EF1000CAF809A90446082011F06EF82EF0C3F8CB
:10EF200009A9024620462DF0E7FD6BE711F05CF8D9
:10EF30001EF046F913E711F057F809A90446082016
:10EF400011F05AF82EF0AFF809A9024620461FF03A
:10EF500065FC57E711F048F809AA07A91FF070FBF4
:10EF60002EF0ABF8BDF81C002EF093F8082009A98C
:10EF700011F068F8F5E609A9082011F03DF811F044
:10EF800033F8011E18BF012109A81FF093FC39E7CF
:10EF900011F02AF807A90446082011F02DF82EF0E8
:10EFA00082F8054611F020F80DF1190302930DF1D6
:10EFB0001A03019309AE031E18BF01232A4607A9AD
:10EFC000204600962DF035FD2EF077F831460820CA
:10EFD00011F038F8BDF81A002EF05BF89DF8190012
:10EFE000BDE609A9082011F007F807A909A814F03F
:10EFF00089FA2EF062F8BDF81C002EF04AF8B0E64F
:10F000002EF051F809A914F0A3FA2EF056F8ADE746
:10F0100010F0EAFF09A92DF02FFD2EF04EF809A8F7
:10F020002EF0C2F89DE610F0DFFF044609A82EF08E
:10F03000C5F8204609A92DF035FDE3E610F0D4FF10
:10F04000003818BF01202FF030FCDBE610F0CCFFB9
:10F05000044610F0DFFF054610F0C6FF064610F02C
:10F06000C3FF031E18BF01233246294620462DF058
:10F07000CEFCC7E62EF02BF81AF0C2FF71E62EF098
:10F08000CCFF6CE609A817F023FD2EF016F809A8AE
:10F090002EF09DF865E630F07EFEB3E610F0A4FF9A
:10F0A000044610F0A1FF011E18BF0121204616F0F2
:10F0B0008DFCA7E62DE9F043D328A9B000F23281F8
:10F0C000C92806D84C2800F2E98003284ED8002031
:10F0D000F1E1CA380928FAD801A353F820F000BF9B
:10F0E000BDF40008CFF00008CFF00008CFF0000812
:10F0F000CFF00008CFF0000817F8000821F800084A
:10F10000CFF0000805F50008B9380A28DFD801A3B8
:10F1100053F820F045FA0008CFF00008CFF00008BF
:10F12000CFF00008CFF00008CFF00008CFF00008C3
:10F13000CFF00008E1F70008DBF70008D5F700087A
:10F1400095380728C3D801A353F820F085F80008A4
:10F15000CFF00008CFF00008CFF0000869F80008F1
:10F1600075F80008CFF000083FF60008043848287A
:10F17000ADD801A353F820F0B9F90008CFF000088A
:10F18000CFF00008CFF0000839FA0008CFF00008EF
:10F19000CFF00008CFF00008CFF00008CFF0000853
:10F1A000CFF00008CFF000088FF80008F1F8000851
:10F1B000CFF00008CFF00008CFF00008A9F4000855
:10F1C000C7F40008D1F40008DFF40008CFF000080D
:10F1D000E9F40008CFF00008CFF0000819F50008A6
:10F1E0001FF500082DF5000803F600080DF60008CD
:10F1F00035F60008CFF00008CFF00008CFF0000887
:10F20000CFF00008CFF0000863F60008D7F600083A
:10F21000CFF00008CFF00008CFF00008CFF00008D2
:10F22000CFF00008CFF00008CFF00008CFF00008C2
:10F23000CFF00008CFF00008CFF0000867F9000811
:10F24000CFF00008AFF90008CFF00008CFF00008B9
:10F25000CFF0000843F500083FFA0008CFF000089F
:10F26000FFF70008CFF0000877F90008CFF000089A
:10F27000CFF00008CFF00008CFF00008CFF0000872
:10F28000CFF00008CFF00008CFF00008CFF0000862
:10F290004BF7000885F9000897F900089C282AD840
:10F2A00094283FF64DAF7A2800F0BD827B2800F00D
:10F2B000BD8279287FF40BAF10F096FE06A915F0F9
:10F2C000E9FA2DF0FAFEBDF818002DF0E2FE9DF8E7
:10F2D0001A0010F0A7FE9DF81B0010F0A3FE9DF889
:10F2E0001C0010F09FFE9DF81D0010F09BFE0DF11C
:10F2F0001E01082058E3C3283FF6E9AEB8283FF6C0
:10F3000003AFAC2800F04282AD287FF4E0AE06A93E
:10F31000082010F071FE2DF0DAFE014606A815F067
:10F32000C5FCC5E0F73883B25A2B3FF6D0AE5A2859
:10F330003FF6CDAE01A353F820F000BF45F9000819
:10F34000FBF8000827F9000831F900084BF900081C
:10F35000CFF00008B3F60008CFF000087FF80008EF
:10F36000CFF00008CFF00008CFF00008CFF0000881
:10F37000CFF00008CFF00008A3F70008CBF7000893
:10F38000CFF00008CFF00008CFF00008CFF0000861
:10F39000CFF00008CFF00008CFF00008CFF0000851
:10F3A000CFF00008CFF00008CFF00008CFF0000841
:10F3B000CFF00008CFF00008CFF00008CFF0000831
:10F3C000CFF000084FFA000867FA0008CFF00008F5
:10F3D000CFF00008CFF00008CFF000087BFA00085B
:10F3E000CFF00008CFF0000891FA00089BFA00085F
:10F3F000A1FA0008B1FA0008CFF0000881FA00086D
:10F40000CFF00008CFF00008CFF00008CFF00008E0
:10F41000CFF00008CFF00008CFF00008CFF00008D0
:10F42000CFF00008CFF00008CFF00008CFF00008C0
:10F43000ADF70008B7F70008CFF00008CFF00008DC
:10F44000CFF00008CFF00008CFF00008F1F6000878
:10F45000F5F60008F1F60008FBF6000801F70008D1
:10F4600021F7000827F7000833F700083FF70008E6
:10F4700045F700080BF7000811F70008CFF0000867
:10F48000CFF00008CFF00008CFF00008CFF0000860
:10F49000CFF00008CFF000088BFA0008D1F8000880
:10F4A000D7F80008DDF800082DF0FDFD20F04EF83B
:10F4B0002DF003FE012029B0BDE8F08320F040F8D4
:10F4C0002DF0E7FDF6E72DF0EEFD20F045F8EFE733
:10F4D00006A82DF0CEFE06A816F068FEE8E713F0A9
:10F4E00019FC10F09FFDE5E710F07EFD04462DF0BD
:10F4F000EEFD054610F078FD29460246204614F040
:10F50000D5FCD5E72DF0E3FD044610F06DFD014676
:10F5100020462FF045F8CBE714F060FDC8E706A8B9
:10F520002DF00EFE06A816F037FDC1E710F05CFDC9
:10F53000044606A82DF004FE204606A92FF0E8F99F
:10F54000B6E710F051FD16220021044606A82BF064
:10F55000F8FB10F049FD8DF81C0010F045FD8DF80A
:10F560001D0010F041FD8DF81E0010F03DFD8DF8DE
:10F570001F0010F039FD8DF8200010F035FD8DF8DA
:10F58000210010F031FD8DF8220010F02DFD003823
:10F5900018BF01209DF8253060F300038DF8253059
:10F5A00010F022FD003818BF01209DF8253060F3CF
:10F5B00041038DF8253010F017FD003818BF0120E9
:10F5C0009DF8253060F382038DF825302DF06BFD1A
:10F5D000ADF818002DF067FD0DF12601ADF81A0009
:10F5E000082010F009FD10F0FFFC054610F0FCFCAF
:10F5F000031E18BF012320466AB206A916F01EFC9E
:10F6000056E710F0F1FC2FF0F3F951E710F0ECFCA5
:10F6100004462DF05CFD054610F0E6FC064610F0B1
:10F62000E3FC0346201E3246294618BF01202DF078
:10F6300061FA3DE710F0D8FC16F098F938E72DF0A4
:10F6400032FD04462DF043FD054610F0CDFC064684
:10F650002DF029FD32460346294620461FF0F4FCD2
:10F6600026E706A905A82DF032FA2DF026FD9DF813
:10F67000140010F0D7FC06A9082010F0E3FCBDF838
:10F6800020002DF006FD9DF8220010F0CBFC9DF827
:10F69000230010F0C7FC9DF8240010F0C3FCBDF857
:10F6A00026002DF0F6FC9DF8280010F0BBFC0B980E
:10F6B000FEE610F099FC06A913F0B2FB2DF0FDFC5C
:10F6C0009DF8180010F0AEFC9DF8190010F0AAFC8F
:10F6D0009DF81A0005E705A906A82DF0FAF910F023
:10F6E000A1FC082006A910F0ADFCBDF81400E7E667
:10F6F0000020F6E600F076FFF3E614F07BFED7E696
:10F700002DF0E5FC15F00CF8D2E613F057FED7E625
:10F7100013F054FE10F0070F0CBF01200020E0E6AC
:10F720002FF00BF9DDE613F049FEB0FA80F0400946
:10F73000D7E61DF079FD80F00100C0B2D1E613F0EC
:10F74000CBFEB7E62EF0DAFCB4E610F04DFC06A9CD
:10F7500021F02EFE2DF0B1FC06A9082010F072FC5D
:10F760009DF8200010F05EFCBDF822002DF091FC09
:10F770009DF8240010F056FC9DF8250010F052FC76
:10F780009DF8260010F04EFC0A9891E610F02CFC33
:10F79000044606A82DF025FD204606A930F000FB02
:10F7A00086E610F021FC30F093FB89E610F01CFC9B
:10F7B00024F028FFC1E710F017FC044610F014FCF9
:10F7C00041B2204624F034FF74E62DF06CFC30F09A
:10F7D0007DFB86E62DF029F983E62DF028F980E6F9
:10F7E00010F002FC05AA06A92DF01DF92DF065FC0C
:10F7F000BDF818002DF04DFC9DF8140071E60820AE
:10F8000006A910F0F9FB05A906A815F02FFA2DF0AE
:10F8100054FC05984CE610F0E7FB2DF000F947E6A4
:10F820002DF0FFF85DE615F027F85AE610F0DCFB46
:10F8300006A922F04FFD2DF040FCBDF818002DF078
:10F8400028FCBDF81A002DF024FC9DF81C0010F0D7
:10F85000E9FB9DF81D0010F0E5FB9DF81E0010F07F
:10F86000E1FB9DF81F003CE610F0BEFB40B22EF01D
:10F8700097FB1DE610F0B8FB16F052F918E62EF0D3
:10F88000B8FB2EE610F0B0FB2EF0C1FB10E610F036
:10F89000ABFB04462DF007FC05462DF004FC0646A4
:10F8A0002DF001FC074610F09FFB804610F09CFBFA
:10F8B000814610F099FBCDE90190201E3B4632466F
:10F8C000294618BF0120CDF800802DF095FAEFE50C
:10F8D00031F019F8EEE531F018F8EBE52DF0F7FB13
:10F8E00004462DF0E0FB0146204625F011F9E1E544
:10F8F00010F07AFB2DF07EFADAE510F075FB044685
:10F9000010F072FB054610F06FFB064610F06CFB22
:10F91000074610F069FB32460090294620467BB22C
:10F920002EF026FBC4E510F05FFB2EF023FBBFE5B5
:10F9300010F05AFB044610F057FB41B220462EF05F
:10F940001BFBB5E524F076FCB2E510F04DFB044658
:10F9500010F04AFB054610F047FB294602462046B8
:10F960002EF00CFBA4E506A82EF0F9FA2DF0A5FB6D
:10F970009DF81800B5E506A82DF0CBFD06A82EF0E1
:10F98000F0FA95E506A82EF0EEFA2DF096FB06A803
:10F990002DF0B2FD8EE510F027FB06A92DF0B0F892
:10F9A0002DF08BFB862006A910F04CFB82E510F0B1
:10F9B0001BFB17F0F3F87BE510F016FB06A917F018
:10F9C000BBF82DF07AFB9DF81C0010F02BFB9DF886
:10F9D0001D0010F027FB9DF81E0010F023FB9DF882
:10F9E0001F0010F01FFB9DF8200010F01BFB9DF87E
:10F9F000210010F017FB9DF8220010F013FB9DF87A
:10FA0000250000F0010010F00DFB9DF82500C0F36B
:10FA1000400010F007FB9DF82500C0F3800010F0B7
:10FA200001FBBDF818002DF034FBBDF81A002DF0D5
:10FA300030FB0DF126015CE417F0AAF851E517F050
:10FA400059F835E510F0D0FA16F092F830E506A82E
:10FA50002DF076FB10F0C8FA011E18BF012106A890
:10FA600016F0F4FA24E52DF01EFB044610F0BCFA63
:10FA70000146204618F07CFB1AE515F0DFFC30E566
:10FA800006A82EF026FF06A933E429F0A6F828E5FB
:10FA900010F0AAFA14F040FF0AE514F04BFF20E53D
:10FAA00010F0A2FA003818BF012014F049FF01E558
:10FAB00014F04CFF15E500BF2DE9F041B0F5957F3E
:10FAC00098B009D2B0F5867F08D2762870D866281B
:10FAD00048D8142800F0DF8000208BE0A0F5867065
:10FAE0001D28F9D801A353F820F000BFE5FC000859
:10FAF00049FD0008FFFC000821FD00085FFD00082B
:10FB00006DFD000887FD000897FD000819FC00083E
:10FB10003BFC0008B7FC0008D9FA0008D9FA000835
:10FB2000D9FA0008D9FA0008D9FA0008D9FA000869
:10FB3000D9FA0008D9FA0008D9FA0008D9FA000859
:10FB4000D9FA0008D9FA0008D9FA0008D9FA000849
:10FB5000D9FA0008D9FA0008D9FA0008ADFD000862
:10FB6000B7FD000867380F28B6D801A353F820F076
:10FB700075FC0008BBFB0008FBFB0008D9FA000875
:10FB8000B1FC0008A7FC0008D9FA0008D9FA00085F
:10FB9000D9FA0008D9FA0008D9FA0008D9FA0008F9
:10FBA000D9FA0008D9FA000857FC00088DFC0008B3
:10FBB000B12891D102F006F819E02DF074FA0DF198
:10FBC0003601ADF83400102010F016FA0DF14601A0
:10FBD000102010F011FA10F007FA0DF157018DF80E
:10FBE0005600082010F008FA0DA81DF059FC2DF061
:10FBF00064FA012018B0BDE8F0810DA81DF04AFBA1
:10FC00002DF05BFABDF834002DF043FA08200DF119
:10FC1000360110F017FAECE70DA82DF0D3FC09A976
:10FC20000DA829F0A6FA2DF048FA102009A910F025
:10FC300009FA0DA82DF0ACFCDBE70DA82DF0C2FCF5
:10FC400009A9102010F0D8F909A90DA829F072FA15
:10FC50002DF033FAEDE70DA9082010F0CDF910F0E2
:10FC6000C3F9011E18BF01210DA829F08BFC10F06B
:10FC7000D9F9BEE72DF017FA04460DA9082010F0B7
:10FC8000BBF920460DA922F0F1FFB0E710F0ACF966
:10FC900029F08AFCABE708200DA910F0ADF90DA8FA
:10FCA0001CF0E4FBA3E710F09FF91CF0A7FC9EE713
:10FCB0001AF09CFB9DE70DA801F062FA2DF0FDF90A
:10FCC0009DF8340010F0AEF99DF8350010F0AAF957
:10FCD0009DF8360010F0A6F99DF8370010F0A2F953
:10FCE0000E9884E70DA82DF06DFC09A90DA829F048
:10FCF00036FB2DF0E2F909A82DF07DFC99E710F014
:10FD000073F9044609A9082010F076F90DA910200E
:10FD100010F072F920460DAA09A929F057FA66E7F2
:10FD200010F062F909AB05AA0DA929F03BFB2DF0F3
:10FD3000C4F90DA82DF02CFC102005A910F082F9B3
:10FD400009A82DF058FC54E703A9082010F054F935
:10FD500009AB05AA0DA903A829F041FBE7E70DA807
:10FD60002DF030FC0DA801F0D7FC40E709A90820D0
:10FD700010F042F90DA9102010F03EF90DA909A8C4
:10FD800029F053FA33E710F02FF909AB05AA0DA9B2
:10FD900029F07AFBCBE703A9082010F02DF909AB75
:10FDA00005AA0DA903A829F04DFBC0E72DF08FF996
:10FDB0001CF0AEF91DE710F017F9064610F014F923
:10FDC000044610F027F9054610F00EF907460DF12C
:10FDD00034084146082010F00FF9301E21463B46FA
:10FDE0002A4618BF0120CDF800802FF04DFC2DF0E1
:10FDF00064F9294620460CE7B0F5827F73B50446C6
:10FE00000AD2B0F5817F0DD2772836D0204602B0D5
:10FE1000BDE8704028F097BBF8D128F0A3F8012086
:10FE200002B070BD2DF053F905462DF050F940F2A7
:10FE300003139C42064612D0174C6A4623680146BB
:10FE400008332846019300F061FD2DF036F9009843
:10FE50002DF033F92368009A13442360DFE72DF077
:10FE600036F90E4B6A461B683146009028460193CE
:10FE700028F084FF2DF021F9D1E710F0B5F8044601
:10FE800010F0B2F8011E18BF0121201E18BF01207A
:10FE900000F058FDC3E700BF00330020043300200A
:10FEA00030B5DC2891B063D8B12804D8252800F0FB
:10FEB000FA80002071E0B2382A28FAD801A353F85A
:10FEC00020F000BF7BFF00089FFF0008FDFF000837
:10FED00019000108B3FE0008B3FE0008B3FE0008D5
:10FEE000B3FE000861000108B3FE0008230001080A
:10FEF000390001084D00010847000108B3FE000861
:10FF0000B3FE0008B3FE0008B3FE0008B3FE00080D
:10FF1000B3FE0008B3FE0008B3FE0008B3FE0008FD
:10FF2000B3FE0008B3FE0008B3FE0008B3FE0008ED
:10FF3000B3FE0008B3FE0008D3FF0008B3FE0008BC
:10FF4000B3FE0008B3FE0008B3FE00085700010826
:10FF500067000108710001087B00010881000108A9
:10FF6000870001088D000108930001089D00010829
:10FF7000F6289ED125F070FA0EE005A82DF08BF939
:10FF800010F032F8044610F02FF8214642B205A8CE
:10FF900030F013FD2DF091F8012011B030BD01A912
:10FFA000102010F029F82DF092F8059010F01CF8B0
:10FFB0000DF119018DF81800102010F01DF80DF149
:10FFC0002901102010F018F805A901A830F0D2FD81
:10FFD000E0E72DF07CF8059010F006F80DF119011E
:10FFE0008DF81800102010F007F810200DF12901ED
:10FFF00010F002F805A830F0B8FDCBE72DF067F857
:020000040801F1
:1000000004460FF0F1FF05460FF0EEFF69B202461D
:10001000204625F0ADF9BDE72DF059F825F022FA7C
:10002000B8E705A901A830F012FE01A82DF057F994
:1000300005A82DF085F9AFE705A82DF069F905A809
:1000400030F00EFEA8E730F066FFA5E730F00EFEB8
:100050000FF0E8FFA0E70FF0C7FF30F0B7FD9BE718
:1000600030F0BCFDF4E70FF0BFFF25F07BF993E71C
:100070002DF019F830F002FE8EE725F0B7F8E7E72B
:1000800025F036FAE4E725F07FFD83E725F082FDD1
:1000900080E72DF01CF825F083FD7DE72DF017F8A3
:1000A00025F084FD78E725F02DFD75E7032208B5DE
:1000B000054B00201A802DF0AAFFBDE8084002463B
:1000C000002102480CF0FAB93643002050260408FB
:1000D00038B50F4DFCF77CF92B886BB90D4C238894
:1000E00063B900230A482380FCF724FB288820B149
:1000F00012F09EF9084B1860012038BD27F01DFF53
:10010000064B1B88C01A238880B28342E9D3EDE7EF
:10011000703500206C350020342000206E35002022
:10012000034B1A881AB13C2002492CF077B870476B
:10013000703500205E21040838B50446064DFFF7EF
:10014000EFFF21462888FCF7F9F800232B80BDE853
:100150003840FCF73DB900BF70350020002273B570
:10016000054610460E462DF05AFC044630B1054AAD
:1001700000962B46002112882DF0D3FD204602B0B8
:1001800070BD00BF7035002008B5034B188812F011
:100190006BF9C0B208BD00BF70350020014608B53C
:1001A00007482DF070FD18B192210648FBF7A2FD1B
:1001B000034B188812F03CF9034B186008BD00BFD0
:1001C00070350020772604083420002038B500213F
:1001D00009482DF0ADFC054612F046F9074B0446E0
:1001E00028461D8012F024F9054B50FA84F418605B
:1001F000044B01201C6038BD744300207035002082
:10020000342000200033002010B5044627F095FE6E
:10021000024B1880024B1C8010BD00BF6E350020C1
:100220006C35002008B513F063F828B1BDE808402C
:1002300043210248FBF75EBD08BD00BFB926040894
:1002400001482DF05DBE00BF3820002013B51C48CA
:100250002DF01FFE2AF0BFFB2AF05EFC2AF05DFCA9
:100260002AF05CFCFBF7F4FC0446FBF727FD234671
:100270000121144A0090042000F0B6F8FBF7E2FCDC
:100280000446FBF729FD23460F4A01210090042074
:1002900000F0AAF8FBF7DCFC012340F2A1728340D6
:1002A00013420BD00020FBF7DFFB0020FBF7DEFA48
:1002B000002002B0BDE81040FBF7A4BA02B010BDA8
:1002C00038200020082704081E270408012908B543
:1002D00009D1FBF7E5FE084B187060B1BDE8084096
:1002E0000020FBF7CFBE31B9034B1B781BB1BDE833
:1002F0000840FBF795BE08BDB4510020012008B5A9
:10030000064B187028F0D2F9022028F0CFF9BDE88A
:10031000084003490348FDF729B900BFA045002064
:10032000744C00206820002070B528F0BBFC10F051
:10033000070F194D09D02B781BB90120287028F020
:10034000B5F9BDE8704028F005BD144C2378032BA7
:10035000F1D928F0BBF90028EDD028F0A3FC10B9A2
:100360002378032B14D828F0F5FC04460028E2D0AB
:100370002B785BB100262E7026F093FB05463146A4
:100380000120FDF75FF8284626F08FFB204670BD60
:100390004FF0FF34ECE700BFA04500206D46002081
:1003A0001FB5FFF7C1FF0446FDF734FEA04228BF8A
:1003B000204688B103A9FDF70FFE034638B9CDE901
:1003C0000000064A0399064827F018FF18B18D214E
:1003D0000448FBF78FFC012004B010BDAB86030876
:1003E000482000203E2704080CB413B502460C46F2
:1003F00028F07BF960B9094B1B681A4208D005A99F
:100400000498019102F04CFE14B105482AF0BFFA9D
:1004100002B0BDE8104002B0704700BF7C4C002025
:10042000882704082DE9F34102AB03E906000446DE
:10043000904612F0E7FB0546204612F0F3FB394FD9
:100440009DF80060384BFDB1202C98F8002033F85F
:10045000141037F8140008D9814254D34FF6FF72B4
:1004600091421DD102B0BDE8F081012A32D84FF689
:10047000FF752E4802EB4212224430F81210A942B6
:1004800002D0013120F8121033F8141037F814009C
:10049000814238D34FF6FF7291424FF0010502D0EE
:1004A000013123F8141004F0FD02092A2DD19A8A93
:1004B000B98A32448A42B4BF9A82998233F814309E
:1004C0008342CFD3002DCDD1204602B0BDE8F0410C
:1004D00028F07DBA022AD7D14FF6FF704FF6FF758C
:1004E000124A32F81410814218BF013104F1210080
:1004F00018BF22F8141032F81010A9421CBF0131A5
:1005000022F81010C0E70025CAE71D2CD6D15A8F5B
:1005100091198142BDBF02F1FF32B6185E8758873C
:10052000CCE700BFF63500204836002072350020A9
:1005300008B55222002102482AF003FC002008BD21
:100540004836002008B55222FF2102482AF0F9FB64
:10055000002008BDF6350020024B23F810100020C3
:10056000704700BFF635002038B505464FF40050FF
:100570000C4603F0A9FD4FF400532860236030B906
:100580004FF4C571BDE838400148FBF7B3BB38BD37
:100590008A2704080048704770410020014B1878F2
:1005A000704700BFD0510020014B1880704700BF3A
:1005B0007E510020014B1888704700BF7E510020FB
:1005C000014B187000207047C8510020014B18786B
:1005D000704700BFC8510020014B187000207047C1
:1005E000BE510020014B1878704700BFBE5100205B
:1005F000014B1878704700BFC0510020014B18789C
:10060000704700BFA8450020014B1870704700BF1D
:10061000A8450020014B1878704700BFA74500206F
:10062000014B1870704700BFA7450020014B187898
:10063000704700BFC1510020014B1870704700BFC8
:10064000C1510020014B1888704700BF7C51002029
:10065000014B1880704700BF7C510020014B187877
:10066000704700BFC9510020014B1870704700BF90
:10067000C95100202DE9F74F414B424A0193424BAB
:10068000DFF844911B78DFF84481DFF844E1DFF8BC
:1006900044C13E4F3E4E3F4D3F49404802EB431A56
:1006A000019B524503F1200309F1200908F12008BC
:1006B0000EF1200E0CF1200C07F1200706F12006A8
:1006C00005F1200501930FD100221146344B324D24
:1006D0001C78344E344B314FD0B2844203F12003A6
:1006E00046D803B0BDE8F08F304B314C5360002347
:1006F00049E907432F4CDFF8E0B048E907432E4CA7
:10070000C2E902304EE907432C4C11604CE9074323
:100710002B4C136147E907432A4C49E9050348E993
:1007200005034EE905034CE9050347E9050349F8CC
:10073000201C48F8201C4EF8201C4CF8201C47F8C0
:10074000201C46F8201C46E90743019C45E907B3F5
:10075000DFF888B046E9050345E9050344E907B336
:1007600044E9050345F8201C44F8201C203297E793
:1007700043E9085643E9061743F8101C0132ABE77A
:10078000D4250020F4260020D75100203426002054
:1007900014260020F42500206C340020AF1A040831
:1007A000CE51002061C5020874260020116E020897
:1007B00067E8030895820208F90F03088FFC030815
:1007C000E5A5020895C70108D4260020B42600201C
:1007D0009426002054260020114A0308196A0208B2
:1007E000002208B5074B1A605A6028F033FA064B0E
:1007F000187028F02FFA054B1870054B1A78054B26
:100800001A7008BD0E3400206A4600206946002098
:10081000BF51002068460020002100B593B0084673
:100820006A4610F023FF0146C8B90E4B0E4A0993E1
:100830000E4B0D920A930E4A0E4B0E920B930E4ADC
:100840000E4BCDE90F230C930D4B6A46119311F01B
:10085000EBF9003818BF012013B05DF804FB01204C
:10086000FAE700BF3FE30308317C02083DE50308D7
:1008700099410208A18C030899930208A7E503088F
:1008800005760208074B1878112803D8064B034158
:10089000DA0704D5A0F143035842584170470120BC
:1008A000704700BF6C460020CBFFFDFF08B5064B2C
:1008B0001B78013B022B05D80020FFF7E3FF01382E
:1008C000C0B208BDFF20FCE76D460020242811D8E7
:1008D000094B53F820300B60084B1B5C4B71084BE5
:1008E0001B5C0B71074B1B5C8B71074B1B5C002067
:1008F000CB7170472720704704250408B8240408EA
:10090000DD240408932404086E24040838B5002369
:100910000A4C54F8045B854209D1094CE35C13602E
:100920005268FDF7ADFE003818BF012038BD013315
:10093000252BEED1002301201360F7E704250408DE
:10094000932404082DE9F04F80460F460025DFF878
:100950007490DFF874A085B06946E8B2FFF7B6FF7F
:10096000044638B10135252DF6D105B0BDE8F04F6C
:1009700000F00ABF009EB8F1000F18D117B10F4B5D
:100980009E42EFD00AEB850B9DF80730E1B28B4217
:10099000E8D99DF8063002AA0293DBF80030304611
:1009A0000393013428F0EAF9FBF766FBECE74E45C8
:1009B000D8D0034B9E42E1D1D4E700BF63E20100EF
:1009C00023E1010063E501008821040830B587B008
:1009D0006B460E4A05465168106802AC03C303C358
:1009E00000211A460A4804910594FFF78FFF58B971
:1009F000049A082A08D1214668462AF078F918B1E5
:100A0000234603CB2860696007B030BDE82704089F
:100A10002AE101000022034B1870034B1970034BAD
:100A20001A7070476F460020704600206E46002006
:100A30002DE9F04FDFF89080064698F800300D461B
:100A400085B0002B3AD04FF6FB73984236D84FF062
:100A5000000B1C4FDFF874A03C7898F800305FFA68
:100A60008BF94B459AF8000011D9484402AA0DF1C0
:100A70000601C0B21DF0E4FD082229460DEB02007C
:100A80002AF035F90BF1010B0028E6D14C463B78F2
:100A9000A34208D198F80020631CDBB29A423B7055
:100AA00004BF00233B70324629469AF800301C44AC
:100AB000E0B205B0BDE8F04F1DF0B0BE05B0BDE836
:100AC000F08F00BF6E460020704600206F46002069
:100AD0002DE9F047002492B006A8CDE9004400F0CB
:100AE0007BFA04238DF818309DF82530DFF89080CC
:100AF00043F00103DFF88C908DF825300BAF5FFADF
:100B000084FA06A88DF819A000F006FE00B3192398
:100B100052461946384602AE0DAD27F07DFA95E8EB
:100B20000F0086E80F0097E8030007AB83E8030097
:100B30000822694618462AF0DAF848B1314606A874
:100B400028F0F8FA58B199F80130013389F80130EA
:100B500001340C2CD3D1002012B0BDE8F087102254
:100B6000FF2128462AF0EDF819233A461846514647
:100B700027F05BFA98F80130013388F80130E7E795
:100B800076460020714600202DE9F04397B004A876
:100B900000F022FA07230026DFF88C90214FDFF8BF
:100BA0008C808DF8103099F80030F4B2A34203D84D
:100BB000002017B0BDE8F08304A88DF8114000F0C4
:100BC000ABFDE8B1342322461F2109A827F024FAFF
:100BD0006A4694460DF136030DF1460E1546186827
:100BE0005968083303C573452A46F7D1614604A8FE
:100BF00028F0A0FA30B198F80330013388F80330B8
:100C00000136D0E71022FF2109A82AF09AF83423F0
:100C100021461F2009AA27F008FAFB780133FB7050
:100C2000EEE700BF76460020CA5100207146002042
:100C30002DE9F04397B005A800F0CEF9082300266F
:100C4000DFF88C90214FDFF88C808DF8143099F804
:100C50000030F4B2A34203D8002017B0BDE8F083FF
:100C600005A88DF8154000F057FDE8B13023224665
:100C700021210AA827F0D0F901AA94460DF13603E4
:100C80000DF1460E154618685968083303C57345BB
:100C90002A46F7D1614605A828F04CFA30B198F8F9
:100CA0000330013388F803300136D0E71022FF21EA
:100CB0000AA82AF046F83023214621200AAA27F064
:100CC000B4F9FB780133FB70EEE700BF76460020F5
:100CD000F545002071460020F0B50446012593B08B
:100CE0000DA800F079F90DA88DF834508DF8354035
:100CF00000F012FD10B9002013B0F0BD9DF83500D2
:100D000008AC012818BF28466D464FF0110307BFF5
:100D1000022221460622214611F0DCFE94E80F0053
:100D200085E80F0004AA17461A4B03F1100C16466B
:100D300018685968083303C663453246F7D1102254
:100D40003946284629F0D3FF0028D5D029460DA8DA
:100D500028F0F0F9054628B10F4A01201378013335
:100D60001370C9E71022FF21204629F0EAFF9DF801
:100D700035302146012B08BF02224FF0110318BF66
:100D80000622284611F0A6FE044A13780133137098
:100D9000B1E700BF562804087146002076460020BF
:100DA000F0B591B004A800F017F9022304A88DF85B
:100DB000103000F0B1FC10B9002011B0F0BD1A23C2
:100DC0000822012009A911F085FE6A460DF12E03C3
:100DD0001D4616460DF13E0714461868596808333B
:100DE00003C4BB422246F7D1314604A828F0A2F939
:100DF000044628B10A4A0120537801335370DCE7D6
:100E00001022FF21284629F09CFF1A2308222046A1
:100E100009A911F05FFE034A537801335370CBE701
:100E20007146002076460020F0B595B005A800F088
:100E3000D3F8052305A88DF8143000F06DFC0623C7
:100E4000044605A88DF8143000F066FC054644B34E
:100E500028237F220DEB03001D2127F0DDF801AAD6
:100E600016460DF12D030DF13D071446186859681B
:100E7000083303C4BB422246F7D10523314605A8F7
:100E80008DF8143028F056F9044600283AD12F4A3C
:100E900093780133DBB293706DB963BB002015B05A
:100EA000F0BD0028FAD028237F221D210DEB03007E
:100EB00027F0B2F801240DF13D0301AA17461E46A2
:100EC0000DF14D0C154618685968083303C5634584
:100ED0002A46F7D10623394605A88DF8143028F0A4
:100EE00029F91A4A00B31A498B7801338B70937829
:100EF000002BD3D084B91022FF210DF12D0029F051
:100F000020FF09E0124A937801339370002DD2D16B
:100F10000E4B9B78002BC1D028237F211D200DEB89
:100F2000030227F082F8B9E793780133DBB29370BC
:100F3000002BB3D02CB91022FF210DF12D0029F088
:100F400000FF1022FF213046D9E700BF764600207F
:100F50007146002070B5FBF7A3F8044610B1A52038
:100F6000FBF790F80020FFF7B7FE0120FFF7B4FE73
:100F7000FFF716FFFFF758FFFFF7AAFDFFF704FE84
:100F8000FFF756FE00231D4619460F4E0F4816F870
:100F9000012B0133114410F8012BDBB22A44052B3D
:100FA00089B295B2F3D151EA050306D0084802F0A0
:100FB00063F82946074802F05FF81CB1BDE87040AD
:100FC000FBF72EB870BD00BF7646002071460020AA
:100FD000F72704081E28040810B50446142200212F
:100FE00029F0AFFE014B236110BD00BF0001440595
:100FF000014B0361704700BF0044400410B5037803
:101000000446013B8AB0082B17D8DFE803F0093308
:1010100010180522242A30004FF003100AB010BD2A
:1010200043781548002B08BF4FF44030F6E701A97C
:1010300027F0C2FE08B90698F0E70020EEE727F097
:1010400012FF0028F9D1607800F5403000F580707B
:10105000E4E70A48E2E7407800F5403000F5007028
:10106000DCE7407800F5403000F54070D6E7044BEF
:101070001868D3E70348D1E7010003000400030028
:101080003427002002000300044A054B10B11B68FE
:101090001360704712681A60704700BF2C27002049
:1010A0003827002030B543780446002B0B4808BF92
:1010B0004FF4403087B00D46059028F086FB102392
:1010C000CDE90153012300934FF4105140F2013355
:1010D000226905A828F03CFB07B030BD01000300E1
:1010E00010B501240C4886B005908DF8134028F007
:1010F0006CFB0DF11303CDE90043002240F20133F4
:1011000041F20101029405A828F022FB003818BF23
:10111000012006B010BD00BF1000030073B501240C
:101120000026054622460B4801AB0DF103018DF860
:101130000360019428F037FB10F1880F03D12D20B4
:101140002E7002B070BD18B99DF803302B70F8E70F
:101150002046F6E71000030007B510224378074841
:10116000002B08BF4FF4403001AB019228F01BFB6D
:10117000003818BF012003B05DF804FB0100030034
:1011800010B5044686B001A902221123012011F0F6
:10119000A1FC9DF814300C48E37027F04FFE0622A6
:1011A00001A960701123012011F094FC9DF8143006
:1011B0004FF44030A37027F041FE207019F09EFBE1
:1011C0006060002006B010BD0100030030B5054688
:1011D00019488DB00C46049028F0F7FA1023CDE999
:1011E0000143012400942A6940F201334FF4105165
:1011F00004A828F0ADFA0546D8B91A2308222046DB
:1012000005A911F067FCBDF91420BDF81430002ABF
:1012100002DA00200DB030BD6FEA43436FEA53435A
:101220000822ADF8143028461A2305A911F052FC03
:10123000EFE72046EEE700BF02000300F0B585B0FF
:1012400004460E462CF05BFFC8B102A81AF0DCFF82
:10125000A8B1657B271D15F0020F09D0082238467A
:101260000DEB020129F043FD10B12D2005B0F0BDBA
:1012700002AB45F0020503CB606079606573102214
:101280003146034801AB28F08EFA0028EED0ECE797
:101290000200030007B5102203780748052B08BF9A
:1012A0004FF0031001AB019228F07DFA003818BF0F
:1012B000012003B05DF804FB0400030030B50446D0
:1012C00091B07F220D4628231D2106A826F0A4FEFA
:1012D000069B002043F4007306932378052B0BBF75
:1012E0004FF00312124A0DF11D010DF12D010CBF3B
:1012F0000592059228F0B8F9059828F066FA1023AF
:10130000CDE9015301230093226940F201334FF4E8
:10131000105105A828F01CFA044628B928237F217B
:101320001D2006AA26F081FE204611B030BD00BF68
:101330000400030070B543780446FF2B0E4696B0B8
:1013400012D1002501212A460430CDE90C5500F0C8
:1013500031FBFF2801D0607006E02A4601210CA86D
:1013600000F028FBFF28F6D165782F4B05F54035B6
:1013700005F580759D42049553DC282200210CA8B8
:1013800029F0DFFC284628F020FA10230125CDE9BA
:101390000163009540F201334FF41051226904A813
:1013A00028F0D6F9002839D163686178CDF84D303E
:1013B000A3680CAACDF8513005238DF83230637B39
:1013C0005B0103F40073ADF8303000F067FB0546B5
:1013D00020BB19236278194605A826F01DFE9DF84A
:1013E0002C305A060AD42846049A07A928F03CF95A
:1013F0009DF82C3043F040038DF82C30637B6178EE
:10140000DB0648BF9DF82C3005AA44BF63F07F037C
:101410008DF82C301923184626F007FE284616B002
:1014200070BD1A25FAE700BF0B01030008B5037869
:10143000013B082B06D8DFE803F00C2D13172A2FE9
:101440001B212700002028F0C0F9003818BF012018
:1014500008BD43781148002B08BF4FF44030F2E735
:10146000BDE8084027F019BEBDE8084027F0A3BD3D
:10147000407800F5403000F50070E4E7407800F572
:10148000403000F54070DEE7054B1868DBE74FF0B1
:101490000310D8E70348D6E70348D4E70100030068
:1014A0003427002002000300040003007FB50C4E27
:1014B000044630680D4628F088F91023CDE9015321
:1014C000002300934FF4105140F20133304622695B
:1014D00028F03EF9003818BF012004B070BD00BFED
:1014E0003427002007B50648102201AB006828F019
:1014F0005AF9003818BF012003B05DF804FB00BFA3
:10150000342700202DE9F043074620488FB0884655
:1015100016466B461022006801A928F044F9002500
:10152000002D05AB0CBF36205C200024994601AA93
:1015300012F8011B0134E4B24140102C03F8011BE6
:10154000F6D109A82DF0DEFC4A46214609A82DF067
:10155000DDFCBDB941463A4609A82DF03FFD3246B3
:1015600009AC0DF1340C234603CB63451060516088
:101570001C4602F10802F6D115B10FB0BDE8F083A8
:101580000125CDE732462146E6E700BF3827002097
:10159000F0B50C46064687B008461546FFF72EFD07
:1015A0006388214F1A0738602CD52A46314610200F
:1015B0002DF076FD1D4E306808B128F006F9102395
:1015C000CDE90153002300934FF4105140F2013351
:1015D0002269164828F0BCF820BB33683B6063885A
:1015E000D90717D500232A4601210DF117008DF8E0
:1015F0001730FFF787FF6388002B0CBF21200020E6
:1016000007B0F0BDDE06EAD52A460821201DFFF707
:1016100079FFCFE79A0701D50223E4E75B07EAD514
:101620000323E0E70120EBE73827002030270020E4
:10163000F0B597B00446FFF7E1FC354E0546306043
:1016400010B92D2017B0F0BD002124220DA829F0DB
:1016500078FB28460DA928F0B2F80028F1D13768A8
:10166000A7F54033B3F5803F1FD222780E9D022AA2
:10167000119B4FEA15253DD0F7F774FC052814D1CE
:101680009DB940F20113384609AA0DA90E93099796
:1016900000F0F2FA002309A88DF82430FFF73EFD90
:1016A0009DF824300BB9FFF71BFD60880028C9D0D6
:1016B00005A92046174D09AF27F05BFD3A462146A4
:1016C00005A8FFF765FF286808B128F07EF8102309
:1016D000CDE90173002300934FF4105140F2013320
:1016E00022690C4828F034F82B68003818BF012014
:1016F0003360A7E7002BBFD109A9204627F039FDA9
:1017000009A9204627F016FDF7F72CFCC2E700BF19
:10171000382700203027002038B5034C2568FFF714
:1017200087FF256038BD00BF382700207FB50A9E9F
:101730009DF820409DF82450CDE90034CDE90256B3
:1017400013460A4601460448006828F066F804B0CB
:10175000BDE8704027F0E2BC3827002010B50446F1
:101760001346074A10680A4606492CB128F02FF89C
:10177000BDE8104027F0D2BC28F03CF8F8E700BFE5
:10178000382700200044400438B54FF44034044D5D
:101790002046013427F099FBAC42F9D138BD00BF97
:1017A000000103002DE9F04303780446092B0D46A0
:1017B0009DB050D005AA1646284B03F1080C1746D9
:1017C00018685968083303C763453A46F7D109AA30
:1017D000904618681B7938603B71214B03F1100C5F
:1017E000174618685968083303C763453A46F7D166
:1017F00020464FF0100904240DAFFFF719FF4246B1
:10180000234601213046CDE900940297FFF78EFF71
:1018100017A8FFF7E1FB0923294617A88DF85C30CC
:1018200012AD27F087FC17A8FFF702FF23464246B8
:1018300001213046CDE90145CDF80090FFF776FF54
:1018400014222946384629F052FAB0FA80F04009AD
:101850001DB0BDE8F0830020FAE700BF6628040849
:10186000742804082DE9F04186B0064603A80C460A
:101870001BF010FD054600284AD1BDF80C30980633
:1018800046D510222946204629F05BFA01A81AF015
:10189000BBFCC0B1777B06F1040817F0020F06D03D
:1018A0000822404601A929F022FA00282ED101ABD6
:1018B00047F0020703CB7060C8F8041077732388E1
:1018C00043F008032380238843F0020323801AF0A7
:1018D00043F860602CF013FC30B10E4B1B68A36022
:1018E000238843F0040323800B4B1A68D1035EBFA7
:1018F000238843F010032380130203D5238843F485
:1019000000632380284606B0BDE8F0812D25F9E765
:101910002425F7E7242700202827002030B5234B73
:1019200005461B780C46834289B03DD919230246EF
:10193000194601A826F070FB182101A82DF082FF9E
:1019400010B9292009B030BD01AB03CB9DF81C3084
:10195000C4F8211013F0020F14BF082218225907EF
:1019600048BF42F020022280C4F81D00180642BF82
:10197000228842F400722280D907E2D50523A370A1
:101980000B4B53F82530A36119F0ECFF23886061FD
:1019900043F0060222809DF81C200020520644BF1E
:1019A00043F086032380CDE72720CBE7C2510020F8
:1019B000702000202DE9F04F8FB0064602A80C469B
:1019C0001746FFF709FB04238DF808309DF8153002
:1019D00043F001038DF81530002C56D06B462C4A8D
:1019E0001068516803C39EB108226946304629F049
:1019F0007EF9B0FA80F56D094FF00009DFF898A084
:101A00009AF800305FFA89F4A34203D8FF2435E046
:101A10000125F1E71922FF2107A829F092F91923DE
:101A20002246194607A826F0F7FA9DF83480B8F147
:101A3000FF0F03D188211748FAF75CF93DB108215F
:101A400007A82DF0FFFEC8B109F10109D8E702A8E7
:101A50008DF80940FFF760FE08228346314607A84B
:101A600029F045F95BEA0000EED118F0010FEBD048
:101A7000FF2F03D037B918F0800FE5D120460FB003
:101A8000BDE8F08F37EA0808F7E70224F6E700BF61
:101A9000C328040885280408C2510020F0B5324B41
:101AA0000D461B7814468B4293B05AD980B1192247
:101AB000002108A829F045F900242C4B294643F8B9
:101AC0002540192308AA184626F0AFFA204618E048
:101AD00002F11D0630466A4604AB08A927F07FFCD8
:101AE00088B1304611F0CAFDC0B1FF27384608A9B9
:101AF000FFF714FF2288BDF8203053409A050DD41B
:101B0000212013B0F0BD30469DF8217011F0B6FDD4
:101B10000028EBD1FF2F01D0BD42E7D123889B05E0
:101B200012D5D4F81D00716808AB03C327F03EF945
:101B3000002814BF0122032223889B1023F07F0377
:101B400013438DF83830B7E704A81AF05DFB00287E
:101B5000E7D00822304604A929F0C9F80028E0D1CE
:101B6000CEE72720CDE700BFC25100207020002023
:101B700070B5134B04461B780D468342164688B059
:101B80001CD919230246194601A826F045FA192145
:101B900001A82DF057FE10B9292008B070BD9DF89E
:101BA0001C30214623EA060219231543184601AAD0
:101BB0008DF81C5026F039FA0020EEE72720ECE7DC
:101BC000C251002038B50024054D2B78E0B2834285
:101BD00001D8002038BD27F0E7FC0134F5E700BF4D
:101BE000C25100202DE9F04398461E4B81461B78D8
:101BF0000E46174685B0ABB9C6B91B4B18689B8813
:101C00000190ADF80830194B1C68A4B1184B1D7831
:101C10008DB104EB450534F8023B9F420ED0A5423E
:101C2000F9D103E027F0A1FC0028E5D101263046D8
:101C300005B0BDE8F083032501ACEAE7B8F1000F79
:101C4000F5D19DF83430BDF8302047F4004101A8AB
:101C50002EF024F88D234846064A01A91DF0EAF823
:101C6000E5E700BFD8510020CC2804083C2700201D
:101C70007B4600200F6D040870B505461446F9B187
:101C8000F2B11668864204BF0F4B136012684B68AE
:101C90008A60DAB222B923F0FF0343F001034B60FC
:101CA0002246284628F0AEF860B9AE420AD1304646
:101CB00027F08FFF31462068BDE8704025F0B8BBA3
:101CC0006FF0860070BD00BFF000020010B50A463C
:101CD000044619B1024B00211B68984710BD00BF94
:101CE000884C00200E4B0340B3F1607F06D1B1F564
:101CF000885F14BF6FF0860000207047B3F1707FDB
:101D00000BD101F4E043B3F5005F06D111F4E06FAD
:101D10000CBF6FF08600002070476FF086007047A0
:101D20000000C07F9142F8B506460C4600F01D81C8
:101D300021F0FF00B24988420CD122F0FF03834218
:101D40003CD114F0FF0334D0AE4943F000738B4212
:101D50002FD10AE1AC4DA84216D0AC4B98420DD021
:101D600024F4FF7323F00103B3F1062F06D0A84F2C
:101D7000B84203D0A7F5A067BB4267D122F0FF03AA
:101D80008B422DD10022F0E022F0FF038B42F9D0EC
:101D9000834227D184EA0203FF2BF3D89A4B98425F
:101DA00000F0FE809949884240F04C8114F0FF0118
:101DB0000FD112F0FF0340F0E1801EE192498B4207
:101DC00010D184EA0201FF29DCD814F0FF0100F0F1
:101DD000DC808C4841F00071814240F0EA80C4E030
:101DE000AB42D6E7894DAB4200F09B8022F4FF71F5
:101DF00021F00101B1F1062F06D0854FBB424AD038
:101E000005F50075A94221D184EA0201FF29B9D85C
:101E10007B4D24F4875121F01F01A94240F00E812F
:101E200014F0FF01D5D179498B4200F0DD8022F416
:101E3000FF7121F00101B1F1062F00F0D580744847
:101E4000834200F0D180734B9942B2D004F0FE453A
:101E5000B5F1A06F2AD102F0FE43B3F1A06F91D18A
:101E600084EA020333F47E138CD12504C4F30543C2
:101E7000C2F3054002F4004140F1F280002900F075
:101E8000EB80834238BF034624F47E1242EA0342C9
:101E900042F4004269E084EA0201FF2940F299809D
:101EA00004F0FE45B5F1A06F3FF46CAFB5F1407F93
:101EB0007FF468AF02F0FE43B3F1407F7FF462AF7E
:101EC00084EA020333F47E157FF45CAF314620468A
:101ED000FFF708FF00287FF455AF14F47C1300F0DF
:101EE000C780C4F3054312F47C1504F4004C02F4DB
:101EF000004700F0E280C2F30540BCF1000F00F0A3
:101F000014810546002F00F00C819D4238BF1D460C
:101F10002D0405F47C1524F47E142C4344F4004273
:101F200023E084EA0201FF29BAD8354988421ED04D
:101F300001F5805188420FD0984240F0838014F020
:101F4000FF017FF446AF31498B424DD112F0FF03C0
:101F500014D104F0FE45A9E714F0FF033FF429AFC4
:101F6000284943F000738B4204D11046F8BD14F0A9
:101F7000FF03F5D112F0FF033FF404AF214943F012
:101F800000738B427FF462AF08E012F0FF02ECD0E6
:101F90001C4B42F000729A427FF4F4AE2246E4E712
:101FA00014F0FF030AD0174943F000738B42DCD0D2
:101FB000034615498B427FF436AF15E012F0FF025D
:101FC000D3D0104B42F0007199420CBF2246002240
:101FD000CBE70B4988421FD114F0FF0304D0094915
:101FE00043F000738B42C0D012F0FF03C6D104F05F
:101FF000FE45B5F1A06F7FF459AF1A46B5E700BFB3
:1020000000030006FF0000020013000600020006A5
:10201000000900060004000645498842DCD0A842B9
:102020008DD0444D24F47F7121F00301A94201D0E9
:102030009842BED114F0FF01BBD0CAE63E498842A7
:102040003FF4EEAE3B4D24F47F7121F00301A94231
:10205000F0D03A498842ECE7834288BF002284E707
:1020600000293FF48FAE83422CBF224600227CE73A
:1020700033492140B1F1607F0ED13248E1B241F0E5
:102080000071814217D001F17E4104390F293FF6DA
:102090002AAF2D4B5B5C26E7B1F1707F7FF423AF55
:1020A00006F4E041B1F5005F7FF41DAF0123C6F3F4
:1020B00002218B4017E7102315E721491140B1F1A8
:1020C000607F1FD11F48D1B241F00071814226D0FC
:1020D00001F17E4104390F2911D93846BCF1000FB6
:1020E0007FF410AF002F7FF459AF83427FF44AAEE4
:1020F0001B0403F47C1324F47E121A4335E71348BF
:10210000405CFAE6B1F1707FE7D106F4E041B1F549
:10211000005FE2D10120C6F30226B040EDE61020B8
:10212000EBE6AB4288BF00221FE7002FDDD09AE725
:102130000013000600040006000200060009000665
:102140000000C07F03000002D2280408D22804083F
:102150008A42F8B506460C4600F0DB806F4922F44F
:10216000FF7323F001038B420ED06D4B22F0FF0171
:10217000994209D06B4822F47F7323F00303834212
:1021800002D0694B994228D1684B24F0FF01994253
:102190000FD114F0FF000BD0654B40F00070984257
:1021A00040F0B98082EA0400FF288CBF00200120A3
:1021B000F8BD5B4B9942ECD0A3F588539942E8D027
:1021C00024F4FF7323F00103B3F1062FE1D0564846
:1021D0008142DED053498B42DBD004F0FE43B3F1A1
:1021E000A06F14D102F0FE43B3F1A06F40F09380D2
:1021F00082EA040333F47E1340F08D8014F400402F
:10220000D6D0C4F30540C2F305429042CDE7B3F106
:10221000407F6AD102F0FE43B3F1407F7BD182EA76
:10222000040535F47E1576D131462046FFF75AFD78
:10223000002870D13F4B12F47C1703EA02031BD035
:10224000B3F1607FC2F305473FD13B49D3B243F0BE
:1022500000738B423DD003F17E43043B0F2B01D82A
:102260003649CD5C14F47C1FC4F3054333D1BD4221
:1022700014BF002001209BE7B3F1607F0DD12E49F0
:10228000D3B243F000738B421DD003F17E43043B75
:102290000F2BDAD82A49CF5CD7E7B3F1707FE1D1B1
:1022A00006F4E043B3F5005F03D10127C6F3022330
:1022B0009F4006F4E043B3F5005FD3D10125C6F398
:1022C00002218D40CEE71027BFE7B3F1707FC9D15F
:1022D000EFE71025C6E712F47C1F01D1AB4218D0FE
:1022E00022047FF565AFBB425FE7B3F1106F12D1F7
:1022F00024F01F6020F4702068B902F0FE43B3F1AF
:10230000106F7FF455AF0F48104040F01060A042AE
:10231000AEE701204CE700204AE700BF00020006BC
:102320000013000600040006000900060003000672
:10233000FF0000020000C07F03000002D228040852
:10234000D22804080000FFF6074B20F47E109842C4
:1023500006D10739072934BF00206FF08600704787
:102360006FF08500704700BF0001400500F0FE439C
:10237000B3F1A06F3FD1214B20F0FF029A4203D16D
:1023800010F0FF0027D170471D4B9A4220D0A3F5D3
:1023900088539A4218D020F4FF7323F00103B3F15D
:1023A000062F0DD017498A4206D0174A93421BD1F7
:1023B00010F0FF000FD1704710F0FF000BD17047F5
:1023C00010F0FF0007D1704710F0FF0003D17047F5
:1023D00010F0FF0011D00D4B40F00070984214BF78
:1023E00000206FF08600704710F4004F0CBF0020F3
:1023F0006FF0860070476FF086007047000300069C
:10240000001300060009000600040006FF00000299
:102410002DE9F8431746002288461C4600F0BCFA16
:10242000054688BBD8F80060B6F8009009F4E04390
:10243000B3F5804FF36808BF27F0010737EA0303BD
:102440001AD10CB3254B24F0FF029A421FD114F08D
:10245000FF0304D0224A43F00073934232D0224655
:1024600048463169FFF774FE074668B92246484678
:102470007169FFF76DFE70BB6FF084050023304675
:10248000C8F8003028F00AF82846BDE8F883154B54
:102490009A42DCD0A3F588539A42D8D024F4FF7333
:1024A00023F00103B3F1062FD1D00F498A42CED0D9
:1024B0000E4A9342CBD004F0FE43B3F1407F04D1E7
:1024C0002304CCD56FF08605D8E7B3F1A06FF7D021
:1024D000034B9C42C2E73D46D6E700BF000300061F
:1024E000FF000002001300060009000600040006B9
:1024F0002DE9F0471D460023164601F0FE4290B03C
:10250000B2F1806F0C46DDE918891A9F069305D059
:10251000184627F0C3FF6FF0860A0AE00B464FF417
:10252000007206A9FFF774FF824628B1069827F0CB
:10253000B5FF00233B6074E0DDF818C00DF11C0E00
:10254000E246CDE90E00BAE80F00AEE80F009AE8C7
:1025500007008EE807003E49BCF800308C4203F4C7
:10256000E0420AD1B2F5005F2AD10120C3F3022272
:102570009040A8420CD96046CBE7B2F5005F21D06D
:1025800042F20402934234D1324B9C4231D125E0D5
:102590007AB1314A30498C4229D030498C4226D018
:1025A000A1F53F418A4222D042F20402934204D173
:1025B00011E042F20402934202D1254B9C4218D111
:1025C0000D2014E013F4E06FC3F3022208D142F2AD
:1025D000040293420DD11F4B9C42EED10C2006E029
:1025E00001201F49904024F480728A42D2D1A8422F
:1025F000C1D8DCE90912089B1B0A16D0012BBAD1FD
:102600002346CDE90397CDE90158009607A825F0A8
:10261000B5F90446069827F041FF8246ACB9002878
:1026200087D1504610B0BDE8F0872346CDE9039727
:10263000CDE90158009607A825F0A8F910F1860FFA
:102640000446E7D1069827F029FFA24671E700BFAC
:102650000013C004000180040012C00400FF400405
:102660000010C00437B50B4D0C462B787BB100230E
:102670000A460193014601AB281D24F025FF20B92D
:10268000019BA34218BF6FF0930003B030BD6FF001
:102690008800FAE7402700202DE9F04F9B460023F1
:1026A000924601F0FE4297B0B2F1806F0E46DDE92E
:1026B0002089229F089305D0184627F0EFFE6FF07F
:1026C00086043CE00B464FF4807208A9FFF7A0FE99
:1026D000044618B1089827F0E1FE30E0DDF820C08C
:1026E0000DAC6546CDE914000FCD0FC495E8070089
:1026F000BCF8003084E8070003F4E042B2F5005F64
:102700001FD113F4E06FC3F302211AD0414826F41D
:10271000807282420AD000F50070864206D03E48A0
:10272000864203D0A0F53F4082420AD101258D4068
:10273000102D11D9604627F0B1FE6FF083040025FB
:1027400063E042F20402934202D1344B9E420BD02A
:10275000334B9E4223D10D25A94507D2604627F071
:102760009DFE6FF08904EAE70C25F5E7294609A8E4
:10277000FFF778FF04460028ACD1DDF820C0DCE983
:102780000912B8F1000F0CD008EB05000E9CA9EB64
:102790000503240A07D0012C1AD060468DE70025D6
:1027A000EBE74046F2E7CDE9053709ABCDE903B0E9
:1027B0000093CDE9015A33460DA825F0E5F810F154
:1027C000860F064611D1089827F068FE3446B6E712
:1027D000CDE9053709ABCDE903B00093CDE9015A46
:1027E00033460DA825F0C8F80646089827F056FE8F
:1027F0000446002EEAD10028A1D125B12A46404640
:1028000009A928F067FA3B681D4420463D6017B0CF
:10281000BDE8F08F0010C00400FF400400018004F8
:102820000013C00408B500F065F8064B5A7812B1E1
:102830000022C3E90122BDE808400C210148FFF74E
:1028400045BA00BF4027002070B50E4D2B7893B9D4
:1028500024F02FFE044688B924F034FE044668B9FB
:1028600002230126C5E90100AE706B7000F03AF852
:10287000044618B92E700024204670BDFFF7D2FF21
:10288000FAE700BF4027002000F100422532242A49
:1028900038B504460D4609D82C21114B01FB0233F3
:1028A0009A68824215D06FF08B0038BD012127F065
:1028B000A7FD88B10A48002203468168A14205D0DD
:1028C0000132252A00F12C00F7D1ECE72C2101FB85
:1028D000023300202B60E8E76FF08700E5E700BFD8
:1028E0004C2700200122024B002083F85C26704711
:1028F0004C27002070B5094C0025264604212046AF
:1029000027F08FFD0135204627F01DF9252D04F114
:102910002C04F3D1002386F85C3670BD4C270020D0
:10292000F8B51B4C064694F85C360F464BB30025B1
:102930002346294693F820001A46B8B125B91A79DA
:1029400012B1022808BF1D460131252903F12C03CD
:10295000F0D115B96FF08C0015E00421284627F05E
:1029600060FD68B9284627F0EEF82A460020094B9A
:10297000141BA4105C4304F10044253C34603A600D
:10298000F8BD6FF0880000233B603360F8E700BFBC
:102990004C270020A38B2EBA2DE9FF4100230B60AA
:1029A000394B804693F85C360D461646002B68D0AE
:1029B000FFF76AFF0446A0B92EB9286804B0BDE845
:1029C000F04127F058BD012E04D00024204604B069
:1029D000BDE8F0810521286804B0BDE8F04127F08A
:1029E00020BD10F18C0FF1D1294601A8FFF798FF07
:1029F00004460028EAD101232F68CDE90200C7F878
:102A0000088038467B6003AA02A927F0F2FD04463D
:102A100088B1DDE9020127F0EAFD2D68042128468E
:102A200027F0FFFC284627F08EF814F18C0F08BF22
:102A30006FF08704CAE7DDE90212384627F006F88E
:102A40000446DDE9020127F0D2FD002CE5D1022188
:102A5000384627F0E6FC04460028DED12868C36823
:102A6000D90444BF43F48063C360C3689A0444BF7D
:102A700043F40063C360002EA0D0012EA5D1052130
:102A8000AAE76FF08804A1E74C27002030B40D4D71
:102A90002C681C606C685C6000249C605468DC607E
:102AA00014881C8254885C82D4685C6114699C61BF
:102AB000526930BCDA6119620A46014603F124000A
:102AC00028F008B9E22804082DE9F8432329044630
:102AD0000F4691469846089E04D86FF09805284600
:102AE000BDE8F8830822194928F001F905460028B5
:102AF000F3D1A368002BF0D1216A243F8F42C8F89C
:102B00000010EAD3B1F5005FE7D271B9C9F800004F
:102B1000E3687360238A3380638A73806369F36038
:102B2000A3693361E3697361D9E7012025F036FBBE
:102B3000C9F8000030B1D8F8002004F1240128F0D1
:102B4000C9F8E5E76FF08C05C9E700BFE228040883
:102B50002DE9F04F9B4691B00B1E0A93AD4B90466A
:102B600014BF8146994600241A9E9BF8000070B954
:102B7000444538BF224643464FF000000A9928BF1B
:102B800008F1FF32C847204611B0BDE8F08F252874
:102B90000BF1010B06D0224643460A99651CC84733
:102BA0002C46E2E700230DE02D2A2AD0302A06D059
:102BB000303A092A4FF0000711D80A2532E043F0D5
:102BC00001038B46594611F8012B2B2A1CD0EBD858
:102BD000202A1CD0232A1DD02A2A2BD000279BF87C
:102BE00000202E2A64D19BF801100BF10102A1F103
:102BF0003000092843F4806351D800254FF00A0CB7
:102C000026E043F00203DCE743F00403D9E743F096
:102C10000803D6E743F01003D3E78B4605FB0722F2
:102C2000A2F13007594611F8012BA2F13000092812
:102C3000F3D9D4E756F8047B8B46002FBCBF43F092
:102C400002037F42CBE702460CFB0511A1F13005E0
:102C5000104610F8011BA1F1300EBEF1090FF2D998
:102C6000114611F8010B6C282CD024D8682830D0DC
:102C70006A2837D011468B461BF8010B672875D898
:102C800057284BD8452807D085D9462800F03181F0
:102C9000472880D143F4006343F020033FE12A2911
:102CA00007D156F8045B0BF1020225EAE575D7E778
:102CB0005A460025D4E7742801D07A28DAD143F4A3
:102CC0008073D8E750786C28F9D143F44073911C95
:102CD000D1E75078682802D043F08003CBE743F077
:102CE000C003F4E743F40073C5E70A2A00F06281E9
:102CF000072A7FF450AF43F0210305930823CDE961
:102D000003531023CDE9011356F8043B22460093E8
:102D1000484643460A9927F09FFDFAE0A0F1580281
:102D20000F2A3FF638AF01A151F822F09D2D01087E
:102D3000972B0108972B0108972B0108972B010867
:102D4000972B0108972B0108972B0108972B010857
:102D5000972B01089D2D01083D2F01089D2D01088D
:102D6000172F0108F72E0108172F0108A0F169029B
:102D7000D2B20F2A3FF60FAF012149F2410C914028
:102D800011EA0C01B1D0782803F4806122D1002926
:102D900000F0908023F00D02102307E0622803F476
:102DA000806220D142BB23F00C02022312F4007196
:102DB00000F08380CDE907720022CDE9043206F1EC
:102DC000070A2AF0070A06950292FAE80223CDE9DB
:102DD00000233DE06F2812D123F00C0209B123F04B
:102DE0000D020823E2E7582816D1002A39D123F032
:102DF0000C0242F02002CFE723F00D02D5E769284C
:102E000023F0100230D023F01C0209B123F01D0280
:102E10000A23CBE797A6030842BB23F010029305D1
:102E200027D5073626F00706B24671685AF8083BE0
:102E30000A26CDE907720027CA0F0029CDE90467E9
:102E40000695029202DA5B4261EB4101CDE9003165
:102E50004346224648460A9927F041FD0446564615
:102E600083E623F00D02C4E70029D8D023F0110235
:102E7000D5E7D00506F1040A01D5336802E0510612
:102E800013D53378CDE904720A22002B02924FEA5F
:102E9000D37203950192B8BF5B420093434622462A
:102EA00048460A9927F0D8FCD8E71306E5D5B6F9C5
:102EB0000030E7E723F00C026EE7D00506F1040AC4
:102EC00006D5CDE90472CDE9023501913368E4E716
:102ED000510608D53178CDE902350023CDE90472D9
:102EE000CDE90013DAE7316812F0800F18BF89B21C
:102EF000F1E743F02003CDE90173073626F007061A
:102F00000095B6EC020B4346224648460A99F3F771
:102F1000C3FB044629E6672801D143F40063CDE9E9
:102F20000173073626F007060095B6EC020B434600
:102F3000224648460A99F3F7F3F9EAE713F0020547
:102F400023D04FF0010A631C0B93224643460A9993
:102F500016F8040BC8475DB354460B9A1EE043466F
:102F600020200A99C8470AEB04020AF1010A5745D2
:102F7000F5D8002F07F1FF3308BF002307F1010A3E
:102F80001C4408BF4FF0020ADDE7AA46EBE7551CD8
:102F9000434620200A99C8472A460134BC42F6D34A
:102FA000A7EB0A03574538BF00230B9A1A440B922C
:102FB0000B9CDAE53246002D52F8046B14BF29460B
:102FC0004FF0FF310B9232463144107808B18A42FB
:102FD00011D1A2EB060A13F480620C9202D0AA452A
:102FE00028BFAA4613F002030D931BD1AAEB0403DA
:102FF00022460F9308E00132E7E7531C0E9320208E
:1030000043460A99C8470E9A0F9BD3189F42F4D89B
:10301000A7EB0A03574538BF00230AF101021C44FD
:1030200003EB020AA31B0E9304E01D46434622460F
:103030000A99C8470E9BF41816F8010B28B10C9B8F
:10304000002BF3D06B1E002DEFD10D9B93B12246C8
:10305000AAEB040505E0561C434620200A99C84700
:10306000324653199F42F6D8A7EB0A03574538BF9B
:1030700000231C440B9E78E50FB41FB506AA52F836
:10308000043B02A90392009204484FF0FF32FFF77D
:103090005FFD05B05DF804EB04B070477DA903083F
:1030A0001FB5034600914FF0FF3203A90248FFF716
:1030B0004FFD05B05DF804FB7DA903081FB5CDE900
:1030C0000201009302A9134603484FF0FF32FFF7B5
:1030D0003FFD05B05DF804FB85A9030808B5154B55
:1030E0004FF4E4720021184627F02BFE0922034614
:1030F000026142611048114A98614FF48061DA61BF
:10310000002219629A625A62DA62C3F8F0000C482F
:10311000C3F8F400C3F8F8100A49C3F80021C3F853
:10312000FC20C3F8042111F8010D98540132102A33
:10313000F9D108BD005C0020502904080058002087
:1031400000540020692904082DE9F84FDFF8888031
:10315000824698F800308946532B164601D0FFF777
:10316000BDFF182707FB0A87D7F80051D7F8FCB036
:103170005D452FD9D7F8F840D7F8F410641BB44256
:1031800028BF344648462944224627F0A3FDD7F8F5
:10319000F8302544AB4208BF0025A144361BABEBF9
:1031A000050B5E4528BF5E465EB1182303FB0A830C
:1031B000D3F8F41032462944484627F08BFD3444B6
:1031C000354424B1182303FB0A88C8F8005120466F
:1031D000BDE8F88F0024E2E7005C00202DE9F84309
:1031E000174E1F4633780546532B8946904601D02B
:1031F000FFF774FF082D1FD8EFF311824FF0200165
:1032000081F311886DB11824002304FB0564C4F810
:10321000F090C4F8F480C4F8F870C4F80031C4F831
:10322000FC30182303FB0566089BC6F8043182F3C3
:1032300011880020BDE8F8834FF0FF30FAE700BFA7
:10324000005C002007B501A8F5F77AFE9DF805306F
:10325000012B14D19DF804308BB94FF48012144B1C
:103260001449586E03F580535A664B6B23F0E053B4
:1032700043F040634B63C3025CBF0F4B5A66F7F7E2
:1032800031FD24F0EFFBF7F7FFFB24F081FB24F086
:10329000EBFB27F09CFBF9F79BFDF3F707FEF8F734
:1032A0001FFAF4F781FA03B05DF804EBFAF788B877
:1032B000008000500040005A00A0005030B51D4D65
:1032C00095B00DAC0FCD0FC495E80700032384E83B
:1032D00007008DF84D3029230021174A0DF12600F3
:1032E000CDE90223154B0E220493A3F1FF73A3F53E
:1032F000FF730593069127F024FD4FF48021104BB6
:103300000DAACDE9071309238DF824300A238DF87F
:1033100025300C4B07A90A9340230B9301238DF80A
:103320003130094B0948009302ABF7F741FF15B064
:1033300030BD00BF7829040800C00550000800090E
:1033400024C005507C460020AC2D0020002E00201B
:10335000831E012B10B512D8012922D8114B04224B
:103360001B6C08210020C3F30023F5F787FC0E4BEC
:103370001B681868A8B1BDE81040436A18478B1E47
:10338000012B0CD801280CD8BDE810400022054BB9
:1033900008211B6C1046C3F30023F5F76FBC01290D
:1033A000E5D910BD00C00350A84C002008B5044961
:1033B0000448FAF7DBF8BDE80840FFF77FBF00BF1D
:1033C000AC4C0020242E0020014824F04CBD00BF4E
:1033D000002E0020014B1A6A18681047002E0020AA
:1033E000014B1878704700BFBC46002008B502F0BA
:1033F0006FFC0022014B1A7008BD00BFBC460020C4
:1034000081F0004102E000BF83F0004330B54FEA95
:1034100041044FEA430594EA050F08BF90EA020F02
:103420001FBF54EA000C55EA020C7FEA645C7FEA95
:10343000655C00F0E2804FEA5454D4EB5555B8BFB8
:103440006D420CDD2C4480EA020281EA030382EA29
:10345000000083EA010180EA020281EA0303362DBB
:1034600088BF30BD11F0004F4FEA01314FF4801C8E
:103470004CEA113102D0404261EB410113F0004FA0
:103480004FEA03334CEA133302D0524263EB430357
:1034900094EA050F00F0A780A4F10104D5F1200EF5
:1034A0000DDB02FA0EFC22FA05F2801841F1000150
:1034B00003FA0EF2801843FA05F359410EE0A5F124
:1034C00020050EF1200E012A03FA0EFC28BF4CF055
:1034D000020C43FA05F3C01851EBE37101F000450B
:1034E00007D54FF0000EDCF1000C7EEB00006EEB18
:1034F0000101B1F5801F1BD3B1F5001F0CD34908A2
:103500005FEA30004FEA3C0C04F101044FEA4452F8
:1035100012F5800F80F09A80BCF1004F08BF5FEA7F
:10352000500C50F1000041EB045141EA050130BD5F
:103530005FEA4C0C404141EB0101013C28BFB1F571
:10354000801FE9D291F0000F04BF01460020B1FABC
:1035500081F308BF2033A3F10B03B3F120020CDA8F
:103560000C3208DD02F1140CC2F10C0201FA0CF06D
:1035700021FA02F10CE002F11402D8BFC2F1200CD2
:1035800001FA02F120FA0CFCDCBF41EA0C01904088
:10359000E41AA2BF01EB0451294330BD6FEA0404D1
:1035A0001F3C1CDA0C340EDC04F11404C4F12002BC
:1035B00020FA04F001FA02F340EA030021FA04F3CE
:1035C00045EA030130BDC4F10C04C4F1200220FA25
:1035D00002F001FA04F340EA0300294630BD21FA63
:1035E00004F0294630BD94F0000F83F4801306BF29
:1035F00081F480110134013D4EE77FEA645C18BF1D
:103600007FEA655C29D094EA050F08BF90EA020FB3
:1036100005D054EA000C04BF1946104630BD91EAAB
:10362000030F1EBF0021002030BD5FEA545C05D1AE
:103630004000494128BF41F0004130BD14F58004ED
:103640003CBF01F5801130BD01F0004545F0FE4161
:1036500041F470014FF0000030BD7FEA645C1ABF96
:10366000194610467FEA655C1CBF0B46024650EACD
:10367000013406BF52EA033591EA030F41F40021F9
:1036800030BD00BF90F0000F04BF0021704730B57F
:103690004FF4806404F132044FF000054FF0000154
:1036A00050E700BF90F0000F04BF0021704730B515
:1036B0004FF4806404F1320410F0004548BF4042EA
:1036C0004FF000013EE700BF42004FEAE2014FEA3F
:1036D00031014FEA02701FBF12F07F4393F07F4F1A
:1036E00081F06051704732F07F4208BF704793F01D
:1036F0007F4F04BF41F40021704730B54FF4607430
:1037000001F0004521F000411CE700BF50EA010232
:1037100008BF704730B54FF000050AE050EA0102DB
:1037200008BF704730B511F0004502D5404261EB4B
:1037300041014FF4806404F132045FEA915C3FF48C
:10374000D8AE4FF003025FEADC0C18BF03325FEA29
:10375000DC0C18BF033202EBDC02C2F1200300FADA
:1037600003FC20FA02F001FA03FE40EA0E0021FAFF
:1037700002F11444BDE600BF70B54FF0FF0C4CF4ED
:10378000E06C1CEA11541DBF1CEA135594EA0C0F9F
:1037900095EA0C0F00F0DEF82C4481EA030621EADA
:1037A0004C5123EA4C5350EA013518BF52EA033515
:1037B00041F4801143F4801338D0A0FB02CE4FF0C7
:1037C0000005E1FB02E506F00042E0FB03E54FF0F7
:1037D0000006E1FB03569CF0000F18BF4EF0010EEF
:1037E000A4F1FF04B6F5007F64F5407404D25FEAEB
:1037F0004E0E6D4146EB060642EAC62141EA55519E
:103800004FEAC52040EA5E504FEACE2EB4F1FD0CDF
:1038100088BFBCF5E06F1ED8BEF1004F08BF5FEA5D
:10382000500E50F1000041EB045170BD06F000460F
:1038300046EA010140EA020081EA0301B4EB5C04BC
:10384000C2BFD4EB0C0541EA045170BD41F48011B4
:103850004FF0000E013C00F3AB8014F1360FDEBFD9
:10386000002001F0004170BDC4F10004203C35DAB5
:103870000C341BDC04F11404C4F1200500FA05F338
:1038800020FA04F001FA05F240EA020001F00042D9
:1038900021F0004110EBD37021FA04F642EB06014F
:1038A0005EEA430E08BF20EAD37070BDC4F10C0479
:1038B000C4F1200500FA04F320FA05F001FA04F23D
:1038C00040EA020001F0004110EBD37041F1000129
:1038D0005EEA430E08BF20EAD37070BDC4F1200534
:1038E00000FA05F24EEA020E20FA04F301FA05F29C
:1038F00043EA020321FA04F001F0004121FA04F244
:1039000020EA020000EBD3705EEA430E08BF20EA13
:10391000D37070BD94F0000F0FD101F0004640004D
:1039200041EB010111F4801F08BF013CF7D041EACF
:10393000060195F0000F18BF704703F000465200D3
:1039400043EB030313F4801F08BF013DF7D043EAA4
:103950000603704794EA0C0F0CEA135518BF95EA5A
:103960000C0F0CD050EA410618BF52EA4306D1D1E1
:1039700081EA030101F000414FF0000070BD50EA00
:10398000410606BF1046194652EA430619D094EA8A
:103990000C0F02D150EA013613D195EA0C0F05D174
:1039A00052EA03361CBF104619460AD181EA0301C8
:1039B00001F0004141F0FE4141F470014FF0000080
:1039C00070BD41F0FE4141F4780170BD70B54FF01B
:1039D000FF0C4CF4E06C1CEA11541DBF1CEA13559B
:1039E00094EA0C0F95EA0C0F00F0A7F8A4EB05047D
:1039F00081EA030E52EA03354FEA013100F0888074
:103A00004FEA03334FF0805545EA131343EA12633C
:103A10004FEA022245EA111545EA10654FEA0026F1
:103A20000EF000419D4208BF964244F1FD0404F5AA
:103A3000407402D25B084FEA3202B61A65EB030506
:103A40005B084FEA32024FF480104FF4002CB6EBC3
:103A5000020E75EB030E22BFB61A754640EA0C0043
:103A60005B084FEA3202B6EB020E75EB030E22BF83
:103A7000B61A754640EA5C005B084FEA3202B6EBC4
:103A8000020E75EB030E22BFB61A754640EA9C0083
:103A90005B084FEA3202B6EB020E75EB030E22BF53
:103AA000B61A754640EADC0055EA060E18D04FEA11
:103AB000051545EA16754FEA06164FEAC30343EAB1
:103AC00052734FEAC2025FEA1C1CC0D111F4801F7E
:103AD0000BD141EA00014FF000004FF0004CB6E777
:103AE00011F4801F04BF01430020B4F1FD0C88BF16
:103AF000BCF5E06F3FF6AFAEB5EB030C04BFB6EB21
:103B0000020C5FEA500C50F1000041EB045170BD13
:103B10000EF0004E4EEA113114EB5C04C2BFD4EB40
:103B20000C0541EA045170BD41F480114FF0000EC4
:103B3000013C90E645EA060E8DE60CEA135594EA40
:103B40000C0F08BF95EA0C0F3FF43BAF94EA0C0F43
:103B50000AD150EA01347FF434AF95EA0C0F7FF4B8
:103B600025AF104619462CE795EA0C0F06D152EA0C
:103B700003353FF4FDAE1046194622E750EA4106F0
:103B800018BF52EA43067FF4C5AE50EA41047FF401
:103B90000DAF52EA43057FF4EBAE12E74FF0FF3C66
:103BA00006E000BF4FF0010C02E000BF4FF0010C37
:103BB0004DF804CD4FEA410C7FEA6C5C4FEA430CB0
:103BC00018BF7FEA6C5C1BD001B050EA410C0CBFFF
:103BD00052EA430C91EA030F02BF90EA020F002061
:103BE000704710F1000F91EA030F58BF994208BFC8
:103BF00090422CBFD8176FEAE37040F00100704785
:103C00004FEA410C7FEA6C5C02D150EA013C07D1DB
:103C10004FEA430C7FEA6C5CD6D152EA033CD3D026
:103C20005DF8040B704700BF8446104662468C4620
:103C30001946634600E000BF01B5FFF7B7FF002853
:103C400048BF10F1000F01BD4DF808EDFFF7F4FF7C
:103C50000CBF012000205DF808FB00BF4DF808ED07
:103C6000FFF7EAFF34BF012000205DF808FB00BF2A
:103C70004DF808EDFFF7E0FF94BF012000205DF84C
:103C800008FB00BF4DF808EDFFF7CEFF94BF012001
:103C900000205DF808FB00BF4DF808EDFFF7C4FFFA
:103CA00034BF012000205DF808FB00BF4FEA41024D
:103CB00012F5001215D211D56FF47873B3EB62527E
:103CC00012D94FEAC12343F0004343EA505311F0A5
:103CD000004F23FA02F018BF404270474FF0000037
:103CE000704750EA013005D111F0004008BF6FF075
:103CF000004070474FF00000704700BF4A0011D2EB
:103D000012F5001211D20DD56FF47873B3EB625235
:103D10000ED44FEAC12343F0004343EA505323FA41
:103D200002F070474FF00000704750EA013002D1B6
:103D30004FF0FF3070474FF00000704753B94AB959
:103D4000002908BF00281CBF4FF0FF314FF0FF30A3
:103D500000F082B9ADF1080C6DE904CE00F006F870
:103D6000DDF804E0DDE9022304B070472DE9F04FEF
:103D7000099D0C46002B4DD18A420F46844696463B
:103D8000B2FA82F360D94BB102FA03FEC3F120020A
:103D90009F4000FA03FC20FA02F217434FEA1E4646
:103DA0001FFA8EF44FEA1C42B7FBF6F106FB1177BF
:103DB00001FB04F042EA0742904208D91EEB0202DE
:103DC00001F1FF3702D2904200F231813946121AD6
:103DD0001FFA8CFCB2FBF6F006FB102200FB04F489
:103DE0004CEA024C644508D91EEB0C0C00F1FF3282
:103DF00002D2644500F21E81104640EA0140ACEB5D
:103E0000040C002125B12CFA03F30022C5E900328D
:103E1000BDE8F08F8B4205D90DB1C5E90001002145
:103E20000846F5E7B3FA83F100294DD1A342C0F06B
:103E3000F380904280F0F080064623460846002D2D
:103E4000E6D0C5E90063E3E7002B40F0A3808A1ABF
:103E50004FEA1E471FFA8EF60121B2FBF7F407FB6B
:103E600014204FEA1C4242EA004206FB04F0904252
:103E70000FD91EEB020204F1FF382CBF4FF00109ED
:103E80004FF00009904203D9B9F1000F00F0CC8047
:103E90004446121A1FFA8CFCB2FBF7F007FB102203
:103EA00000FB06F64CEA024C664508D91EEB0C0CEA
:103EB00000F1FF3202D2664500F2B3801046ACEB4F
:103EC000060C40EA04409DE7C1F120068B4004FA4D
:103ED00001FE22FA06F720FA06FCF4408A401F434E
:103EE0004EEA0C0300FA01FE4FEA17484FEA134965
:103EF0001FFA87FCB4FBF8F008FB104449EA0444BD
:103F000000FB0CF9A1450ED93C1900F1FF3A2CBF7A
:103F10004FF0010B4FF0000BA14503D9BBF1000F8F
:103F200000F08B805046A4EB09041FFA83F9B4FB20
:103F3000F8F308FB134403FB0CFC49EA0444A445D2
:103F400006D93C1903F1FF3801D2A4457BD843467A
:103F500043EA0040A4EB0C04A0FB02984445CC4685
:103F6000434602D306D1CE4504D20138B9EB020C48
:103F700068EB0703002D6CD0BEEB0C0264EB03046E
:103F800022FA01F304FA06F6CC4000211E43C5E9EB
:103F900000643DE702FA03FEC3F1200104FA03F2D4
:103FA00000FA03FCCC404FEA1E4720FA01F11FFA49
:103FB0008EF6B4FBF7F00A4307FB1044110C41EAFC
:103FC000044100FB06F48C420ED91EEB010100F106
:103FD000FF382CBF4FF001094FF000098C4202D985
:103FE000B9F1000F2CD04046091B92B2B1FBF7F497
:103FF00007FB141142EA014204FB06F1914207D982
:104000001EEB020204F1FF3801D291421ED8444651
:10401000521A44EA004120E7861A64EB03030120A8
:104020000DE7F44402384AE7023C724431E70239B2
:104030007244CCE6F4440238DFE602383C4472E7CE
:1040400002387144D0E7023B3C4481E7023C7244B1
:10405000DEE72946DCE600BF704700BF08B5064B27
:10406000044613B10021AFF30080044B1B6803B179
:104070009847204622F030FD00000000642F002009
:1040800070B50D4D00260D4C641BA410A64209D13D
:104090000B4D00260B4C2CF053FF641BA410A642C2
:1040A00005D170BD55F8043B01369847EEE755F849
:1040B000043B01369847F2E72052002020520020AE
:1040C0002052002024520020024B0146186824F0A0
:1040D0006FB800BFB44C00202DE9F04F144687B0F4
:1040E0009B46C36B06460D465B69012202A96068C8
:1040F0009847F36B012203A95B692846984702A8F9
:1041000027F0DEF9074648B10023A37563754FF029
:10411000FF33A360002007B0BDE8F08F03A827F0AD
:10412000DCF90123A375237E04EBC303DD611F8447
:104130006368AB420ED1206003A827F0F0F94FF07E
:10414000FF332075A360237D043B022B25D8002379
:10415000A375DFE723681A1A03A853425341A375D6
:1041600027F0DDF9237D834203A818BFA77527F048
:10417000B8F9074602A827F0B4F9874203A81CBF84
:104180000023A37527F0B5F9074602A827F0B1F977
:1041900087421CBF0023A375D5E703A827F0A1F928
:1041A00080B1F36B022204A928465B69984704A8F2
:1041B00027F0A6F90346207D032839D8DFE800F070
:1041C0003838040903A8F3E7237ECC2204EBC303A9
:1041D0001A8401F07FFC109B187003A8277E27F03B
:1041E00074F904EBC70787F8220003A8237E04EBC9
:1041F000C303B3F8209093F8227027F072F9804639
:1042000003A827F076F98246B8F1000F15D0F36BBA
:10421000022204A928465B69984704A827F035F9CB
:104220006075637D6BB90023A3754FF0000838E01B
:10423000227E04EBC2021384CBE703A827F010F917
:10424000EEE794F81680B8F1000FEED0B9F1000F48
:1042500009D1DFB10123627EE375002A44D19F4278
:1042600018D1677614E0736C05EB0A02594285EAAF
:10427000020008421CBF0021A175591E0A409B1A6A
:104280009945D0D8A37D002BE3D1CEE7E37D43B998
:104290004FF000084B4652462946304626F08CFE29
:1042A000A060A27D12B123694B4423611349237E90
:1042B000097899421ED901332376BBF1000F1BD038
:1042C000D2B1E37DC3B1B8F1000F15D1032F13D0E4
:1042D000A1684B1C10D0109B22463046009301234E
:1042E000FFF7FAFEA07507E0012FDAD0032F08BF11
:1042F000A376CDE70023A375A07D0CE7DC0F0408AF
:104300002DE9F04F0E468BB09846002304464FF03F
:10431000FF31104617468DF8133001F0C5FBB6F596
:10432000801F3BD3B21C53D1E56A6B1C57D1616A25
:10433000204626F087FD0546B31CDFF8189118BF0C
:1043400001230193636A05A9626C4FF0000B02938D
:10435000236802FB053AE36B05225B6950469847E8
:1043600005A827F066F927F089F9504627F091F95A
:10437000824601464B1C05D0636C81EA0A025B420F
:10438000134232D02946204626F05CFD029BAB4208
:104390004DD0BBF1000F4DD10546D3E7314605AAFC
:1043A00004F1080027F042F80146481C10D03846B6
:1043B00001F07AFB0DF1130301223946204626F065
:1043C00077FE28B19DF8133088F80030002003E014
:1043D000237C002BA8D11D480BB0BDE8F08F2368CB
:1043E000ED1A636CB5FBF3F5A6E7484601F05CFBFC
:1043F0000DF11303019A4946204626F059FE034663
:1044000090B1B21C03D0D9F80020B2420CD19DF873
:1044100013204946039338460D4B88F800201A684C
:1044200026F058FC039B9B46D9F80810A2E7BBF185
:10443000000FD0D0B6F5801FC8D298F800303146B2
:104440007A6804F1080001F073FABFE70BE000F0AE
:10445000D80F0408801E00202DE9F3410E460446C3
:1044600017469846816A194DE36A8B422AD04B1C45
:1044700018E0284601F018FB0DF107030122294638
:10448000204626F015FE30B143469DF80720294608
:104490002046B847B0B1A9684A1C05D0012E0AD001
:1044A000E36A9942E5D10DE06968204626F057FDA0
:1044B000012E0146D8D16B6881EA0302636C5B422E
:1044C0001A42D1D002B0BDE8F08100BF541E0020D6
:1044D0002DE9F041036B9046826B90B007680E4661
:1044E0009A42426C01A9044688BF8363436A02FB77
:1044F0000377C36B05225B693846984701A827F00C
:1045000098F801280146307056D0656C06A9E26B18
:104510002368606AD2F814C0052205FB003000252C
:10452000E04706A827F085F8012823D001218DF85F
:1045300034800E958DF83C10D4E90A32CDE90B4554
:1045400093422AD11946204626F009FD236B626C5E
:104550001433E0629B1A23630C9B53B99DF83C30E3
:104560003BB1626A616C2368E06B01FB023127F0AA
:1045700018F80C9DE36B052201A938465B69984742
:1045800001A827F056F83070236B2846A26B9A4298
:1045900088BFA36310B0BDE8F081237C33B90BAAB8
:1045A0001C4904F1080001F013FAD5E70BAB1A4AD5
:1045B0002046FFF751FFCFE7237C23BB2246174954
:1045C00004F1080001F004FA616A204626F05BFC61
:1045D000616A421C204626F024FC054620B9236B64
:1045E000626C1344143B2363A16A204626F0B7FC97
:1045F0002368A062C01A636CB0FBF3F060622046CF
:1046000026F0F1FCB6E70023054A2046FFF724FF19
:10461000DAE700BFD14F01084D4F010839B1030857
:10462000D5B0030873B50D46D11E1C461B7E4A4209
:104630004A419A4226D129682368994222D3636865
:1046400099421FD8114E0DF107033246FFF758FE6D
:10465000C0B972686B689A4214D19DF80730DA1EAF
:1046600053425341227E93420CD16369013363610B
:10467000D4E90323934205D22968A26842F82310A3
:1046800001332361012002B070BD00BFAC1E0020C9
:104690002DE9F04F8BB09A46DFF854B180469DF873
:1046A00050300D4616460293DBF810305345C0F0EB
:1046B0009880DBF80430D1460193B9F1000F00F087
:1046C0008C80D8F83C30012207A901985B69984793
:1046D00007A826F002FFDBF80030984240F0848003
:1046E00007A826F006FF0428074614D107A826F0DD
:1046F00007FF019B029A04463B44002A3ED18642B2
:1047000012D9361A14460199404626F028FCA9EB26
:1047100004090190D1E7D8F83C30022208A9019899
:104720005B69984708A8E2E7841B9F19544528BF96
:104730005446032CAAEB040A4FEA94021CD9D8F879
:104740003C302946384604F003065B69984724F05C
:1047500003031F441D44002ED5D0D8F83C3001225D
:1047600008A938465B6998473246284608A9354467
:1047700026F0B0FA0026C6E72646ECE700F0030272
:104780000344074603922A1805930492049BDD1BF9
:10479000059BD81B039B9F420FD1002FB3D0D8F8A5
:1047A0003C30012208A95B6998473A4608A9284687
:1047B00026F09DFA78B93D44A5E7D8F83C300122AF
:1047C00008A95B699847042208A9284626F08FFAB1
:1047D00008B9043FDAE7DFF81C9048460BB0BDE8A3
:1047E000F08FDFF81490F8E7DFF81090F5E700BFDE
:1047F000D81E002012E000F011E000F022E000F0EE
:104800002DE9F0410F4688B016469846044660B33D
:1048100090F83450FDB1012126F0D9FA0E9B002109
:10482000CDF804800496CDE902379DF83C308DF830
:104830001C30237CCDE905118BB901AA0C4904F188
:10484000080001F0C5F8E06BDDE90553002E08BF54
:104850001D4626F07FFC284608B0BDE8F08101AB7C
:10486000044A2046FFF7F8FDEDE70546F3E700BFF1
:1048700003B10308254601087FB590F8426004465D
:104880000DF10B03019230460A46124926F06AFCEC
:10489000012E0546E36B19D15B69324603A998479F
:1048A0009DF80B10039B019A59B19BB243EA024356
:1048B00003930122E36B03A928469B69984704B040
:1048C00070BD1B0C92B21B041343F1E79B690122DC
:1048D00001A9F3E7D81E00202DE9F04F99B00F464B
:1048E000044609920A69416C0E93D31D1439B3FB37
:1048F000F1F3013302EBC302036B9342C0F00F826A
:104900000023DFF824940D93E36A48461946079381
:1049100001F0CAF8D7E9033604930E9B022B4ED15F
:10492000CC2E40F08C81099B002B42D0394620468A
:1049300026F06EFC656C079A6B1E14901340ED1AFE
:10494000E36B012216A978685B69984716A826F0E0
:10495000C8FD00280CBF04230823782E06933FD9F6
:10496000012300254FF0080A05933B6805990E982E
:10497000C9F80030C9F8106026F0D5FD4FEA9A0357
:10498000DDF81CB089F81400109300230B930F93EB
:1049900008930C93616C4A1E0BEA02028B1A002EDC
:1049A0003AD05544AB4242D8236B5B1A134423637D
:1049B000ADE0049B1B68149308230693D0E7656C55
:1049C000782E079A05F1FF3303EA0203A5EB0305EE
:1049D00016D8FB7D7BB9099B002BB1D1042306932C
:1049E000331DAB4210D9A6B1082DB9D80425002338
:1049F000AA460593B9E7099B002BA1D10823EEE74E
:104A0000099B002B9CD1D7E7002505954FF0040AA0
:104A1000ABE704250596F9E75345C5D30BEB0A032D
:104A2000B0460393089B002B18BF032313E0A3EBAE
:104A30000A03B0460BEB0A029E42039228BF984637
:104A40009E42EFD9D9F810200123964289F81730F9
:104A500071D1C9F804B0089399F81730002B6CD0C5
:104A600099F818200899D31C013209EBC30389F87F
:104A70001820C3F804B0A3F808809972B8F1000FA9
:104A800014D00E9B022B5BD10B9B7BB90F9B434435
:104A9000032B0BD9E36B012214A903989B69984758
:104AA0000546002840F03D8101230B93089B16A882
:104AB0000193059B0093434699F81420396800F050
:104AC000A9FFE36B109A16A99B6958469847051EE3
:104AD0000D9B18BF5B4652460D93594643462046F0
:104AE00026F06AFA236B08F10302C9F80800A3EB69
:104AF0000A0322F003029B1A2363002D40F0118168
:104B00000F9BA6EB0806DDF80CB043440F93594603
:104B1000204626F024FA00258346002E7FF43AAF83
:104B2000814A04F10800396893685268E3620E9B79
:104B300000F0FEFEDEE002238DE7C9F804B09DE739
:104B4000099B002B30D1049BB8F1030F43440A9317
:104B500027D9E36B4FEA98029B69DDE90301984787
:104B60000546002865D118F003025FD028F0030540
:104B7000049B2B440493039B1D444FF0FF33049983
:104B800015A8159326F0A6F8E36B2846012215A96F
:104B90009B6998470A9B05460493002D86D0039B8A
:104BA00099E7039D4246E8E7039B0A9307F1200338
:104BB0001193FB7D78689BB13D7E00230C9AD9B29E
:104BC0008D4211D9119903F1010C31F83310914242
:104BD00026D907EBC3030699D8690A44104403E0B9
:104BE0000C9B069A13441844E36B012215A95B69D8
:104BF0009847159B012213A913930C9B0A98043321
:104C00000C93E36B9B699847039B0A9A05464344C0
:104C10009B1A042B07D978B9134604330A93C8E7C3
:104C2000521A6346CBE70A9B0393B6E70A9B0493A9
:104C30003CE70A9B0493B2E70A9B0393AFE73B4E22
:104C400004F1080303932368079A606CA2EB030A3C
:104C5000BAFBF0FA00FB0A3026F01BFDE16A804641
:104C6000204626F07CF9A26A82424AD0626CD9F8CA
:104C70000830511E2568E0620B40216B891A0B44F5
:104C800023630D9B5D1BB5FBF2F5AA4536D1079B4F
:104C9000B3EB080A12D0E36B4FEA9A0241469B69D4
:104CA0009847E36A079A834653440398DA46E362D7
:104CB000236B9B1A4344236326F089FB2368616CB2
:104CC000E06B01FB053126F059FC204626F08AF8FE
:104CD000204626F088F92063BAF1000F11D03A6916
:104CE000616CD31D1439B3FBF1F3013302EBC30242
:104CF0009042A8D2304619B0BDE8F08F4FF0000ABC
:104D0000DCE73A69616CD31D1439B3FBF1F301336D
:104D100002EBC302236B9342BFF4F6ADEAE7044E05
:104D2000E8E72E468CE700BF801E002023E000F05D
:104D300006E000F02DE9F3471E4643690446884625
:104D4000B34217469DF828903DD300258DF80750B3
:104D5000D4F830A0204626F011F882450AD2236A02
:104D6000B5EB430F06D200220DF107012046FFF7F5
:104D7000AFFB30B39DF80730012B05D100220DF1B8
:104D800007012046FFF7A4FBB9F1030F06D0256BFE
:104D90003146204625F0DDFF854218D30D4D4FF0FA
:104DA000FF31284600F080FE4B460022294620466F
:104DB000C5F80080C5E9037602B0BDE8F047FFF70B
:104DC0008BBD0135C4E7044802B0BDE8F087034855
:104DD000FAE700BFAC1E00200FE000F006E000F094
:104DE0002DE9F04790F8426086B005468F1A012EF3
:104DF000039115D1B7F5807F4FF0640828BF0326D3
:104E00000024DFF844A14FF6FF7995F84230012BDA
:104E100014BF322364239C420AD35FFA88F415E05E
:104E2000B7F5803F4FF0320834BF01260226E7E78E
:104E300005AB22465146284626F0C8F995F842307F
:104E4000012B059B34D14B452DD1E4B295F842306E
:104E5000012B0CBF64223222121BB24217D3012E47
:104E600039D10022012B05978DF8132027D1082274
:104E700005A90DF1130026F063FB9DF81330059A88
:104E800042EA032221462846FFF7F6FC40B10223FE
:104E90002D4903AA28460093CC230968FFF74AFF4F
:104EA00006B0BDE8F087DBB203B902340134ACE7E9
:104EB000591CCAD09BB2002BF8D10134F6E710225E
:104EC00005A90DF1130026F03BFB9DF81330059A60
:104ED00042EA0342D6E7039A012B059223D1082325
:104EE000202205A90DF113008DF8133026F028FBC0
:104EF0009DF81320120221462846FFF7BDFC95F8C5
:104F00004230611C012BC9B21AD10028BFD1BDF8B3
:104F100014202846FFF7B0FC0028B8D10234BDF8B1
:104F20001620E1B2AFE71023202205A90DF11300EE
:104F30008DF8133026F004FB9DF813201204DAE7F5
:104F40000028A4D1059A9EE7D81E0020032A2DE947
:104F5000F34106460D4617461C4606D1237A012B1F
:104F600023D0012002B0BDE8F081DFF860800DF1B0
:104F7000070309684246FFF7C3F960600028EDD1D6
:104F80009DF80720237A032AE8D0D8F804106A682D
:104F90009142E3D1012B2969D4F80CC007D10CEB65
:104FA00001037269934202D92074207CDAE7083148
:104FB0003B46012230466144E1602946FFF78CFC04
:104FC00060600028CAD00020CCE700BFAC1E0020E3
:104FD0002DE9F341089C032A1746266806D1237A57
:104FE000012B24D0012002B0BDE8F081DFF89080D1
:104FF0000DF1070330464246FFF782F96060002852
:10500000EDD12568D8F80400A96AD5F844C0484015
:10501000227ACCF100031840E1D1012A09D1E268DB
:10502000D8F8103013447269934202D92074207C5E
:10503000D9E72868EB6A1B1A081AB3FBFCF3B0FB2C
:10504000FCF083420BD1706CF36A421E1340326B4A
:10505000121A28461344336325F081FFE862D8F81A
:105060001020E36808320649206813440122E360F7
:105070003B46FFF731FC60600028B0D00020B2E76B
:10508000AC1E00202DE9F04F4FF0FF334FF6FF72BA
:10509000002500F10806044687B0C3620F4605628A
:1050A0000563C0E90923304626F091F9204625F032
:1050B00099FE28BB2046394625F014FF204625F0EE
:1050C00091FE28BB8A4D204625F0C0FFECE0E26B44
:1050D00001A92368606CD2F814C0052200FB0530DA
:1050E000E04701A826F0A5FA012828D12946204644
:1050F00025F0C9FE421C2946204625F092FE0135C6
:10510000E3699D42E3D3204625F06CFE0028D1D010
:1051100000254FF0FF394FF6FF73CA46A846C4E991
:105120000853E369984514D3A5EB0905012D37D839
:10513000636A4FF6FF72934247D16E4DC3E726F084
:10514000A2FA0028DBD02946204625F09CFE024624
:10515000D1E7236801A9E26B606C5769052200FB67
:105160000830B84701A826F064FA834601A826F063
:1051700037FA0746584626F081FA70B15745236A38
:10518000BA4638BFC4F82480B94503F1010328BFEB
:10519000B946BD42236238BF3D4608F10108C0E769
:1051A0004FF6FF7300256362E3699D42C0D2676CCE
:1051B0000522206801A9E36B07FB050001355B6947
:1051C000984701A826F00CFAEEE7E26B01A9676C9C
:1051D00020685569052207FB0300A84701A826F0AF
:1051E000FFF9626A2368606C434D00FB023026F0D1
:1051F00050FA4FF0FF33A0622A46E3626FF00101DC
:105200000DF103032046FFF77BF8002850D1AD686D
:1052100029462046E56225F0C1FD206320B9E16AF8
:10522000204625F09CFEE0622946204625F097FEA8
:105230000546A36A9D423DD165692046626CE91C22
:10524000143AB1FBF2F105EBC1050335B5FBF2F5FC
:10525000023525F0FBFE8046A8423DD2616A204619
:1052600025F0F0FD0027064604F1400A474512D319
:10527000626C01A9236802FB0639E36B05225B69B6
:105280004846984701A826F0ABF9534602464946DE
:10529000E06B26F000FA01373146204625F0D2FDBA
:1052A000AF420646E2D3154D284607B0BDE8F08F61
:1052B000A56AADE72946204625F070FD236B074619
:1052C000294603442046236325F049FE0546002F66
:1052D000AFD1C4E90B07ACE73046002526F077F8DC
:1052E0000023074A20461946FFF7B6F8EBE600BF51
:1052F00003E000F016E000F0AC1E002013E000F028
:105300009FB00308634A00232DE9F04117680E4659
:105310000446136018B9604D2846BDE8F08190F846
:1053200034500DB309680268914240F0AA80716858
:105330004268914240F0A580B1688268914240F095
:10534000A080F168C268914240F09B803169426957
:10535000914240F09680B169C26B914240F09180D9
:1053600072691D468261D7E750222946D0F83880FD
:1053700025F0E7FC336804F10800C4F838802360A6
:1053800073686360336963617369D6E90212A3616C
:1053900026F02FF8B36904F14000E3639B68984757
:1053A00094F8432020B1E561002AB4D03B4DB3E727
:1053B000656C002DF7D06668B6FBF5F3E361002A53
:1053C000A9D0B542F2D82268B2FBF5F105FB112253
:1053D000002A58D105FB1363002B54D1204625F039
:1053E000CDFCA369043303449E424ED3636940F667
:1053F0003472CC3B93424AD8B5F5007FD6D3032113
:10540000204625F0E4FCE36BD4E900011B689847D3
:10541000E36B05460220DB6898471DB1002384F842
:1054200034301EE039462046FFF72CFE1C4B054663
:10543000984204D139462046FFF724FE0546636CA6
:10544000143B002DEAD1226A204602FB03F625F028
:1054500095FCA369043303449E4206D284F8345079
:10546000104DE06B25F076FE56E70F4A012384F8D5
:10547000343013680133D4E90001136021F097FB45
:10548000EFE70A4D48E70A4D46E7064D44E7094D68
:1054900042E700BF6C2F002009E000F004E000F0BC
:1054A00013E000F002E000F0682F002008E000F0B8
:1054B00001E000F005E000F02DE9FF410F469046C5
:1054C0001E46054698B390F8343093B3B1F5801F6B
:1054D00031D21A4C022125F07AFC0DF10F0322463D
:1054E00039462846FEF70CFF024678B101234246B2
:1054F0003946284600933346FFF71CFC0446E86B08
:1055000025F028FE204604B0BDE8F0819DF80F305C
:10551000012BEBD12169B142E8D1009341463346DA
:105520002846FFF7B5F804460028DFD1E7E7044C2A
:10553000E8E7044CE6E7044CE4E700BFD81E00208F
:1055400009E000F007E000F00AE000F02DE9FF417B
:105550000C4616461F46054688B390F8343083B390
:10556000B1F5801F2FD2DFF87C80012125F02FFCC0
:1055700021460DF10F0342462846FEF7C1FE0446C0
:1055800070B99DF80F30012B11D1D8F81030BB4203
:1055900013D10246009031462846FFF779F80446B9
:1055A000E86B25F0D7FD204604B0BDE8F081074C3C
:1055B000074A022B08BF1446F2E7064CF0E7064CF8
:1055C000F1E7064CEFE7064CEDE700BF0BE000F01B
:1055D0000CE000F011E000F009E000F007E000F05E
:1055E0000AE000F0D81E00202DE9F04385B00C46FB
:1055F00017461E46DDF830800546A0B390F83430DB
:105600009BB3B1F5801F32D2DFF88090012125F0E5
:10561000DEFB21460DF10F034A462846FEF770FED9
:10562000044688B99DF80F30012B14D106EB08030E
:10563000D9F810209A4214D3009043463246394696
:105640002846FFF725F80446E86B25F083FD204641
:1056500005B0BDE8F083074C074A022B08BF14468B
:10566000F2E7064CF0E7064CF1E7064CEFE7064C94
:10567000EDE700BF0BE000F00CE000F011E000F0FF
:1056800009E000F007E000F00AE000F0D81E00207A
:1056900070B586B00E4605460392A0B390F834303C
:1056A0009BB3B1F5801F32D2022125F090FB0DF1A2
:1056B0001703184A31462846FEF722FE044618B959
:1056C0009DF81730032B0ED1022303AA314628463A
:1056D0000093CC23FFF72EFB0446E86B25F03AFD40
:1056E000204606B070BD022B0BD10A49284625F092
:1056F0008FFD039902468142EFD02846FFF770FBE9
:10570000EAE7054CE9E7054CEAE7054CE8E7054C14
:10571000E6E700BFD81E00200DE000F009E000F031
:1057200007E000F00AE000F073B50C4616460546A7
:1057300030B390F834302BB3B1F5801F24D201215F
:1057400025F045FB21460DF10703104A2846FEF7D8
:10575000D7FD044680B99DF80730032B0CD0022BEF
:105760000CD10A49284625F053FD3060E86B25F03E
:10577000F1FC204602B070BD054CF7E7054CF5E79B
:10578000054CF6E7054CF4E7054CF2E7D81E00207F
:105790000BE000F00DE000F009E000F007E000F0A1
:1057A0000AE000F0F7B50C461646054668B390F8D7
:1057B000343063B3B1F5801F2BD2022125F007FBF3
:1057C0000DF10703144A21462846FEF799FDC0B99A
:1057D0009DF80730032B14D0022B14D10E49284614
:1057E00025F016FD471C024628463946FFF7F8FA11
:1057F000044606B13760E86B25F0ACFC204603B0E8
:10580000F0BD064CF7E7064CF5E7064CF6E7064C0C
:10581000F4E7064CF2E700BFD81E00200BE000F0D2
:105820000DE000F009E000F007E000F00AE000F011
:105830002DE9F3411F4600230C46164605463B6002
:1058400050B390F834304BB3B1F5801F28D2DFF855
:105850006480012125F0BBFA21460DF10703424681
:105860002846FEF74DFD0446A0B99DF80730032BEE
:1058700010D0022B0AD10123336004233B60E86B74
:1058800025F068FC204602B0BDE8F081D8F8103061
:105890003060F3E7034CF2E7034CF3E7034CF1E726
:1058A000034CEFE70BE000F009E000F007E000F048
:1058B0000AE000F0D81E002030B50C4685B0054641
:1058C00028B390F8343023B3B1F5801F23D20221DE
:1058D00025F07DFA0DF10F03104A21462846FEF708
:1058E0000FFD034688B99DF80F20032A0DD003222F
:1058F0002146009202462846FFF71CFA0446E86B50
:1059000025F028FC204605B030BD054CF7E7054CD6
:10591000F8E7054CF6E7054CF4E700BFD81E002079
:105920000BE000F009E000F007E000F00AE000F012
:105930002DE9F0414668002E46D005684FF0000C76
:10594000A846AE4655F83C400CF1010CC4F31307D1
:10595000013401D0B94218D0B4450EF1080EF1D18E
:105960002F46002403E0B44207F1080713D055F88E
:1059700034C00134BCF1FF3FF5D1C1F313017A60AB
:1059800041EA03513960BDE8F08141EA0353CEE9B1
:105990000032BDE8F081032B16D0002403E0B442AE
:1059A00008F1080810D055F834700134C7F30757D0
:1059B000032FF4D1C1F31301C8F8042041EA0353C3
:1059C000C8F80030BDE8F08101230372BDE8F08122
:1059D0002DE9F043476883B0C7B106468846914633
:1059E00000243368304653F8345003EBC4030134C9
:1059F000C5F30752C5F31301013505D05B68CDF837
:105A00000090C04710B17768BC42EAD303B0BDE84C
:105A1000F08300BF73B5012A044622489DF8185050
:105A200000EAC11123F07C4007D9961E012E28D927
:105A3000073303F07F03194308E09DF81C300A4345
:105A4000DB0603F0C053134343F060410023C4E975
:105A500000108DF80730B5B1202221460DF1070066
:105A600025F06EFD1A220DF10700211D25F068FDBD
:105A700063689DF80720082043EA8263636002B0F0
:105A800070BD1143E2E71B220DF10700214625F00E
:105A900057FD23689DF80720042043EAC263236072
:105AA000EDE700BF80FFFF0738B5094B0D46002129
:105AB00004461A6825F045F900234FF0FF322361B0
:105AC000A260E3822383A376C4E9002538BD00BF2A
:105AD000D80F04080138C0B205289ABF014B185CE2
:105AE00001207047942904082DE9F0410E465968B9
:105AF00088B007461546490A0024012922464FEA84
:105B0000510104F10104F8D8DC78520399784FF080
:105B1000000824031B88C9020DF1070004F4805417
:105B2000C3F30A0301F4006192B28DF807800C43BD
:105B300002A923449C18254B1B22039325F078438C
:105B4000ED436FEA0444029325F0FAFC9DF8072028
:105B500025F07845029B02A90DF10700029543EA62
:105B6000C2631B228DF807806FEA1444049325F06A
:105B7000E7FC9DF8072007A9029B06F11000079497
:105B800043EAC263012205934FF0FF330693BB69DA
:105B900098470446BB6905A9012206F10800984709
:105BA000404518BF0446BB6904A90122301D98472F
:105BB000404518BF0446BB69012203A930469847F7
:105BC000404508BF204608B0BDE8F08101009AB208
:105BD00013B50446694625F0E7FD204625F015FF7C
:105BE000FF28024606D020469DF80010F3F7C0FBC0
:105BF00002B010BD0048FBE70080FFFF2DE9F04137
:105C00008AB001AC05460B462746194A02F1200C22
:105C1000264610685168083203C662453446F7D1FB
:105C2000002B08BF3B46002710681C4630603846F2
:105C300003F10C0690B95FFA87F84246284621889E
:105C400025F0B8FF50B942462846E18825F0C3FF49
:105C500020B942463146284625F0CFFF0137032FB1
:105C600006F1080604F10204E4D10AB0BDE8F081AF
:105C7000A4290408F0B589B005460E4601F0C4FF1A
:105C8000044600BB01AC06F10C070FCF0FC497E828
:105C9000070084E8070001A9284606F0B9F928465C
:105CA000311D26F0CAF9044648B92846074901F0D3
:105CB000A7FB044618B9284601F070FF04462846A1
:105CC0003168FFF79BFF204609B0F0BD9C2904080E
:105CD000014925F0DDBD00BF8D7B010870B5164E72
:105CE000032804460D4633781ED023FA04F202F04E
:105CF0000102AA421DD053B10122A240A54023EACD
:105D000002032B43DBB233704BB1012070BD2DB1C8
:105D10000A4B01201B6898473378EDE73570074B35
:105D200000201B689847F0E79A07DED003F0FC03D9
:105D3000E9E7002070BD00BFBE460020AC2F002068
:105D4000F8B505460C4620F0ACFE104F06463B78F1
:105D500033B1012D04D01CB90D48F8F787F83C7019
:105D600021462846FFF7BAFF0A4B04461B783BB989
:105D70003B782BB925F0F8FE10B1074B1B6898470C
:105D8000304620F092FE2046F8BD00BFBF460020FE
:105D9000802F0020BE460020044D0020054A0B46FF
:105DA000117831B100211170034A0121526818782D
:105DB00010477047BF460020044D002038B5074DFE
:105DC00004462B78834207D001F044FE20462C7015
:105DD000BDE83840F7F796BB38BD00BFBD46002090
:105DE0001B4B022910B5187002D0032904D010BD36
:105DF000184B1B78002BFAD106F086F80028F6D055
:105E00004FF00052144BC3F88020BFF34F8FBFF305
:105E10006F8F01F0A7FD0028E9D001F0A5FB002855
:105E2000E5D10E4B1C6834B123689847BDE810409B
:105E3000002001F003BE25F027FD094B186022F079
:105E400020FA084B1860204601F094FDEEE700BFF1
:105E5000DA510020BD46002000E100E0CC2F0020F8
:105E6000A82F0020A42F002038B504460D4606F0C8
:105E70004BF880B14FF00052124B1A6001F072FDE6
:105E800048B9012D07D8012001F0D8FD0E4B1B6841
:105E900023B15B6898470D4B1C7038BD22F0F1F9B7
:105EA0000B4B1A68801A1860F8F7BAF84FF47A7238
:105EB000084B1B6802FB003025F0E8FC012001F0D4
:105EC00059FDE8E700E100E0CC2F0020DA51002086
:105ED000A42F0020A82F0020F0B585B020F0E1FD10
:105EE000324D04462B7823B13148F7F7BFFF002825
:105EF0004FD1F8F76BF802AA03A925F01FFE03465D
:105F000000283FD025F02EFE029B984223D100208E
:105F1000284B03991B68284E9942307027D90027D7
:105F2000C91A012322482B70244A3346CDE9007751
:105F300022F083F9002834D1214A1378D90708D5F3
:105F4000317831B903F0FE03137013B91D4B1B6890
:105F50009847204611E025F003FE029B98421ED090
:105F6000002318461349144A09681370039101214C
:105F7000FFF7B4FE002320462B7020F096FD002092
:105F800005B0F0BD20462B7020F08FFD012005B03C
:105F9000F0BD204620F089FD032005B0F0BD0220B1
:105FA000B6E7032320462F703370F3E7BF46002087
:105FB000802F0020A02F0020D95100209D5D0108D6
:105FC000BE460020AC2F002038B520F06AFD144DED
:105FD00004462B78EBB9134A13491370134B144A38
:105FE00014481A60144A5A60F7F7C0FA1349144863
:105FF000F7F7BCFA134A144B1A60144B5B6F03F4A7
:106000004073B3F5007F02BF0222114B1A600123D7
:106010002B70F7F7FFFD204620F047FD002038BD2C
:10602000C0460020BF460020C8290408044D0020B7
:10603000D95E0108702F0020415D0108D0290408B5
:10604000782F0020BD5D0108AC2F002000400050DB
:10605000A02F002010B50446D0F8F8200A4B4FF4CA
:106060000061C3F8C020027C120202F4006205F055
:1060700085FE237C13F0080F4FF4007314BF034A0E
:10608000034A536410BD00BF003E00B0001002B8C8
:10609000002002B837B50C46264D69B90A460121E1
:1060A00005F06CFE244BAC645C6005F0C1FE202260
:1060B000224B5A6603B030BD0122114605F05EFE48
:1060C00007221E4B0121DA60237901A885F84830A8
:1060D0006379019325F0D9FE019BC2B2D34000F051
:1060E0000F0040EA031085F84900A27985F84A209C
:1060F000E27985F84B202068E8640193BBB1012167
:1061000002888B420CD821794B1E13440C4A13622F
:10611000C2F8CC1020220B4B5A6605F089FEC9E765
:1061200030F811500131AA4228BF2A46E9E71A4641
:10613000E9E700BF003F00B0483F00B0006000B892
:10614000004000B8005000B8431C07D06FF0FF02B9
:10615000034B10405A62A3F580535862704700BF4A
:1061600000E000B8D0F8C83013B11A68032A10D87C
:10617000094BDB6BC3F3C20213F0380F03F00700C7
:1061800018BF504313F4E07FC3F3821203D050438F
:106190007047986A400E7047008001B82DE9F043BF
:1061A0008D7880460F2D0E4685B003D9012005B0AD
:1061B000BDE8F08325B901223A4B1A700020F6E7BA
:1061C00091F800904C78B9F1000F50D1002CEDD12E
:1061D00096F90310F08803F0DFF80128E6D059EAB9
:1061E0000403B088304F48D103F03AF94FF6050167
:1061F00084B24FF604002D4A4FF00809136E9BB28B
:10620000834208BF0B463B80802301271766C2F8F4
:1062100080304B460022002C41D0611E02920122A8
:10622000013DEDB2009201954A4608F1D80002F016
:10623000B7FF1FB14FF480121D4B5A6502211D4B51
:10624000B2681A60174B197098F81A30013B8B42EC
:10625000B4D803230120184AC2F85032174BC3F8B0
:106260005002C2F864120422C3F86422A6E7B9F10E
:10627000080F9BD8082C99D8AAE703F0F1F84FF63D
:1062800004033A889A421EBF08490A663B804C457F
:1062900023464FF0000738BF4B4684B2BAE7114699
:1062A000BCE700BFC14600208451002000C001B8F7
:1062B00000D001B8B42F0020006001B8005001B830
:1062C00000F01803182B0AD003070AD440F2011378
:1062D00010F0100018BF1846034BD8677047002015
:1062E000FAE70120F8E700BF003F00B03B4B2DE983
:1062F000F7431E6801F4007900F00103174653EAE2
:10630000090205460C463DD04FF000087BB3002340
:10631000002201200021CDE9008804F04FFC414615
:10632000304603F0BDFB01224146F083104625F0C4
:1063300026FEB16B06F1D80003F058FC2849086826
:10634000FFF702FF4FF0FF330B60264B1A68511C1A
:1063500006D06FF07E402449C863A1F58051CA631E
:106360004FF0FF321A60337C43F004033374B9F109
:10637000000F07D00121304625F03BFA24F40074C9
:1063800005430C43D6E94E232A40234052EA030139
:1063900003D01649304609688847FB070FD51449D2
:1063A000144A08680021136811600121124A117013
:1063B00003B19847114B002102205B68984717F002
:1063C0000E0F08D040F20B223B21002003B0BDE8A5
:1063D000F04306F003B803B0BDE8F083D8300020E6
:1063E000104D00200C4D002000E000B8144D00209E
:1063F000C42F0020C82F0020C4460020044D0020D8
:10640000044B1868830654BFC0F30F204FF6FF708B
:10641000704700BFCC300020F7B504461046D4E9E1
:106420004EC7DDE908268CEA020587EA0601054029
:10643000194085EA0C057940C4E94E51002523F442
:10644000004106EA010320F0010043F4007302401A
:1064500043F00203CDE9005504F0B0FB237C9A071A
:1064600017D5D4F83C319B0513D54FF4881120463D
:1064700025F0BFF9237C65F341032374D4E94E234F
:1064800002400B4052EA030103D003492046096849
:106490008847002003B0F0BD144D002038B10368D8
:1064A000044A002B08BF1346034A13607047014B90
:1064B000FAE700BFFDB80308144D0020024B986EA8
:1064C00000F00F00704700BF003F00B00F2938B543
:1064D00005460C460ED801F0D3FA01280CD1074A24
:1064E0002846936E23F00F032343936625F09CFB0D
:1064F000002038BD0120FCE70220FAE7003F00B091
:10650000014BD86E704700BF003F00B0014B002028
:10651000D9667047003F00B003282DE9F34788464D
:1065200064D8344B13F80090334B1E5C334B13F894
:1065300000A020F0B6FA074604F00CFD054640B175
:1065400000230022CDE9003301200023002104F0C4
:1065500035FB04F007FD48B100230022CDE90033EC
:10656000002000234FF4004104F028FB002E3BD014
:10657000234BDC6C04F00804224B31464846DC64B3
:1065800004F0FAFD012352463146484604F07EFEEF
:106590001D4BDC64D5B11D4B1868816BD83003F0FE
:1065A00025FB1B490868FFF7CFFD4FF0FF330B6059
:1065B000184B1A68511C06D06FF07E401649C8630C
:1065C000A1F58051CA634FF0FF321A60B8F1000F95
:1065D00004D0124B002103205B689847384602B074
:1065E000BDE8F04720F061BA3446C5E702B0BDE827
:1065F000F08700BFE0290408DC290408D829040832
:10660000004000B8006000B8005000B8D83000204A
:10661000104D00200C4D002000E000B8044D00207B
:106620000F4A536C13F0A00F15D1906C10F00400BA
:1066300013D10C4BD3F8EC3E23F07F4323F0FF0340
:106640005BB1D368C3F30362092A07D0B2F10C002F
:1066500018BF01207047002070470120704700BF1D
:10666000000002B8003000B0074A084B30B10221E8
:10667000C2F864120422C3F8642270470421C2F8ED
:1066800064120222F7E700BF006001B8005001B8B1
:1066900070B50D46064620B91B4B1B68D3B10320CD
:1066A00017E001F0EDF901282CD1184B93F90040C7
:1066B000D6F8C830C4F11C040BB193F92630E41AA3
:1066C000641BC4F12B03002BB8BF5B42232B0CDDF2
:1066D000012070BD01F10F03002BB8BF5B42232BDB
:1066E000F6DC0A4B19700020F3E7F57420F0D9F9B5
:1066F000074A136A23F4FF2343EAC423136220F0FA
:10670000D4F9F0E70220E4E7D8300020C2460020A8
:1067100000C000B818B9034B93F90000704790F916
:1067200013007047C246002010B5FFF793FC03F03A
:10673000EFFE20F0B6F90A4A0121D2F8BC3E044629
:1067400023F02003C2F8BC3E0222064B08469A60A2
:10675000054B5B689847204620F0A7F9002010BD44
:10676000003000B0001002B8044D0020094B08466C
:106770001A6D91020BD4D3F84021D20708D4D3F874
:10678000803013F4706F14BF012000207047012087
:10679000704700BF004001B8F8B50D46836B02EAB0
:1067A000010423EA0103234383634C4A01F00B03F2
:1067B00023EA0401D1642340A2F580526F07064604
:1067C000D36410D50121FFF7D1FF60B104F076FC4E
:1067D0004FF4007314F0040F14BF414A414A13658B
:1067E0000422414B5A64E90606D514F0100F14BF79
:1067F00000221B223D4B5A652A0618D5230611D5C7
:106800004FF40012364BDA6420F04BF90E210746A4
:10681000032003F0FDF840F20122344B3846DA62DF
:1068200020F043F9214606F1D80003F0DFF9EF0527
:1068300003D5E0053CD503F0BBF8A90503D5A205B7
:1068400039D503F0C1F815F48C6F1CD014F48062B4
:1068500036D0737CDB070CD5B28BB6F80A31934285
:106860002CD0B6F80C319F1A7B427B41204A82F82B
:10687000D830D6F8C810304625F041F880221D4B9C
:1068800098671D4B1A612B0510D504F017FC1B4AA5
:1068900014F4006FD2F8EC3E14BF43F0006323F011
:1068A0000063C2F8EC3E04220F4B5A640020F8BD8E
:1068B00003F078F8C1E703F081F8C4E70123D5E7D6
:1068C0006805D6D5737CD907D3D5094B114683F813
:1068D000D8200B4B30461B689847CAE7006000B8C9
:1068E000005001B8006001B8002002B8004000B8B4
:1068F000003E00B0003F00B0000002B8003000B021
:10690000D42F0020014B1868704700BFC02F002013
:1069100037B520F0C6F8002401230022CDE9003469
:10692000002305461946104604F048F9022002F0FB
:10693000FFFA064B21461C60054B02205B68984716
:10694000284620F0B2F8204603B030BDC82F002002
:10695000044D00202DE9FF4102290D4616469846B8
:10696000039004D1FFF7D4FF04B0BDE8F08120F01C
:1069700098F81D4F04463B683BB1B34205D020F068
:1069800094F8002301203B60EEE7184B0022C3F887
:10699000008001233E60CDE900330023002610462D
:1069A000194604F00BF9124B02201E7002F0C0FAD7
:1069B00033462A46022003A902F0D8FA0D4B039A67
:1069C0001A6008B92046DAE70B4D2B689847012872
:1069D000014604D0204620F068F80020C4E76B6828
:1069E00002209847F6E700BFC82F0020C42F0020E0
:1069F000C4460020C02F0020044D0020044B5B6ED5
:106A00005B054EBF0120034B187800F00100704772
:106A100000C001B8C4460020014BD86C03F018B880
:106A2000004001B8014BD86C25F0F3B9004001B823
:106A3000837C5A1F012A01D9082B05D14B7C2BB12D
:106A4000012B05D0022B05D024F0BFBF02487047B0
:106A5000024870470248704720A1070048E801003B
:106A600040420F0070B50E4620F01BF8054601F0BD
:106A70002BF8044620B1284620F017F8204670BDB8
:106A800004F01CFB104B3278D3F8EC3E022A23F0C2
:106A9000F00315D0101F42424241520043EA021354
:106AA0007278022A0ED0111F4A424A41520043EA2C
:106AB0008213054AC2F8EC3E0422044B5A64DAE71A
:106AC0000122EBE70122F2E7003000B0002002B81B
:106AD00070B50E461FF0E5FF054601F00BF80446C1
:106AE00020B128461FF0E1FF204670BD04F0E6FA11
:106AF000104B3278D3F8EC3E022A23F00F0314D067
:106B0000101F42424241520013437278022A0ED0B3
:106B1000111F4A424A41520043EA8203054AC2F821
:106B2000EC3E0422044B5A64DBE70122ECE701222D
:106B3000F2E700BF003000B0002002B82DE9F843B2
:106B40000E780446042E0D4690F810810BD10027D4
:106B50005FFA87F9484601F0EBFD08B14E4602E0C6
:106B60000137042FF4D1304601F0E2FD002845D072
:106B700094F81031B34208D1AA88A36C9A4204D188
:106B80006A88B4F812319A4235D084F81061AB8823
:106B90003046A4F814316B88A4F81231AB8804F5A0
:106BA0008875A364FF23237625F0A5F8E0752846B1
:106BB00001F04EFD18BB284601F0B0FDF8B9D4F83D
:106BC000C43053B194F81011414506D02046B3F9B2
:106BD0001220F2F74FFB84F81901204601F026FE3F
:106BE0000949A4F814010123084AD1F8FC1004F162
:106BF000D80003F0F9FD0020BDE8F88301200C2344
:106C000084F81031F8E700BF004F00B0A43F00B097
:106C100070B5054690F810010C460C281DD0FF29D0
:106C20001DD01AB14FF0FF320E4B1A6025F063F8F9
:106C3000064695F8100101F0EBFD844228BF04469A
:106C4000E4B2B44238BF3446E0B2287601F004FF23
:106C5000A0F1FF035842584170BD0220FCE701201B
:106C6000FAE700BF204D002010B590F8103104461F
:106C70000C2B3ED0D0F8C430C175BBB3D0F8D420B3
:106C8000DAB990F819318B421DD300222046FFF764
:106C9000BFFF88B9184B1B7813F0FD0F0BD12046AE
:106CA00001F0C4FD15490123154AD1F8FC1004F187
:106CB000D80003F099FD002010BDB0F92820B3F9E9
:106CC00012309A42E1DD0022204694F81911FFF7B4
:106CD0009FFF0028F0D1C4F8C400204625F07DF9BC
:106CE00001462046BDE8104005F0EABAFF230376CE
:106CF000E1E70220E0E700BF88510020004F00B02C
:106D0000A43F00B0F0B504468FB001F043F8236C07
:106D10000546012B00D010B128460FB0F0BD7249D6
:106D2000204625F037F8D4F8C4600146A58BC4F896
:106D3000C8003EB133682BB15B681BB11A68032AE7
:106D400000F2A0801FF0ADFE01462046FFF70AFAD0
:106D5000074608461FF0A9FED4F8C810B3898DF87D
:106D60000E70EB1A9BB2D6E9012000FB03225F48AC
:106D7000ADF80C30036802928B4207D0204624F015
:106D8000BEFD80225A495B4B88671A615A4D594EA5
:106D900000F076FE0128FBD12B6CDB07F8D4736C76
:106DA000DF01F5D4D4F8C81020460D919DF80E20CF
:106DB000029908AB03F0CEF9002843D100F060FE41
:106DC0000128FBD14B4A4C49536CD801FCD40B6CC5
:106DD000DB07F9D408A901A803F042FB0546002807
:106DE00030D1A28B454B5A64237C60F3410323745A
:106DF00001F09CF8D4F8C4305969431E0E68DBB228
:106E0000FD2B049622D84B68012805932ED101262C
:106E1000DF1C06D901333A4B5B6853D0DA1C4ED8DD
:106E20000593024604A9204600F0FAFF002E7FF4E5
:106E300073AFD4F83C31990527D4237C43F0020387
:106E4000237469E7022528460FB0F0BDF71C13D95B
:106E50002B4B01361B6818BF0126DA1C2AD8049375
:106E60004B68FF280593D3D00020DAE7024620467E
:106E700004A900F0D5FF4FE74B68FF280593C6D063
:106E80002A46F4E79F6A7F0E68E74FF48031204678
:106E900024F0AFFCD4F8383100EA0302D4F83C31D6
:106EA0000B4052EA03013FF437AF16492046096808
:106EB000884731E7FF284B6813D00593B6E7FF28D2
:106EC000B4D1D1E7DE1C06D80246204604A90593BA
:106ED00000F0A6FFADE7FF28ABD10022204604A9B1
:106EE000F6E70120059393E7FC4F00B0B02F002098
:106EF000003F00B0000002B800C002B8008001B836
:106F0000284D0020144D002010B50C4619B124F076
:106F10004EFE00B10434204602F0A2FA024B404279
:106F2000C3F8DC0E002010BD003000B070B580301A
:106F3000814214BF0C46002416461FF0B2FD4FF4E8
:106F40009C530C490546CA68C2F30362D340DA0772
:106F500002D54B6C9B030AD420460122314601F036
:106F600009F9044628461FF0A0FD204670BD032401
:106F7000F8E700BF000002B82DE9F74F07461646B4
:106F8000084619B9012003B0BDE8F08F002AF9D0F6
:106F9000032904D8002101F073FA0028F2D00488F4
:106FA0008378B4F5804F03F0070280F0DD80A2F112
:106FB000070EDEF1000141EB0E01052A90F804C036
:106FC0004579C088317394BF0021C3F30011C3F326
:106FD000801E7173990986F810E001F00201C3F375
:106FE000C00E41EA0E01C3F340137174B37486F806
:106FF00013C0BB6BB082DB0600F1A280063A012A07
:1070000000F29E80594B4FF001095B6D4FF03A43FF
:107010001A6DDB6C083C03F00703063309FA03F929
:10702000002309F1FF3942F0005A04EA09041AF872
:107030000480013404EA0904B360631D03EA090310
:10704000B8F1800F1AF80320B97C03F1010318BFCF
:10705000A8F1320803EA090308BF6FF07F081AF8A5
:10706000033018BF4FFA88F861B30020D7F8D0304A
:107070000BB141469847631CF07386F80E8003EA13
:1070800009031AF80310013303EA09031AF803206D
:10709000013303EA090341EA02211AF8032001330C
:1070A00003EA09031AF8030041EA0241002341EA16
:1070B0000061727C384603F007FC06233060B37130
:1070C000002060E72A49D1F83812C80709D51AF814
:1070D00004305B0103F47E63FF2BC6D8D843C0B2F3
:1070E000C4E742EA0323D9040FFA83FB24D5D7F877
:1070F000C830A3B11A68022A11D993F82400CBF33F
:107100000B03DB0008B1B3FBF0F39D42ADD8002BBD
:10711000ABD0C5EB0520B0FBF3F0C043DFE7314651
:107120003846FFF785FC0190384624F03EFC019B71
:10713000B3FBF0F0C0B2E2E71AF804004000CEE77B
:1071400000230020F3730B4BDA69C2F30723120408
:1071500048BF63F0FF035AB212F1800F1CBF323BED
:107160005AB2B2730346A9E702200CE7004000B808
:10717000004001B800C000B811F5004F1FBF01F377
:107180000E01044BC1F30E01002014BF99640120CD
:10719000704700BF008001B82DE9F04104460E465B
:1071A00011B9037C5A064AD44FF6FF73218CD4F8E8
:1071B000C870994204D0334B1B680BB120469847E6
:1071C000314D2B68BB4255D0304B1B6833B1002F7B
:1071D00053D0396801B1B968204698474FF0070885
:1071E000204601F023FB002E39D0294B93F90030C3
:1071F000C3F11C0317B197F926209B1A062094F9B6
:10720000136024499B1B0A6ADB0222F4FF2203F469
:10721000FF2313430B62D4F8C8201F4B2A609867E2
:1072200001F0C6FC002501211C4A1D4B11702046AF
:1072300083F8845024F0F8FC2846BDE8F0814FF62E
:10724000FF71114DD0F8C8702A6866F38613974213
:1072500001840374B8D101F0E9FA4FF00108114A32
:107260004346D2F8FC1004F1D800A2F65C7203F099
:10727000BBFABAE74FF00108B2E739462046984713
:10728000ACE700BFBC2F0020B02F0020B82F00209B
:10729000C246002000C000B8006000B8C34600200D
:1072A000003F00B0004F00B02DE9F8430D4600F05C
:1072B000E7FB0128044630D1194F3B7883B92846B3
:1072C000F1F7CCF8054610B9F1F732F92C463B78C6
:1072D0001BB10121022003F031F92046BDE8F883FB
:1072E0000021022003F02AF924F00DFD0646DFF804
:1072F0003490DFF83480D9F8F4331B07DFD424F05E
:1073000002FD801B404541F60E424FF045018CBF07
:107310000020012005F062F8EDE70224DDE700BF60
:10732000C5460020000002B83F420F0008B55822B1
:107330000021064823F005FD1022FF21044823F018
:1073400000FD04F075FD002008BD00BFF03E00B058
:10735000343F00B00C2337B580F810310023C374DC
:107360006F23C0F8E0308623A0F8F43064234FF098
:10737000FF35C0E93933C0E93B33FF230446437589
:10738000C0E908558564C575058303F0F3FD204603
:10739000FFF7CCFF0122164B2046C3F8382294F9A0
:1073A0001310FFF775F96023124A41F6FF71D36499
:1073B0004FF03A42116311670F4A2946D3644022C5
:1073C0000E4B20465A64A26BFFF7E6F90E2300220B
:1073D000CDE9003340F202231046194603F0EEFBDC
:1073E00001F0C0F9204603B0BDE8304004F0DCBF36
:1073F000005001B8004000B8005000B8002002B8AA
:1074000010B50C46FFF792FFCCB1A378082B18D823
:10741000E278082A15D843EA021313F0FF030CBFE1
:1074200019466168084AC2F8F010217882F84411C0
:10743000617882F8473182F8451104F0F9FC0020A8
:1074400010BD0120FCE700BF003E00B0012A10B5CE
:1074500012D8032B10D803EB82020123074C934070
:1074600094F84601DBB221B10343002084F8463191
:1074700010BD20EA0303F8E70120F9E7003E00B061
:10748000044BD3F8EC3E13F0806F14BF2320002090
:10749000704700BF003000B00246F8B5B0F81441A4
:1074A00000F1D805FFF7ECFF0B688E68013304BFCD
:1074B000D2F8E0300B604B68013304BFD2F8EC30F7
:1074C0004B60771C37D1D2F8E830CF688B607E1CD8
:1074D00038D1D2F8E4600F69CE60013704BFD2F82A
:1074E000D8700F614F69013704BFD2F8DC704F616B
:1074F0008F69013704BFD2F8F0708F618F6947BB85
:10750000C0F1640408688C61C2F8E8304B68C2E9D5
:107510003806C2E93B340B692846C2F8D8304B69BB
:107520000F49C2F8DC30D1F8FC1007230D4A03F0F4
:107530005BF90020F8BD04F16F031B1AB34238BF9A
:107540003346C2E704F18606361ABE4238BF3E46CD
:10755000C1E76F34241ABC4238BF3C46D2E700BFB3
:10756000004F00B0A43F00B070B51FF09AFA054676
:107570000B4E00F085FA012804D028461FF095FA3A
:10758000022070BDF36813F0706FF2D1F46814F04C
:107590008054EED128461FF088FA2046F1E700BF5C
:1075A000000002B838B51FF07CFA4FF6FF710A4AA6
:1075B00013888B4203D11FF078FA032038BD074CA3
:1075C000074D1B046567A4F58054636711801FF0A5
:1075D0006CFA0020F2E700BF86510020006001B87D
:1075E0000000FFFF2DE9F743044688461546FFF7E4
:1075F00017F880B1704F02F08BFF7B69DA0740F11A
:10760000D8801FF04EFA0646032001F08FFD30B1FE
:1076100030461FF04AFA022003B0BDE8F0837F69CC
:1076200017F00607F4D130461FF03FFA634B4FF4D2
:1076300000612046D3F8EC9ED3F8C46E04F0B2FB90
:1076400040B14FF4007201215D4B08465A643A463E
:1076500024F095FC637CDB0706D5A36B5F0542BF76
:107660004FF40022574B5A644146204604F028FE4E
:10767000524BC3F8EC9EC3F8C46E0028CCD1237CD7
:10768000D80601D4002D55D0C5F3400003F0DCFC32
:10769000022315F4807F1FBF4A4A002153644FF034
:1076A0003A420BBF464A91615364536303F006FDAF
:1076B0004FF4806315F0040F14BF434A434A15F09A
:1076C000400F13654FF004023D4B28465A644FF0BB
:1076D000400314BF3E4A3F4AC2F8B830FEF7F0FDFF
:1076E000204624F0BDF938B14FF4807315F0010F36
:1076F00014BF344A324A5364A90644D54FF6FF7288
:10770000E38C93420FD0344A3449526F100CC2F3C9
:1077100001120132B3FBF2F308802B4A2B493048A7
:107720001B0448675367003D18BF0125237C65F3A0
:1077300004132374204624F03AFAF0B1204624F0D2
:107740008FF9D0B14FF40031204604F02BFB431CDD
:1077500003229BB2234801A924F0BAFA9DF8042021
:1077600002F00703052B9DF8053015D112070DD443
:1077700043F480731C4AC2F8CC30002003B0BDE84B
:10778000F04324F0B2BAFFF70DFFCCE713F0040F7B
:1077900009D19DF80630EBE703F03002202A05D12D
:1077A00013F0010FF4E74FF48073E3E79DF8063020
:1077B000E0E7032030E700BF00C001B8003000B0B0
:1077C000002002B8001002B8005001B8006001B8F3
:1077D00000D000B800E000B8004001B88651002099
:1077E0000000FFFF0C0000BA003E00B02DE9F3419D
:1077F0000646884615461F461FF053F904460320E7
:1078000001F094FC38B120461FF04FF903242046C4
:1078100002B0BDE8F081042001F088FC0028F2D11C
:1078200020461FF042F92A4641463046FFF7DAFE6D
:1078300004460028EBD1DFF8C880002F3CD088F840
:10784000000039463046FEF7A9FC002849D198F8D7
:107850000030012B2DD02022234B5A64234B9B6FE9
:10786000B3F5817F30D2012024F054FA1FF019F9CA
:107870001F4B06461B6801934BB1042001F058FBD7
:1078800000230122042001A901F070FB28B301F0BC
:10789000D9FC2B061CD50022164B9A6701F016FD69
:1078A000154B012100205B68984730461FF0FDF81A
:1078B000ADE703F0B3FBAAE798F80030012BF8D04E
:1078C000002BC8D10124A2E780220C4B1A61CAE721
:1078D00001F0FCFC03F08EFBE2E703F007FC01245F
:1078E000E3E7044693E700BF001002B8003F00B092
:1078F000B42F002000C001B8044D0020000002B8E1
:10790000C146002008B50A4BD3F84C114B1C0DD0D2
:1079100011F080410AD10320FEF7FEFD4FF0806296
:10792000044B1A6501225A6102229A6208BD00BF07
:107930000080E00F001002B84FF40022034B586C97
:1079400003F500535A64C0F3C0407047000002B80A
:10795000024B034A00201A60704700BFB82F002076
:1079600095600108024B586900F00100704700BFA4
:1079700000C001B808B50D4B5A69D10710D518B928
:10798000BDE8084001F0B0BA5B69DA070DD401F038
:107990009DFA0323064A1364A2F58052536404E05F
:1079A0005B69DB0701D40028F1D108BD00C001B834
:1079B00000A0095030B56FF04044114D2040C5F88B
:1079C0005042104CC4F850024FF0FF30C5F854023A
:1079D000C4F8541238210A40C5F86412C4F864226D
:1079E00009490A4A0020C2F8C810A2F58052C2F81C
:1079F000C8300423C5F864320223C4F8643230BDB1
:107A0000006001B8005001B80000FFFF00E000B8BE
:107A100090F91030002B0CDA4FF08053064A29B150
:107A20009360A2F58052D36000207047D3609360CA
:107A3000FAE70320704700BF006001B84FF0806391
:107A400010B1024A53617047014AFBE7001002B8C7
:107A5000002002B8202350B1064AC2F8F433064B86
:107A6000196C11F0020104D1032002F067BD034A32
:107A7000F3E77047001002B800C002B8002002B857
:107A80000F4BDB68C3F30363013B0B2B0FD8DFE81D
:107A900003F006060C06060606080A080808022077
:107AA0007047042070470520704703207047054B3E
:107AB0005B6913F0060F0CBF01200420704700BF64
:107AC000000002B800C001B8094AD368C3F30363D9
:107AD0000B2B08D06FF49050184100F0010080F09B
:107AE000010040007047506C10F48030EDD17047B9
:107AF000000002B80E4AD368C3F30363062B07D80D
:107B0000042BD8B20FD8C31E5842584140007047CA
:107B1000072B0AD1D2F8680120F4C02020F0A00081
:107B20000028E8D17047022070470020704700BF4E
:107B3000000002B8094BDB68C3F303639A1E012AF5
:107B40008CBF00220122012B02701EBF4FF4026283
:107B500022FA03F303F001030B707047000002B830
:107B6000094AD368C3F30363032B01D0072B08D161
:107B7000936CDB0605D4D06C80F00800C0F3C00025
:107B800070470020704700BF000002B8024B00227F
:107B9000196823F0F4BF00BF6416040810B5FF2273
:107BA0004FF6FF71044624F005F868B9FF224FF63E
:107BB000FF71204624F00FF830B92046BDE8104090
:107BC000FF22024924F019B810BD00BFEC290408B7
:107BD00010B55B0743EA02439DF8082043EAC163FE
:107BE000520502F0BC621A43064942F4C8720446C8
:107BF00004F0C4F8002220461146FFF797F9002050
:107C000010BD00BF9007E12D37B50C4605460B4B64
:107C10001A680B4B19680B4B186801F01DFD94F89E
:107C200028302846009394F82B3094F8292094F8B3
:107C30002A10FFF7CDFF03B030BD00BF6830002031
:107C4000643000206C30002008B5FFF789FF90B148
:107C50000A4BDA6911030ED55A6C92030BD4DB6C14
:107C600013F0100F4FF0100303D1054A0020D36426
:107C700008BD044AFAE70220FAE700BF000002B894
:107C8000001002B8002002B8034610B500B3124A33
:107C9000D16909031ED5946CC4F38114032C15D04B
:107CA000022C17D122460D49B1F8C80001F100613C
:107CB000801A01F536710144184623F00BF8064A84
:107CC0000472D26C120A4272002010BD0822EAE748
:107CD0000120FAE70220F8E7000002B8003E00B0F9
:107CE00070B50C460546094E09480022012C08BF14
:107CF0003046084B0849FFF75DFE631E5C425C415D
:107D00002B7C002064F3C7132B7470BD91D106192E
:107D100090D106190000F6289E0C4B5404292DE939
:107D2000F04104460F462CD84E1EF6B2032E8BBFF0
:107D30000025154BA84613F806809CBF134B9D5D8C
:107D400023F035FF78B94FF000084FF4603200207F
:107D50000F4B6D045A6245EAC835A3F580535D6246
:107D6000A776BDE8F0812046FEF7CAFB80B28428E2
:107D7000E9D8022EE9D8217C2046C909FFF7B0FFD7
:107D8000E3E70120EDE700BFE8290408E42904083F
:107D900000E000B810B5837C022B08D11A4BD3F851
:107DA000981031B9828B272A0ED9032002E0042BC8
:107DB00001D0002010BD144BD3F89830002BF8D11F
:107DC000828B272AF1D80121104B1868104B98425A
:107DD00014BF31246FF003040B4818BF0023A0F830
:107DE000B24008BF012350246343282404FB01331D
:107DF00008491944895CFA31A0F8B81006490B44C7
:107E00009A5C064B1A70D4E7003E00B004300020A4
:107E100000F04902E42A0408F4290408C6460020B8
:107E200010B5124B0C68C3F87842C3F87C42C8B155
:107E3000D0F8C430B3B15B69A3B1501EC0B2FD2805
:107E400012D9013404BF6FF0010008600868FF2AEE
:107E5000186007D14A68013202D16FF001024A600E
:107E60004A685A60002010BD012AF2E7004001B8BC
:107E7000F0B585B06D460E460F4B074614460FCB46
:107E800085E80F000D4BD3F848020090D3F84C2240
:107E900001923EB1631EDBB2FD2B0AD93060FF2C8C
:107EA00000D17260224629463846FFF7B9FF05B077
:107EB000F0BD012CF4E700BFD42B04080080E00FD4
:107EC000F0B585B06E460D4B07460D460FCB86E8E4
:107ED0000F0000F02BF8314604460246384624F0E5
:107EE00022F84DB140B9FF2C1BBF04AB03EB840457
:107EF000009B54F8103C2B6005B0F0BDD42B040857
:107F0000FF2818BFC3434FF0180108BF1023064ACB
:107F100018BFDB00C2F8FC1318BF03F00803A2F57A
:107F20008052C2F8FC337047002002B8024BD3F8ED
:107F3000F807C0F3C0407047000002B84FF03A4362
:107F4000D3F81421D2031ED54FF480320E49C1F864
:107F50001421A1F58051C1F818215A6DD1B2C2F394
:107F60000722C3F8A410C3F8A4200422C3F8A42055
:107F70000022C3F8A420C3F8A420C3F8A420C3F8A7
:107F8000A420C3F8A4207047002000BAF8B54FF031
:107F90003A440D46174606461EF083FD012304228F
:107FA0006363084BE76026616561C3F814214FF0F5
:107FB0000042054BC3F880211EF077FD0DB102236E
:107FC0006363F8BD002000BA00E100E0054B012228
:107FD00018604FF03A435A6740F6FF72D96418654B
:107FE0001A677047E02F00202DE9F0410546012473
:107FF000006800F00700063004FA00F3A868EC6897
:108000005E1EA04262D000EA060E6C6810441E4359
:108010000640A3EB0E000EEB040C8242644618D916
:10802000D31A0EEB030298B1431E052B04D94B1C47
:10803000ACEB0303022B59D80B460844ACEB010E02
:1080400003EB0E0113F8014B83420C70F8D101468B
:108050006C688AB1531E052B01F1010302D9E01AA5
:10806000022812D80A44611E00E0013313F8010C03
:10807000934201F8010FF8D11EF013FD0223AE6008
:10808000AB62BDE8F0411EF010BD0B46204622F069
:10809000030E8E4453F804CB734540F804CBF9D15A
:1080A00022F00303D01A920701EB030C04EB030741
:1080B000E2D0CA5C0128E254DED09CF801300228EC
:1080C0007B70D9D09CF80230BB70D5E7042A35D933
:1080D0000878043AA86148780431A86111F8020CC4
:1080E000A86111F8010CA861A8688CE70B4620F084
:1080F00003070F44ACEB010E1C684EF80340043339
:10810000BB42F9D120F0030310F0030F01EB030E83
:10811000A0EB03040CEB030728D011F80380012C1B
:108120000CF8038022D09EF80130022C7B7018BF1F
:108130009EF80230084418BFBB7088E7013A032A52
:1081400012D8DFE802F00F1507020B4613F8012BD7
:108150001946AA610A4612F8013BAB61114611F8B3
:10816000013BAB610B78AB61BDE8F08108446EE781
:108170000A46F3E738B50B46154601464FF03A4438
:1081800070B101221048C4F8F4201A46FFF72CFF02
:1081900025B14FF03A430422C3F8F420002038BD43
:1081A00073B1D4F8D8209A4284BF0122C4F8F420D5
:1081B0004FF03A42C2F8D4300223C2F8F430E7E775
:1081C0000123C4F8F430E3E7CC0000BA10B51EF088
:1081D00068FC4FF03A4301225A67C3F8B420C3F851
:1081E0008C20154A1549C3F890200722C3F8B02007
:1081F000134B04461A800023124A13804FF4A02226
:10820000C1F81421A1F58051C1F818210E4A13605C
:108210000E4B5B6C5B020AD54FF480020C4B186866
:108220000C4BD8305A6450F8A01C01F0DFFC2046FB
:10823000BDE810401EF039BC08140020002000BA30
:108240004243002040430020DC2F0020000002B801
:10825000D8300020002002B807220D4B01211A80DF
:1082600000220C4B1A804FF03A43C3F8F410C3F8C5
:10827000CC204FF40052C3F8D000C3F8F020F02215
:10828000054B9A64A022A3F580539A64FFF79EBF22
:108290004243002040430020006000B82DE9F04137
:1082A000044688B11EF0FDFB3E4E3F4A3388032C46
:1082B00003F0780105463D4F03F07F0C11445ED179
:1082C0003C6824B91EF0F1FB0320BDE8F08124F0E6
:1082D0000104386820F00100A04255D100223A6024
:1082E00022888C426FEA42426FEA5242228041D198
:1082F0002F4CDFF8D4C02788ACF180083A46083A02
:1083000092B201F10800604528BF4046082A04D90E
:10831000B0F800E0BEF5804F41D2228088780C880A
:108320004FF03A413B449B1ADBB2C4F30C048C651A
:108330003380C1F89830C1F8B0204FF480221D4B33
:1083400000F00700C3F814214FF000421A4BC3F8A5
:108350008021FFF7F3FD04280CD14FF48002174B66
:108360005B6C174B1868174BD8305A6450F8A01C38
:1083700001F03CFC28461EF098FB0020A5E7601E9B
:10838000012898BF0C46A4E7094862440088A21A55
:1083900048BF803208389042A2DC284692E7014666
:1083A000ADE700BF4043002008140020DC2F002070
:1083B00042430020002000BA00E100E0000002B8C3
:1083C000D8300020002002B8881400201349144B34
:1083D0000A881B8813481344083292B20A804FF06F
:1083E0003A41C1F8B0204FF480210F4A073BC2F850
:1083F00014114FF0004103F07803034498780B4ABE
:1084000000F007000428C2F8801103D10849CA68A7
:108410001203FCD4074A1360704700BF4243002098
:108420004043002008140020002000BA00E100E0D2
:10843000000002B8DC2F002010B5054C206828B1E0
:10844000C30701D4FFF72AFF0023236010BD00BF3C
:10845000DC2F00204FF48033084AC2F81831A2F50F
:108460008052C2F814314FF03A43D3F8AC30C3F322
:108470000C03782B01D8FFF761BD7047002000BACC
:108480002DE9F84304460E461EF00BFB504B814687
:108490001A885048504D02F07801032C2D8802F0C4
:1084A0007F03014417D14D4C24688CB92A44073A04
:1084B00002F0780284180344E31A48BF8033AB42C9
:1084C00010DB48461EF0F1FA00242046BDE8F88390
:1084D00024F00104EFE7012C02D0022CEBD1083D7F
:1084E0000C46E8E7002E43D08C4245D14FF03A428B
:1084F000D2F858804FF03A410127CA6C02F00702C7
:1085000006329740D1F8AC20C2F30C029A4246DD05
:108510002588B5F5804FD4D2A378C5F30C0503F0B8
:1085200007037A1EA5EB08053A43052B337005EACD
:1085300002052CD82DB2E84340F23A420421C00F84
:1085400003F04CFF7580E378254A337412687B1E74
:1085500003EA0803D118B160A9B213FA85F5BD4248
:1085600091BF0023FF1AB780F2609CBFB180F36017
:1085700048461EF09AFAA8E7A4F10802824238BFE2
:1085800004F17802B2F80080C8F30C08B2E7154B8A
:108590005B6D003B18BF0123A5EBC305CAE74B6D1C
:1085A0007A1EA3EB08033A431A400F4B15B2DB685F
:1085B00062B9C3F30363D91E4B424B41DB003370F6
:1085C000094B7280DB6CC3F30723BDE70823F6E792
:1085D000404300200814002042430020DC2F0020EC
:1085E000E02F0020004000B8000002B8054BA82290
:1085F000D3F84C013121431C0CBF0120C0F3807023
:1086000003F0ECBE0080E00F10B50F4B1C78ACB946
:108610000E4BD3F8F8375B0309D490B10F23441EF7
:10862000B4FBF3F410300444E4B2204610BD40F62D
:108630002A023F21204603F0D1FEF6E70001C4B232
:10864000F3E71024F1E700BF88510020000002B8D2
:1086500038B5294D0446297819B92022274822F037
:1086600070FB2378264A6188137051804FF2F00224
:108670002449C1F8C821244A4BBBA1F50051D1F8C7
:10868000F81711F4002F4FF0FF011CBF1F48C0F86E
:10869000DC3011704FF040731A4AC2F834311C4B71
:1086A000D3F8F83713F480230BD14FF47F01C2F8CD
:1086B00030111849C1F8303148F2C801164BC3F8DF
:1086C000F4100723C2F8FC330122124B0DE0002402
:1086D0000E48022BC0F8DC404FF0FF001070D9D1DB
:1086E00007230422C1F8FC330A4BC3F8FC230123FF
:1086F00000202B7038BD00BFC7460020E03F00B00F
:1087000088510020002002B8DE510020004001B84E
:10871000000002B8001002B8003F00B0034B1A6816
:1087200002609B8883800020704700BF8851002032
:1087300010B5044601F048F8094BD3F8F80734B9EE
:1087400000F44020B0F5402018BF012010BD022CDD
:108750000ABF80F400300020C0F34040F6E700BFBD
:10876000000002B82049D1F8FC37FF2B31D01F4858
:10877000C3F303120270D1F8F81703F00F030903D3
:108780005BBFC2EB02120F3B02F1FF32D2184ABFAD
:1087900003EB0213D3B2DBB2154A16491370097802
:1087A000154B1A68E9B1B2F1A06F1AD3D3F8501281
:1087B000124A134BB1F1FF3F18BF1346114A136021
:1087C00041F66A02104B1B68B3FBF2F30F4A1360C9
:1087D0007047D1F8F83713F4002F0CBFB4235A2395
:1087E000DAE7074BEAE700BF000002B8DF510020DC
:1087F000C9460020DD5100200080E00F5082E00FCC
:10880000E42B0408E42F002004300020E82F00208F
:1088100020B1022804D1034B18787047024BFBE7C4
:1088200000207047DF510020C94600202DE9F74F96
:10883000846C4C22022C38BF02247849013CCB6C5A
:10884000D1F8DC507649C3F38213DA400B68064650
:10885000A34290F81071734BDFF8F0A1DFF8F091AC
:10886000DFF8F08102F0010214D11878904211D1A2
:108870009AF80000B8420DD1F06C58B1A84209D165
:10888000357E99F80000854204D1B8F8040003B0A1
:10889000BDE8F08F98F800001A700C60FFF7B8FF81
:1088A0000346002A00F08E8004234FF07F415E4A89
:1088B000C2F8BC305D4BC3F8BC10337E1B06C2F857
:1088C000BC30002040F27122594B19211B68B3FBC8
:1088D000F2F36343182BB3FBF1F14FEA004400F2CB
:1088E0009080002C00F09880B4FA84F2C2F120024B
:1088F000C2F10F03012B38BF0123D440A14201D2A2
:10890000013B6408421C03F01F0152008A40121B05
:10891000DFF830B19208CBF8B0201A0242EA031215
:108920001343019300EB002300EB0325414B40F67A
:10893000A40218682B21003818BF012003F04EFD57
:10894000FA223C4B02FB04F01B6840F6FF72B0FBBE
:10895000F3F00A235843384B00F57A74C3F8D82053
:10896000019AA3F58053C3F8D820344AA3F5805365
:10897000C3F8DC50D2F8F827520308D4D3F8DC301F
:1089800003F47F02C3F303531343CBF8FC30F564C5
:108990002B4D00F6B8302C6001F094FE4FF47A7243
:1089A000284BC3F8A400C3F8F8002B68B4FBF2F01E
:1089B000B3FBF2F3A8F80430337E8AF8007089F82C
:1089C000003064E7307E984228BF1846C0B22FB10D
:1089D000022F7FF476AFFFF717FE73E7174BD3F83C
:1089E000F8371903F7D450B10F230138B0FBF3F077
:1089F0000130154B1B68034413F8010C62E701209A
:108A0000F7E7B1FA81F23CB1B4FA84F3D21A002A42
:108A10003FF76EAF0F2371E70F2373E7004001B8F4
:108A2000204D0020C8460020001002B8002002B8E7
:108A300004300020E82F0020006001B8000002B8D8
:108A4000EC2F0020003F00B0E42F0020DC5100207C
:108A5000DB5100208851002038B5254B05461A7897
:108A6000244C0C2A02D1FF20207038BD104623F080
:108A700042F901461046FFF7CBFEA84228BF284620
:108A8000C0B2884238BF08462378C0B28342ECD0D7
:108A900020703ABB184BD3F8F83713F4002321D1D8
:108AA0004FF2F001154AC2F8C811C8B10F230138BE
:108AB000C0B2B0FBF3F3591CC3EB0313C01A431C41
:108AC0000D4A1B01D2F8C80143EA01330343C2F83F
:108AD000C831D2F8C8210A4BC3F8FC202078C4E77B
:108AE0000121EDE7074B1868FFF7A0FEF6E700BF8E
:108AF00088510020DE510020000002B8002002B89A
:108B0000003F00B0D8300020014B1870704700BF04
:108B1000DD51002010B5044603F0F6F978B1154B8D
:108B20001B786BB964B1144B1B784BB1134B1B789A
:108B3000013B012B04D84FF40042114B1A6510BDC4
:108B4000104B1B6D1B04FAD41DF0ABFF044602F062
:108B5000B5FA4FF400420C4B2046BDE810401A65B0
:108B600002220A4BC3F8D4240422054B5A641DF098
:108B70009CBF00BFCA460020CB460020F02F00203B
:108B8000002002B8000002B8001002B800D0035064
:108B90000122024B00201A70FFF7BCBFCA4600201A
:108BA0000022024B01201A70FFF7B4BFCA46002012
:108BB000054BD3F8843013F0030F4FF4802314BF18
:108BC000024A034A93647047004000B8005000B85E
:108BD000006000B870B5044600F0F6FD01213A20AF
:108BE000EFF722F94C4B00201C70FFF793FF4B4A24
:108BF0004B4811784B1E012B16D90023C0F8D434F2
:108C000004B35068002836D103294FF0F80360D030
:108C10004FF6FF71434AC2F88410A2F58052C2F8A1
:108C2000843000223E4B61E00125167CD37BB540A9
:108C3000302606FB030303F501531D600023C0F833
:108C4000D434ACB94FF6FF72364BC3F88420F82207
:108C5000A3F58053C3F884200022314BC3F8D424F9
:108C6000314B4FF080421A65FFF7A2FF002070BD24
:108C7000506800283DD02D4B02291B6803EB5003A0
:108C8000B3FBF0F303F1FF334FEA032343F0F803A0
:108C900033D003291DD00129BAD14FF6FF702149E5
:108CA00043F00203C1F88400A1F58051C1F884307B
:108CB00007211B4BC3F8D41430230120D17B127C35
:108CC00059431B4B00FA02F25A50FFF723FF194B8E
:108CD000C7E74FF6FF71134A43F00503C2F884104B
:108CE000A2F58052C2F8843004220D4BC3F8D4247C
:108CF000EDE702294FF0F803CFD14FF6FF70094995
:108D000043F00103C1F88400A1F58051C1F884301B
:108D10000621034BCEE700BFCB460020F02F0020FA
:108D200000C00350006000B8002002B804300020EA
:108D300040D00350001002B8F8B5214F06463D461A
:108D400004460FCE0FC533682B6000F03DFD0121B6
:108D50003A20EFF769F800221A4BC3F8D424A17A1D
:108D6000627A42EA0142C3F8E024217CE27B42EAD3
:108D70000142C3F8DC24207B617B40EA0142C3F856
:108D8000D8243B78032B19D8DFE803F01202060C35
:108D900000230422EFF772FF00230422217CE07BF2
:108DA000EFF76CFF01230422A17A607AEFF766FFE8
:108DB000054B1878BDE8F840FFF70CBF0120F8BD5F
:108DC000F02F002000C00350CB460020034B1B6D4A
:108DD000002BBCBF024BC3F888007047000002B8EC
:108DE000004000B82DE9F04700F048FD4FF47A76D6
:108DF0002D4BB0FBF6F618604FF4FA737343074639
:108E00002A48190E1B021818294A4FF0000341F195
:108E10000001FAF793FF274BA0F5807205461A630D
:108E200020B945222B2103F0D9FA01254FF47A729B
:108E30004FF0000A6A43534650083102FAF77EFFAA
:108E40001C4B1D4AB7F57A7F9A601C4B4FEA0568A8
:108E500019601B4B8946044618604FEA152505D258
:108E600097222B21504603F0B9FA01264FF47A736A
:108E7000A8FB030103FB05117308C01841F10001B1
:108E800000233246FAF75AFF0E4B023419600E4B9C
:108E900049F10009A408186044EA8974054B013CB3
:108EA0009C63BDE8F08700BF0430002020A10700CC
:108EB00040420F0000C001B8021101001430002030
:108EC000103000200C300020083000200822044B15
:108ED000C3F884215A600122024BDA60704700BF58
:108EE00000E100E000C001B80822064BC3F884216D
:108EF000C3F88420BFF34F8FBFF36F8F0422024B60
:108F0000DA60704700E100E000C001B810B5044627
:108F1000A242A2EB0000A3EB010104D2034B0139F2
:108F20009B6B0133184401F0030110BD00C001B870
:108F300038B501250A4B02019D504FF48073044659
:108F4000084A834053661DF0ACFD074AA5401378DC
:108F500023EA05031370BDE838401DF0A6BD00BF2D
:108F600000E101B800E001B8D44600202DE9F84F37
:108F7000164605468A461F461DF093FD022E00F058
:108F8000918080461DF098FD5A4B5B4AD3F82090A3
:108F900092F865405A6EE4B2520744BFD3F820906D
:108FA000013404F003041DF08DFD4846214600F015
:108FB00045FA8446DAF80000012E04BF013060440F
:108FC000ACEB000C08BFCAF80000BCF1804F7DD3A9
:108FD00000F046FA8145A1EB040188BF454BDFF85C
:108FE00038C188BF01F1FF3101F0030188BF9B6BDD
:108FF000A0EB090E0CF80510A1B1F90742BF41F62C
:109000001F723E4B5A67BA0742BF3C4B3C4A5A67F5
:109010007B0742BF0022374B9A673C0742BF0022C2
:10902000344B9A6511244FF0010A324B05F11002BE
:10903000120103EB051BCBF80C0132499C501A6A54
:109040000AFA05F4586E0B78A2EB0902E4B2234346
:1090500072450B7025D34FF48073AB40034220D18F
:109060001CF80520002A40D10EB3274AF8075366A2
:1090700007D541F61F7140F20110204B5967506728
:109080005967B90706D51D4B1D4A1F491F485A6726
:1090900048675A677A0742BF01221D4B1A613B0796
:1090A0001AD440461DF001FD0120BDE8F88F194A91
:1090B0002D0142F805A042F89C3C1DF0F2FC11493C
:1090C0000B7823EA04030B701DF0EFFC40461DF003
:1090D000ECFC0020BDE8F88F2120FFF777FE4FF46D
:1090E0008032044B4046DA60DCE7074A404653666C
:1090F000D8E700BF00C001B8003E00B000E001B8F2
:1091000000001F1FD446002000D001B8000001015C
:10911000000002B800E101B8CC460020024B1878EC
:10912000003818BF01207047D4460020034B103090
:109130000001185800F00100704700BF00C001B8DE
:10914000044B01F0F071103041F00301000119509F
:10915000704700BF00C001B870B50646FEF702FCBC
:10916000044608B1FFF7C0FE00230A4D3046AB614C
:10917000EB612B6200F074F9074BC9B283F86510FC
:1091800028622CB1FFF7A2FE4FF08062034B5A64B5
:10919000002070BD00C001B8003E00B0002002B841
:1091A0002DE9F0419DF818800D46B8F1000F08BF79
:1091B0000022214EB5F5803FB168074621F47001C9
:1091C00041F4A001B1609DF820409DF81C104FEAC9
:1091D000042444EA016444EA031444EA084444EAE7
:1091E00002044FF0180140F2D5222CBF00200120CC
:1091F000746503F0F3F83564B8F1000F1AD00F4B23
:10920000BC68D3F8B8306F2C38BF6F245B0606D526
:1092100000F010FC18B10A4BB3FBF0F31C442046DD
:1092200000F01EF90130854238BF0022024B34BFE6
:109230005A645864BDE8F08100C001B800C000B8AD
:1092400000093D0038B51A4B5D6C2DBB1024202061
:10925000FFF7BCFD174B9C6002F006FD164BC3F8F0
:10926000844101F06FFE48B12A4600200821FDF735
:109270003DF8124B5C66A3F580531C67104AD36817
:1092800003F07063B3F1807FF9D9094B0D4A5A6737
:1092900041F201429A6738BD01F054FE0028F4D033
:1092A000094B064A5366A2F580521367EDE700BFEB
:1092B00000C001B8001002B800E100E000E001B811
:1092C000000002B8011B01181000002008B5212081
:1092D000FFF77CFD4FF48032014BDA6008BD00BF20
:1092E00000C001B808B52220FFF770FD4FF48022BE
:1092F000014BDA6008BD00BF00C001B8F8B5174DDA
:109300000446EB6BDB0124D500F046FCA0FB0446D1
:10931000E86B070A050C10F0FF0005D140F255423A
:109320002B2103F05BF80120EDB2AD01B5FBF0F0AD
:10933000FBB210EB831005D140F25A422B2103F00F
:109340004DF801200246002320463146FAF7F6FC8C
:10935000F8BD00F06FFBA0FB0401F9E700C000B806
:109360000246012030B50B4CA0F12003C0F12005CE
:1093700024FA05F504FA03F32B4304FA00F59542A9
:109380008B4100D330BD0F2801D00130ECE7FF2026
:10939000F8E700BF40420F0010B50C46FFF7AEFFE4
:1093A000C30943EA4163C01A61EBD111FFF7D8FF4B
:1093B000FF2814D00F220C4B40F01000C3F8B82047
:1093C000A3F58053C3F8B800A3F580535B6ADBB202
:1093D000802B06D02046BDE8104000F0C9BB01201C
:1093E00010BD0220FCE700BF00E000B838B51DF05A
:1093F00063FB084B084A1D6A92F865405A6EE4B256
:10940000520744BF1D6A01341DF05CFB284604F07E
:10941000030138BD00C001B8003E00B00346064A53
:10942000103302EB00111B01D1F80C01D158C1F32C
:10943000400122F07ABC00BF00C001B8064B1B6897
:10944000434303EB8171054B1B68A3FB003013F111
:10945000004341EB000070470C3000200830002032
:109460000C4A20F04043014610B5002014684FF02C
:109470000042E4FB0320084A890F126802FB030044
:10948000064B9B6B984204D901330131C01A01F09D
:10949000030110BD103000201430002000C001B8BE
:1094A00040B1836833B10649C268096803F13043AB
:1094B000032A00D8704743F8041B043AF8E700BFBA
:1094C0004830002070B51646054600B3F9B1F2B138
:1094D0004268104B006803321B68920800F130406C
:1094E0009847044688B9EA68A8680332314692086A
:1094F00000F1304022F032FC044630B9D5E90402D4
:10950000214600F1304021F01CFC204670BD0124B2
:10951000FBE700BF244D002070B50C68651C15D01A
:10952000C4F302669E42C4F3074530D1A4B294420C
:109530002DD804EB8506B24229D2141BA50824F0CD
:1095400003040E59340F04D0012C09D0002201234A
:1095500003E06B1C51F8232000230260037170BDEF
:109560000D4C34F8133042EA03431A686B1C51F86F
:10957000234001EB83014B6822405E4036F070448B
:10958000EAD11B0F032B04BF8B681A43E4E70135B4
:1095900001EB8501C1E700BFF82B040807B501A85E
:1095A000EFF7CEFC254B2649D3F86022D2B2FF2A32
:1095B0001DBFD1F87801130243EA0213D1F87831C4
:1095C0001CBF20F47F621343C1F8F8331C4BD3F85F
:1095D000F837190354BF09200C20EFF723FBC822EA
:1095E000184B42F201015A654FF4C02203F51043B3
:1095F000C3F868214FF48032C3F86C21124AC2F8D4
:10960000701202F52042D2F8F827120308D44FF462
:1096100070610E4AC2F8A0104FF42062C3F8A02077
:1096200001220B4BC3F8002403F53043D3F8682123
:10963000084B1A6003B05DF804FB00BF0080E00F28
:10964000000002B8008001B8006001B8002002B834
:10965000005001B8D82F0020836810B4074C03F1E4
:10966000304324681B689C4203D15DF8044BFFF72C
:1096700029BF00205DF8044B704700BF4830002030
:10968000134B1B78002B20D0124B134A00201A607A
:10969000124B134A1A60134B134A1A60134B1A6881
:1096A000134B1A60134B144A1A60144B144A1A6075
:1096B000144B154A1A60154B154A1A60154B164A79
:1096C0001A60164B164A1A6070470220704700BF96
:1096D000D5460020543000200C3504084C300020C2
:1096E000542C040850300020882C0408384D0020E9
:1096F000483000206C3000203C2C040864300020EE
:109700001430040868300020842C040860300020E5
:10971000242C0408583000208C2C04085C300020D5
:109720006C2C040838B500231F4C012163643A20D7
:10973000A364E364EEF778FB01221C4B5A6102221A
:109740009A62E368C3F303630D2B01D0002BF8D1B9
:109750001123E3630124164D2C701DF048FB0023F8
:109760002B70144D40F25B7228685421C01A18BF48
:10977000012002F033FE104B28681A680F4B19685D
:10978000FFF7A0FE01F0BEF80D4B1868FFF788FE4A
:109790000C4B1868FFF784FE4FF08062034B5A6150
:1097A00003F580535C6138BD000002B8001002B8B8
:1097B000D54600204C30002050300020543000208E
:1097C0006C3000206030002001230D4A0D49C2F8A2
:1097D000803291660C4A53600C4A53600C4A5360C5
:1097E000A2F580425360A2F54042536002F5C032B8
:1097F000536002F580425360A2F500425360704707
:1098000000900050FF0B001600D000B8001000BA06
:10981000005001B838B50324FFF7D6FF114A124BA8
:10982000124D1A65FFF7BAFE114BC3F81041012320
:109830002B6500F06DFE4FF460736B614FF40073A5
:109840002B65FEF773FB0021FEF75AFB4022094B04
:109850001C64A3F580535C64074BC3F884215A60F1
:1098600038BD00BF0048F000000002B8001002B888
:10987000005001B800A0095000E100E008B5EDF784
:109880002BFC044B1B6FC3F300430133B0FBF3F01D
:1098900008BD00BF0080005070B5044698B1B1B15A
:1098A0003A4A52F8043B834213D10023384A116CE0
:1098B000C907FCD4374800EB830022F058FA364B36
:1098C000106001221A6470BD01330C2B02D1334D9C
:1098D0002CE0012352F8041BA142F5D1304A32F8A2
:1098E0001330E3E7C2F3016335F81300110C93B2B0
:1098F00011F0FE0F43EA0043606820D00434CAB27E
:10990000022A216808D9D4E90160033AC3E90016A4
:1099100098600C340C33F3E704D16268C3E9001299
:10992000083403E0012A01D1043419602268531C71
:10993000D8D10022164B1A6003F58053C1E7120FED
:10994000072AEDD8DFE802F00704090D1013181DEF
:10995000C04303F500531860E2E71A6842401A60FA
:10996000DEE703F58053F6E722F0D4F9D8E70122C9
:1099700003F580538240F2E7012203F50053824051
:10998000EDE71A6830EA0202FBD1C9E7183000207F
:1099900000C002B8404000B000D002B8F82B040864
:1099A000424300200122014B1A657047001002B8A3
:1099B0000122014B1A657047002002B84022014B7A
:1099C0001A657047002002B84022014B1A657047A3
:1099D000001002B80B4B1B68D3F8C83023B11A68CB
:1099E000022A01D9186A7047074B9A6E90B238B1B3
:1099F000064BC2F307421B68DB085343B3FBF0F08E
:109A0000704700BFD8300020004001B8043000206B
:109A1000064BDB68C3F30363984206D1044A936E96
:109A200023F0F00343EA011191667047000002B889
:109A3000003F00B0054B1B68D3F8C83013B11A685B
:109A40000A2A01D8FFF7C6BF186C7047D83000202B
:109A500008B50146FFF7BEFF0F4AD2F868311B0474
:109A60000E4B48BF40089B6C03F4C053B3F5805FB6
:109A70000ABF536EC1F30113C3F34163012B02D03C
:109A8000022B02D008BD4008FCE7C1F3C42101311C
:109A9000B0FBF1F0F6E700BF004001B8004000B8AD
:109AA0002DE9F3470F4622F02EF900258046DFF816
:109AB000B890DFF8B8A01CF0F4FF0DF107010646DE
:109AC0000DF10600FEF736F89DF806308BB9791CCB
:109AD0002CD022F018F9A0EB080530461CF0E5FF69
:109AE0009DF8063013B99DF8073053B3AF42E2D862
:109AF00027E0D9F80C3013F4603FE8D0D9F81830DB
:109B00001A04C3F389141ED4013701D022F0FBF8E4
:109B100030461CF0CAFF24B26FF4FF73A4F1C800F2
:109B20009842B8BF184602B0BDE8F08730461CF036
:109B3000BCFF9DF80630002BBDD19DF80730002BEF
:109B4000B9D10848EFE77B1C44EA0A0403D022F0AD
:109B5000DAF8A0EB080530461CF0A7FF14F5007FEB
:109B6000BED0D9E700FEFFFF00C000B800FCFFFF39
:109B700010F1800F04D04D28CEBF7F20323040B28C
:109B8000FF22044BC0B25A62A3F5805358620020F2
:109B9000704700BF00E000B80B4A10B5136F0B4CC4
:109BA000116F03F00703E35CC1F3CD0101FB033345
:109BB000126F0748C2F3454202FB0333006880017D
:109BC000B0FBF3F010BD00BF004001B8F02B04085B
:109BD00004300020044BD3F8B03010B1C3F303328B
:109BE000027003F00F007047000002B8064B01F04E
:109BF00080015B6C03F480030B4302BF4FF400123F
:109C0000024BDA64704700BF000002B8006001B880
:109C10000F4B1B788BB1012B11D10E4A012102F59C
:109C200080528B4291600FD80A4A0B49002B08BF23
:109C30000A4693689B07FCD47047074AEEE7002268
:109C40004FF480539A60FFDE00239B68FBE700BF60
:109C5000D6460020004003B8000003B838B50B4BCF
:109C60000B4C002818BF1C46A569E3691D4007D0AE
:109C7000084B1B682BB12846984704F50054A56192
:109C800038BD6B05F9D5FFF7C3FFF6E7004003B811
:109C9000000003B870300020124B197809BB124A3B
:109CA000D06C5860D2F888009860526FDA600F4A22
:109CB000D0681861D06B5861D2F808019861D2F869
:109CC0000C01D861106B1862506B5862926B9A62EB
:109CD00001221A70064B074AD3F8BC0E1060C3F875
:109CE000BC1E704778300020004001B8004000B82A
:109CF000003000B074300020164B1A784AB359680F
:109D0000154AD1649968C2F88810D96851671969F1
:109D1000A2F58032D1605969D1639969C2F80811FE
:109D2000D969C2F80C11196A1163596A5163996AA9
:109D30009163012102F5005291641021A2F5805235
:109D4000C2F8841000221A70044B1A68044BC3F83E
:109D5000BC2E704778300020004001B874300020DD
:109D6000003000B0194A38B5D36C03F4E071C02953
:109D700021D003F0C003802B23D1154B154A0125B8
:109D80005A67302203F580535A670522A3F59033B2
:109D9000DA6003F580539D641CF083FE04460E4B8D
:109DA00029461D610D4B00205B6898472046BDE8A1
:109DB00038401CF07ABE23F4E07343F08003D36490
:109DC000DBE70023C2F88830D7E700BF004001B8C6
:109DD000005001B80F00FFFF000002B8044D002042
:109DE000012838B501D0042831D11D4BD3F8082102
:109DF00022F48042C3F80821D3F80C2122F48042D7
:109E0000C3F80C210122DA6324221A634FF4807212
:109E10005A634FF49C729A63102203F50053C3F8FF
:109E20008420052201250E4BDA6003F580539D64E2
:109E30001CF037FE04460B4B29461D610A4B0020DF
:109E40005B6898472046BDE838401CF02EBE3F2294
:109E5000064B5A67064AA3F580535A67E1E700BFED
:109E6000004000B8000002B8044D0020006001B8B6
:109E70001200FFFF2DE9F04F0A460C4685B0002185
:109E8000814620F05EFF304B5D6915F0010504D07E
:109E90000024204605B0BDE8F08F02F0B3F800289A
:109EA000F6D04FF06051294E294B2A4AD3F84C8006
:109EB000D6F88C30D1644FF00061A2F58052D164A5
:109EC00024220421C6F88C20234A4FF4804B916051
:109ED0004FF480522F46DFF88CA0CAF868B0F262C7
:109EE000A74213D304211D4A9160A2F5F032C2F8B3
:109EF0008C304FF06052174BDA6408EA0203184ABC
:109F0000D3644FF48042174B9A66C2E7B26E510495
:109F1000FCD5B268D205F9D5CAF868B0D6F8902059
:109F20000135012D0392DBD9E21B042AA8BF0422CC
:109F300009EB070003A90193009220F0CBFE009AE1
:109F4000019B3A4497B2CBE7000002B8004000B84A
:109F5000004001B8006001B8001002B8002002B84B
:109F6000005001B8006000B84FF604014FF605023A
:109F7000044B01201B6C9BB28B4208BF1346024A64
:109F8000136670470080E00F00C001B82DE9F74F5D
:109F900081460F464FF0FF35FFF728FA0026019063
:109FA0008A462C463046DFF8D8B006F110031B0174
:109FB0005BF8033003F00308B8F1010F15D1304608
:109FC000FFF72CFA02460B4601985146FEF79EFF1A
:109FD000DBF8643006F10802D340DB0739D5002FE7
:109FE00040D000252C463E6040460136082EDCD18C
:109FF00060B3234A0027D2F808C0916B0CF44033B9
:10A000000131A4FB0141641941F10001B3F5003FA6
:10A0100030D1536B0CF4405C013347F10006BCF5C2
:10A02000805F22D1156B15F5807505FB06F647F1AB
:10A03000000203FB0266A5FB03323244594304FBD2
:10A040000212A3FB04341444C9E9003403B0BDE890
:10A05000F08FA84271EB0403C6D207B13E600546FB
:10A060000C46C1E73D463C46BEE7320242EA136277
:10A070001B02E3E7136B13F5807347F10002DDE782
:10A0800000C001B8034B1A6E596E03F500530A4025
:10A090001A66704700800A502DE9F34105460F46C5
:10A0A00068461146FFF772FF0646B0B1AFB1DDE971
:10A0B00000321B0A43EA0263A5FB0384094B120A20
:10A0C00005FB02441A6812B9FFF7D8FB02460023C9
:10A0D00040462146F9F732FE3860304602B0BDE80E
:10A0E000F08100BF04300020F8B50B46002213F8C1
:10A0F000044B944225D91D68854224D106245A79FF
:10A100001D79124B88181E6804FB0503104F33F8A5
:10A11000063C7B43B3420ED900238A5A7A439642C7
:10A1200002D804FB0300F8BD9D42FAD9013304FBB9
:10A1300003F2825AF2E740F243423D21002002F04E
:10A140004DF90020EFE708330132D2E7A8300020B4
:10A1500040420F002DE9F04F4FF0000EA2FB016BC3
:10A16000DFF8F4C2DFF8F48216EB0C0C1F466BF13B
:10A170000003E0457EEB030383B009D240F23D22A9
:10A180000E21704602F02AF9022003B0BDE8F08FDC
:10A19000D7F814A00C4615468146BAF1000F04D03A
:10A1A000DAF80030032B00F29A809E4B9E4A9B6B9C
:10A1B000D2F8FCA0C3F314089C4B1B6F5A074EBF88
:10A1C0004FF440039B0503F0E07348EA0308984B03
:10A1D000D3F8EC305B0048BF48F0807848EA456827
:10A1E000ECF7AAFF012D0246CED10028CCD0914B2E
:10A1F000984200F0858003F5122303F5F863984236
:10A2000000F090808C4B984200F0EB80002501908C
:10A210002B4600204FF00071F9F790FD2B46019A74
:10A22000013006FB03F300FB0B33A6FB0060034485
:10A23000C8F31300A0FB0221203300FB05119B098A
:10A240003B607E4BD20C1C6042EA41317C4B18F4DF
:10A25000801F08BF494219607A4B0C441C60BAF158
:10A26000000F5BD000237B60BB60DAF81C5018F055
:10A27000807F18BF6408002D46D099F81220093A53
:10A28000012A41D9694ED6F83C21D0027FD4DAF8B0
:10A290000000002C00F0A980B4FA84F1072900F333
:10A2A000A480C1F1080325FA03F304FA01F1013394
:10A2B000B1FBF3F14B004FEA442C0133E40D01E014
:10A2C00002330131A5FB0362B44574EB0202F7D2FD
:10A2D000C1F30E031B0343F00063BB6016E0042BC5
:10A2E000DAF828807FF47CAF18F0807F14BF4FF439
:10A2F000400308F0E07328F0E07848EA03086FE7CD
:10A30000002351481D468CE7DAF800000023062898
:10A31000FB603B6102D9DAF830303BB9002003B072
:10A32000BDE8F08F002349481D467AE7ECF704FFAB
:10A33000DAF83010FFF7D8FE044610B18378002B0E
:10A3400056D1ECF7BDFEDAF83010FFF7CDFE04462B
:10A350000028E3D08378002BE0D0407940F26F52A0
:10A36000003818BF01203D2102F038F820794FF461
:10A37000AE6200384FF03D0118BF012002F02EF808
:10A38000237962791B0243EA02133B61C6E781EA43
:10A39000E172A2EBE1722E49C8F3815811F808C0AE
:10A3A00019464FEA8C6C6008CCFB02012246F9F793
:10A3B000C5FC0346DAF800000E280ED9194A916B45
:10A3C000B26CD6F83C61D20607D501F4801106F4D0
:10A3D0000016314308BFC3F58013C3F313037B603A
:10A3E00057E700231B481D461BE72B4621025FE76A
:10A3F000407940F25452003818BF01203D2101F04D
:10A40000EDFF207940F25552003818BF01203D2160
:10A4100001F0E4FF237962791B0243EA0213FB6037
:10A420008FE700BF008001B8004F00B0004001B8C6
:10A43000000002B800F04902005A6202B030002069
:10A44000AC300020A83000200A3BB2DF313641DCBE
:10A45000002C0408D694BFD6006CCA88807C814A40
:10A4600010B5044686B059B9214B4168D3F8FC3089
:10A47000827A2048059300686B46FFF76BFE6946B9
:10A480001D4B0A685A631A4BD3F8FC3033B34B6840
:10A4900043B11A4B1A4AC3F83C214A68A3F58053CA
:10A4A000C3F83C218B6843B1144B164AC3F81C21F6
:10A4B0008A68A3F58053C3F81C21134AC868D2F8F0
:10A4C000983123F4EE630343C2F89831D2F8903107
:10A4D000096923F4EE630B43C2F89031002022890E
:10A4E0000A4B9A6203F5A033186406B010BD00BF92
:10A4F000004F00B0D8300020008001B8006001B8E3
:10A50000FFFF0F0000F0FF0F000002B8004000B88E
:10A51000074BD3F88022D20707D55B6E002B4FF490
:10A520008043B4BF034A044A13650020704700BF4C
:10A5300000800050002002B8001002B8064B1A6CD0
:10A540009207FCD4022240EA01205860034B1A64AF
:10A550000122034B1A70704700C002B800D002B845
:10A56000D74600202DE9F041184F0546FB68C3F39C
:10A570000363022B19D121F0C6FB0646DFF8588091
:10A58000BC6A14F4802413D1284621F010FB28B1B2
:10A590000F4B93F8D8200AB183F8D94000220D4B15
:10A5A00083F884208022094B1A610020BDE8F081E5
:10A5B00021F0A9FB801B40454FF07E024FF0470180
:10A5C0008CBF0020012001F009FFD9E7000002B88C
:10A5D000003E00B0003F00B03F420F0040B10368B2
:10A5E000012B05D90069034B002808BF18467047A6
:10A5F00000487047082C040810B590B10468012C7D
:10A600000FD902696AB11168094B102C19605168A1
:10A610005960916888BFD268996094BFD960DA6048
:10A6200010BD10220021024820F08BFBF8E700BF8C
:10A63000B83000201E4B2DE9F0410D4616461C682F
:10A6400088B34FF47A7343438A68A3F6AC539B1ADA
:10A650004A689B1A174A92F86820D20701D5A3F6D8
:10A66000B833154AD8171168144FA1FB033201FB08
:10A67000002213F1807342F100025B0E43EAC21321
:10A68000803B33620E4BD3F8C43073623B686BB1CE
:10A69000204621F08CFA48B1324629463B68E06FEB
:10A6A000BDE8F04118474AF6C873DAE7BDE8F08123
:10A6B000D8300020003E00B0C8300020B430002068
:10A6C000003F00B0084BC1171A68A2FB000302FB51
:10A6D000013310F1807043F10003400E40EAC310D3
:10A6E000803820EAE0707047C83000200722194BFC
:10A6F00070B51A64184B194A1D68194BEC08E0052F
:10A70000C0184FEA153141F100010023F9F716FB9B
:10A71000144B154E18601548FFF7D4FF4042C6F899
:10A72000DC0049F65800FFF7CDFFC6F8A800104836
:10A73000FEF796FE024660B1E301500818184FEA92
:10A7400015714FF0000341F10001F9F7F7FAC6F86F
:10A75000B40070BD000002B80430002065CD1D00BB
:10A76000B2E60E00C8300020003F00B070110100BA
:10A7700040420F0098B14FF47A735843094BA0F64A
:10A78000B830DB681844084B93F86830DB075ABFD1
:10A79000A0F59C500838A0F6AC50FFF793BF47F2E5
:10A7A0003050FAE7B8300020003E00B010B5044643
:10A7B00098B10B4BD3F8FC00FFF71EFF4FF47A73F0
:10A7C00003FB04F0074BA0F6AC50DA689B6810441A
:10A7D000C01ABDE81040FFF775BF4AF6C870F8E729
:10A7E000004F00B0B8300020F8B5044608461546C2
:10A7F0001E46FFF701FF9CB106F0020716F00406A3
:10A800000FD16FB14FF47A7063685843002B4BD16E
:10A81000FFF758FF28636069FFF7ACFFE8623EBBB3
:10A82000F8BD2069002839D04FF47A735843254B7E
:10A83000A0F6AC509B68C01AFFF744FFA862A08B3B
:10A8400078B34FF47A7358431E4BA0F6AC509B6814
:10A85000C01AFFF737FFE8612A461A49E068FFF798
:10A86000E9FE0021A069FFF7A1FF6863002FC9D1AD
:10A87000A06800BB47F23050FFF724FF68614FF437
:10A880007A70236858432BB10E4B1B6803F51C5399
:10A8900010331844FFF716FFA861C1E74AF6C870E5
:10A8A000CAE74AF6C870D4E7064B1B6803F51C5389
:10A8B00010331844ACE74FF47A735843A0F5FA50BC
:10A8C000DAE700BFB830002010B508461C4621F07A
:10A8D0003DFA094B0246D3F8FC00FFF77FFE4368C0
:10A8E000A018002B054AA8BF4FF4FA721A44044B73
:10A8F00092FBF3F2104410BD004F00B00CFEFFFFBE
:10A9000018FCFFFF70B588B06D46194C0FCC0FC511
:10A9100094E80F0085E80F004FF48072002115487D
:10A9200020F00FFAB0220021134820F00AFA20226A
:10A930000021124820F005FA21F09CFA104B1B78F8
:10A940003BB16D460A4E0FCD0FC695E80F0084E867
:10A950000F000C4A0C4B1068516803C390681860D4
:10A960000A4BD3F878210A4B5A6608B070BD00BF75
:10A97000E03F00B0503E00B0503F00B0E04F00B0AC
:10A98000C7460020182C0408AC3E00B0000002B8F6
:10A99000003F00B00A4B197801F0FF0229B10021F5
:10A9A000197008499202C1F80821597801F0FF0294
:10A9B00029B1002159709302024AC2F80C31704744
:10A9C000D8460020005000B8064BD3F8EC0E064BDA
:10A9D0009B6C1A0103D4054B9B6E1B0401D500F53B
:10A9E00080707047003000B0000002B8004000B82E
:10A9F00008B51CF056F80E4B1A78A2B90D4A126829
:10AA000012F4843F0FD10C4A102111651B7863B9F1
:10AA1000084B1B68DB0508D4074B20221A65BDE8EC
:10AA200008401CF042B8054AEEE7044BF5E700BFCA
:10AA3000DC46002088140020002002B8001002B874
:10AA400010B51CF02EF80E2104460320FEF7E0FF9F
:10AA500040F20122034B2046BDE81040DA621CF0B0
:10AA600024B800BF004000B8054B00201B681B7CC9
:10AA7000DB0902BF0322034BC3F85022FBF7F4BDEE
:10AA8000D8300020006001B80022044B1A70044B3B
:10AA9000197811B11A70FFF7ABBF7047DB46002081
:10AAA000DC46002008B51BF0FCFF4FF08042264B2F
:10AAB000C3F88020BFF34F8FBFF36F8F4FF000427A
:10AAC000C3F88020BFF34F8FBFF36F8F0122C3F80D
:10AAD0008420BFF34F8FBFF36F8F0222C3F884200F
:10AAE000BFF34F8FBFF36F8F0422C3F88420BFF3EF
:10AAF0004F8FBFF36F8F4FF00052C3F88020BFF32A
:10AB00004F8FBFF36F8F0822C3F88420BFF34F8F9E
:10AB1000BFF36F8F1022C3F88420BFF34F8FBFF3B2
:10AB20006F8F2022C3F88420BFF34F8FBFF36F8F46
:10AB30008022C3F88420BFF34F8FBFF36F8FBDE82F
:10AB400008401BF0B2BF00BF00E100E008B51BF0F9
:10AB5000A8FF4FF080420C4B1A604FF000421A6081
:10AB600002225A6004225A604FF000521A600822F2
:10AB70005A6010225A6020225A6080225A60BDE832
:10AB800008401BF092BF00BF00E100E0012370B558
:10AB9000074C2370074B1E68074B3240D3E9005324
:10ABA00019402840FBF7A2FB0023237070BD00BFB3
:10ABB000DA460020D0300020881400202DE9F0472C
:10ABC000DDF820A003EA0108099B06460D4602EACB
:10ABD000000703EA0A09BAF1000F40F05981031F88
:10ABE0000B4300F01981052871F1000380F0EF801C
:10ABF00050EA010300F06F81431E0B4300F02F81E8
:10AC0000FFF750FFB54AD2E9004323EA050324EADF
:10AC100006043C4343EA0807B14BC2E900471E68FB
:10AC200026EA0A0646EA09061E60FFF7E1FE14F06E
:10AC30002A4F14BF48F202034FF40043A94AB00759
:10AC4000D26EA94848BF43F4005383EA020122EAC6
:10AC50000302C266A54A0B408166D366C4F38042F4
:10AC60001203210348BF42F48072E30648BF42F456
:10AC700000529F4BA50648BF42F40072600648BFD1
:10AC800042F480622106D96848BF42F4006282EA39
:10AC9000010323F08053974819401A40C160836034
:10ACA000954BDA60BA0507F4007300F11081934AFE
:10ACB0001D46D2F8A41002F50052C2F8A410C2F842
:10ACC000A0104FF05022C2F8A4308D4ADFF86C82F9
:10ACD00082F88830E30448BF45F48035A00348BFBC
:10ACE00045F48015A10748BF45F4001514F4001F72
:10ACF00006D0D8F8000021F013FA08B945F4002571
:10AD0000E20248BF45F40035FB067E4B48BF45F4E0
:10AD100080051A6A7C4985EA020323F001031A4080
:10AD20000A621D40CB61794B16F0010F1D62784B12
:10AD3000784A18BF1A46784B7D071B6F48BF42F010
:10AD40000062764882EA030123EA02030367744B38
:10AD50000A4041661A67734A04F00103D16CA0F5FA
:10AD6000803081EA030221EA0301C16482641A404F
:10AD70006D4B2002DA64D8F8002048BF6B4B92F884
:10AD8000292158BF6A4B610748BF43F4806322B151
:10AD900014F4C06F18BF43F4807332074FF03A4287
:10ADA000BDE8F047D2F8181148BF43F0004383EAEA
:10ADB000010222F4A0225F481140C0F8181113408C
:10ADC000C0F814215C4AC2F81831FFF7BFBEA0F5E5
:10ADD00080630B4306D020F48063A3F500730B431C
:10ADE0007FF40EAF1BF05DFE3C49D1E9003223EA4F
:10ADF000060322EA050242EA08023B43C1E90032A7
:10AE00004E4A126892F829114A4A09B313F4C06FE6
:10AE10001ED04FF4807311E01BF043FE2F4AD2E99D
:10AE2000003123F004033B4341EA080157EA0807D5
:10AE3000C2E900314FF480633E4A0BD0C2F81431AE
:10AE4000A2F58052C2F81831BDE8F0471BF02DBEC4
:10AE50004FF48073C2F81831C2F81431F4E71BF0D4
:10AE600020FE1E4AD2E9003123F001033B4341EAB0
:10AE70000801C2E900310123314A57EA08071BBF24
:10AE80009364A2F58052D364D36408BF9364DBE774
:10AE900050EA01037FF4B4AEBAF1010F7FF4B0AE13
:10AEA0001BF0FFFD0E4A136823F0010343EA090378
:10AEB00013604FF48063194AB9F1000F04D0536650
:10AEC000A2F580521367BFE713675366BCE70123FF
:10AED0004FF48025F9E6BDE8F08700BF8814002014
:10AEE000D0300020004000B8006000B8005000B82A
:10AEF000004001B8006001B8005001B800400050A7
:10AF0000003F00B0000002B8002002B8001002B8F4
:10AF1000041C00030418000300C001B800E001B8DD
:10AF200000D001B800C000B800D000B80D0A0A096E
:10AF3000090A0A09002000BA001000BAD83000201F
:10AF400000E000B8024B5868C0F3C000704700BF73
:10AF500088140020024B186800F00100704700BF01
:10AF600088140020024B5868C0F3C030704700BFFF
:10AF70008814002010B50446FEF74CFCFFF792FD44
:10AF800004F18000FDF768F9FEF7CCFBFDF72AFF1E
:10AF9000FDF79CFFFFF7AAFB13490723134AD1F8DB
:10AFA000FC1004F1D800FFF71FFC4FF08071002067
:10AFB000FEF7C6F84FF000720D4B4FF40011012060
:10AFC000C3F80021FEF7BCF8FEF7CEFF20B940F22F
:10AFD0002132142101F002FA20F04AFFBDE81040AE
:10AFE0000120FDF7F7BD00BF004F00B0A43F00B047
:10AFF00000D001B88022074B5A64082203F5805321
:10B000005A64054AD2F8BC3E23F02003C2F8BC3E85
:10B01000704700BF001002B8003000B010B51BF040
:10B0200040FD01210446FFF7E5FF054B00201961B3
:10B03000044B5B6898472046BDE810401BF035BDC7
:10B04000000002B8044D0020F8B5194C05462078E0
:10B0500040F25E42B0FA80F03E21400901F0BEF9B4
:10B0600055B9607840F25E42BDE8F840B0FA80F031
:10B070003E21400901F0B2B94FF440660D4F0E4D2C
:10B08000D7F8083140F25E42C3F381232370C5F83C
:10B09000086160783E21B0FA80F0400901F09EF925
:10B0A000D7F80C31C3F381236370C5F80C61F8BD88
:10B0B000D8460020004000B8006000B8F8B5084C41
:10B0C000084D636C0423084F6B64636C5B0300D40E
:10B0D000F8BD042602207E6420F01CFE6E64F4E7B6
:10B0E000000002B8001002B8002002B8A82238B54B
:10B0F0001A4B5D6C03F500535A6410229A60A3F555
:10B10000804302F100521A675A66FFF743FC144B62
:10B110001B7813B90320FDF70BFF0024114B9C672C
:10B12000FFF7CCFF104A114BD2F8EC1E0B40C2F8CF
:10B13000EC3E04220E4B5A640E4BAA06C3F8C440E0
:10B1400008D503F580739B6FB3F5817F22BF802202
:10B15000024B1A61BDE83840FCF724BA000002B87F
:10B16000DF46002000C001B8003000B0DF0000FF63
:10B17000002002B8003E00B010B551B920B3154B05
:10B18000DB681B0E13F00E0F1ED1134B1B6CD9077F
:10B190001AD4FFF755FC0F4C0020FEF71BFD0328C7
:10B1A00001D0092805D1A36ADA07F5D4A36CDB0323
:10B1B000F2D4FFF783FF0122084B5A6102229A6200
:10B1C000042203F580535A644FF4C062044B9A651D
:10B1D00010BD00BF000002B800C002B8001002B8E5
:10B1E000006001B808B503210920FEF711FC2022F8
:10B1F000014B1A6108BD00BF000002B80D4A10B52E
:10B20000D2F8A030D2F8A4100B40B3F1804F0CD389
:10B210004FF040400849094CC1F8A400D467C1F878
:10B22000A0004FF48021064AD161034AC2F8A03041
:10B2300010BD00BF00400050006000500000FF0142
:10B24000001002B838B505461BF02BFC0446FCF78D
:10B25000BDFF35B1FFF718FC2046BDE838401BF0B4
:10B2600024BC084B1B78002BF6D0074B1D78002D13
:10B27000F2D1FFF709FC2A464FF480400021FFF786
:10B2800085FCE9E7DB460020DA4600202DE9F84F8F
:10B29000594B06460D4614465B6C002A40F0A980C7
:10B2A00013F0A00F14BF4FF001094FF00009FCF795
:10B2B00079F9A0234FF0000ADFF858810320C8F87D
:10B2C0004430FDF735FE0420FDF732FE4B4FFFF70B
:10B2D000DBFB4B4B4FF0040B7B67C7F878A0FFF705
:10B2E000EDFE484B4FF48071D3F8BC2E42F02002A3
:10B2F000C3F8BC2EFF22C8F808203F4A1161D3F8DA
:10B30000EC2E41491140C3F8EC1EC8F844B0C3F814
:10B31000C4AE7B6913F0060F04D0FDF7E3FF584677
:10B32000FDF706FEB9F1000F08D04FF40062374B6D
:10B330005A644FF40042A3F5E0339A6666B1344B89
:10B34000DB6C180701D4FFF77BFBFFF74BFF0420F2
:10B35000FDF7EEFDFFF71EFB274B5A69D10746D5D7
:10B36000DA6812F0706FFBD12A4B2B4A5A642B4AD1
:10B37000936E23F0F003936615B12046FFF762FF4A
:10B38000274BD3F84C315A1C01D05B0002D5012267
:10B39000204B5A615CB31E4BDA6E03F500539A667C
:10B3A00003F5D0331B6A1B4A23F00103D3611D4B05
:10B3B000D96803F50053996003F50053D3F884105E
:10B3C00003F5005399674FF03A43D3F8181103F58A
:10B3D0000053C3F81411144BD96C03F5005399644E
:10B3E000124903F5803359664FF608435364BDE8AC
:10B3F000F88F4FF000095AE7000002B800C001B80A
:10B4000000000101003000B0DF0000FF001002B8B2
:10B41000004000B8002002B810003000003F00B02B
:10B420000080E00F004001B800C000B85000002FBD
:10B430009E4B2DE9F04F9A6EDB6E85B002EA030851
:10B440009B4BC3F868804FF03A43D3F81461D3F8AC
:10B4500018311E40974BC3F81461974B9A68DB680C
:10B4600002EA030A954BC3F808A003F52043DA6902
:10B470001B6A02EA0309924B09F47702DA61914BE5
:10B48000D3F80422110706D4D3F804311A07C3F302
:10B49000C00740F1E9801BF004FB8B4B5A695F6EDB
:10B4A0001B6F12F0060F07EA0307884A27F00073A4
:10B4B00023F4006314BF4FF0010B4FF0000B5366F1
:10B4C0007B0706D5824A92F865300133DBB282F8F9
:10B4D00065301BF0EAFAB8F1000F00F0E38018F4D1
:10B4E00000442BD01BF0DDFA0146FFF76DFA04464D
:10B4F000784D2B6818681A689042FCD01868904202
:10B50000FCD0FFF761FAA04240F0B08008461BF083
:10B51000CCFA714B1C60714B5D6C15F4E05240F03D
:10B52000A78024F07F4424F0DF040CB9FFF7DEFD90
:10B530006B4B01201B6898474FF0807418F0020F86
:10B540004FF0000514D0654B5D495B6C03F460421D
:10B550004A64002A00F0A0801D0400F1A08013F4CA
:10B56000005F0CBF4FF000534FF0006300251C43F9
:10B57000C8F340384FEA48085A4B3340002B4BD0B1
:10B5800016F4206F0AD040F6DF020621002000F0FA
:10B5900025FF0020FFF756FE26F48026F00506D58D
:10B5A000FF22474B44F4C0649A60FFF749FA16F053
:10B5B000090F0BD040F6F4020821002000F00EFF26
:10B5C000FFF710FE4FF03A4301225A6316F0106F56
:10B5D0000CD040F6FD020921002000F0FFFEFFF72D
:10B5E00001FE002211461046FCF7C4FD16F4202F80
:10B5F0000AD040F605120721002000F0EFFE0020DF
:10B60000FFF720FE26F48026F10301D5FCF722FF88
:10B61000002EB8BF48F0080872070ED54FF03A4325
:10B620001B6B13F4005F4FF4005317BF214A2E4ADF
:10B63000136344F4000408BF1363730548BF44F068
:10B64000040416F48023019300F0B480FCF7BEFEDE
:10B65000013806284AD8DFE810F038013B013801EC
:10B660003E01410144014401BB4634E7044640E742
:10B670000192FFF73BFD124B019A5A6415F4805377
:10B6800007D115F4806F0CBF4FF080544FF08064E9
:10B6900054E74FF0804451E74FF0007366E74FF0F6
:10B6A000004363E74446454666E700BF004000B8F4
:10B6B000006000B8002000BA004001B8006001B886
:10B6C000002002B800E100E000C001B800E001B8CD
:10B6D000003E00B0184D0020CC300020000002B821
:10B6E0001C4D0020090B0B89001000BA40F63612E1
:10B6F0000321002000F072FE4FF03A420121D2F8FF
:10B700008C30D2F8AC0003F00703063301FA03F3E0
:10B71000C0F30C001B1A9BB2072B12D97D4B5B6C3C
:10B7200058020ED47C48D36CD26E406D58B103F0F1
:10B73000070306339940C2F30C03C91A89B20729DB
:10B7400001D844F40074754B1B78002B32D04FF0B5
:10B750003A43D3F8143113F4A02F2BD1704B714A14
:10B760001B7893B9FB0410D4137873B1E3086E49C6
:10B7700043EA457383F00103D1F8EC1E03F00103A3
:10B780005B0021FA03F3980714D10420FDF7D0FBE6
:10B79000664B67495967FFF777F9624A13782BB907
:10B7A000644B654A1B682340134201D144F4804432
:10B7B00027F48057BAF1000F27D01AF4805F18BF22
:10B7C00044F480241AF4807F18BF44F400241AF44F
:10B7D000005F18BF44F010041AF4007F18BF44F053
:10B7E00020041AF4806F18BF44F040041AF4006F6C
:10B7F00018BF44F080041AF0805F06D04F4B002140
:10B80000186845F48055FCF703F9B9F1000F3ED0F4
:10B8100019F4802F18BF45F4007519F4803F05D046
:10B82000474B03201B6844F48054984719F4801F49
:10B8300018BF44F4003419F4001F18BF44F0020488
:10B8400019F4003F18BF44F4801419F4800F18BF96
:10B8500045F0100519F4002F19D0334BD3F8BC3E36
:10B8600013F0C00F13D02B4AD368C3F30363032B29
:10B8700001D0072B05D1936CD90602D4D36C1A07DB
:10B8800036D54FF400222F4B29F40029DA61002F1E
:10B8900000F018813B0540F18F802B49DFF88CA028
:10B8A000CB782A4A002B57D04FF40060013BDBB223
:10B8B0005066CB7033B9264B1B78E3B140F601429A
:10B8C000244B5A670023002274E044F4803413E7C9
:10B8D00044F4006410E744F480640DE744F4807499
:10B8E0000AE7174B02201B6844F00804984703E757
:10B8F00044F40014CBE7DAF8783013F4A05F15BFF6
:10B900004FF4807340F60143CAF85830CAF87830D3
:10B91000D8E700BF000002B8004000B8DC460020B5
:10B92000DB460020DD460020003000B000C001B83A
:10B930000000010188140020088D0100D83000208B
:10B940001C4D0020002002B8CC46002000E001B8C9
:10B95000DF46002000D001B80320FDF7E9FADAF84D
:10B960001430AA4813F0060F04BF41F61F73A84A0B
:10B97000A84908BF53674FF40062A54B5A66DAF82E
:10B98000143013F0060308BFCAF87830B0F86230FC
:10B9900013F400625CD023F40063A0F862300B78EB
:10B9A00003F0FF0A002B57D1FDF79CFCFFF79EFB2D
:10B9B000534620221C431543B80009D52E20FDF71D
:10B9C00005FA4FF00052924B45F008051A675A6687
:10B9D000F90606D52B20FDF7F9F910228C4B1A67D2
:10B9E0005A6617F0306F05D1FA045FD5BBF1000F2E
:10B9F00000F0B3803B0111D52920FDF7E7F9FFF7EF
:10BA0000A1FA48B1844B8549814A53660B6701F519
:10BA10004051C968480422D445F0040517F0007B62
:10BA200028D00420FDF784FA2720FDF7CFF9FFF78F
:10BA30005DFB4FF00072764B5A66794BD3F8EC2ED3
:10BA4000520674D40222774B9A6045F0020528E032
:10BA50000B784FF40053ADE74FF4004333E713671F
:10BA600020205366FDF7B2F92D2045F00C05FDF7B7
:10BA7000ADF9D3E717F0807FDFF8ACA142D0042006
:10BA8000FDF756FA2820FDF7A1F9DAF87830002BF7
:10BA900035D1FFF72BFB5E4B5F4A45F001051A6776
:10BAA0005A66FEF7E1FF00225F4B9A657B0509D5D8
:10BAB0005E4A9378002B00F0A380013B9370002333
:10BAC00048EA0308424620462946FFF75FF8019BF3
:10BAD0000BB1FCF7B1FC4FF00042554B06F00436B9
:10BAE000C3F81461534B19F4002FC3F880211EBF13
:10BAF0004FF400224B4BDA6105B0BDE8F08FCAF875
:10BB000078B0C8E7F904CED50420FDF711FA4A4B06
:10BB1000CAF87430FDF7E6FBDAF8643013F0407FC2
:10BB2000C1D12A20FDF752F9FFF7E0FA85E7D3F8F3
:10BB3000BC3E9B0689D40222404B9A60404B1B6856
:10BB40005B7CD80781D5314B93F8D830002B3FF47C
:10BB50007CAF80223B4B1A6177E7344A13794BB1B3
:10BB6000013BDBB2137113B92C4B374A5A670023E0
:10BB70001C439BE70420FDF7DBF90320FDF7D8F910
:10BB8000294B2D4A5A671AF08CFF82460DF10F009F
:10BB9000FEF720F82D4B83461B780BB1FEF750FFC4
:10BBA000BBF1030F0ED1DFF89CB00020FEF712F8B6
:10BBB000032807D1DBF82830D907F6D4DBF8483062
:10BBC000DA03F2D49DF80F30032B06D10122204B6B
:10BBD00050461A701AF069FFC9E74FF03A43D3F89C
:10BBE000143113F4A02FF1D1FEF74EFF50461AF096
:10BBF0005CFF184B03201B6898474FF48043B7E75E
:10BC00000220FDF795F901235AE700BF003E00B07E
:10BC100000E001B8DF4600201000002000D001B88D
:10BC2000003000B0002002B800C001B8CC460020AF
:10BC3000002000BA00E100E000000101001002B89D
:10BC4000D8300020000002B80000010DDE460020C0
:10BC5000DB4600201C4D00200122024B1A62DA61F3
:10BC6000704700BF002002B8084A08B5D369116ABE
:10BC70000B40074923F47F00DB07C86104D5D06877
:10BC8000C0F30360FFF7E8FF08BD00BF000002B883
:10BC9000002002B80C4A08B5936CD26C13400B4AD2
:10BCA0009364DB070FD50A4B4FF4386218781221E2
:10BCB00000F0010000F092FBBDE8084000220120E6
:10BCC0000021FEF763BF08BD00C000B800E000B867
:10BCD00088140020164B10B51C6C5A6C1440154A81
:10BCE00024F002011164E20705D540F6DF3200209E
:10BCF000196800F073FBA30718D502220D4B1A64D4
:10BD00000D4AA3F5005314685B687CB1DBB2042BC9
:10BD100007D100220121094B18682346BDE81040D5
:10BD20001847052B02D100221146F4E710BD00BFD1
:10BD30000080095000A00950D42F0020D8300020E6
:10BD400038B50B4C0B4DD4F88430DB0706D4A36F09
:10BD5000D4F884201340084A936738BDD5F80431DD
:10BD60005A06F0D5FFF7B6FF4023C5F88431EAE75D
:10BD7000008001B800E100E000A001B870B51446F1
:10BD80000D461AF08EFE064BD3F8BC6E74402C4064
:10BD90007440C3F8BC4E1AF088FE06EA050070BD78
:10BDA000003000B0034BD3F8BC3E99430CBF0120D8
:10BDB00000207047003000B02DE9F04117460A43DB
:10BDC000012A1D469DF818409DF81C60DDF8208072
:10BDD00029D8B44227D2082E25D8032B23D8B8F16E
:10BDE000000F20D00A460021FBF730FBFF21EB00BB
:10BDF0009940C943DFF834C008F1FF38FF00E2B2D0
:10BE0000964202D80020BDE8F0813D190CEB850573
:10BE1000D5F8F42018F8010F0A4098401043C5F8EF
:10BE2000F4000134EBE70120EDE700BF003E00B075
:10BE3000174BD3F8BC2E12F0010312D0154B93F818
:10BE40004830154A43F08073C2F8D0304FF4801365
:10BE500002F50052C2F8B430A2F58052C2F8B830F0
:10BE600070471106EDD40D4B93F8471121B1D2065E
:10BE700002D593F84431E4E74FF480120020084BD8
:10BE80000549C3F8B820C1F8D000C3F8B420704702
:10BE9000003000B0003F00B0004000B8003E00B0ED
:10BEA000006000B8034B1868034B002808BF184611
:10BEB000704700BFD430002008690408F8B50D466B
:10BEC00010B900242046F8BD0E4F3E68002EF8D170
:10BED00000F03AF804460028F3D0386000F080F80B
:10BEE000204620F040F838B130463E6000F078F847
:10BEF000204620F033F8E4E7002DE3D02046A847A1
:10BF0000E0E700BFD8300020024B1868003818BFA7
:10BF100001207047D8300020002108B5024B0846A8
:10BF20005B689847002008BD044D0020431E033382
:10BF300006D8044B984228BF1846642838BF6420AE
:10BF4000704700BF40420F00F8B505461AF0A9FD42
:10BF500007460F4B1E6826B938461AF0A6FD344630
:10BF600011E0B4688CB194F810C01CF0010F0CD132
:10BF70004CF0010C95E80F0084F810C084E80F0025
:10BF800038461AF092FD2046F8BD3668E3E700BF58
:10BF9000404D002038B505460C4641B10B6833B121
:10BFA0001B68013303D0CB680BB18B684BB91FF012
:10BFB00098FEBDE838404FF486724121002000F021
:10BFC0000DBA0846FCF712FB0023044A85F81C3121
:10BFD000C5E93043C2E9003338BD00BF90140020EA
:10BFE00010B5044618B9054B054A136010BDFAF7A1
:10BFF00055FAD4F8CC30002BF6D1F4E745BF03084E
:10C000003C4D0020014B1868704700BF9014002081
:10C0100008B502460868FFF789FF08604868FFF71F
:10C0200085FF48608868FFF781FF8860C868FFF770
:10C030007DFF0B69C860581C03D00B48834228BFA2
:10C0400003460B614B69581C03D00748834228BF45
:10C05000034688694B61FFF769FFBDE808408861C6
:10C060001046FBF719BA00BF40420F002DE9F84F08
:10C07000D0F8C43006460F4613B1838B8B4244D0B0
:10C08000D6F8C0B0BBF1000F42D0DBF80830002B6F
:10C090003ED0DBF80C1000293AD0D6F8D4A0BAF183
:10C0A000000F38D04FF000094D46C84601E0DBF8DC
:10C0B000083005EBC50203EB8204E3890135BB427E
:10C0C00014D8238ABB4211D3B4F91220B6F9283010
:10C0D000934250DD304696F81011EDF7CBF8F37D22
:10C0E00081468342A04606D9DBF80C108D42DED390
:10C0F000B8F1000F39D00023424630461946D047E8
:10C10000B783C6F8C48086F819910020BDE8F88F7F
:10C110000320BDE8F88FD14647F6FF7554465246D6
:10C1200004EBC40803EB8808B8F80E30BB4216D8FD
:10C13000B8F81030BB4212D3B8F91220AA4202D18B
:10C140004FF0FF09DCE7304696F81011EDF792F852
:10C15000F37D81468342D3D94246DBF80C1001348B
:10C16000A14204D9DBF80830DAE70120CEE7002A43
:10C17000FBD09046C4E7A046BDE700BF2DE9F047DD
:10C1800082B004460F461646FBF7D6FB002856D170
:10C19000474D2B68D4F8C0A0D4F8C4800BB15345E8
:10C1A00067D04FF00009AF60FBF76AFC0128074633
:10C1B00056D120461FF0FBFC002844D12B68DAF84A
:10C1C0000010D8F8002013B1186888425CD02046CF
:10C1D0001FF0A6FCC5E900A8D4F8D4508DF807607C
:10C1E000002D58D00022204611460DF10703A84724
:10C1F0002046FAF787FD0546B9F1000F0CD05EB96D
:10C20000012F05D025B12B4B002103205B689847F7
:10C21000284602B0BDE8F087B5FA85F040F2DB327F
:10C220003321400900F0DAF831462046FAF7B4FF2E
:10C23000214B0546414620461B689847E0E700230E
:10C240001B4D6B60A5E7637CDA07B7D5A36B5B0575
:10C25000B4D51A4B0122002120461B689847ADE750
:10C2600000210120FAF758F9FBF70AFC0128FBD15D
:10C270009FE76B68002B94D0434592D1AB689F42F7
:10C2800014D04FF001098EE7696811B10968914235
:10C29000A0D059689BE7E17D94F819313246994264
:10C2A00028BF19462046FAF7B3FCA1E70025AFE7FF
:10C2B00090140020044D00203C4D0020D42F00207D
:10C2C000F8B50D4607461AF0ECFB294606463846F7
:10C2D000FFF7CCFE0446F0B138461FF068FC30B1E1
:10C2E0007B7C13F0010307D1104A82F8D830304626
:10C2F0001AF0DBFB2046F8BDBA6B12F4806213D053
:10C30000B7F80A21AA42EFD0B7F80C315B1BB3FA99
:10C3100083F35B09E8E7FBF7F5FA2246294638463E
:10C32000FFF72CFF0446D7E71346DDE7003E00B0D9
:10C33000F8B51B4B05461B680E4603B198473146BE
:10C340002846FFF727FED5F8C0305BB15B694BB1DB
:10C35000144A4221106840F25312C31A58425841FD
:10C3600000F03CF800224FF6FF734FF0240CF76802
:10C37000D0B2874208D81C4621462846FFF7A0FFC6
:10C380001FF0B7FC2046F8BDB1680CFB0011CC894A
:10C390009C4202D2002CEFD023460132E8E700BFD6
:10C3A000D02F0020043000204FF4007307B50A4955
:10C3B0000DF10602ADF806301FF088FEBDF806301C
:10C3C000B3F5007F05D1022808BF002003B05DF857
:10C3D00004FB0120FAE700BFDC30002008B550B9AB
:10C3E0000548064B01601A60054B1A68054B1A6038
:10C3F000186805F019F808BD444D0020E03200200F
:10C40000D8300020DC32002070B506460D461446B8
:10C41000EEF728FD0022044B1E80044B1D60044BE8
:10C420001C60044B1A6070BD5C430020EC3200209D
:10C43000E8320020E4320020054B10B51968054CA5
:10C44000054B226818681BF013FB00B9206010BD73
:10C45000EC320020E4320020544C00202DE9F84F4B
:10C460000E4614460AB34FF0000BDFF84480DFF8A5
:10C470004490DFF844A0D8F80070D9F80050DAF8FA
:10C480000000ED1BA54228BF254638442A46314608
:10C490001EF03DFC2F44641BC8F8007004D0FFF769
:10C4A000CBFF2E448346E6E75C462046BDE8F88F86
:10C4B000E4320020E8320020EC3200200FB400B556
:10C4C0000B4BA3B01B786BB18022022002A9FFF7AF
:10C4D0009BFF25AB0021249A06480193F0F744FB0B
:10C4E000FFF7AAFF23B05DF804EB04B0704700BF6C
:10C4F000E046002037C203080022024B1A605A604F
:10C500009A6070475E4300200122024B1A70FFF7C9
:10C51000F3BF00BFE046002008B5054806F060FA0A
:10C52000BDE808401022FF2102481EF00ABC00BFEF
:10C53000684D0020F032002070B50D4D2B68A3B976
:10C54000BDE870400B4806F04BBA00F037FE0134EE
:10C550003378E0B28342F8D84FF47A712B680548FB
:10C560005943BDE8704006F09FB90024024EEFE742
:10C57000844C0020484D0020F74500202DE9F3476A
:10C580000F4600219846234B81461B881646118092
:10C5900023B90024204602B0BDE8F0871E4821F0F0
:10C5A00055FA0446DFF870A009F10405002CF0D01C
:10C5B000204605F03DFF011D284620F0A5F810B3E8
:10C5C000002514232A4621464846009521F074FB95
:10C5D000204605F049FF14280BD82B463580002F44
:10C5E000D8D00022214600923846142221F064FB64
:10C5F000D0E7204605F038FFA0F11405ABB2434563
:10C600003380C7D8EBE72146504621F075FA04463F
:10C61000CCE700BF6A4300206C4300200023024A9D
:10C620001380024A138070476C4300206A43002045
:10C630002DE9FF4100238DF80C304FF0FF33061D2C
:10C64000304601A9019320F05FF8054618B1FFF7C5
:10C65000E5FF01250AE0144F3B883BB10146134832
:10C6600021F0F4F90446DFF844801CB9284604B0F0
:10C67000BDE8F081204605F0DBFE011D304620F0CC
:10C6800043F850B100222146084821F070FA3B8857
:10C69000002BDED0013B3B80DBE72146404621F00A
:10C6A0002BFA0446E1E700BF6A4300206C430020F8
:10C6B0002DE9F7430D461646074620B900242046CB
:10C6C00003B0BDE8F083FFF7B3FFDFF86C80184BD1
:10C6D000B8F800201B889A42F0D23DB306F114014D
:10C6E00089B20022104621F09AF904460028E5D0CC
:10C6F0004FF001090146142300223846CDF800907E
:10C7000021F0DAFA3DB13346142221462846CDF80D
:10C71000009021F0D1FA00222146064821F09CF930
:10C72000B8F800300133A8F80030C8E71421D8E782
:10C730008E5100206C4300206A43002008B500F0B1
:10C74000C7FE094B1B6853B14FF47A710748594330
:10C7500006F0AAF8064B074A00201A6008BD0348F5
:10C7600006F03EF9F6E700BF844C0020484D00205B
:10C77000803400203C69040808B5044805F07EFCBC
:10C78000BDE80840024805F079BC00BF6C430020BA
:10C790006E43002037B5124B124D1B780446F32B25
:10C7A0002A88114B14D111490978032910D100218D
:10C7B0000193012308460093022321F0DDF808B11C
:10C7C00000232B80204603B0BDE8304006F008B9B6
:10C7D000019301230093002319461846EDE700BF9B
:10C7E000E14600206E43002015D0010806470020D6
:10C7F0002DE9F041214F86B08DF80F303B88BDF810
:10C800003060BBBB1FF0DAFEADF8160005F02CFE61
:10C81000012304461A460DF10F010DF1160005F033
:10C820005DFF38BBBDF8160005F01EFE054630461C
:10C8300005F01AFE291889B20DF1160021F023FA2D
:10C840000546B8B93046BDF8168005F00DFE611CEE
:10C850002B4632460090C9B2404621F062FABDF83C
:10C8600016309DF80F203B80054B142105481A70A7
:10C8700006F01AF806B0BDE8F08100BF6E43002054
:10C88000E146002014260020F8B50446002859D1BE
:10C890000020F8BD928AA24252D0482202FB0352E5
:10C8A00092F82C20022A11D148224FF6FF7C02FB7D
:10C8B0000352118E614507D192F83800022814D135
:10C8C000928F39E00846EFE78C4239D0482202FBCC
:10C8D000035292F83810022906D14FF6FF71928F59
:10C8E0008A4202D094422BD040B1482000FB035032
:10C8F00008301FF032FFA04222D0012001363A78E2
:10C90000F3B29A42C4D9482159436A18695C012993
:10C91000F4D1D2F804C01CF0800FBED01CF4005F2C
:10C92000B8D192F82C000228CCD092F83810022905
:10C93000DBD14FF6FF71928F8A42D6D09442D4D188
:10C940000120A6E70026024F3046024DD7E700BF80
:10C95000CA510020FC20002037B505460C4699B18D
:10C96000FFF792FF80B1FF220821204621F00AFB49
:10C97000034648B96A4605490868496803C26A46D9
:10C980001946284612F0F4FB03B030BDE82704082E
:10C990002DE9F04F144698464FF0FF33B5B00546E9
:10C9A000002289462046062111939DF8F8A01FF029
:10C9B000E9FC002206210E9020461FF0E3FC002235
:10C9C0000A2100F4804620461FF0DCFC042DC3B28F
:10C9D0000D9300F03C81052D00F05A81012D5FD1AF
:10C9E0001BA8F4F7F9FA092316AA17468DF86C303C
:10C9F0000DF5887C40AB154618685968083303C5A7
:10CA000063452A46F7D139461BA81CF093FB1BA8A7
:10CA1000F4F70EFE98F8083012AD022B03BF2B4638
:10CA2000D8F80000D8F80410D8F800300CBF03C3C1
:10CA3000CDE91233449B0A21149305230DF14202E0
:10CA400020468DF854301FF09DFC06210DF1410267
:10CA500020461FF097FC0C210DF1430220461FF0E9
:10CA600091FCAAF1030C11AB1190DCF10000CDE9AF
:10CA7000005340EB0C0021469DF842309DF84120C8
:10CA800022F054FC002800F0DF80BAF1030F0AD036
:10CA90004822944B449902FB09339A698A420CD389
:10CAA00035B0BDE8F08F00220A2120461FF06AFC55
:10CAB00000F0F000F028EBD1F2E74FF0000B449AC1
:10CAC0009A6100220A2120461FF05CFCC3B20D933C
:10CAD00000220A2120461FF055FCC0B2E02840F099
:10CAE000DE800022062120461FF04CFC400640F16B
:10CAF000DF800121204605F025FD002800F0E980B7
:10CB00000121204605F01EFD05460121204605F0C5
:10CB100019FD002800F0DF800121204605F012FDFC
:10CB200007460B211BAA20461FF02CFC384605F0B7
:10CB30009BFC00220746062120461FF023FC9DF89F
:10CB40006C30C0F30030FF1A0B21A7EB800716AA48
:10CB500020461FF017FC0023FFB2009329463B46F6
:10CB60009DF858201BA821F0A7F8B9F1FF0F16D0A7
:10CB7000482303FB09F35B49CA18CB5CFF2B0ED09B
:10CB80005368BAF1000F03D1590408D4927D32B929
:10CB90004821544A43F4C06301FB0922536016A89C
:10CBA00013F076FA504B514A93F9003010780F93F6
:10CBB00021F068FD02280F9B40F28F80042840F28C
:10CBC0008E8006288CBF00250125AD016FF06C0218
:10CBD0009342B8BF1346082BA8BF08236E3343F314
:10CBE00046030022012120461D441FF0CBFB002EEE
:10CBF00014BF01230023EDB2C2B208D03C490E8815
:10CC00003C4909888E4294BF00260126760016A969
:10CC10000A911BA93343CDE90871119903930E9B27
:10CC200006910D99C3F380130591029344999DF8E1
:10CC3000FC300491CDE900A3294643465846CDF87F
:10CC40001C901CF031F82BE74FF0070B39E7BAF1D5
:10CC5000000F14D1B9F1FF0F0ED04823214D03FB73
:10CC600009556B685F0407D4AB7D2BB9524601218F
:10CC700020461FF087FBA8614FF0060B28E7002233
:10CC80000C2120461FF07EFB4FF0030B11901FE795
:10CC9000002E3FF405AF40461FF0E1FC00E7002204
:10CCA0000A2120461FF06EFBC0B2E2283FF419AF04
:10CCB0000022062120461FF065FB00F0030001283A
:10CCC0003FF417AF002E3FF414AF40461FF0C7FCEF
:10CCD0000FE7254619E7274623E7C02576E7802595
:10CCE00074E700BFFC2000202247002023470020DB
:10CCF0008E5100206A4300202DE9F04F8DB0804610
:10CD00000F4615469946BDF858A000F0E5F90446CF
:10CD1000002F39D108AE3946102230461EF011F8E6
:10CD2000FF2C02AF22D04822374B02FB04335A6853
:10CD3000500401D49B7DCBB100220A2150461FF044
:10CD400021FBC0B2E02811D0CDF8189096E80F0072
:10CD500087E80F00002352460093214643460220F5
:10CD60000195FFF715FE0DB0BDE8F08FCDF81890D6
:10CD700096E80F0087E80F000023019500934346D3
:10CD8000524621460420ECE7BB1E012BEBD8FF28BE
:10CD900008AE0DF1080B29D0314600F0D9FB48222E
:10CDA000194B02FB04339B7DD906C3F3820201D4E5
:10CDB000072A16D1BDB103F003039F420ABF4FF00B
:10CDC000010C4FF0040C1546CDF8189096E80F00B2
:10CDD0008BE80F004346524621466046CDE9007578
:10CDE000BFE7002DE7D04FF0040CEDE71022002143
:10CDF00030461DF0A6FFCDF8189096E80F008BE89E
:10CE00000F00CDE90075BAE7FC2000202DE9F043C2
:10CE1000002287B00D2104461FF0B4FA002800F06C
:10CE200099800022062120461FF0ACFAC0F30725A6
:10CE300015F0050640F08E803246062120461FF090
:10CE4000A1FA070400F186803246062120461FF031
:10CE500099FA400477D40022012120461FF092FA6B
:10CE600005F0070507468DF81450002D75D12A46A8
:10CE7000072120461FF086FA0390644EFFB2337BF1
:10CE8000B146BB420AD19DF81420337A934205D1B2
:10CE9000002B7CD13368039A9A425BD00DF10C08C9
:10CEA00098E8070089E807004FF4FA61584837739B
:10CEB00005F0FAFC0022062120461FF063FA00F07C
:10CEC000030001284FF000026CD10A2120461FF018
:10CED00059FA00F0F000F0283CD00022062120464C
:10CEE0001FF050FA10F4C05FC0F3C12232D1062106
:10CEF00020461FF047FA02062CD45DBB2A460621C5
:10CF000020461FF03FFA430602D440461FF0A7FB1D
:10CF10000022062120461FF035FA00220546062190
:10CF200020461FF02FFA00220646092120461FF056
:10CF300029FA00940346C6F340324046C5F3C121A6
:10CF4000FFF7DAFE06E00621324620461FF01AFA05
:10CF5000410680D507B0BDE8F083022DFAD1052146
:10CF60000DF10B0220461FF00DFA204605F060FA85
:10CF70009DF80B100822014403A81DF0C8FE0022F2
:10CF8000082120461FF0FEF98DF8150075E7022BE9
:10CF900084D10822314603A81DF0A9FE00287FF4A1
:10CFA0007DAFD7E7062120461FF0ECF910F003050E
:10CFB000D0D12A46062120461FF0E4F910F4C05FC4
:10CFC00011D100220A2120461FF0DCF900F0F00008
:10CFD000F028BFD000220A2120461FF0D3F9C0B2AA
:10CFE000E32895D1B6E72A46062120461FF0CAF964
:10CFF000C0F3C1200228E4D02A46062120461FF0B3
:10D00000C1F9C0F3C120032882D0A3E7F032002089
:10D01000684D0020002108B5024B084619801BF01E
:10D0200060FD08BD6E43002008B5204A0B4612780B
:10D03000824239D91E4900EBC000482201EBC001F1
:10D0400018461DF064FE02780346012A02BF4268BA
:10D0500042F018024260827D1AB1426842F4804276
:10D0600042605A6803F11800110619465CBF42F489
:10D0700080525A6091F82C20022A0BD0032A0FD03C
:10D080001AB95A6842F480325A600C318842F1D1A0
:10D09000002008BD5A6822F4805242F48072F3E7FF
:10D0A0005A6842F04002EFE72720F2E7CA51002019
:10D0B000FC200020064B1B78834207D948235843A5
:10D0C000044B185C431E584258417047002070477B
:10D0D000CA510020FC2000202DE9F8430646002517
:10D0E0004FF048080C4FDFF834903B78ECB2A34285
:10D0F00001D8FF240DE02046FFF7DCFF08B9013519
:10D10000F3E708FB0491304608311FF0FDFA0028D0
:10D11000F5D02046BDE8F883CA510020FC2000204D
:10D1200030B5084B48211A780023074CD8B2824208
:10D1300001D8FF2005E0013301FB03F5655DFF2DFC
:10D14000F4D130BDCA510020B4200020F8B5054606
:10D15000FFF7C2FFFF28044606462AD1FFF7E0FF8B
:10D16000FF28044625D003B203EBC303124FDB00B4
:10D170002868696803F108023A4403C2A8681C33AE
:10D18000106031461022F8181DF0DBFD4822002106
:10D190004FF6FF706243BB18996183F84460988230
:10D1A000287A58600120B854997583F82C6083F868
:10D1B00038602046F8BD00BFFC20002013B5144B9A
:10D1C00004461B78834220D9124B1B7883421CD91A
:10D1D000FFF770FF60B148220F4B02FB04339B69DD
:10D1E000009304236A46214620201AF01EFF0CE01B
:10D1F000042322460DEB030020211AF00DFF4FF00F
:10D20000FF330093019B0133EBD102B010BD00BF8F
:10D21000F7450020CA510020FC20002070B54C4B7F
:10D2200004461B7896B0834270D96E463422FF21A3
:10D2300009A81DF086FD1022FF2130461DF081FD5A
:10D240002046FFF737FF002849D048226243414D6E
:10D25000AB18AA5C8DF824205A680A921A7C002A1E
:10D2600056D19B680B93482303FB04539A7D12F01D
:10D270001C0F18BF1C338DF835201CBF0FCB86E860
:10D280000F00482303FB045191F82C20032A8DF84A
:10D29000462048D103FB0453D3F82E00D3F83210B4
:10D2A00012AA03C2D3F83A00D3F83E1003C24821B1
:10D2B00001FB045292F83830032B8DF8473001D02F
:10D2C000002B3BD101FB0455D5F82E00D5F83210C8
:10D2D00012AB03C3D5F83A00D5F83E1003C334238C
:10D2E000214609AA1F201AF0A0FE2046FFF766FF7C
:10D2F00004A8F3F771FE0723314604A88DF8103017
:10D300008DF811401BF016FFEEF7B6FE16B070BD9B
:10D31000022AA8D1D96898680BAA82E803005B7C2E
:10D320008DF834309FE7002AB4D0022A01BF0B8E5B
:10D33000ADF84830CB8DADF84A30B8E7022B01BFCD
:10D34000938FADF85030538FADF85230C7E700BF20
:10D35000CA510020FC2000202DE9F0430027DFF80F
:10D360002481474C97B098F80030FDB2AB4202D808
:10D3700017B0BDE8F0832A4634231F2109A81AF00C
:10D380004BFEE94604A8F3F727FE0723494604A805
:10D390008DF810308DF811501BF0EBFE48239DF8EE
:10D3A00024206B43FF2A02D1E2540137DBE7E25429
:10D3B000DDF828C0E618C6F804C09DF8353006F13F
:10D3C0001C0EB37599E80F008EE80F001CF00202E6
:10D3D00006F108033BD0DDE90B0183E803000223DB
:10D3E00033749DF83430737448236B432CF4C0625B
:10D3F000E1184A609DF84620032A81F82C202AD1A2
:10D4000012AA03CA482203F12E0604EB060CA0510F
:10D41000CCF804104FF6FD7102FB0542D18648227C
:10D4200002FB05429DF84710032982F8381000D00E
:10D43000E1B93A3314AA03CAE618E05048234FF67C
:10D44000FD7203FB05437160A3F84220ADE70B9B1F
:10D450003274B360C8E7002AD2D0022A01BFBDF8F7
:10D4600048200A86BDF84A20CA85D8E7022901BFAC
:10D47000BDF850309387BDF85230538795E700BF11
:10D48000FC200020CA510020F7B5FFF765FF0024FB
:10D490000C4E0D4D0D4F3378A34202D92B78A34289
:10D4A00001D803B0F0BD042322460DEB0300202178
:10D4B0001AF0B2FD482303FB0473019A01349A6108
:10D4C000E4B2E8E7F7450020CA510020FC20002024
:10D4D00030B4084B48201978FF250023064CDAB2F7
:10D4E000914202D830BCFFF7CFBF00FB03F20133FB
:10D4F000A554F4E7CA510020FC200020F0B40B46EC
:10D5000011490546097881421CD948241C2114FB85
:10D5100000140E4E03F1100C344427461868596865
:10D52000083303C763453C46F7D1482303FB056630
:10D53000B37D284623F01C0343EA8202B275F0BC97
:10D54000FFF76CBEF0BC7047CA510020FC200020E1
:10D55000034630B40E4A084612789A4204D830BCCA
:10D56000102200211DF0EDBB48221C2112FB0312EA
:10D57000084B1A44034602F11005144603CCAC4292
:10D5800018605960224603F10803F6D130BC704799
:10D59000CA510020FC2000202DE9F84F04461E4609
:10D5A0004D4B88461B789146A342BDF82800BDF834
:10D5B0002C103FD9B8F1000F02D0B8F1030F4FD1B2
:10D5C000B9F1000F36D04FF0480B444F04EBC405BF
:10D5D0000BFB047B9BF82CA0ED00BAF1FF0F05D1EB
:10D5E0009BF83830FF2B0DD1002026E005F12E00EE
:10D5F0000822494638441DF07AFBA0B19BF8383028
:10D60000FF2B19D005F13A000822494638441DF095
:10D610006EFB38B1BAF1FF0FE6D02046BDE8F84FF7
:10D62000FFF7FCBD012048230C22634302FB0030BE
:10D630003844C686BDE8F88F01200C234FF0480A15
:10D6400058430AFB040A2E35BA44284408224946A6
:10D650008AF82C8038441DF05AFBAAF83660DCE7C3
:10D66000B8F1020FD9D148231C4A03FB042393F8D5
:10D670002C60022E0BD1DD8D854223D093F83850DB
:10D68000022D11D15B8F8342C7D101201BE093F89B
:10D690003850022D06D15B8F8342F6D0FF2EBCD1CD
:10D6A000002504E0FF2EFBD0FF2DB6D10125482335
:10D6B0000C26634306FB053313440222D88583F806
:10D6C0002C2006E0002048230C25634305FB003393
:10D6D00013441986A1E700BFCA510020FC20002096
:10D6E0002DE9F0471F4B05461B7889468342924639
:10D6F00035D900273E46DFF8708000EBC00408EB08
:10D70000C40494F82C30032B07D8013B012B16D806
:10D71000DFE803F006200627F3E7FF2B18BF0126FA
:10D72000062F04F10C04F6D126B94823FF226B43DF
:10D7300008F803202846BDE8F047FFF76FBD082230
:10D74000494604F12E001DF0D2FA30B9FF2384F8C7
:10D750002C30E5E7E38D5345F8D00126E0E7BDE83E
:10D76000F08700BFCA510020FC200020064A034673
:10D770001278824206D94822FF215343034AD154EA
:10D78000FFF74CBD704700BFCA510020FC200020AD
:10D790002DE9F04F04464FF6FF7585B0174614F497
:10D7A0008032BDF83C60029208BF2E46E206084671
:10D7B000BDF838909DF84C8007D5FFF78DFCFFF73A
:10D7C000D5FF002005B0BDE8F08F210771D514F416
:10D7D000004BC4F3C22A04D09F2222FA0AF2D207D5
:10D7E000EFD50393FFF7B2FC3D4A05461278039B41
:10D7F0008242E6D93946CDE90096109AFFF7CCFE71
:10D80000BBF1000F04D0524628461199FFF776FE6F
:10D8100014F4C06F334BC4F3412E04F480702DD147
:10D82000482202FB053268B112999161917D21F085
:10D8300003019175482202FB0532516841F0200135
:10D84000516004E0917D906121F0030191754822BF
:10D8500014F4003F08BF4FF0000802FB0533012F0E
:10D8600083F8448005D102995A68E9B942F08002F0
:10D870005A602846FFF7D2FC0120A3E7AEF102026E
:10D88000012A9FBF482202FB05321299916148226A
:10D8900002FB053292F816C02CF0030C4EEA0C0184
:10D8A00091750028D3D0C5E742F402525A609E8297
:10D8B000DFE7FFF711FC0A4B1B78834281D9012F68
:10D8C00008D14822074B02FB00335A689D8222F49C
:10D8D00002525A6033464A461099FFF701FFCBE7E0
:10D8E000CA510020FC20002044235843024B185CFE
:10D8F000431E584258417047B82000202DE9F84394
:10D90000064600254FF044080C4FDFF834903B7872
:10D91000ECB2A34201D8FF240DE02046FFF7E4FF5C
:10D9200008B90135F3E708FB0491304604311EF0D5
:10D93000EBFE0028F5D02046BDE8F883F545002031
:10D94000B82000204422024B02FB003319637047C9
:10D95000B820002030B500224424084B084D197827
:10D96000D0B2814201D8FF2007E004FB02F3EB5C58
:10D970000132013BDBB2FD2BF2D930BDF545002071
:10D98000B8200020F8B50546FFF7B8FFFF28044689
:10D99000064628D1FFF7DEFFFF28044623D003B256
:10D9A00003EB0313114F9B00286869681A1D3A4462
:10D9B00003C2A8683433106031461022F8181DF0F5
:10D9C000C0F9442200214FF6FF706243BB1819636F
:10D9D00083F82C605885287A58800120B85483F841
:10D9E0002D109E749E772046F8BD00BFB820002001
:10D9F00010B50D4B02461B780C4683420ED9FFF73B
:10DA000073FF68B171B1094902EB021001EB8001AB
:10DA1000442220461DF07BF9002010BD2720FCE7A2
:10DA20002D20FAE70120F8E7F5450020B820002076
:10DA300000210A4610B5074B1C78C8B2844201D8B1
:10DA4000104610BDFFF750FF08B10132D2B20131CC
:10DA5000F3E700BFF545002013B5124B04461B78D1
:10DA600083421CD9FFF740FF60B144220E4B02FBFA
:10DA700004331B6B009304236A46214622201AF0CC
:10DA8000D4FA0CE0042322460DEB030022211AF005
:10DA9000C3FA4FF0FF330093019B0133EBD102B087
:10DAA00010BD00BFF5450020B820002070B50D4D19
:10DAB0002B68A3B9BDE870400B4804F091BFFFF795
:10DAC000CBFF01343378E0B28342F8D84FF47A7157
:10DAD0002B6805485943BDE8704004F0E5BE0024BA
:10DAE000024EEFE7804C0020884D0020F6450020D4
:10DAF00070B53B4B04461B7896B0834263D9302205
:10DB0000FF210AA801AE1DF01CF91022FF213046AA
:10DB10001DF017F92046FFF7E7FE00283CD044220D
:10DB20006243304DAB18AA5C8DF828205A88ADF8B6
:10DB30002A201A7B002A48D15B680B93442303FBFD
:10DB4000045393F82D208DF83520D2061EBF3433B0
:10DB50000FCB86E80F00442303FB0452917C03FBA8
:10DB600004538DF84610022904BF526912929A7F1D
:10DB7000022A08BF1B6A8DF8472008BF139344236D
:10DB800003FB04556B8DADF854302B7C8DF856306B
:10DB900095F82C308DF85730302321460AAA2120E1
:10DBA0001AF043FA2046FFF757FF05A8F3F714FAD7
:10DBB0000823314605A88DF814308DF815401BF068
:10DBC000B9FAEEF759FA16B070BD022AB6D1D3E908
:10DBD00001010BAA82E803005B7B8DF83430ADE7CE
:10DBE000F5450020B8200020F8B500244427074D53
:10DBF000074E2B78E0B2834200D8F8BDFF2207FB26
:10DC000000F3F254FFF774FF0134F2E7F54500200A
:10DC1000B8200020064A03461278824206D94422E0
:10DC2000FF215343034AD154FFF762BF704700BF3F
:10DC3000F5450020B820002038B50D4A044612787A
:10DC4000824212D90B4D41B94423FF224343EA5487
:10DC50002046FFF74DFF002038BD00EB00104422A6
:10DC600005EB80001DF053F8F2E72720F4E700BF32
:10DC7000F5450020B82000202DE9F0430026334F61
:10DC8000334D97B03B785FFA86F8434502D817B01A
:10DC9000BDE8F0834246302321210AA81AF0BCF9DE
:10DCA00005A8F3F799F908230DF10409494605A8D9
:10DCB0008DF814308DF815801BF05BFA44239DF825
:10DCC000282003FB08F3FF2A04D1EA54EEF7D4F925
:10DCD0000136D7E7EA54BDF82AC0EC18A4F802C010
:10DCE0009DF8353004F1340E84F82D301CF0020C10
:10DCF00099E80F008EE80F0004F1040320D0DDE95D
:10DD00000B0183E80300022323739DF8343063730F
:10DD1000442202FB08529DF846309374129B5361D3
:10DD20009DF847309377139B1362BDF854305385A9
:10DD30009DF8563013749DF8573082F82C30C5E7A3
:10DD40000B9B84F80CC06360E2E700BFF545002040
:10DD5000B8200020F7B500234420FF261B4D1C4CA3
:10DD60002978DAB2914216D8FFF786FF0024194EBF
:10DD7000174F3378A34202D92B78A34210D8164B01
:10DD80001B68E3B14FF47A715943144803B0BDE8FE
:10DD9000F04004F089BD00FB03F20133A654E0E734
:10DDA000042322460DEB030022211AF035F9442307
:10DDB00003FB0473019A01341A63E4B2D9E70748FC
:10DDC00003B0BDE8F04004F00BBE00BFF5450020F5
:10DDD000B8200020F6450020804C0020884D00200F
:10DDE0000028024808BF002000F042B891C703088D
:10DDF00010B500240122084B20465C70074B1A70B6
:10DE000003F07CFB204603F093FB21462046BDE84F
:10DE1000104003F023B800BFF5510020F746002062
:10DE200070B5124D04462B68A0B0E3B11FF09BFD06
:10DE30007F2828BF7F208DF8000020461FF08EFD30
:10DE40009DF8002001460DF101001CF043FF204623
:10DE50002E681FF00FFD054620461FF010FD2946D5
:10DE600002466846B04720B070BD00BF08330020AE
:10DE700070B5124D04462E7816B10124204670BDAF
:10DE800020F018FB0028F8D00D4B1C60EEF7F4F8DA
:10DE90000C4B30465A780C4B0C491A700C4A03F064
:10DEA00043FC04460028E9D12B78012B02D1EEF780
:10DEB000E3F8E3E7002003F045FFF5E7F74600202D
:10DEC00008330020F5510020E2460020F1DD010872
:10DED00021DE010870B5104E3378012B01D0042BE0
:10DEE00018D118F0E9FD002405460C4B01201C60F8
:10DEF000347003F003FB012003F01AFB284618F0EE
:10DF0000E1FD074B2046BDE870401A78054B5A707A
:10DF100003F0C2BE012070BDF74600200833002088
:10DF2000E2460020F551002010B5064C2378012B65
:10DF300006D100201FF090FB02230020237010BDAB
:10DF40000120FCE7F746002038B5064D01242B7868
:10DF5000022B05D100201FF082FB00202C7038BD61
:10DF60002046FCE7F746002010B5064C2378012B2D
:10DF700006D100201FF06DFB03230020237010BD8D
:10DF80000120FCE7F746002038B5064D01242B7828
:10DF9000032B05D1002003F08DFA00202C7038BD32
:10DFA0002046FCE7F74600202DE9F84383070446A6
:10DFB0000D4604D040F231211A48EDF79BFE1A4B72
:10DFC0001B78012B0BD10026DFF86090DFF8608012
:10DFD00018F072FD0746002002F030FF08B901205A
:10DFE00013E00020214699F8012002F0CFFD3846C9
:10DFF00018F068FD002002F021FF40B10136EEF775
:10E000003BF8B3B2AB42E3D90020BDE8F88302F09D
:10E01000FDFD40461FF063FF0028EBD0404603F0B3
:10E02000C5F8E7E742690408F7460020F5510020EB
:10E03000E44E0020064B01461B78012B05D1054B11
:10E0400083F85800002002F049BF0120704700BF4C
:10E05000F7460020A433002010B50A4B0C461B786D
:10E06000012B0BD11FF0FDFA034640B9064B2146A8
:10E0700083F85A40BDE8104002F002BF0123184661
:10E0800010BD00BFF7460020A4330020074B1B78CB
:10E09000012B07D1012807D8054B00F0010058706B
:10E0A000002070470120704721207047F74600206C
:10E0B000F5510020034B1B78012B06BF024B58780B
:10E0C00000207047F7460020F5510020FF2838B5A2
:10E0D00004461AD80F4B1D78012D01D0012038BD00
:10E0E0001AF036FE2A4600211DF0F1FE78B92046CE
:10E0F00019F065FF084B1C68FFF7ECFE0028EDD116
:10E100002046BDE83840FFF7B3BE2120E7E70320F3
:10E11000E5E700BFF746002008330020F8B5204BA4
:10E1200005461B882D2B28D82A2B28D901F05CFF07
:10E130001C4B1D4A1B680646053300211B48136013
:10E140001FF084FC0446194FCCB1032120461FF078
:10E15000FBFD312814D11221204604F063FBB042AC
:10E1600005D140F60F401EF0A8FF00232B7021467A
:10E1700038461FF0C1FC0446E6E7382BD6D0F8BD80
:10E180003228F4D10521204604F04CFBB042EED1F8
:10E1900040F60F401EF091FF00232B70EFE700BF09
:10E1A00072430020342000200433002074430020F8
:10E1B00070B50021054611481FF048FC04460F4E7B
:10E1C0000CB9204670BD032120461FF0BDFD3F283D
:10E1D00005D0214630461FF08FFC0446F0E70921A8
:10E1E000204604F01FFB0228F3D10A21204604F048
:10E1F00019FBA842EDD10120E4E700BF74430020E1
:10E20000F8B50021054619481FF020FC0446174FB9
:10E2100004B9F8BD032120461FF096FD45281ED104
:10E220001B21204604F0FEFAA84218D10521204601
:10E2300004F0F8FA831EDBB2012B0BD821460B4801
:10E240001FF05AFC06462146002208481FF08FFCAA
:10E250003446DDE7FF221B21204604F0F7FA214671
:10E2600038461FF049FC0446D2E700BF7443002043
:10E27000F0B589B00446F2F7A9F9334B06461B788E
:10E28000112B1FD1607801A91EF0C3FD20BB002710
:10E29000F2F79CF9FEB2B0421CD9304603A921F036
:10E2A000F6FB9DF80C500137002DF1D12146304688
:10E2B00010F054F818B340F60445A84214BF8C255A
:10E2C0008D251CE0122B05D1618860781EF02EFE92
:10E2D0000028D7D18C2512E040F20913BDF80420A4
:10E2E0009A42D4D16388B3F5006FD0D1601D1AF083
:10E2F00061FD0E28CBD000280CBF00258D2503A87A
:10E3000031211BF0ADF92388618804A8ADF80E30E7
:10E310001BF0A6F9237912218DF81230D4F80530BC
:10E3200003A8CDF81330D4F809308DF81C60CDF86F
:10E330001730637B8DF81D508DF81B301EF06BFE7F
:10E34000284609B0F0BD00BFE051002037B5144B9E
:10E3500005461B78113B012B0FD98D2468463221CD
:10E360001BF07EF9072168468DF802508DF80340B6
:10E370001EF051FE204603B030BDFFF719FF002804
:10E38000EBD128460FF0C2FF044618B92846FFF724
:10E3900037FFE3E740F604439842DED08824DDE708
:10E3A000E051002003787BB94378012B0CD1074B57
:10E3B0001B88562B064B15BF027A1B781A70037206
:10E3C0000023436001230370704700BF72430020A5
:10E3D000E051002070B50578044665B94378042BF8
:10E3E00009D10C4B1B88522B06D1F2F7EFF8656070
:10E3F00020810123237070BD0689F2F7E7F8864279
:10E4000002D921236360F4E7207A6560F2F7D8F837
:10E41000EFE700BF72430020037810B504466BB9E4
:10E420000121194A436012880170417839B9174BAC
:10E43000562A0BBF1B88027A03721A8010BD052969
:10E440000FD1562A05D1F2F7D9F840F050002072CA
:10E45000F4E7007A00F00F002072BDE81040F2F7F8
:10E46000D3B806290ED1562A04D1F2F7D3F840F0DA
:10E470006000ECE7007A00F00F002072BDE8104069
:10E48000F2F7CEB80370D9E772430020364300207C
:10E49000037810B50446CBB901224360437802707B
:10E4A000242B14D006D80D2B09D01E2B0BD0002303
:10E4B00023700BE0362BFAD1F2F7C4F801E004F038
:10E4C000D1FB208102E0034B1B78238110BD024B5E
:10E4D000FAE700BFC2510020A4450020037863B9C9
:10E4E0000122436043780270242B19D006D80D2BEB
:10E4F00009D01E2B0AD0002303707047362BFAD1A7
:10E500000089F2F7A5B8007A04F0B2BB074B028984
:10E510001978914202D22123436070471A707047E4
:10E5200003890A2BF7D8024A13707047C2510020A2
:10E53000A44500202DE9F043164693B00C461D4635
:10E5400007461AF04EFB1AF04AFB02A80EF0A2FE94
:10E55000012EDFF8CC8045D0032E0ED04FF00309FA
:10E560001FF0CDFDA84213D02946384616F056FCC0
:10E5700021463846F2F75CFA0AE018B9BDF80830CF
:10E580009B07EBD4B8F80030980746D44FF0020947
:10E59000CDF8049098F80030324621460093384672
:10E5A0002B461AF07BF8804624210DA81BF058F862
:10E5B00039460DF136001BF053F8206861680EAB48
:10E5C00003C329460DF142008DF840608DF841806B
:10E5D0001BF046F810210DA81EF01DFD404613B09B
:10E5E000BDE8F083B8F80030D907CFD5DA0603D4F8
:10E5F00013F0200FB2D10BE009AB204605AA0DA9FC
:10E600001AF020FFB8F800309B06A7D40028BDD12F
:10E61000B8F80090C9F38009A2E713F0080FE9E702
:10E62000364300202DE9F04387B01746DDE9118419
:10E630001A469DF840300E9D7D2BBDF83CE030D849
:10E64000DFF86890B9F80090B9F1360F13D0B9F13E
:10E65000380F1AD0B9F1340F25D100932A467346EA
:10E66000CDE901840CF0A2FD10B90CB1AB7A237096
:10E6700007B0BDE8F083CDE901E300902B463846B2
:10E68000CDE903840CF00EFDEEE7CDE901E3009245
:10E690003B460A46CDE90384014628460CF042FD7C
:10E6A000E2E73820E4E70120E2E700BF7243002000
:10E6B00010B4084C2478202C03D1B1F90640002C6A
:10E6C00003DA5DF8044B0CF019BE02205DF8044B30
:10E6D000704700BFE25100201FB503780446EBB934
:10E6E00001224360037A0274142B02700ED8142B9B
:10E6F0000ED8DFE803F02F101B0D0D0D0D0D150DBD
:10E700000D0D0D180D0D0D0D0D2528003D2B1DD0E7
:10E710000023237002E005F0C1F8607404B010BD5E
:10E7200006F066FEF9E710F0EBFEF6E705F0C2F83A
:10E73000014604F111001AF093FF02232374EDE760
:10E7400006F094FEE9E715F089F9E6E7144B1B782B
:10E750004374E3E7102307226946012004F0BAF965
:10E76000BDF8001004F111001AF07AFF9DF8023094
:10E77000BDF80610E3749DF8033004F1170023750B
:10E780009DF8043063759DF80530A3751AF068FF95
:10E7900002AB03CB1023C4F81900C4F81D10CDE759
:10E7A000045200202DE9FF4702780446002A40F079
:10E7B000118101230370037A292B2DD8292B31D8FD
:10E7C000DFE813F033005C006300300030006C00C1
:10E7D0006C003000A2008500AB00B100F7003000F3
:10E7E0003000FC00300030003000300030003000DD
:10E7F0003000300030003000300030003000300099
:10E80000300030003000300030000B010B011C01E3
:10E81000300030003000F500342B00F0F6803D2B46
:10E8200000F0FB8000232370D4E0057C102D6BD119
:10E8300011301AF013FFE37CADF800008DF80230C0
:10E84000237D04F117008DF80330637D8DF80430CB
:10E85000A37D8DF805301AF001FFD4F81D10ADF836
:10E860000600D4F8190002AA03C22B460722694603
:10E87000002004F02FF900236360ABE0037C012B40
:10E8800042D1407C05F010F8F5E7037C022B3BD128
:10E8900011301AF0E3FE05F013F8ECE7037C022BCD
:10E8A00032D111301AF0DAFE237A052B4FF6FF73BE
:10E8B00007BFADF80000ADF80230ADF80200ADF8CA
:10E8C000003068468DF8043010F05CFED3E7564AFD
:10E8D000037C12785E08B2EB530F15D9534F00F149
:10E8E0001105B8460FFA86F905EB460A55450DD1D4
:10E8F0004FF4004531464D4828F8195004F0A2FF66
:10E900000028B8D0A8F800502123B5E728461AF00F
:10E91000A5FE023527F8020BE8E711301AF09EFE3B
:10E920000EF096FCA7E711301AF098FE404B054612
:10E930001B7833B94FF6F773984233D81FF0EBFBCF
:10E9400099E74FF6F672431E9BB293422AD805F020
:10E950005FFD38BB6946284604F0FAFD10B328462F
:10E9600021F099FBF0B928461FF0DFFED0B9284608
:10E970000BF0B4FBB0B9284621F006FA90B928464E
:10E98000FDF782FF70B928461FF0C5FB40F607432C
:10E990001322032027491DF050FC40F607401AF0CF
:10E9A000CFF968E71FF0ABFBA8423FF464AF022346
:10E9B00062E74FF0FF330093437C82E7457C1230DF
:10E9C0001AF04CFE6A46ADF80000294601201EF000
:10E9D00045FA606004B0BDE8F087037C042B93D156
:10E9E00000F1110101201AF04DFE237A232B02D1F0
:10E9F00020F061F9EDE720F0EFFDEAE7407CC31E6F
:10EA0000012B81D806F0F6FF35E7437C0A49003B2D
:10EA100018BF012342600B70DCE7407C08F0BEF8B1
:10EA200000283FF428AF6FE7B55100209A36002048
:10EA30006C4600201A210408F3510020144B027880
:10EA400010B51B8804466AB942604278032A0AD18D
:10EA5000562B104B02D11B78237201E0227A1A70D8
:10EA60000123237010BD022A02D1562B0A4BF1E775
:10EA7000092AF7D1562B03D107F0C8FF2072EFE720
:10EA8000007A003818BF012007F0A8FFE8E700BFB0
:10EA900072430020E1510020E251002038B5037894
:10EAA000044673BB01220270427843601F2A25D0BE
:10EAB0000DD8122A1FD0182A17D0052A0ED0174DAC
:10EAC000D9B2685CFF281FD10023237019E0382ACF
:10EAD00018D0402AF3D1F1F7A9FD11E0104B114AEB
:10EAE0001B7812789B1A23810BE00F4B1B78B3FA2B
:10EAF00083F35B09F7E70D4B1B88F4E7F1F75AFD49
:10EB0000208138BD0A4BF7E7824203F10103D7D1D8
:10EB1000084B53F821301B78E5E700BFA0690408D3
:10EB2000C651002070460020D35100207A510020A9
:10EB3000965100204C6904080278034630B4002A3C
:10EB40003CD10121017041784260192923D00DD8B0
:10EB5000122935D018292BD0052911D0324DD4B225
:10EB6000285DFF2843D100221A7027E0382933D0CE
:10EB7000402935D01F29F1D130BC0089F1F714BDEF
:10EB80002A4A007A11782A4C42182478A2420ADDD7
:10EB900019225A6012E0274A017A1078234A127823
:10EBA000801AC0B2EFE7234B1A7030BCF1F732BFC6
:10EBB0000389214AB3FA83F35B09137030BC7047B1
:10EBC00047F230520089904201D92122E1E71B4BE4
:10EBD00030BC188011F06CBC0289194B1A80EDE72B
:10EBE00000890228F1D830BCC0B2F1F725BD8142BE
:10EBF00002F10102B3D1134A082C188952F82420DB
:10EC000001D934290DD111788142C1D310705A68CD
:10EC1000002AD3D15A78112AD0D130BC187AF1F712
:10EC2000DBBC1070CAE700BFA06904087046002072
:10EC3000C5510020C6510020D35100207A51002038
:10EC4000965100204C6904082DE9F0438DB0DDF8A1
:10EC50005080B2F80090CDF8008007460C4616466A
:10EC60001D4619F053FD002845D1452103A81AF08F
:10EC7000F7FC21880DF10F008DF80E701AF0F0FCF2
:10EC800061880DF111001AF0EBFC2379E1888DF811
:10EC9000133063790DF115008DF814301AF0E0FC93
:10ECA00021890DF117001AF0DBFCA37A0DF11A018E
:10ECB00030468DF819301DF065FF48468DF82C5010
:10ECC00016F0BCF98DF80B00003818BF01200DF1CB
:10ECD0000B030190009342462B46212103A801F02B
:10ECE000E5F818B1054B1B78212B04D1044A1378A1
:10ECF00043F0040313700DB0BDE8F083E25100202F
:10ED0000424700202DE9F0430D46064691461C4639
:10ED100089B0014628469DF84480129F15F0E0FE18
:10ED200002A83F211AF09CFC32460DF10A01012095
:10ED30001AF09AFC49460DF10F008DF80E501AF0AA
:10ED40008FFC21880DF111001AF08AFC61880DF109
:10ED500013001AF085FC2379E1888DF8153063796A
:10ED60000DF117008DF816301AF07AFC21890DF19B
:10ED700019001AF075FCA37ABDF8401007A88DF8A9
:10ED80001B301AF06DFC0B4B17211B7802A8402B8F
:10ED900008BF00274FF0000308BFB846CDE9003395
:10EDA0003A4643468DF81E8001F080F809B0BDE870
:10EDB000F08300BFE35100207FB504460D461646A0
:10EDC0007D2168461AF04CFC21460DF102001AF034
:10EDD00047FC2868696801AB03C30D2168468DF8BC
:10EDE0000C601EF018F9044B196811B12046F1F7B8
:10EDF0001FFE04B070BD00BFC83400202DE9F047ED
:10EE000005460F4619480021164698461EF01EFE7C
:10EE10004FF0000A0446DFF85490BCB1D5B15FFA58
:10EE20008AF080450AF1010A19D1204603F01CFB43
:10EE3000411E89B2204603F0F5FC0FB1C30705D58A
:10EE4000FF2E04D0C0F34100864200D000242046AB
:10EE5000BDE8F0872946204603F0E4FCE1E72146BF
:10EE600048461EF049FE0446D7E700BF7043002025
:10EE7000014803F003B900BF704300207FB5ADF82F
:10EE8000060003F0D5FA05468479C67919F0A5FE87
:10EE90000021400040F001008DF80F00FF220846DD
:10EEA0002B78FFF7ABFF10B1002004B070BDBDF8A8
:10EEB000060003F0D9FA34446400083404F0FE0478
:10EEC0008442F1D101230DF10F011A460DF1060024
:10EED00003F004FC02460028E6D10548BDF8061000
:10EEE0001EF0BAFD034A0120137801331370DCE7EA
:10EEF00070430020E446002010B50D4B04461B78FB
:10EF000083420DD919F06DFE0121024623460846C1
:10EF1000FFF774FF50B1BDE81040002103F082BC40
:10EF2000C01AC0B2BDE8104019F08ABBFF2010BD66
:10EF3000E4460020034B1878034B1B781844C0B2FA
:10EF4000704700BFE4460020E346002070B50A4D3C
:10EF500000EB4004A60005EB840419F040FE09F024
:10EF600059FE08B119F09AFEA279A188A859BDE806
:10EF700070401EF018B800BFA84D002013B504461D
:10EF800019F02FFE114A00B200EB400002EB8002A4
:10EF9000D4B13F2C18D0137A0133DBB2D17913727C
:10EFA00099420FD800234321137268461AF058FB88
:10EFB00001200DF1020122461AF056FB0621684697
:10EFC0001EF029F802B010BD0023E7E7A84D00208D
:10EFD00037B50B4B05461B780C46312B0ED144211F
:10EFE00068461AF03DFB29460DF102001AF038FB85
:10EFF000052168468DF804401EF00DF803B030BDC1
:10F00000E151002038B5030415D4032913D80B4B64
:10F010000B4D1B7803EB430305EB8304A171E271F5
:10F02000A0800A46014655F823001DF0BCFFBDE84C
:10F03000384009F0EFBD022038BD00BFE746002090
:10F04000A84D002010B50C4C237843B1EDF732FDEC
:10F0500028B140F2022018F0CFFF00232370F1F70F
:10F0600037F808B100F040FB044B187818B9BDE838
:10F07000104000F00FB910BDE5460020E846002022
:10F080002DE9F041234BDFF89C8005461868D8F83D
:10F0900000300E46C01A83B2CA2B174631D9CA2097
:10F0A000F1F77CF882241C4B1A7812B100228224DA
:10F0B0001A701A4B1A781AB1002244F001041A701F
:10F0C00000F07AFF08B144F0040417B1F6B144F03F
:10F0D0000804D8F800305C706B1EDBB2012B04D83A
:10F0E00000F06AFF002818BF00250D4B1D7000F0CE
:10F0F00063FF08B919F0B4FA3046BDE8F041F1F702
:10F100001BB8C0B2F1F74AF88024CCE744F01004F1
:10F11000DFE700BF00330020EA460020ED46002074
:10F12000E646002034200020144B027810B51B88DE
:10F130000446BAB942604278072A14D1562B07D147
:10F140000BF07AFD012814BF63236223237207E0CA
:10F15000007AA0F16203584258410BF073FD6060E1
:10F160000123237010BD042AFCD1562B044B01D17E
:10F170001B78EBE7027A1A70F2E700BF72430020B7
:10F18000E3510020037810B5044653BB43600123CC
:10F1900003704378342B27D00FD8172B22D006D8F2
:10F1A000012B17D00C2B11D00023237019E02D2B2D
:10F1B000FAD1104B1B78238113E0412B16D0422B40
:10F1C00016D0392BF0D11DF03AFB01E004F02EFAF5
:10F1D000208106E0084B1B68B3F5803FEBD31D236D
:10F1E000436010BD054BE5E7054BE3E7054BE1E761
:10F1F000054BDFE7CE510020D4270408E946002064
:10F20000CC510020CA510020F5450020037810B5EC
:10F210000446B3B90122436043780270342B27D0EF
:10F2200008D8172B1BD02D2B0CD00C2B12D0002361
:10F23000237006E0392B21D0413B012BF7D8022364
:10F24000636010BD0389022B01D92123F8E70E4A20
:10F250001370F6E7007ABDE8104004F0EDB90089BC
:10F2600019F072FD0028F0D12289084B1A70E8E7E6
:10F27000074B028919789142E7D3F7E70089FEF737
:10F2800025FF6060DDE700BFCE510020E946002089
:10F29000CC51002038B5054600F08EFE10B9002490
:10F2A000204638BDF0F792FF04460028F7D0034B04
:10F2B000012229461878FFF7E3FEF1E7E646002031
:10F2C00038B503780446002B40F09B80436001234F
:10F2D00003740370037A472B0AD8102B0BD8042B26
:10F2E00000F0E380072B00F0C680032B00F0B8800D
:10F2F0000023237085E0113B362BF9D801A252F888
:10F3000023F000BFE1F30108F1F20108F1F2010876
:10F31000F1F201087DF40108F1F20108F1F20108AF
:10F32000F1F20108F1F20108F1F20108F1F201082D
:10F33000F1F20108F1F20108F1F20108F1F201081D
:10F34000F1F20108F1F20108F1F20108F1F201080D
:10F35000F1F20108F1F20108F1F20108F1F20108FD
:10F36000F1F20108F1F20108F1F20108F1F20108ED
:10F37000F1F20108F1F20108F1F20108F1F20108DD
:10F3800005F4010819F401081FF40108F1F201085D
:10F39000F1F201083DF401085BF4010837F40108BB
:10F3A00013F4010893F40108F1F20108F1F20108E5
:10F3B00083F40108F1F20108F1F201088DF401086B
:10F3C000F1F201080DF401089FF40108A5F4010809
:10F3D000B3F4010899F40108B9F40108BFF4010875
:10F3E0000723384D0374298811301AF039F9AB78A6
:10F3F000E374EB7823752B7963756B79A375AB791F
:10F40000E37538BD17F0E3FC6074FAE7F3F7E8FF43
:10F41000FAE717F0D3FCF7E717F0BFFCF4E7042393
:10F42000037417F0B0FC024604F111010120BDE89D
:10F4300038401AF019B917F0BDFCE5E7032303744F
:10F4400017F0AFFC30B10278437880786274A3740F
:10F45000E074D6E703460246F8E717F09AFCD3E7D4
:10F460000223037402F0ACFD014604F11100BDE873
:10F4700038401AF0F5B803F09DFBC5E702F082F8BA
:10F48000C2E7042303741DF08BFDCCE708F016F9E6
:10F49000BAE707F0E5FAB7E707F0D6FAB4E705F000
:10F4A000D3FFB1E7084B1988DFE7084B1B7843749B
:10F4B000A7E71AF006F8A7E704F0C4F8A4E70EF0EF
:10F4C0005FFEA1E7406B040880510020E846002061
:10F4D00038B503780446002B3DD101230370037A2D
:10F4E000043B432B00F2B780DFE803F022B5B530D0
:10F4F000B5B5B5B5B5B539B5B58CB5B5B578B57DD6
:10F500008689B5B5B5B5B5B5B5B5B5B5B5B5B5B506
:10F51000B5B5B5B5B5B5B5B56E4452B5B5644B5DC9
:10F52000738E9AB59EB5A1A7B5B5B5ABB592B5B179
:10F53000037C012B1BD1437C484A003B18BF0123AD
:10F540000020137019F08CF8002311E0437C1BB1EC
:10F5500003F0F8FA606038BD03F008FBFAE7407C7E
:10F56000003818BF012017F01EFC0028ECD0212322
:10F570006360F0E7407C003818BF012017F00BFCF7
:10F58000F3E7037C012BF2D1407C17F000FCECE7A1
:10F59000037C042BEBD100F1110101201AF072F869
:10F5A00017F0F3FBE1E7037C012BE0D1407C17F07F
:10F5B000FCFBDAE7037C032BD9D1C37C827C0021DE
:10F5C000407C17F0ECFBD0E790F9110017F001FC3C
:10F5D000CBE790F9110017F0F3FBC6E790F91100A3
:10F5E00001F0ACFCB0E7457C12301AF037F8014668
:10F5F0002846F0F7B1FFA7E7F0F7A4FFA4E7F0F77C
:10F6000097FFA1E70223B3E7407C07F00FFAA1E7D9
:10F61000407CBDE83840003818BF012007F01ABA16
:10F62000407C01F03DFF95E71DF0BCFC93E71130F5
:10F630001AF014F808F02EF886E7407C08F030F84D
:10F6400082E711301AF00AF8054B18807CE7407CFD
:10F650000EF09CFD78E7002303707CE7E84600206D
:10F660008051002038B50446EFF79AFA10B1012511
:10F67000284638BD2046EFF71DFD0028F7D120466B
:10F68000F0F71AFA0028F2D1204618F079FF002886
:10F69000EDD12046F0F704FC0028E8D12046EFF732
:10F6A0009BF90028E3D1204618F003FF0028DED1A3
:10F6B000204618F08EFE0028D9D12046F0F79CFB9A
:10F6C0000028D4D1204618F0BDFF0028CFD1204615
:10F6D00018F0BDFF05460028C9D121460148FCF7B6
:10F6E000EDFEC5E7B76904082DE9F04FB5B0F0F7B6
:10F6F00017FDF0F749FDDFF844830646D8F80030DF
:10F70000C84D9A78DFF8389302F0030101290BBF46
:10F7100005200320B3F80110597808BFB3F803207F
:10F7200001F003042A8005941C780344BE48DFF8E6
:10F7300014B303604FF00000C9F80030BB4B0CBF9E
:10F740004FF0000A4FF0010A09068BF800401870CC
:10F7500005D5582332202B8000F064FC2CE1B44FF7
:10F76000397821B91AB1582330202B80F4E718F0EA
:10F77000C9FF18B9582342202B80EDE74FF0010351
:10F780000FA88DF83C301BF029FA9DF83C20002A88
:10F7900000F012812C88562C00F2B280462C31D811
:10F7A000272C57D92046FFF75DFF002840F0048141
:10F7B000582331202B80CFE7A4F18F030E2BF1D8F3
:10F7C00001A252F823F000BF97FD0108B3FD010824
:10F7D00031FE0108A5F70108A5F70108F1FD0108B0
:10F7E000A5F70108A5F70108A5F70108A5F7010885
:10F7F000A5F70108A5F70108A5F70108A5F7010875
:10F800004DFD0108A4F147020F2ACBD801A151F800
:10F8100022F000BF67FD0108A5F7010851FC0108AF
:10F82000A5F70108A5F70108A5F70108A5F7010844
:10F83000C1FC010891FD0108A5F70108A5F7010821
:10F84000F1F9010849FA0108A5F70108A3FA01082E
:10F85000C1FA0108272CA5D801A252F824F000BF54
:10F8600093F9010857FD01087FFA010829FB0108F7
:10F87000A5F7010817F9010847FB0108A5F70108DA
:10F88000A5F7010859FB010859FB010867FB0108AE
:10F8900067FB0108A5F7010873FC0108A5F701083B
:10F8A000A5F70108A5F70108A5F7010861FD010802
:10F8B000A5F70108A5F70108A5F701087DFD0108D6
:10F8C000A5F70108A5F70108A5F70108A5F70108A4
:10F8D000A5F70108A5F70108A5F70108A5F7010894
:10F8E000A5F70108A5F70108A5F70108A5F7010884
:10F8F000A5F70108A5F701086DFD010877FD0108CE
:10F900009D2C11D88E2C3FF657AF652C00F0FB8153
:10F91000812C7FF447AF052E4ED9D9F80030053E33
:10F920003344C9F8003047E0F12C00F0EC811ED8D8
:10F93000AA2C00F0DB80AB2C7FF434AF94220021A2
:10F940000FA81BF0FEF913AB0DF14D02019301203E
:10F950003849009211AA00F08BFB0FA81BF0F1F8B8
:10F960009DF83C30002B40F08680212084E0FC2C68
:10F9700000F00B8240F205139C427FF413AF00F0BD
:10F9800033FB044600F030FB0146204605F086FAC2
:10F9900072E000F029FB0446102000F043FB022037
:10F9A00000F040FB48F230001DF073FB3A781AB9C2
:10F9B000102C01D101223A70D8F800309BF80020B9
:10F9C0001A70D8F800209378002B40F03D82BAF1ED
:10F9D000000F00F039822B88937001212A88059846
:10F9E000D31F5A425A4135B0BDE8F04FFFF748BB2C
:10F9F0000023CDE90F33119300F0F6FA8DF83D00A6
:10FA00000FA81BF0C1F89DF83C301BB92122ADF8BE
:10FA100044301092084911AB10AA002000F028FBD6
:10FA2000CAE700BF7243002004330020E7460020ED
:10FA3000EB460020E4690408D16904083420002062
:10FA400000330020EC4600203878012801D0022045
:10FA500012E00023B449CDE90F3311930DF13D02BB
:10FA600011AB00F005FB0FA81BF0A3F89DF83C308C
:10FA70000BB92123109310981DF01FFB9CE73B78D6
:10FA8000012BE4D1711F0520C9B2F0F767FB30B13B
:10FA9000FFF7F4F900280CBF21200020ECE7192023
:10FAA000EAE700230120CDE90F3311939F4911AB01
:10FAB0000DF13D0200F0DCFA0FA81BF063F8D5E76A
:10FAC0000023CDE90F33119300F08EFA8DF83D003D
:10FAD0000FA81BF045F89DF83C301BB921228DF88A
:10FAE00044301092924911AB10AA96E7942200215B
:10FAF0000FA81BF026F900F077FA8DF844000FA844
:10FB00001BF00EF89DF83C301BB921228DF84C30CB
:10FB100010920DF14D0213AB009200208549019324
:10FB200010AA00F0A5FA47E7942200210FA81BF0C5
:10FB300008F90120804912AB11AA00F099FA0FA828
:10FB40001AF0FDFFDEE70120FFF7A4FB002840F0DC
:10FB5000828107232B802FE7A4F1090250425041F4
:10FB600018F072FD28E700F03FFA0628074616D184
:10FB70000C2C3FF46CAF0024282000F053FA6F4B9C
:10FB80001E88E2B2022331460FA818F045FA01346C
:10FB9000BDF83C001DF07DFA142CF2D10CE70828CA
:10FBA00004D10C2C3FF453AF002065E70B28F8D0AC
:10FBB0000C2C02D109283FF44AAF4FF00009604EE7
:10FBC0003378BB4225D10C2C02D0707800F02AFA91
:10FBD00071680022737809880FA818F01DFA0C2CA0
:10FBE00029D100F001FA0346707883427FF4BDAE5C
:10FBF00000230FAAD9B2884216D80FA900F0FCF949
:10FC00007368727818880FA918F01CFA00201DF08C
:10FC100054FA09F10109B9F10B0F06F10806CFD129
:10FC20000C2CC1D1272027E712F8011B0133FF2933
:10FC3000E0D03B2020E7092F05D1152200210DF14E
:10FC400082001BF07EF870780FA900F0FBF9B3E694
:10FC500001210FA819F000F830B91DF02EFABDF8F7
:10FC60003C001DF016FAA7E621201DF026FA002020
:10FC7000F7E700F0B9F904461DF015FA814600F0E7
:10FC8000B3F9074600F0B0F919F4004F06467FF4C7
:10FC9000DEAE032F3FF6DBAE012C3FF6D8AE29488F
:10FCA00023B200EBC3043A46494650F833001DF036
:10FCB0007AF9002E18BF3E46A4F80490A67173E7A7
:10FCC00000F092F900230128ADF83C308DF82C307B
:10FCD00017D81C4B00B203EBC0040BAA53F830003A
:10FCE0000FA91DF07CF9A3791C1E18BF0124BDF8D3
:10FCF0003C001DF0CEF99DF82C0000F093F9204651
:10FD00002AE51C46F3E729240F4E36F8020B013C86
:10FD10001DF0BFF914F0FF04F7D12B88652B7FF499
:10FD20004BAEF0F705FC47E6D4690408D769040830
:10FD3000DA690408DD690408E16904084226040858
:10FD4000F0690408584E0020483600201DF0ABF939
:10FD5000F0F75AFA30E600F047F902F033FFFBE41F
:10FD600018F0DFFC28E618F0D3FC25E603F082FC4F
:10FD70000146082069E71EF0C2F972E70FA81DF0DE
:10FD800078FA0FA806F012FA76E61EF042F9E3E4DC
:10FD900018F06BFFE0E41DF0ECF84FF6FF739842AB
:10FDA00005D000F021F92D4B18700020D4E401207B
:10FDB000D2E408230BAA8DF81B3007ABCDE9013242
:10FDC00003930DF11B030120254900930DF11A0245
:10FDD0000FAB00F04DF99DF81A000B9B003818BFCF
:10FDE00001209DF81C200FA91EF06AFAC0B2B3E4EE
:10FDF000102007A900F000F90BA9102000F0FCF872
:10FE00000FA8F1F7E9F809230FA88DF83C30F1F7B6
:10FE1000EFF80BA90FA819F08DF90FA8F1F708FC5E
:10FE200007AA11460120F1F799FC102007A90CE759
:10FE30001DF09FF81DF02DF9042000F0F3F81820B4
:10FE400000F0F0F80F2087E42B88D370D8F800205A
:10FE50001B0A1371C1E535B0BDE8F08FE5460020FF
:10FE6000E869040813B504460A4B03EBC0018A791C
:10FE700053F8300089881DF096F801A80F2119F079
:10FE8000EFFB032101A88DF806401DF0C4F802B075
:10FE900010BD00BF584E002008B503481DF0D1FD2D
:10FEA00080F00100C0B208BD744300202DE9F04786
:10FEB00082460F4691461C469DF8248018F024FC8B
:10FEC00000283CD008F1030020440021384402F00F
:10FED00075FB054620B901221A4B1A70BDE8F08760
:10FEE00002F0A6FA184B06461B783A4603708023A8
:10FEF000437001235146837003301AF0EBFE2CB19E
:10FF0000F81C2246494630441AF0E4FEB8F1000FCE
:10FF100006D003343C444246089930191AF0DAFE00
:10FF2000012018F09DFB094A294613780848013B37
:10FF3000012B9CBF0023137000221DF08DFD0120BA
:10FF4000CCE700BFED460020EC460020E64600204E
:10FF50007443002013B504461921684619F080FB4C
:10FF600022460DF10201012019F07EFB06216846B0
:10FF70001DF051F8152C02BF0222024B1A7002B07C
:10FF800010BD00BFEB46002013B50A4B04461B789A
:10FF9000022B0DD10D2101A819F062FB21460DF1B4
:10FFA000060019F05DFB04210DEB01001DF033F894
:10FFB00002B010BD6C46002008B503481DF041FD9D
:10FFC00080F00100C0B208BD7443002008B50548A8
:10FFD00002F054F8FEF74CFFECF722F9BDE80840B8
:10FFE00018F03BBB74430020024A1368591C11608F
:10FFF000187870470433002038B50446044D08468D
:020000040802F0
:10000000224629681AF083FE2B6823442B6038BDF2
:10001000043300200346024A10680344136070470B
:1000200004330020054B064A196812688A1AC92A47
:10003000D8BF08701A6801321A6070470033002078
:100040003420002038B50446074D084B28681B684B
:10005000C31A2344CA2B02DC22461AF058FE2B682E
:1000600023442B6038BD00BF003300203420002023
:100070000EB477B5054607AB53F8046B0193013E08
:1000800016F8013F23B903B0BDE8704003B07047D4
:10009000019A622B02F104011468019133D0703B84
:1000A000D9B20729ECD8072BEAD801A151F823F0DF
:1000B000210102088100020881000208D100020823
:1000C00081000208D1000208E3000208F5000208DE
:1000D0001DB1FFF789FF2070D2E72078FFF7A2FF5C
:1000E000CEE71DB11CF0DFFF2080C9E720881CF09F
:1000F000D0FFC5E71DB11CF0EAFF2060C0E7206813
:100100001CF0DBFFBCE702F10803019353682146B2
:10011000187815B1FFF770FFB2E7FFF793FFAFE76D
:1001200002F108030193002DAAD004485368016826
:100130001B780B4403602160A2E700BF043300205A
:1001400038B50D46044616F0B7FC064A13889BB234
:100150002DB123431380BDE8384016F0B3BC23EA29
:100160000403F7E7784300200022034B01214FF4FA
:1001700080701A70FFF7E4BFF446002008B5054B05
:1001800018681BF0A2FE00F00300C31E584258413D
:1001900008BD00BF203300200023F0B585B0CDE9B5
:1001A00001330393124B134D1B78134E8DF804301B
:1001B00016F082FC2A78337804469A420F4F0CD00E
:1001C0003178386801AA29701BF0A6FE50B140F6BC
:1001D000A1110B48EBF78EFD04E038681BF075FEAB
:1001E0000128EDD0204616F06DFC05B0F0BD00BF33
:1001F000F0510020ED510020EE510020203300206E
:10020000486A040838B504461AF081FC0C4B0546D0
:100210001978987881420FD0631E082B0CD8DFE83C
:1002200003F0050D0B0D0B0D0D0D0D000022014609
:10023000044B18681BF047FE284638BD0022F7E73C
:10024000F051002020330020F8B52D4B1B7823B14E
:1002500040F683312B48EBF74DFD16F02DFC2A4B71
:1002600007461C8814F0060409D001214FF4807061
:10027000FFF766FF3846BDE8F84016F023BC21467C
:100280004FF48070FFF75CFF204601F065FC022808
:100290000AD180221D4B802118681BF016FA17F036
:1002A00065FEFFF779FFE5E7204601F055FC0546BE
:1002B00038B1012807D040F6C5311248EBF71AFDD6
:1002C000D8E70246E6E7FF22104E114B30681A705D
:1002D000FBF722FE30681BF0F8FD01280CD02A46FF
:1002E000294630681BF0F3FD21462C20FFF78AFFDA
:1002F00021460A20FFF786FF17F039FEBAE700BF54
:10030000F4460020486A0408784300202033002087
:10031000ED51002038B54FF0FF300C461BF0AFFA1E
:100320000A4B054618681BF0AAFA641B241A20B26F
:1003300010F1630F06DB10F1240F05DA6430800042
:10034000C0B238BD0020FCE7FF20FAE720330020D0
:1003500010B50E4C236823B940F634410C48EBF736
:10036000C9FC2068013019F079F900F00700032872
:100370000AD1246809220121204601F055F9205CA8
:10038000031F5842584110BD0020FCE710330020E5
:10039000486A040808B5134B1B78062B04D040F2BA
:1003A000E5711148EBF7A6FC104B1B881B0704D422
:1003B00040F2E6710C48EBF79DFC0D4B2A201978B2
:1003C000FFF720FF00210820FFF7BAFE0222094BA9
:1003D0001A70094B1868FBF79FFDBDE8084018F03C
:1003E00049B900BFF4460020486A04087843002059
:1003F000F1460020EB51002020330020002101486D
:1004000002F052BAE44E00207F2837B5044612D1DC
:100410004FF6FF7318490246ADF8063009880223EB
:100420000DF1060017F005FEBDF80640E2054CBFD1
:100430006FF04A0464B216F03FFB104B05461C7087
:100440000F4B1B88DB0710D50E4B1B78002B0E4B78
:100450000CBF21466FF07F0118681BF059F920B1DD
:1004600040F60A610948EBF745FC284603B0BDE8B1
:10047000304016F027BB00BF40260408E45100209E
:1004800078430020F546002020330020486A040805
:1004900008B50A4B1B88DB0604D440F6080108485F
:1004A000EBF728FC00211020FFF74AFE002001F0A6
:1004B000B5FABDE8084018F0DDB800BF7843002069
:1004C000486A040810B5044616F081FC034628B1BA
:1004D00016F07BFC012814BF1023082304490548AB
:1004E0002246BDE81040097800681BF00EBD00BF31
:1004F000EE51002020330020F7B5124CD4E90065FE
:1005000086EA020C85EA03070CEA000C0F405CEA5D
:10051000070E15D086EA0C067D40C4E90065CDE9DA
:1005200000230B460849024608681BF082FD38B1DB
:1005300040F2F511054803B0BDE8F040EBF7DABB37
:1005400003B0F0BD3816002020330020486A0408AC
:1005500010B516F022FC60B116F02EFC0B4A80B1EB
:1005600041F20D03BDE8104041F20D010748FFF7CD
:10057000C3BF074B1A789B789A4204D1002200230C
:10058000F0E70D23EEE7034AF9E700BF400D030053
:10059000F0510020488D010038B5264B04461B88D9
:1005A0009B0741D50128244B2DD1197859B3013926
:1005B000C9B2197011B92020FFF7C2FD0021022035
:1005C000FFF7BEFD04221D4B00211D481A7002F0EA
:1005D0006BF91C4C2068013019F040F800F44060C1
:1005E000B0F5006F23D1246801210422204601F0D8
:1005F0001BF8204419F032F80146BDE838400022CB
:10060000202018F0F0BA00210F4D02201970FFF7DA
:1006100097FD2B78FF2B04D040F256610B48EBF787
:1006200069FB2C7018F026F8012CD2D038BD4FF69B
:10063000FF71E2E778430020F3460020F4460020F3
:10064000C44E002010330020EC510020486A0408FA
:1006500038B5124C05462388580709D5FFF78EFD9B
:1006600001460720FFF7CEFD00210420FFF768FDBB
:10067000238899070AD50A4B284619788A1F5142C0
:100680005141FFF7BFFD0120FFF786FF23881B07BD
:1006900003D5BDE83840FFF77DBE38BD7843002064
:1006A000F44600202DE9F04F5706804614461D46BB
:1006B00091B005D5FFF762FD01460120FFF7A2FDCD
:1006C000EE0403D500212D20FFF79CFDA00223D5C9
:1006D00040461BF0F7FC0146F0B94020FFF730FD23
:1006E00040460AA91BF0F7F8B0B99DF83030022B4C
:1006F0006DD1BDF8280010F005FAFF2808D140465A
:100700001BF0E7F840B901214020FFF719FD03E095
:1007100010F030FA0028F2D1A10305D5FFF72EFD25
:1007200001460320FFF76EFDE20104F0807354D50B
:10073000AD4B1B889F072FD5AC4E30681BF055F88A
:1007400050BBAB4BAB4F18703B78FF2B04D040F243
:100750001461A948EBF7CEFA4FF0000900210220FE
:10076000FFF7EEFC87F80090A44F3B78062B07D1EB
:1007700001210820FFF7E4FC49462820FFF742FD4D
:100780003B78052B06D100212B20FFF73BFD30687D
:10079000FBF7C2FB17F06EFF260740F1C180934FB5
:1007A0000321386805AA1BF093FC064620B940F2E5
:1007B00086619148EBF79EFA9DF81430072B49D0DB
:1007C000FFF7DCFC01460420FFF71CFDA8E0032B2B
:1007D000A2D10AA81FF088FA9CE705F00202134391
:1007E0000BD0864B262019788E1F71427141FFF77E
:1007F00009FD0120FFF7D0FECEE704F080531A4335
:1008000009D07E4B1978881F414241412620FFF7CD
:10081000F9FC0220EEE704F088410B4306D0774B49
:10082000272019788A1F51425141F0E705F008034B
:100830000B4302D02320FFF7E5FC6B0703D5002113
:100840002420FFF7DFFCEF07A6D500212520FFF7C6
:10085000D9FCA1E7314638680AAA1BF041FC20B157
:1008600040F28D616448EBF745FABDF81610386820
:1008700002310AAA89B21BF035FC20B140F29C611A
:100880005D48EBF737FA00230093314604233868BC
:1008900004AA1BF03EFC042804D040F2A261564892
:1008A000EBF728FADFF8609199F80030002B40F060
:1008B000AD800DF1110018F0D1FE00F00700022804
:1008C00040F0A480FFF75AFC01460920FFF79AFC8C
:1008D0004A4B1B78062B23D1494B9DF813201B78DC
:1008E0009A421DD19DF8353023B94FF4D761424863
:1008F000EBF700FA0DF1110018F0B0FEC0F300168E
:1009000031462920FFF77EFC00210820FFF718FC64
:100910003C4B1E70FFF71CFD10B93868FBF7FCFA62
:10092000E20505D5FFF72AFC01460420FFF76AFC23
:1009300014F4863F05D0FFF721FC01460220FFF7A3
:1009400061FCA30111D5FFF719FC01460820FFF750
:1009500059FC00210420FFF7F3FB284B1B78012BE7
:1009600003D1224B1868FBF7D7FA14F0084F09D0CF
:10097000FFF704FC01460720FFF744FC0021042098
:10098000FFF7DEFBA70009D5FFF7F8FB01460620BD
:10099000FFF738FC00210420FFF7D2FBA60705D59E
:1009A000114B1B881C0701D5FFF7F4FC680603D523
:1009B00000210A20FFF726FC290602D501201CF0A1
:1009C00037FEEA0540F1C08040461BF07AFA052860
:1009D00000F2B0800138042800F2B680DFE800F0B1
:1009E000B1C1B1B1B10000BF784300202033002075
:1009F000F3460020EC510020486A0408F446002029
:100A0000EF460020EB510020F7460020BDF816000D
:100A10000121083080B201F0D1FD039000283FF49D
:100A2000CFAE01F005FD0799BDF8182006461AF073
:100A300051F9089941B1BDF81800BDF81620121AF5
:100A400092B230441AF046F999F800A0BAF1000FBA
:100A500020D106F1010B584618F000FE800658D54B
:100A600038681BF02FFB0746FFF788FB0537014668
:100A7000F8B2FFF7C7FB584618F0F0FD00F007008A
:100A800003283D4F2DD001210420FFF759FB1AF018
:100A9000FBFE386000223949BDF816300978F71896
:100AA000F1549DF83630BB709DF83730FB700A9BCF
:100AB000190E3971190C7971FB71190A99F8003006
:100AC000B97123B9737892B343F020037370002097
:100AD00001F0D2F97870039801F0D6FD17F0CAFD45
:100AE0001EE701210922304600F09EFD305C012105
:100AF0000428C9D1FFF724FB1AF0C6FE204B38604A
:100B00001B885906C6D551464020FFF719FB012224
:100B1000C1E7FFF733FB01460920FFF773FB194BD1
:100B20001B78012BB6D13868FBF7F6F9B2E723F052
:100B30002003CBE7342804D00FD8142801D0242870
:100B400011D12620FFF784FDAB0512D501218020AD
:100B500011B0BDE8F04FFFF7F3BA00F0EF00442802
:100B6000EEE72720EEE740F6A4010748EBF7C2F8CE
:100B7000EAE711B0BDE8F08F0C330020ED51002002
:100B800078430020F4460020486A0408F8B5164E61
:100B90000D46337802F0010423B140F2923113483C
:100BA000EBF7A8F8124B134F1D60134DA4B1134B74
:100BB000997801B101212020FFF7C2FA2B783B7010
:100BC0000F4B1C780F4B00211C70042333700E4810
:100BD000BDE8F84001F068BE21462020FFF7B0FADA
:100BE0002B783B70EEE700BFF4460020486A04080B
:100BF00010330020F1460020EF5100201433002074
:100C0000F2460020F3460020E44E00202DE9F84390
:100C100015F052FFDFF8A0810546B8F80030614CAE
:100C200013F4807F03D0237873BBFFF70DFB002103
:100C30000846FFF7E7FA5C4B1A78FF2A13D01A78B8
:100C400002F0FF0632BBFF221A702378052B0AD16F
:100C500000232846237015F035FF30461CF0DBFCDE
:100C600015F02AFF05462378504E062B09D133781C
:100C7000FF2B06D03378022B15D100214C4801F010
:100C800013FEFF2333702BE000214FF48070FFF739
:100C900057FACCE71A78012A4FF0FF0214BF332627
:100CA0004C261A70D4E7337813B13378012B22D154
:100CB000FFF74EFB07463E4896F8009001F090FE85
:100CC000FF235FFA89F9337077B1B9F1010F44D18D
:100CD0006421374884F8009001F0E6FDFFF75CFAE4
:100CE000284615F0EFFE06E02846277015F0EAFECC
:100CF00038461CF090FCB8F800301B0605D50021E2
:100D00008020FFF71DFA18F019F801F0CFFC294EEA
:100D1000308000B32778012F42D101F089FB0546CE
:100D200010B3013018F09AFC00F44060B0F5006F89
:100D30001AD104223946284600F076FC284418F0DF
:100D40008DFC4FF6FF7398420ED10020318800F0E1
:100D5000B9FD00233380BDE8F883002328462370C3
:100D600015F0B0FE3F20C4E7114801F039FE002124
:100D700008462170012500F057FD23780BB9FFF7D5
:100D800063FA0020318800F09DFD00233380002DA0
:100D9000E1D020780028DED1BDE8F8431CF0E9BDA1
:100DA0000025EAE7F4460020EC510020EB5100203A
:100DB000E44E00207643002078430020074B1A7849
:100DC00042705A7882709B781A1E18BF01220370F5
:100DD000034B02711B78C370704700BF14330020AF
:100DE000EF51002008B513460A461946064B18680D
:100DF0001AF055FD30B1BDE8084040F2B641034855
:100E0000EAF778BF08BD00BF20330020486A040815
:100E100008B513460A461946064B18681AF039FDFC
:100E200030B1BDE8084040F2BD410348EAF762BF77
:100E300008BD00BF20330020486A0408024B187820
:100E4000B0FA80F040097047F4460020024B187851
:100E5000431E584258417047F446002008B5064BDF
:100E60001B7823B140F2E6410448EAF743FFFFF75D
:100E7000EBF9002008BD00BFF4460020486A0408D2
:100E800008B5064B01EB8101186849001AF08EFC89
:100E9000002814BF2120002008BD00BF20330020FF
:100EA00008B5044B1868F4F793FE0A2390FBF3F09F
:100EB00040B208BD20330020014B1878704700BFB6
:100EC000EE51002008B5044B18681BF06FF8B0FA1B
:100ED00080F0400908BD00BF2033002038B5124D16
:100EE0000C462B78012B04D940F207510F48EAF742
:100EF00001FF21460020FFF7E5FF90B10C4B1C706D
:100F00002B785BB9FFF7A0F90A4B93F900100A4B55
:100F1000C90118681BF08FF8002038BDFFF73CF9B5
:100F2000F2E72120F9E700BFF4460020486A0408F0
:100F3000EE510020F646002020330020014BD870EF
:100F4000704700BF1433002008B5054B0121186815
:100F50001AF0E6FF0028B8BF033040F3870008BD51
:100F60002033002008B5074B18681BF019F830B182
:100F7000054BB3FBF0F083B20BB1184608BD01205E
:100F8000FCE700BF2033002040420F0008B5074BAC
:100F900018681BF009F830B1054BB3FBF0F083B2D1
:100FA0000BB1184608BD0120FCE700BF203300202C
:100FB00040420F002DE9F347534F012016F0D8FFB0
:100FC0003B88990704D440F6D3315048EAF792FEA3
:100FD000DFF85C8198F80030053B012B04D940F61E
:100FE000D5314A48EAF786FE494E336823B940F6C0
:100FF000D8314648EAF77EFE3C8814F020045CD0E5
:1010000001212220FFF7FEF84FF47A74FFF7BEFFAC
:1010100033681B780933434304EBC30498F800306A
:10102000A5B2062B0BD1FFF79DFF0446FFF7AEFFDD
:10103000602358430C2303FB0400284485B2D6F8F0
:101040000090344B99F800801C7808F1FF38324E3C
:101050001FFA88F8002C3FD13B885A0532D57378A7
:10106000DFF8C8A026468AF80030CAF8085015F004
:10107000AEFE30B115F0A9FE012814BF10230823DD
:101080001E43264D80234946424628681BF01CF823
:10109000234B1978234B19703B889B061FD5CDF83D
:1010A00000A03246204B28681AF02DFF10BB00200C
:1010B00002B0BDE8F04716F05BBF21462220FFF7E3
:1010C000A1F8A3E709F1010018F0C8FA10F0200414
:1010D0007378C5D00124C3E700247378C0E7324693
:1010E000124B28681AF00DFF014618B92520FFF7AA
:1010F00089F8DCE721462620FFF784F840F67B31AB
:101100000248EAF7F7FDD2E778430020486A04086E
:1011100010330020F7460020F0510020203300203B
:10112000EE510020ED51002014330020A84E002085
:10113000F446002008B5174B1B889B0704D440F6E3
:1011400038611548EAF7D6FD144B1B78053B012B97
:1011500004D940F639611048EAF7CCFD104B1B6802
:1011600023B940F63B610C48EAF7C4FD00220D4B61
:1011700021200D491A70FFF745F818B9BDE808405D
:10118000FFF718BF022803D1BDE80840FFF704BAF3
:1011900008BD00BF78430020486A0408F4460020D8
:1011A00010330020EE46002045130208F8B5594CD4
:1011B00023889A0704D540F2DE215748EAF79AFDC2
:1011C000564801F00DFC15F077FC238805465B07B7
:1011D0000BD51AF059FB524B1B68C01AB0F5717F42
:1011E00003D900210420FEF7ABFF28464D4D15F032
:1011F00069FC2B78042B32D115F05EFC238806465F
:101200005F0708D54548002101F04EFB3046BDE898
:10121000F84015F057BC15F055FC15F04DFC424B4D
:1012200006461B78414F13B9238859050FD505236E
:10123000012102202B70FEF783FFFFF77BFF304672
:1012400015F040FC3B68DA78394B1A70F8BD386805
:10125000013018F003FA8206E9D50623E8E7062BE9
:101260004DD1344B1B78FF2BF0D1334E15F0B6FD2A
:101270003378002B3DD015F01FFC238805465B0713
:1012800005D52648002101F00FFB2846BFE715F0E1
:1012900019FC3378013B337015F00EFC0446012134
:1012A0000220FEF74DFFFFF745FF20461F4C15F0CB
:1012B00009FC2068013018F0D1F900F44060B0F565
:1012C000006F13D1246801210422204600F0ACF9FC
:1012D000204418F0C3F90146184B04201A783378DB
:1012E000D21AD2B2BDE8F84017F07DBC4FF6FF71BC
:1012F000F2E740202B70BDE8F8401CF08CB9012BC0
:10130000A4D100232B700E4B1868FAF705FE3F207E
:10131000F1E700BF78430020486A0408E44E00204B
:101320000C330020F4460020F74600201033002044
:10133000EF460020EB510020F1460020EF51002045
:101340002033002008B50A4B1A7882B901221028F0
:101350001A7004D040F62F610648EAF7CBFC002152
:101360002020FEF7EDFEBDE80840FFF723BE08BDD4
:10137000EE460020486A040838B510200C460121CA
:10138000FEF7DEFE064B1D68FFF7ECFD012200FBB9
:1013900004F1044B28461AF09FFD002038BD00BF21
:1013A000203300209104020808B5094B1B88DB0696
:1013B00004D440F27D510748EAF79CFC102000213C
:1013C000FEF7BEFE044B1868BDE808401AF092BD57
:1013D00078430020486A04082033002010B5064CEA
:1013E00020681AF027FAC30704D52068BDE810402A
:1013F0001AF022BA10BD00BF20330020012208B528
:10140000084B114618681AF062FD00212C20FEF7E7
:10141000F9FE00210A20FEF7F5FEBDE8084016F0AF
:10142000A6BD00BF203300200148EAF763BC00BF1F
:10143000626A0408014B4008185C7047E7510020BD
:1014400008B513460A461946064B18681AF02DFAD5
:1014500030B1BDE8084040F679410348EAF74ABC9C
:1014600008BD00BF20330020486A040808B5044BBB
:1014700018681AF02AFD013818BF012008BD00BF06
:1014800020330020054B10B54C0022460146186859
:101490001AF02EF9031B5842584110BD203300208A
:1014A00003289DBF024B187000202120704700BF09
:1014B000F24600201FB50023CDE9013303930B4B07
:1014C0000B4C1B7820688DF804301AF020FD094B76
:1014D0002068197801AA1AF01FFD20B140F66F515B
:1014E0000548EAF707FC04B010BD00BFF05100202A
:1014F00020330020EE510020486A0408094B10B543
:101500001B880446DB070BD5B0FA80F1064B49096E
:1015100018681AF0D0F9003C18BF0124034B1C7066
:1015200010BD00BF7843002020330020E65100208A
:1015300070B5054615F0C0FA0E4B0F4E1B880446D9
:10154000DA07357008D50D4B0D4D1B78012B08D9E6
:10155000012128681AF0B4FD2046BDE8704015F05E
:10156000B1BA1BB115F00FFCC305F1D4317881F08D
:101570000101EEE778430020E5510020F546002008
:101580002033002010B5054C94F900007F2801D1CC
:10159000FEF73AFF94F9000010BD00BFE4510020AF
:1015A0000C4B10B51B880446DB0711D5FEF7D0FFA6
:1015B000094B84F0010208211868D2001AF085F85E
:1015C00030B1BDE8104040F6C7610448EAF792BB6D
:1015D00010BD00BF7843002020330020486A040873
:1015E00008B5044B014618681AF078F9003818BF9E
:1015F000012008BD2033002010B50A4C23787BB1B0
:10160000FFF7FCFE00210420FEF79AFD00210220D6
:10161000FEF796FD00232370BDE81040FEF714BED0
:1016200010BD00BFF4460020032A134601D91CF068
:101630001AB8014AD05C70476C6A040838B509488A
:1016400000F01CFD0024084D95F84430E0B28342C0
:1016500000D838BD05EBC000043000F00FFD0134A8
:10166000F2E700BF44340020A433002008B5104640
:101670000249482219F02EFB002008BDFC3300204F
:1016800008B505481CF02BFC014620B9BDE8084010
:10169000014801F009B908BD044F0020002238B507
:1016A0001B4B15461C461A700132082A5D609D804E
:1016B00043F8085FF8D148220021164819F041FB91
:1016C0004FF6FE73A4F868306FF480337F22002158
:1016D0001148E36519F035FB104BC4E91255C4E914
:1016E000283584F8445084F85050656584F8A85033
:1016F000EAF75EFCFF220A4B01211870094B00201B
:101700001A70E5F751F90020FFF7BAFF002038BD45
:10171000A4330020FC330020243300200000FFFF0E
:10172000F84600204A47002010B5AC24084B04FBC3
:101730000030836C53B990F850403CB931B1C0E9E6
:1017400012122046FFF79CFF204610BD2120FCE727
:10175000A4330020AC2370B503FB00F5094E7319C8
:1017600093F850405CB9204611F0FEFD735D2046B1
:1017700043F002037355FFF783FF204670BD01203D
:10178000FCE700BFA4330020AC235843024A135C9B
:1017900023F0030313547047A433002070B516469A
:1017A0001F4A04461278C2BBAC211E4D01FB0051FA
:1017B0008A6C92BB91F850203AB1022B2DD191F84E
:1017C0004410072907D91C2026E091F84410072966
:1017D000F9D8012B08D0AC2000FB0450CA00011D31
:1017E0000C3019F094FA0021AC2303FB04F0002420
:1017F0009DF8143000EBC1012944CB71049B8E800D
:101800008B602B1893F84420204601328C7183F8AA
:101810004420FFF735FF204670BD0120FCE700BFE4
:10182000F7460020A4330020F8B5234B04461B786C
:101830000F46002B3ED1AC23204D03FB0053B3F8E1
:10184000A03023B94FF44E711D48EAF753FAAC2289
:1018500002FB0452D2F8A46036B192F8A3303946A4
:101860000020B2F8A020B047AC2300216343EA185F
:10187000A2F8A010C2F8A410482192F8A82001FBF9
:1018800002322A44D2F89820964213D0EB5C9B0790
:101890000CD5AC226243AB5C204623F0020343F03C
:1018A0000103AB54BDE8F840FFF7EABE11F07EFD3E
:1018B0000028EED1F8BD00BFF7460020A433002079
:1018C000C76B04082DE9F04F89B0059008460D4616
:1018D00000F0AEFD044618B9212009B0BDE8F08F34
:1018E000284600F0C1FDC0B20838221892F802B0B4
:1018F00092F803A05268215C029200222778B4F883
:101900000130ADF81E20424A049192F80090B9F1DE
:10191000000F09D03F4B1B6823B1514620464FFAB8
:101920008BF298470020D8E703F00703022B6DD015
:101930000134092249462046FFF776FE023F3F1A4E
:101940003B0606465FFA87F8C6D4334FD7F8903087
:101950003BBB00210DF11E09434622460846CDF847
:10196000009011F039FCC3B20546002B4AD1BDF8F6
:101970001E001BF0F7FED8B9BDF81E001BF0EEFFED
:101980000390BDF81E001BF0EDFEE8B906EB08025F
:1019900001232146484692B200F0A0FEC8B11920AA
:1019A0009BE74A460121284698470028D1D193E772
:1019B000D7F89430BDF81E00002BDDD0A119984750
:1019C0000028D9D1022088E742460398A11919F0CE
:1019D00081F9BDF81E0000F02BFD049B059A83726F
:1019E000029B80F808A01BBAC360AC2303FB027300
:1019F00093F8502080F809B0BDF81E0022B1DB6CCE
:101A000003B19847E8B268E7BB6FF9E7012064E7E4
:101A1000F746002008330020A4330020AC2370B523
:101A2000094C054603FB00435E6D26B940F2EF31D9
:101A30000648EAF75FF9AC2303FB0544002363651E
:101A40003346BDE870401847A4330020C76B040834
:101A50002DE9F84308460F46164602F101091BF02E
:101A600082FF804638461BF076FE042856D1384661
:101A70001BF095FE48F661054FF6FF7248F64103EC
:101A8000294C904208BF1D46B4F85C10301D17F079
:101A9000E7FD38461BF083FE0146B01D17F0E0FD60
:101AA000B4F85E1006F1080017F0DAFD06F10A043A
:101AB00038460EF021FE10B145F01005ADB22946B2
:101AC000484617F0CDFD38461BF048FF4246014618
:101AD000204619F0FFF83846012100F033FD444458
:101AE000074660B100F0C0FC0546384600F0A0FC97
:101AF000EDB201462A46204619F0ECF82C440B4A78
:101B0000A41B13780134591C1170F37034703046E3
:101B1000BDE8F84309220121FFF786BD484617F0CA
:101B20009DFD4C460546C3E7A4330020F84600203F
:101B300010B40C461146AC22064B02FB0033586D24
:101B400020B95C655DF8044BFFF716BC02205DF818
:101B5000044B7047A4330020AC2210B548245043F6
:101B6000094B1A1892F8A81004FB0100034493F8DB
:101B70007700022806D092F850301BB9032818BF0E
:101B8000012010BD0020FCE7A433002070B508B18F
:101B9000012070BD234C94F8A850002DF8D129469F
:101BA000B4F85C20FFF734F929462846B4F85E20E3
:101BB000FFF718F92946284604F16002FFF740FCB8
:101BC00094F87730002BE3D0284694F85860FFF75C
:101BD00073F9864215D1002094F95A50FFF760F945
:101BE000854216D10020FFF7B7FF04460020FFF71B
:101BF00025F90028CDD02146BDE870400020FFF730
:101C00002DB9284694F85810FFF768F90028E2D05B
:101C1000BFE7002094F95A10FFF732F90028E1D00D
:101C2000B7E700BFA43300200346AC2010B514462C
:101C3000164A00FB032292F8770002280CD1E07FBD
:101C4000022809D141B112490978012913D992F822
:101C50005810227891420ED118462178FFF732F9B8
:101C600090B1482221460B4819F034F80020FFF7C4
:101C7000E5F808B9002010BD044B93F8A80000282F
:101C8000F8D1FFF783FFF5E72120F4E7A433002024
:101C9000B9510020FC330020AC2208B5084B02FBF0
:101CA000003300205A6DD86483F8500012B1586593
:101CB000FFF77AFB0020FFF769FF002008BD00BF97
:101CC000A43300207FB51C4C94F8A83023B1002029
:101CD00084F8A800FFF75AFF94F85A30B4F8A050DF
:101CE0008DF80F3025B94FF43C711448EAF702F82B
:101CF000134A29460020FFF7ABFEE66F0246104C60
:101D00009EB10DF10F030193002321462846009355
:101D1000B0470246247854B920462146FFF784FD97
:101D20002046FFF7ADFC04B070BD0122F2E70020B1
:101D30000349FEF72BFFF6E7A4330020C76B040826
:101D40002433002038B5494B1C78002C58D1484822
:101D500000F046FE2046FFF771F8002850D0454CB1
:101D60002378D90733D594F850201AB123F0030310
:101D7000237045E023F00103237011F0FFFA23786C
:101D800005469A0701D511F0EFFA2946002011F017
:101D900005F840B92378284643F001032370BDE8D5
:101DA000384011F0E1BA0023482284F8A33094F8B7
:101DB000A83084F8A25002FB0343D3F89830A4F86B
:101DC000A000C4F8A430BDE83840FFF77BBF94F80A
:101DD0004400B0B104F1A003251D95E8030083E899
:101DE0000300FFF76FFF94F844202846D20004F167
:101DF0000C0118F08CFF94F84430013B84F8443017
:101E000038BDA26C62B99B0711D52378002023F05E
:101E1000020343F001032370BDE83840FFF730BCF4
:101E20000123A06484F85030904723789EE711F096
:101E3000BDFA0028E9D194F8A83073B1EEF736FD69
:101E400094F85030002BDBD1FF2818BF84F8A8008D
:101E5000BDE838400020FFF799BED4F88C30002B45
:101E6000ECD098470028CBD1E8E700BFF746002028
:101E7000044F0020A4330020AC22034B02FB0033AC
:101E800093F8A800704700BFA433002070B5044643
:101E90000020FEF7D3FFAC235C430B4E351995F8B9
:101EA00050300BB1002070BD0028FBD007481CF05B
:101EB00016F80028F6D1335D002BF3D195F84400D5
:101EC000B0FA80F04009EEE7A4330020044F002070
:101ED00028B1034B1B68C01A4010013080B2704714
:101EE0006834002030B1044B00F100401B68013819
:101EF00003EB4000704700BF6834002010B5084A6B
:101F000003461BF059FD14684FF6FF7203EB4003C4
:101F10009C42184603D9018802339142F8D010BD83
:101F2000603400202DE9F047204F05463B88A3B3DD
:101F3000B0F90230002B30DBDFF87C801C49D8F888
:101F4000000018F0BDFE20B940F2C3111948E9F7AE
:101F5000D1FE0026DFF85CA0DFF860903A88B3B2CB
:101F60009A4204D840F2C5115046E9F7C3FED9F8A9
:101F70000030B2B253F83200D8F8001003EBC204BC
:101F800068B943F83210A38828460133A3801BF0B8
:101F900013FDE38803EB4003E380BDE8F08718F00E
:101FA0008FFE01360028D9D1EDE700BF7A4300202B
:101FB000706A04087A6A0408244F00205434002010
:101FC00038B5094C094D22682B689A4204D94FF460
:101FD00081710748E9F78EFE28682368C01A20F04F
:101FE000010080B238BD00BF60340020643400209E
:101FF0007A6A040838B5124C124D21462846EEF78D
:10200000B3FA23680BB12B681BB9D2210E48E9F74C
:1020100071FE2A680D4B0E491A60236823F00103F4
:1020200013440B600B4B1A602AB9BDE83840EC2111
:102030000548E9F75FBEFFF7C3FF6428F5D938BD4F
:10204000583400205C3400207A6A04086834002088
:102050006434002060340020064B1B68834206D89D
:10206000054B1B68834294BF00200120704700206D
:10207000704700BF68340020603400202DE9F04133
:102080001D4B04461B78012B24D10088FFF72AFF43
:102090000546D8B10426DFF864802C4614F00CFD08
:1020A00007462046FFF73EFF638843EA0803638044
:1020B000A05BFFF717FF0446384614F003FD1CB180
:1020C000B4F90230002BE9DA062E01D1BDE8F08127
:1020D0000626E2E7022BF9D114F0EEFC0246208836
:1020E000FFF700FF18B10388C3F30E0323801046E7
:1020F000BDE8F04114F0E6BCF94600200080FFFF87
:102100002DE9F04F0024BA4B97B006461C8014F01E
:10211000D3FC0123DFF8EC82B64F3B70B8F80030F7
:10212000A8F80040ADF81630B34B1B68019314F0CB
:10213000C9FCB24B21461A88B14BD200186818F07E
:1021400000FE0DF11600FFF799FF002E3CD1DFF8DD
:10215000B8924FF0000B0125D9F80040019B9C423A
:1021600039D3BBF1000F39D1002DF2D0D9F800409E
:10217000DFF898A225462246019B9A4273D3022398
:102180000DF116003B70FFF779FF002E40F08F80B5
:10219000D9F800603246AA4280F0A2809088FFF70A
:1021A000A1FE18B10388C3F30E039380D088FFF714
:1021B00099FE18B10388C3F30E03D3801046FFF7CE
:1021C0009DFE0246E7E79847E3B256F82330013414
:1021D000002BF8D1BBE7BBF1000F3ED00BF1FF3372
:1021E0005FFA83FB16AB03EB8B0252F8402CB2F97B
:1021F000020051880028B1DA4B04AFD4924641F472
:102200008040931D2AF8020F02933AF8020FFFF75D
:1022100069FEF0B1B0F902E0B0F802C0BEF1000F03
:1022200017DB6FEA4C4C6FEA5C4CA0F802C00390DD
:10223000FFF778FEBBF10F0F8FBF002516AB039A97
:1022400003EB8B009EBF0BF1010340F8402C5FFABB
:1022500083FB029B9A45D8D180E72046FFF74EFECC
:1022600022460446C3E710461BF0A6FB8346B2F99C
:102270000200118800280AEA010108DA2046FFF767
:1022800027FE084381B204EB4B0402EB4B051046DA
:102290001180FFF733FE02466EE798475FFA8AF334
:1022A00056F823300AF1010A002BF6D170E74FF0FF
:1022B000000AF3E73046FFF721FE82467EB1B6F909
:1022C00002307188002B0ADA3088C0F30E00FFF765
:1022D00009FE864203462DD1C1F30D017180564699
:1022E000AE42E7D3DFF81CA114F0E6FB002106465E
:1022F00050461BF01DFCFFF7F5FD0546002800F0D9
:102300008780304614F0DEFB28461BF055FB06465E
:102310002046FFF7DDFD81467600324629462046FD
:1023200018F0F5FC002249460DF116001BF094FB55
:102330003444D9E71BD930461BF03EFBC1F30D01F5
:10234000420071801846314692B218F0E0FCC6E7B0
:102350005046FFF7D3FDD146854203D9B0F902308C
:10236000002B01DA824603E0FFF7C8FDF4E7B1462F
:10237000554507D9BAF80000C0F30E00FFF7B2FDCB
:102380008245E5D3B9F1000F30D0B9F80000C0F3B1
:102390000E00FFF7A7FD034638B93346CB469945F3
:1023A00013D8B1459BD0D946ECE748461BF004FB57
:1023B000B9F802204946C2F30D02A9F802204200F2
:1023C00092B2184618F0A3FCE7E718460193FFF70E
:1023D00095FD019B9B46854203D9B0F90230002B45
:1023E00001DA0346DBE7FFF789FDF4E7CB46DAE7DE
:1023F0007C430020F9460020603400207A4300200E
:10240000543400207E430020683400200080FFFF09
:10241000BDF816303870A8F80030044B30461C6008
:1024200014F050FB17B0BDE8F08F00BF60340020FF
:1024300010B5044608B9002010BD1BF0CEFA20B933
:1024400040F2BA410748E9F755FC2046FFF74AFD3C
:102450000028F0D00388DB0B14BFD0F80A00083046
:10246000EAE700BF7A6A040810B508B9002010BD79
:10247000FFF738FD04461BF0A7FA20B940F2D4411B
:102480000648E9F737FC002CF0D02388DB0B0ABFA5
:1024900060882089C0F30C00E9E700BF7A6A04086D
:1024A0002DE9F0410546FFF71DFD0F460446D8B162
:1024B0001BF08AFA20B940F2E7412048E9F71AFCFC
:1024C0002846FFF7D1FF05462046FFF717FDBD421E
:1024D000064609D004D840F2EF411848E9F70AFC53
:1024E0002588ED0B02D02781BDE8F081678020466A
:1024F0001BF062FA074604EB400814F0DDFA104BBB
:102500001A68B2420AD1C3F8008014F0DBFA2A46F6
:102510004046BDE8F041FF2118F013BCA6EB0806C9
:10252000B5B214F0CFFA072DF1D90023083D44F8D5
:102530001730C8F80430A8F80250D5E77A6A0408C2
:102540006034002038B5FFF7CDFC0D46044650B18D
:102550001BF03AFA20B940F22C510348E9F7CAFBC4
:10256000023534F8150038BD7A6A040870B5FFF7F3
:10257000B9FC0C4616460546B0B11BF025FA20B949
:1025800040F237510C48E9F7B5FB3046FFF7AAFC9B
:102590001BF01AFA20B94FF4A7610748E9F7AAFB24
:1025A000023425F8146070BD40F23C51BDE8704023
:1025B0000148E9F79FBB00BF7A6A04082DE9F84398
:1025C0000746884616F080F820B940F277512A482D
:1025D000E9F790FBFC1CA408284B64000434B7F511
:1025E000005F1E68A4B204D340F27E512248E9F78E
:1025F00081FB14F061FA224981460B687BB9214BBB
:102600001D68761BC6F34F06B44227D900254846FD
:1026100014F058FA2846BDE8F843FFF759BCB8F162
:10262000000F11D0174A15685A1BC2F34F0294428B
:10263000ECD81448620005EB44040460B8F1000FC4
:102640000FD113440B600CE0F61AC6F34F0676B9AF
:1026500040F28F510848E9F74DFBD7E705EB4404FA
:102660001C6000236F80AB80EB802B80CFE7B442EF
:10267000CCD8044A1568DCE77A6A04086434002080
:10268000503400206034002038B5054614F014FAA8
:1026900004462946044800221BF0DEF92046BDE826
:1026A000384014F00FBA00BF7E43002038B514F054
:1026B00003FA0021054604481BF03AFA044628466E
:1026C00014F000FA204638BD7E430020024B1888E3
:1026D000B0FA80F0400970477E4300202DE9F74FA3
:1026E000044600881F46FFF7FDFB88461546064650
:1026F0001BF06AF920B940F2E6613F48E9F7FAFABF
:102700003388DB0B009306D033892B4433810020C0
:1027100003B0BDE8F08F2088FFF7A6FE8246304662
:10272000FFF7ECFB019014F0C7F9DFF8D0B0019B84
:10273000DBF8002081469A421DD1FFF741FCA842F8
:1027400004D2484614F0BEF91A20E1E70AEB05036B
:1027500073803FB12088FFF76BFE2A464146504404
:1027600018F0B8FA3046FFF7C9FBCBF8000048462E
:1027700014F0A8F9CBE714F0A5F92088FFF774FE50
:102780002844009980B2FFF719FF06460028DBD0E5
:10279000FFF74EFE81462088FFF74AFE82462088DA
:1027A000FFF762FE51460246484618F093FA30465B
:1027B000AFB1FFF73DFE07462088FFF755FE2A46DA
:1027C0004146384418F086FA01212088FFF7BAFE06
:1027D000012102463046FFF7C9FE268097E7FFF742
:1027E00027FE80462088FFF73FFE2A4639464044B0
:1027F00018F0A7FAE8E700BF7A6A040860340020FE
:1028000038B50C460546FFF72FFEA04203D82B2112
:102810000348E9F76FFA2846FFF70AFE204438BD5F
:102820008E6A040870B506460D46FFF701FE0446A1
:1028300048B13046FFF718FEA84203D833210248BA
:10284000E9F758FA605D70BD8E6A040870B50C46F1
:1028500006461546FFF708FEA04203D83C2104486F
:10286000E9F748FA3046FFF7E3FD00B1055570BDC2
:102870008E6A040833210148E9F73CBAA56A0408C6
:10288000036910B55BB18268064B9A4201D1002002
:1028900010BD446915F056FB201AF9D5F7E74FF043
:1028A000FF30F5E77528020882684B4B2DE9F041AF
:1028B0009A4204460E46056815D121B140F20F1127
:1028C0004648E9F717FA14F0F7F823691BB92B68A3
:1028D0002BB924612C60BDE8F04114F0F3B81A69FB
:1028E00022611C61F6E715F02DFB8046E4F76CFBD6
:1028F00020B14FF493713948E9F7FCF96FF00043C8
:102900009E4221694BD22B7B08EB0602002B4DD057
:10291000AB6893424AD1531C002949D0616999425E
:1029200042D01EB9521AB2F1004F3DD963612369FA
:102930006E689C4203D19A212848E9F7DBF92F46BB
:102940000023B4420BD0002B41D172696169891A0E
:10295000B1F1004F32D83269374694422CD1226906
:10296000BD420CBF6A603A617BB92669B44203D1AB
:10297000B5211A48E9F7BEF93B46012E05D0626938
:102980007169521AB2F1004F23D99D420BBF6B6897
:102990001A69236122610CBF6C601C6104E043442E
:1029A00031B162699342C1D1BDE8F0811346B3E70A
:1029B0006A6822616C60B9E71646C6E7A8EB0202B6
:1029C000B2F1004FC7D93B4637463669B9E71F46D3
:1029D000F9E733463669D0E775280208A56A040886
:1029E00082681C4B70B59A420446056819D114F0F0
:1029F00063F8236923B1A34206D100222A601A6139
:102A0000BDE8704014F05EB81A4611461269A24241
:102A1000FBD12A68A24208BF29600B610023236111
:102A2000EEE7036993B198426E6803D19A210A4890
:102A3000E9F760F92B46B44209D122699D4218BFDB
:102A40001A614FF0000308BF6A60236170BD33460E
:102A50003669F0E775280208A56A04082DE9F043F5
:102A600006460025164FDFF85C808BB0BC7814B9A1
:102A70000BB0BDE8F083B7F800908EB900962346FE
:102A80002A46B8F8001003A81BF016F92346314671
:102A9000484603AA15F0C9FA2544EDB20437E5E724
:102AA0002346494603A8002215F0B6FA01230093F5
:102AB0002A462346B8F8001003A81BF0FDF8EBE700
:102AC000B46A0408804300200148FFF7D7BA00BF6A
:102AD00080430020F7B51546174A0446084611887A
:102AE00011B1164A1278CAB1D4B10022294603B0F6
:102AF000BDE8F04015F090BA3A44D2B20436B77847
:102B0000002FF1D0B6F800C0AC45F5D184F0010437
:102B10003B4600941BF0D0F803B0F0BD084EEEE742
:102B200002462146284615F080FA284603B0BDE843
:102B3000F04016F007B900BF80430020F451002098
:102B4000B46A040810B5074C238843B10020FFF78E
:102B500085FF0020FF22044B20801A7010BD022048
:102B6000FCE700BF80430020F451002038B50E4D33
:102B70002B78FF2B14D100210C4B9C7864B9224692
:102B800020461AF04CFF0A4B188058B101202C70D7
:102B9000FFF764FF204638BD2144C9B20433ECE797
:102BA0000220F8E71920F6E7F4510020B46A04087F
:102BB00080430020024B1888B0FA80F0400970472B
:102BC00080430020142810B518D8082805D116F025
:102BD000E2F8C401E4B2204610BD0E2802D116F07E
:102BE000DDF8F6E7064B53F82040002CF3D00A2816
:102BF0002478F0D108F020F80443EBE7FF24EAE75B
:102C0000DC6A04080823064A12F8011B814205D039
:102C1000013B13F0FF03F7D11846704701207047BE
:102C2000386B04080823064A12F8011B814205D0BC
:102C3000013B13F0FF03F7D118467047012070479E
:102C4000306B0408014BB3F868007047A4330020D0
:102C5000004870470E340020014B1878704700BFC1
:102C600065460020014B1878704700BF6846002079
:102C7000014B1870704700BF68460020204B0228A7
:102C800010B5204C187002D00438012822D82378BF
:102C9000042B0BD000211C48FFF706FE2378033BD2
:102CA000012B03D900211948FFF7FEFD184B1B68C3
:102CB0009A0022D513F0805F40F6114418BF4FF4FC
:102CC0004164204612F09AFAC8B92046BDE8104087
:102CD00016F036B80C48FFF783FE0C48FFF780FE6D
:102CE0001BF0EBFB2378033B012B03D811F062FBB5
:102CF0001624E6E70EF0E0FCFAE71524E1E710BD44
:102D00006C4600206D460020484F0020942600208D
:102D100028270020024B187800F00F00704700BFF2
:102D20006C460020034B187800F00F00831E5842B9
:102D3000584170476C46002008B51BF0A9FBA8B1AC
:102D40001BF0C2FB90B10A481AF07BFE70B1094833
:102D50001AF077FE50B116F026F838B112F060FA8A
:102D600020B9BDE8084004481BF0BEB8002008BDEB
:102D700082430020B24300206C34002030B5054669
:102D80000C4693B081B910B9002013B030BD1023A8
:102D9000072269460120FFF79DFE9DF805305A1E67
:102DA000052A28D91720F0E718220021204617F01D
:102DB000C8FF002DEBD1FFF7B5FF30B315F00DFFC5
:102DC0006A4601460020FEF751FCBDF8043020465B
:102DD00023819DF80230A3729DF80030E3721BF04E
:102DE00078FD002304F11401237304F110001BF09B
:102DF00004FEE081C8E7084A9DF804101278914269
:102E0000D0D12B70002CD6D1BEE7044B1B78033BEE
:102E1000022BD3D9C6E700BFA54500206C46002091
:102E200030B593B005460C46FFF77CFF20B90C4B3C
:102E30001B78033B022B10D815F0CFFE6A460146E3
:102E40002846FEF713FC00209DF8023060702370C6
:102E50009DF80030A37013B030BD1720FBE700BF12
:102E60006C460020054B1878012805D000F0FD00C5
:102E7000A0F1310358425841704700BF6C46002012
:102E800010B508220749044617F031FFB0FA80F068
:102E90004FF6FF732289400940009A4208BF40F074
:102EA000010010BD486B04082DE9F3410E460021D6
:102EB00005461AF0CBFD0023124FADF806002B801B
:102EC0000DF106001AF0BDFD044610B102B0BDE8D8
:102ED000F08121460DF106001AF02AFE8046FFF728
:102EE000A7FA438AB34207D99B1B43822246414635
:102EF00028461AF0B1FDE3E743895B07E0D53B883C
:102F0000F3E700BF8051002008B50A48FFF768FDCD
:102F100009484FF47A71FFF7C7FF07481AF091FD8F
:102F200030B9BDE808404FF47A710248FFF7BCBCE5
:102F300008BD00BF284F00209051002030B5044646
:102F40000D4685B002B9084A1068516801AB03C349
:102F500001AB03CB20602046ADF80C501B886160AC
:102F6000238105B030BD00BFE82704081FB5014626
:102F7000002201A8FFF7E2FF064801A91BF084F830
:102F800020B1FFF755FA4089C0F3400005B05DF865
:102F900004FB00BF9051002030B585B00D460022E3
:102FA000014601A8FFF7CAFF084801A91BF06CF809
:102FB00050B1FFF73DFA044601460822284617F0B3
:102FC000A6FE6089C0F3400005B030BD90510020DE
:102FD00010B5044C20461AF099FD6388181A80B287
:102FE00010BD00BF90510020F8B50546F8B1002192
:102FF0000F481AF02BFD0446A8B10D4F2046FFF7ED
:1030000017FA0646FFF73CFF830705D40822294636
:10301000304617F06CFE38B1214638461AF06CFD88
:1030200004460028EAD10024201E18BF0120F8BD64
:103030009051002010B50C46014606481BF024F8BC
:1030400030B1FFF7F5F943891C4214BF012000207D
:1030500010BD00BF905100201FB51446024601A8C4
:10306000FFF76CFF074801A91BF00EF840B134B11F
:10307000FFF7DEF914220146204617F048FE012032
:1030800004B010BD905100201FB50146002201A8D8
:10309000FFF754FF094801A91AF0F6FF58B1FFF7EE
:1030A000C7F94389024613F0020004D0507B80F038
:1030B0000800C0F3C00005B05DF804FB905100208B
:1030C000014601481BF005B890510020F8B50446B0
:1030D0000E4614200021FFF771FA054620461AF02B
:1030E00015FD6388834225D925B3314620461AF061
:1030F000F0FF08BB2846FFF79BF907460A22314636
:1031000017F005FE082206F10A0107F10A0017F080
:10311000FEFD0A4B1B887B82238823B94FF47A710A
:103120000748FFF7C1FB2046002229461AF094FC0D
:103130000020F8BD1C20FCE72E20FAE7805100207B
:10314000284F002010B5044686B0B0B1FFF798FEB6
:1031500010F0020011D1CDF80E006168CDF8120018
:10316000ADF81600206801AB03C32289044801A909
:103170001A80FFF7ABFF06B010BD2120FBE700BFB0
:1031800090510020F8B50D4616461F46044648B338
:10319000FFF776FE30BB2046FFF792FFE0B12146F5
:1031A00011481AF071FFFFF743F94389057346731D
:1031B000877343F0020321894381204601F0C0FC5C
:1031C000FF28044606D001F0C1FB18B10022074BCE
:1031D00043F82420002004E02046FFF7B3FF002836
:1031E000DDD0F8BD2120FCE79051002064220020B2
:1031F000F7B59DF824400D4601949DF82040064601
:1032000000941F460EF076F94FF6FF71884204468F
:1032100010D0BB0711D4284601F010FA20460DF05B
:1032200071FCFF281FBF084A32F8103023F4804396
:1032300022F81030204603B0F0BD02462946304641
:103240001AF04EFFEAE700BFF242002073B50E46C7
:10325000014614481AF018FF0546D8B1FFF7E8F800
:1032600043890446334012D09B0736B20BD5002E5B
:1032700009DAA17B437B0289007B01910121009146
:103280002146FFF7B5FF638923EA0603638162895C
:1032900012B1012002B070BD294602481AF067FC45
:1032A000F7E700BF905100200148FEF7E7BE00BFDE
:1032B000905100201FB50C460B4A014601A8FFF7AC
:1032C0003DFE01A8FFF7FCFE60B101A907481AF016
:1032D000DBFEFFF7ADF803682360436800206360FE
:1032E00004B010BD2D20FBE7486B0408905100206E
:1032F00010B5FEF77FFE14F03FFE1020FFF762FCD2
:1033000004060DD50020FFF75DFC000608D5274B0D
:103310001A6A12F0020F12D140F61544204610BD71
:103320001020FFF74FFC01060CD40020FFF74AFCE9
:10333000020607D51D4B1A6A12F0010FEBE7DB6995
:103340009B07E9D51A4818F007FE01201AF080F90A
:10335000E8F74AFE04460028E0D100F079F9154864
:103360001AF097FD00F016FAE8F7DEF914F001FE06
:103370000BF004F90BF056F9EDF77CF9EDF730FAA4
:10338000EDF74AFA05F0E6F815F007FD15F008FD2F
:1033900012F0E6FB08480DF061F808F091FA16F01B
:1033A000D2F80028BAD016F0D0F8B7E70080E00FC6
:1033B000690345EC6C3400206D2F020810B51BF03A
:1033C00079F870B301F0FEFE80F00104E4B2002051
:1033D000FEF74CF844EA800424B21BF059F810BB05
:1033E0000220044316481AF07AFD44EA40141548B6
:1033F0001AF075FD24B244EA001413481AF06FFD68
:1034000024B244EA801411481AF069FD24B244EA57
:1034100040240F481AF063FD24B244EAC02080B271
:1034200010BD0124D3E70B481AF00BFB0028D7D0BE
:1034300009481AF006FB80F00100C0B24000D0E756
:10344000884F00206C50002050510020EC4F00208D
:103450004C50002082430020B243002008B501F008
:1034600075FC0EF015FEFDF7D1FB15481AF0E9FAD0
:1034700008B906F095FD13481AF0E3FA08B908F008
:1034800009FA04F027F80DF0A1F90F481AF038FDF9
:103490000E4B1B78043B022B09D80D481AF01FFD78
:1034A00028B1FFF78BFF102801D109F0BBFD15F003
:1034B0007CFC1AF022FEBDE808400648FEF720BE5C
:1034C00082430020B24300206C3400206D4600206F
:1034D0006C500020646B040808B51AF0EBFF20B9AB
:1034E00040F291110348E8F705FCBDE808401AF0E6
:1034F000E8BF00BF526B0408014B1868704700BF5B
:1035000020330020F8B54FF6FF77104B06461B78A6
:103510000C46033B012B0F8009D830460BF0E6F830
:103520004FF6FF73984220800ED000200DE00DF082
:1035300097FAB84205462080F7D1304600F048FFA0
:10354000A8422080F1D1E8E72D20F8BD6D4600208B
:103550004FF6F77370B5984204460D4686B05AD8B8
:103560001AF0CDFDA04207D108222C49284617F0B9
:10357000CEFB002006B070BD294EB6F86830A342DD
:103580000AD10022082106F16A001AF0FBFC18B9E2
:10359000082206F16A01E9E7ACB1224B1B78033B34
:1035A000012B1AD8002301221946204600930AF065
:1035B00047FFFF2823D1294620460BF0EBF880F087
:1035C0000100C0B2D6E7184B1B689B07E5D428461C
:1035D00008F01AFE0028E0D0CBE7204601F048FAB8
:1035E000FF2806D129462046FFF764FE0028D9D1DE
:1035F000BFE7294601F05EFA0028F3D0B9E702A937
:103600001CF045FA0028D6D1DDF80D302B60DDF82E
:1036100011306B60ADE70120ACE700BFFA46002037
:10362000A43300206D46002028270020014B187885
:10363000704700BFA5450020014B1870704700BFC0
:10364000A5450020014B1878704700BFB8510020F5
:1036500010B50649064C082320467F22098814F03D
:10366000E8FC2046EDF7B2F910BD00BF3226040891
:10367000FA46002000487047FA460020082208B5A4
:10368000034917F034FBB0FA80F0400908BD00BFD1
:10369000FA460020F0B51F4601F44043B3F5004F51
:1036A00005460C4616468BB01DD01AF028FD104B6F
:1036B00000220692BDF85020ADF826000592BDF814
:1036C0004C20214604929DF8482028460392119AE6
:1036D0000292BDF84020CDE900323B4632461CF054
:1036E00095FD0BB0F0BD1AF00AFD0DF12603DFE7E2
:1036F000FA460020014B1870704700BF604600205A
:10370000074B44F6FF701A7840F6FF73012A18BF82
:103710001846044B1B780BB140F40040704700BFC3
:103720006D46002060460020F7B50D46044616465B
:103730001F460021284602F0E5FA0B4B002183F8D2
:1037400059402A463346204600970FF0E5FA0146D5
:1037500030B10222204603B0BDE8F04000F006B8C8
:10376000012003B0F0BD00BFA433002013B5134601
:103770000C461AB1022A0CBF134601230021044A49
:10378000019100922246FEF709F802B010BD00BF79
:10379000A7E5030800B5002093B0FDF77FFF1D4BA0
:1037A00018880CF061FE1C4B1C491A7800200FF0A1
:1037B00059FC34220021684617F0C3FA0B238DF818
:1037C00000306FF4803301934FF6FE73ADF8103084
:1037D000134B144A0793144B10680893134B51680A
:1037E0000993134B6A460D93124B0E93124B0F9392
:1037F000124B1093124B119302AB03C300210846E6
:10380000FEF712FA6A4601210020FEF70DFA13B006
:103810005DF804FB7A510020D5510020D827040818
:1038200000030001FA460020F13F02083FE30308CD
:10383000317C02089941020899930208A7E5030820
:103840000576020837B5144B0A4600934FF400433F
:103850000146ADF80430E0B901200FF003FC30B1AF
:1038600004E031F813000134A84203D1212003B051
:1038700030BD002402ADE0B205EB400030F8085C3A
:1038800030F9080C0028ECDA0133D8B29042F0D3BA
:10389000E2E70023F9E700BF99008900014B18789F
:1038A000704700BF02470020014B1870704700BFEF
:1038B00002470020014B1888704700BF9451002038
:1038C000014B1880704700BF945100202DE9F84F3C
:1038D00006460846884615F0C1FEDFF858910546B1
:1038E00099F8003043B9504B1B682BB94F4B1B68FC
:1038F00013B9FF20BDE8F88F15F4406A05F04007C2
:103900001AD197BBB5F5804F5FD24FF48074002376
:10391000DFF81CC1002B62D18025434A1268624542
:103920007CD1002299F800704149D0B287425ED81C
:103930000133032BEED1DCE708F1030015F08EFE16
:103940004FF6FF73984214BF0124022487B1052764
:1039500005F44043B3F5004F44F0080424D0B5F516
:10396000804F23D244F4807420E054460327EFE7CD
:10397000B5F5804F4FF00507F4D3BAF5406F14BF8B
:10398000022008203844404415F068FE83461AF0AF
:10399000D3FB05F4404558450CBF44F0080444F0FF
:1039A0000404B5F5004F01D144F08004BAF5006F6E
:1039B0000FD108EB070015F051FE05461AF09FFBEA
:1039C000A842A4D144F01004A1E7544603270220E2
:1039D000D8E7BAF5406F08BF44F0200497E7012B01
:1039E00003D1124A4025126899E7102599E731F86A
:1039F00002EB0132A64598D1002E3FF47BAF357023
:103A000078E7A64501F10101F6D0C8B2CFB232F88D
:103A100017E032F91770002FF3DA89E7002A87D010
:103A200000200146F2E700BF7C34002080340020F3
:103A3000DC43002047470020034B1A78022A04BFCA
:103A400009221A70704700BF06470020044B1888EF
:103A5000044B1978044B1B6803B1184715F064B97F
:103A60008443002004470020903400200C22034BA4
:103A70001A211A700320002202F018BC0647002009
:103A80000C2208B5054B1A211A700022104602F0CC
:103A90000DFC0022024B1A6008BD00BF0647002043
:103AA0008C3400200C2270B50D4B05461E781A7020
:103AB00030B93046BDE8704000221A2102F0F6BB52
:103AC000084B1C78E1B21A29F3D825FA04F3DB0776
:103AD00003D54422304602F0E9FB0134F2E700BF8F
:103AE00006470020FD5100200C22024B1A7011F0F5
:103AF000B9BE00BF06470020F0B50C8805460E464B
:103B00008BB0E4B94FF6FF77ADF8247012F0FEF8F1
:103B100010B902200BB0F0BDCDE90340CDE905445A
:103B2000134A0294B2F85C306032019300923B4633
:103B30004CF60101FF2009AA1CF068FB30802846E2
:103B40001AF007FD0B4C70B1237863B1013BDBB277
:103B5000284623701AF0FDFC38B12078B0FA80F0C6
:103B60004009C0B2D6E70523F2E70120F9E700BF1C
:103B7000A4330020FC510020034B11461B6803B105
:103B8000184715F0C9B800BF8C3400200C22024B36
:103B90001A700BF093B800BF06470020F8B50D4B24
:103BA00005461B78012B13D100244FF6FF770A4EF0
:103BB0003088FEF73DFC2B88025B9A4203D13088A7
:103BC000FEF736FC07530234202CF1D10120F8BD5A
:103BD0000020FCE705470020864300202DE9F04740
:103BE000174B80461B781546012B26D100246FF019
:103BF0007F092746134E3088FEF71AFC00EB44007D
:103C000090F901304FEA440A4B4506DD3088FEF753
:103C10000FFC504490F90190E7B20134102CEAD126
:103C20004D450ADA3088FEF703FC00F8178030882B
:103C3000FEF7FEFB7C0020444570BDE8F08700BF26
:103C400005470020864300200148FEF717BA00BF51
:103C5000864300202DE9F04705460E4690460FF0BA
:103C6000D5FC044638BB01462020FEF7A7FC134FC5
:103C7000388000B30122124BA1461A70114BC3F8D1
:103C800000804FF07F083888FEF7D2FB00F80490E0
:103C90003888FEF7CDFB20440234202C80F80180C8
:103CA000F1D1094B31461D602846BDE8F047074B6E
:103CB000074A0FF0BBBC0120BDE8F0878643002017
:103CC000054700209034002084340020893D0208FC
:103CD000DD3B0208F0B585B004460D4617461E468A
:103CE0000FF094FC90B90A4B1F600127094B1F701D
:103CF0001AF071F9084A0346009229462046CDE998
:103D00000167064A0FF0C6FC05B0F0BD4D20FBE789
:103D10008834002006470020F13F02088DE50308A3
:103D20002DE9F041144F00253C784FF6FD781F2C0B
:103D300091BF0024C4F341141C34E406202D0CD19F
:103D400001203B78032103F01F03984020430B4BD5
:103D50000B4ABDE8F041FFF7BDBF14F07BFF431EE7
:103D60009BB243450646F8D8064B1888FEF760FB21
:103D700046530235E2E700BF04470020393E0208FF
:103D80009D3B020886430020F8B5284D022628886E
:103D9000FEF74EFB90F901402888FEF749FB3044BE
:103DA00090F90130A34205DA2888FEF741FB304440
:103DB00090F901400236202EEED10027662CDABFA2
:103DC000193466B27F263C462888FEF731FB38441A
:103DD00090F901300237B342BCBF0134E4B2202F66
:103DE000F2D114B9124B1C70F8BD14F033FFB0FBC4
:103DF000F4F3002703FB1400C4B22888FEF718FB75
:103E0000384490F90130B3420CDA4CB92888FEF7F7
:103E10000FFB084BC25D1A70BDE8F840FFF780BF8A
:103E2000013CE4B20237202FE7D1F5E786430020BA
:103E3000054700200447002070B5154B1B78012B67
:103E40001ED100244FF6FF76124D2888FEF7F0FAB7
:103E5000035BB34215D02888FEF7EAFA035B83B10F
:103E60002888FEF7E5FA0C4B025B0C481A8001210A
:103E70000B4B0C4A0068FFF72DFF00220A4B1A601B
:103E800070BD0234202CE0D1BDE87040FFF748BF80
:103E9000054700208643002084430020843400200E
:103EA0004D3A02084BE50308883400207FB50546EB
:103EB0000C4616460FF0AAFB00286ED1062D03D83B
:103EC0005223EB40DB071AD4B4F1006F05D3E30EA5
:103ED0001C3B032B18D94F2031E00022314B1A60D4
:103EE000314B1D701AF077F803460A2D57D8DFE8DA
:103EF00005F0301B414C1B281B565644390002F07C
:103F0000F9FDB4F1006FE2D20021264B042D1960B7
:103F1000254B1D70E6D12548FEF730FF022001F049
:103F200069FD1AF058F8034601220292204A0192D4
:103F3000204A0092204A314620460FF0ABFB04B0E5
:103F400070BD314620461D4A04B0BDE870400FF0F8
:103F500089BB314620461A4B1A4A04B0BDE870406E
:103F60000FF064BB00220292174A0192114A00929C
:103F7000164AE0E702220C4B1A7000221046144940
:103F800004B0BDE87040FDF7CFBB00220292114A99
:103F90000192084A0092104ACDE74D20CFE7012058
:103FA000CDE700BF8C3400200647002003470020E7
:103FB000A53A0208F13F02088DE503088D3B02088F
:103FC000813A0208793B0208E93A0208F93A020804
:103FD000393A02086D3A02084FE5030808B50FF0B8
:103FE00089FB0C22014B00201A7008BD06470020F7
:103FF000F0B585B0ADF8060018B975216448E7F74B
:1040000079FEBDF8060019F0A6FB0446BDF80600CF
:1040100019F0A1FB082846D00C2CBDF8060042D1AF
:1040200019F09CFC074615F019FB0DF10F0106462F
:10403000BDF806001CF0FBFB002879D00922002106
:104040003846FDF7F1FA9DF80F301033C518BDF86A
:104050000600FEF709FAEDB2854269D22946BDF89D
:104060000600FEF7DFFB06F44C4416F440660546F6
:1040700014D0F81C15F0F2FA4FF6FF73984208BFFF
:1040800044F04004B6F5006F08D1781D15F0E6FA4B
:104090004FF6FF73984208BF44F010049DF80F30AC
:1040A0005BB3072D44D1BDF8060019F04AFB044666
:1040B000BDF8060019F04FFB082817D0A30615D548
:1040C00024F0200189B2BDF8060019F025FBBDF8E7
:1040D000060019F043FC00210922FDF7A5FA00F1C2
:1040E000100189B20DF1060019F0CDFD0022BDF8D6
:1040F0000610284819F0B0FC1AE0082D16D8BDB1FA
:10410000013D072D14D801A353F825F06941020899
:104110007541020831410208354102083141020867
:1041200081410208A7400208874102087C2D24D063
:1041300005B0F0BD24F48844A4B2B4F5084FF7D11B
:10414000BDF8060019F002FBBDF806100CF02CFAC1
:104150000028A8D0BDF8060019F063FB0022014634
:10416000022014F040FDE3E724F48064A4B2B4F527
:10417000484F97E7B4F54C4F94E7B4F54C4F92D0C5
:104180004CF6500301E04CF640439C428AE700BFE6
:10419000C06B0408824300202DE9F0410F46904691
:1041A0000646FEF745F904463046FEF75DF9C5B20E
:1041B000083D2C44E178084BA2781970074B314632
:1041C0001A70002043463A4614F0F7FA003818BF38
:1041D0000120BDE8F08100BF2347002022470020D6
:1041E00037B5144600221D4619F019FC024648B1A5
:1041F0000021054B0846CDE90053234619F0BCFBCE
:1042000003B030BD1920FBE7A7E50308002270B515
:104210000A4B1C780A4BD5B2AC4202D800200C7075
:1042200008E01E880132864205D30D701B881B1AD8
:104230005842584170BD1233EDE700BF664600207A
:104240008A3F00202DE9F04FDFF84081DFF84091F0
:1042500098F8002099F8003006469A4285B004D3B9
:104260004FF48A714248E7F745FD30460DF10F01E2
:10427000FFF7CCFF20B140F217113D48E7F73AFDB8
:1042800098F800709DF80F403D1B15F0FF0530D0E9
:104290004FF0FF3C374B01211B78A140184699F89D
:1042A00000304FF6FF790CFA03FC0023324A01F18B
:1042B000FF3E0193C1F1000A9DF80430984243D8B3
:1042C000122004FB00002D4BA0F1120105EBC502EA
:1042D0005200194404F10109184416F018FD4FEA80
:1042E00089092748A9F104010144AA00484416F0AD
:1042F0000EFD224904EBC40201EB420321F81260D7
:10430000204A013712784FF6FF71DA731A745A7423
:1043100012025A801C4A0D2012781A7110225A710A
:1043200000229A73C3F80620C3F80A20144B43F8FE
:10433000242088F8007014F056FC0EB909F046F9F4
:10434000204605B0BDE8F08F13884B450AD053686E
:104350000AEA030B03EA0E030B4403EB4B0343EAA5
:104360000C035360019B083201330193A4E700BFA3
:10437000D36B0408CF510020502300208A3F002037
:1043800064220020234700200747002066460020C3
:10439000CD5100202DE9F041074600250A4B0B4E78
:1043A00093F80080ECB2A04503D8FF242046BDE876
:1043B000F08108223846B11D16F099FC013500281D
:1043C000F4D01236EEE700BF664600208A3F002098
:1043D00008B5FFF7DFFFFF281DBF00B2044B00EB5D
:1043E000C0004FF6FF7018BF33F8100008BD00BFC3
:1043F0008A3F002008B5044BB3F868001AF0F6F8BD
:10440000024B53F8200008BDA43300206422002092
:1044100007B50DF10701FFF7F9FE30B19DF8073040
:10442000034803EBC30300EB430003B05DF804FB58
:104430008A3F00202DE9F843294E044633785D1E5B
:104440002D1A8342EDB204D840F23F112548E7F718
:1044500051FC0123A3404FF0FF305F1E3B4400217D
:104460004FF6FF7E6FEA03081F4A92F800C01F4A0A
:10447000127890401E4ACBB29C4523D8BDB127B2DA
:1044800004EBC4041B48640005EBC50204F11201EF
:1044900001445200204416F03AFCBF001648AA001E
:1044A000391D014402F0FC02384416F030FC337828
:1044B0000022013B33704FF6FF71BDE8F8430E2038
:1044C00014F091BB1388734507D0536808EA0309B9
:1044D0003B4003EB59030343536008320131CAE701
:1044E00066460020D36B0408CF510020CD51002038
:1044F000502300208A3F00206422002010B50A4C7F
:10450000207858B9094B1B781A2B03D994210848F5
:10451000E7F7F0FB0322074B1A7010BD0138C0B259
:10452000FFF788FFECE700BF66460020CD51002072
:10453000D36B0408624600202DE9F04705461AF0C7
:1045400055F8FF28044624D1DFF884901E4B99F8D3
:1045500000201B789A422BD22846BDE8F047FFF78F
:1045600071BE38883B79504518D86F2B4FEA13122B
:1045700014D85B0710D0123708F1010899F8001021
:104580005FFA88F6B142ECD80023104ADEB28E42C0
:1045900014D32046BDE8F087022AECD90DF0B4FC14
:1045A0000028E8D129463046BDE8F0471AF02BB87C
:1045B0004FF000084FF6F77A044FDFE71079013328
:1045C0008F28EFD81232E1E7CD5100208A3F00203A
:1045D000664600204FF6F773984210B514D8FFF7DF
:1045E000ABFFFF2810D0134C00B200EBC00004EB6F
:1045F000400414F051F8104938B962880B7802EB86
:104600000313A3EB1213638010BD227C637C097833
:104610009A42E2732374617407D98B4203D2134622
:104620008B4228BF0B461B02EDE78A42F8D31346A4
:10463000F9E700BF8A3F0020234700202DE9F04121
:1046400006460F4600240E4DDFF8388098F80030FB
:10465000A34201D8BDE8F08108222946304616F071
:1046600046FB40B935F8063CBB4204D02046FFF774
:10467000E1FE013CE4B20134E4B21235E6E700BFEA
:10468000903F002066460020F8B5054608460E46D5
:10469000FFF780FEFF2830D01D4B294653F82070CD
:1046A0003046FFF7CBFF2846FFF746FFFF280446BA
:1046B00025D10CF049FBFF280AD1164C207838B1DF
:1046C00014F0C8FA2378B0FBF3F202FB1300C0B277
:1046D000294619F098FF044623B20F4D03EBC3039C
:1046E00005EB430508223146A81D16F010FB2B7977
:1046F000204603F00F032B71F8BD0027D3E7074BCB
:104700001B78002B18BF0027014B43F82070E3E70C
:1047100064220020CD5100208A3F0020FE5100205D
:104720000A2330B585B01A46054601A90120FEF7D7
:10473000D1F94FF6FF73BDF80C209A4202D1012047
:1047400005B030BD0822FF2101A819F01BFC04466A
:104750000028F4D1BDF80C0001A9FFF795FF024B2A
:1047600043F820502046EBE76422002038B50B4B7D
:1047700004461B780D46834204D840F25B2108486A
:10478000E7F7B8FA074804EBC40400EB44002946F5
:10479000BDE838400822063016F0B9BACD510020E5
:1047A000D36B04088A3F002070B5044608460E46C5
:1047B00019F01CFFFF28054610D02046FFF7EAFD40
:1047C000FF2807D0084B1B7823B9084B53F820204B
:1047D00043F8252021462846FFF7C8FF31462046EA
:1047E000BDE87040FFF72ABFFE5100206422002080
:1047F0002DE9F8430026804601273446114DDFF8A5
:104800004C9099F80030A34210D83E430134E4B2F2
:104810001A2C4FEA470705F11205F2D14FF0FF308D
:10482000094B1B7898403043BDE8F8832B884345FB
:10483000EBD0284619F03FFF0328E6D82B796F2BE1
:10484000E3D8E3E78A3F0020CD51002066460020F0
:1048500010B5084C00EBC00004EB400423795B0763
:1048600007D1204619F027FF237923F007031843C7
:10487000207110BD8A3F0020044B1B78033B012BA5
:1048800086BF034B18780020704700BF6D4600209C
:104890006646002038B5144B0C461B78834220D95D
:1048A000124B1B78033B012B1BD9114B00EBC000B3
:1048B00003EB400533F8103028460B806B881B0A49
:1048C0008B7019F0F8FEE0702B79A91D03F0070238
:1048D0001B09227163710822A01D16F018FA00202E
:1048E00038BD0120FCE700BF664600206D46002071
:1048F0008A3F0020072805D8C30703D5024B18704C
:104900000020704721207047FF510020014B18788C
:10491000704700BFFF51002018B1072805D8C30712
:1049200003D5034B1870002070472120704700BF4B
:1049300007470020014B1878704700BF0747002049
:10494000014B1870704700BFFE510020014B1878D2
:10495000704700BFFE51002070B51A48FEF740F8BE
:10496000194B1B78033B012B28D805F0DFFC03F023
:1049700075FCBDE870404FF47A511248FDF794BFC2
:1049800023798F2B4FEA131111D80131204619F0EA
:10499000C2FE062901D8032909D12379002223F078
:1049A00007034FF6FF710F20237114F01CF9123426
:1049B00001353278EBB29A42E2D8D6E70025034CB3
:1049C000034EF6E7484F00206D4600208A3F002046
:1049D000664600200022084B1878084BD1B2884266
:1049E00003F1120300D8704713F80D1C013221F0B7
:1049F000100103F80D1CF1E7664600208A3F0020F5
:104A00002DE9F04702261227DFF85C90DFF85C8082
:104A100099F8004000250CE007FB05F338F803A0E7
:104A20000021504619F05CFE10B15CB1013CE4B2CB
:104A3000013599F80030EAB29342EDD8A34204D18F
:104A40004FF6FF7A5046BDE8F08714F003F999F865
:104A50000030012EA3EB040390FBF3F202FB1300E2
:104A6000C4B2EDD00126D5E7664600208A3F00207B
:104A700010B5044619F0BAFDFF2808D120460CF005
:104A800041F8FF281FBF024B1B78C018C0B210BDF1
:104A9000CD510020044B00211A78044B04481B78A8
:104AA0001A44920016F04DB9CD510020D451002087
:104AB0006422002010B5134B0C461B7886B083424D
:104AC00012D9114900EBC00001EB40010822204639
:104AD000063116F01CF900220821204619F052FA7E
:104AE00080F00100C0B206E0C01A01A9C0B20CF00B
:104AF0005FFC10B1002006B010BD01AB03CB2060FD
:104B00006160E8E7CD5100208A3F002008B5074BDF
:104B1000024653F820308B4206D915204FF6FF711C
:104B200014F061F8002008BD0120FCE76422002099
:104B3000024B013143F82010704700BF642200206F
:104B40002DE9F34781460C4600272A4EDFF8ACA03A
:104B50009AF80030FDB2AB4210D8694620461BF0EF
:104B6000D8F8C0B308226946484616F0C0F890B39A
:104B7000494620461AF0D3F8FE2537E006F106082C
:104B800008224146484616F0B2F890B94FF6FF7336
:104B90009C422BD03388A34228D020460BF0B2FF92
:104BA000FF2814D14946204602B0BDE8F047FFF780
:104BB0006BBD14B912360137CAE73388A342F9D165
:104BC00000220821404619F0DDF90028F2D12846DC
:104BD000FFF730FCCCE7494600200BF063FFFF28CD
:104BE000054603D0044B1B780344DDB2284602B0CF
:104BF000BDE8F0878A3F0020CD51002066460020A6
:104C000008B5FFF7E7FE054B1B78013B012B03D8E6
:104C1000BDE808400CF0B8BB08BD00BF6D460020E1
:104C20000F4B1B7883420CD8C01A0E4AC0B232F820
:104C30001030D90411D443F4805322F810300120ED
:104C40007047094B00EBC00003EB40035A79D106D3
:104C500003D442F010025A71F1E70020704700BF00
:104C6000CD510020F24200208A3F002038B5054691
:104C70000C46FFF78FFBFF280ED1294600200BF0D2
:104C800011FFFF280CD0074B074A1B78034452F84A
:104C900023300020236038BD034B53F82030F8E761
:104CA0002D20F8E7CD5100206422002038B50546BC
:104CB0000C46FFF76FFBFF280DD1294600200BF0B3
:104CC000F1FEFF280BD0074B074A1B78034442F83C
:104CD0002340002038BD044B43F82040F9E72D2045
:104CE000F8E700BFCD51002064220020F0B5134B3F
:104CF00006461B78FBB100251148DFF84CC090F840
:104D000000E0104807781F44E8B2864501D800202B
:104D1000F0BD7C1B94FBF3F003FB10440CEBC400D0
:104D20003CF83440B44204D1002AF1D184788C425A
:104D3000EED00135E8E71846EAE700BFCF51002082
:104D400014270020644600205023002070B513F083
:104D5000FDF814250F49104E0B78328830809B1ACD
:104D600003449BB2B3FBF5F405FB14330B700B4902
:104D7000E2B20B78934292BF00239B1ADBB2032A64
:104D80000B7088BF002306499EBFD2000B68D3403A
:104D90000B6070BD0A470020884300206346002056
:104DA00014270020084B1868084BC2B21B789A429F
:104DB00008D2074BC0F307201B78984234BF00206D
:104DC000012070470120704714270020CF51002098
:104DD00009470020F8B505461746FFF7E3FF0646EA
:104DE00010B9184B1A783AB9212001224FF6FF71F9
:104DF00013F0F9FE0020F8BD1348DFF854C0037823
:104E00000133B3FBF2F402FB143303700F48DCF8F8
:104E1000002000EBC30420F8335002F10132A170EE
:104E20003846CCF80020FFF7E3FCE670606019F02C
:104E300066F9A84201D10120DDE7E3780133E37090
:104E4000F9E700BFCF510020644600205023002026
:104E50001427002010B50B4C0B4A2378063B137027
:104E600013F074F80022094BFF211880084B094801
:104E70001A602278D20015F064FF0422064B1A70E3
:104E800010BD00BFCF5100200947002088430020FB
:104E900014270020502300206346002004289FBFD1
:104EA000034B1870034B002094BF197021207047EA
:104EB000084700200052002048B139B1044B1B784C
:104EC0000B70044B1B780370012070470846704735
:104ED00008470020005200202DE9F843074613F050
:104EE00031F805461B4818F0FAFF1B4B60B31C68ED
:104EF0003C1B2C44A4B20022184BDFF868901B78AE
:104F0000174D03EB830399F8006005EB43055FFA47
:104F100082F846450AD9AB8805F10A00A34216D9A2
:104F20000A23B21A29465A4315F0F1FE013689F8D0
:104F30000060AC80B8F1000F03D139460548FDF799
:104F4000B3FC2846BDE8F8833C461D60D3E7054620
:104F50000132DCE7684F0020943400200C47002029
:104F6000EA3E00200D4700202DE9F74F002412F003
:104F7000E9FFDFF8BC80A24698F800E0A34672463D
:104F8000DFF8B0901FFA80FC0746264EB9F8000003
:104F90003178ACEB00039BB2234D0093A0EB0C00E7
:104FA00001EB810305EB430301905FFA84FCF445B8
:104FB0001AD3BAF1000F00D03170724504D200202C
:104FC00088F80020FCF75CFB98F800303BB30A221D
:104FD0003378164802FB0355A988C9F8007003B05E
:104FE000BDE8F04FFDF760BCB3F804C000988445FD
:104FF00010D84FF0010A93F802C001310CF1FF3CC8
:10500000013AA3F804B083F802C0C9B2D2B20A339D
:105010000134CAE701988444A3F804C0F7E703B059
:10502000BDE8F08F0C470020EA3E0020684F0020CA
:105030000D4700209434002030B51E4A1E4C1378D2
:1050400085B0013BDBB213702068616801AA03C21E
:10505000218920461180194A04F10A01127813446B
:105060000A225A4315F053FE9DF8064014F00F052E
:105070000FD1BDF80C000EF08FFD24092A460CBF9D
:1050800001210021BDF8040005B0BDE8304003F067
:10509000EFBDBDF80800FFF71FFF03468288ADF89B
:1050A000082001AA03CA1288186059601A8105B045
:1050B00030BD00BF0C470020EA3E00200D47002015
:1050C000F8B50024084D094F094E3B783178E2B21B
:1050D0000B449A4204F1010400DBF8BD2846FCF7BA
:1050E000CDFF0A35F1E700BFEA3E00200D47002062
:1050F0000C47002070B5124B06460D46104611496C
:105100001A78114B09781B780B44934206DB1F2059
:105110004FF6FF7113F067FD002070BDFFF7DCFE56
:10512000013506808570044612F007FFE0800EF01E
:1051300039FD20810020FCF7A3FA0120EDE700BF34
:10514000CC5100200D4700200C470020844600234E
:105150000A222DE9F047DFF86480DFF8649098F8C0
:10516000007099F80050134907EB050EDCB2744546
:105170001DDA02FB04F631F806A00133E24501EB2B
:105180000600F3D1631CAEEB03030A365A433144E5
:1051900015F0BDFDA5428BBF05F1FF3507F1FF37C7
:1051A00089F8005088F800700CB9034B1C70BDE8FA
:1051B000F08700BFEA3E00200B4700200D4700208B
:1051C0000C470020044B054A1B781278D3420CBFD1
:1051D00001200020704700BF0C4700200D47002031
:1051E000024B1878003818BF012070470C47002088
:1051F000002108B5094B0A4819700A4B19700A4B6F
:1052000019700A4B1A7802EB8202520015F099FDD0
:10521000BDE808400648FDF7E3BB00BF0D4700208E
:10522000EA3E00200C4700200B470020CC51002014
:10523000684F002010B50B4C23784BB10A4803F09F
:10524000A3FE58B1084B0121188819F029F908B9B3
:10525000002010BD0122054B1A70FAE7FFF7ECFEA3
:10526000EAE700BF0C470020EA3E00200B47002081
:1052700010B50E4B1B78B3B10D4C238883424FF011
:10528000000310D10B4A137049B9A3781033A370EF
:1052900019F078FC18B9A37823F00F03A370FFF777
:1052A000CBFE012010BD1846FCE700BF0C470020D4
:1052B000EA3E00200B47002070B592B00C4606462F
:1052C00013F08BFCE17A05460020FBF7FBFD28B3C9
:1052D00094F90A0018F064FE10BB134BE27A2946D9
:1052E00083F85820A27A83F85A206A46FCF7BEF960
:1052F0004FF6FE739E420CBF4FF6FF7323896A463A
:1053000029460020ADF80660ADF80430FCF78CFCAF
:1053100040B92289054B5A8012B070BD5520FBE779
:105320005620F9E72120F7E7A43300209834002025
:1053300010B5044601460822094815F0E8FC237B15
:10534000022B0AD8002B14BF3122012205490B7011
:1053500017234B61044B1A7010BD00230122F5E79F
:105360009C340020983400206C460020014B58618A
:10537000704700BF98340020014B1878704700BF79
:105380009834002010B5054C2378112B03D0D6217A
:105390000348E6F7AFFC4123237010BD6C460020A4
:1053A000DE6B0408064B01461B78042B04D1054A2A
:1053B000137E0533137670470348FDF775BA00BFB7
:1053C0006D46002098340020884F002008B506481C
:1053D000FCF754FE0548FCF751FE0FF009F8BDE854
:1053E000084001F0A3BB00BF82430020B24300206D
:1053F000064B1878332806D000F0EF00A0F14303E5
:105400005842584170470120704700BF6C46002049
:10541000002208B5074B4FF6FE701A7018F07BFE9D
:105420004FF6FF7018F094FE034B5869BDE8084032
:1054300013F086BC6C46002098340020014B18788D
:10544000704700BF6146002008B5064B187838B198
:105450000548FDF715FA4FF47A73B0FBF3F0C0B2CC
:1054600008BD00BF61460020D4260020014B187CF7
:10547000704700BF983400202DE9F0438BB00746F9
:10548000154698460E469DF8489049B9104605AC19
:105490000BF038FB21460BF08BFF172818BF264670
:1054A000B9F1000F0AD1124B1B781BB928461AF02C
:1054B00055FCD0B92846FDF7E7FD02E028461AF072
:1054C0004DFC80F00104E4B29DF850302A4602936E
:1054D0009DF84C303146CDE900933846434603945D
:1054E00019F060F90BB0BDE8F0834C46ECE700BF63
:1054F000684600202DE9F04F97B099469DF8883016
:10550000BDF880B0219D08939DF88C300E4658461A
:105510000FA9049207931BF009F805B3002800F0C7
:10552000208195F801A00FACCAF3400A8E4B19F008
:10553000800F1B7814BF4F4649F08007022B17D00D
:105540004FF6FF78002D40F087810225584618F06D
:10555000FDF82B464246214618F0A0FEBCE0584616
:1055600018F075F90446002800F0FB80AA46DDE734
:105570001EB97E4B1B78002BE2D00DF13A0120467C
:10558000FDF7C0FF584618F075F9012838BF012013
:10559000C3B2059395B3281D14F060F8804609F056
:1055A00002032046069318F085FD214609908146A6
:1055B00000200BF077FA069A099B12BBFF2820D136
:1055C000EBF710F86A4A1278824200F032814FF607
:1055D000FF72099B934214D1FDF7FAFC002800F0FA
:1055E00028814FF6F773984523D919F068FB11A964
:1055F0008146FDF7ADFF0028F7D02EE0BDF83A80D8
:10560000CDE74FF6F772904520D8934211D89845D0
:105610000FD0194622460AA8FDF790FC0A980B996C
:1056200013AB03C3BDF83020022113A81A80FDF785
:105630000DFE404611A9FDF78BFF024628B908214F
:1056400011A818F09FFC002866D0C1464FF6F672EC
:1056500009F1FF339BB29342C7D8BAF1000F03D1CF
:10566000444B1B78002B60D1584618F06FF8059B0F
:105670004A4601930123214600933B46FDF7B8FDBE
:105680004FF6FF739842804600F0D3800146002217
:105690000AA8FDF753FC0A980B9913AB03C3BDF896
:1056A0003020022113A81A80FDF7D0FD002D3FF411
:1056B0004DAF002E40F0D28045460123C7F3C0070E
:1056C0004246CDE9016321462B4604980397CDF865
:1056D00000A019F067F8A846BAF1000F0FD04FF6F6
:1056E000FF7398450BD040460BF00CFAFF281FBF04
:1056F000214A32F8103023F4804322F81030089BFE
:105700007BB318F0FCFC249B0146009342462346E1
:1057100007980DF00BF824E00822204611A915F097
:10572000E6FA00287FF461AF8FE7002D64D0134BB9
:105730001B68980727D5049B0F2B21D0281D13F039
:105740008DFF02230121CDE901310023C7F3C007FA
:105750000246009321464FF6FF730498039719F011
:1057600021F817B0BDE8F08F6C460020614600209C
:105770006546002068460020F242002028270020CD
:10578000079B012BDAD1281D13F068FF80460BF030
:10579000B9F90990404618F029FF4FF6FF71BDF89E
:1057A0003A208A4256D04245099B53D1FF2B4AD01A
:1057B00018461AF01CFB784010F0EF0F14BF0123BD
:1057C0000023BDF83A0009930BF09CF90690BDF850
:1057D0003A0018F00BFF099B66B14FF6FF7CBDF84D
:1057E0003A10614506D0414504D0069A0240D2B233
:1057F000FF2AA3D1002BA1D1224649460AA8FDF7D2
:105800009DFB0A980B9913AB03C3BDF83020584693
:105810001A8017F09BFF3A460146059B13A8FDF737
:10582000B1FC30B94FF6FF73BDF8548098457FF452
:105830003DAF4FF6FF789DB10126281D13F00EFFF6
:105840004546804639E7FF2804D0069BB3FA83F328
:105850005B09B6E70023B4E70226EEE70026ECE793
:10586000012573E60022014B1A7670479834002018
:1058700008B50B4B1B78022B10D10A4B1B78033B4E
:10588000012B0BD9084B187800F00100FDF732FF0F
:105890000023064AC2E90133538008BD0020F3E724
:1058A0006C4600206D4600206146002098340020A0
:1058B00038B5174D2B78033B012B1CD8154BB3F88B
:1058C00068204FF6FF739A4215D10320FDF7D6F9F1
:1058D00002F0B6FCFFF7CCFF2B78033B012B01D97C
:1058E00009F0F2F90020FBF7A9FA78B1BDE83840D9
:1058F000002018F05CB8FDF7ABF90446FDF7A2F9FB
:105900000146204608F04EFC0220DFE738BD00BF0C
:105910006D460020A433002008B5114A114B586190
:105920001378032B1BD0D3B1332B01D0432B10D1D1
:105930000D4B1B78033B012B05D803231370BDE8E7
:10594000084013F0FDB913F0FBF9BDE80840FFF77C
:10595000AFBF21231370BDE8084002F069BA08BD4B
:105960006C460020983400206D46002038B504466F
:105970001348FDF735F8134B1B78013B012B1DD85D
:10598000114D5CB92B7823B140F619402C7013F0FF
:10599000D7F90024FFF76CFF204638BDFF2C05D057
:1059A0004FF47A7106486143FCF77EFF2B78002B99
:1059B000EFD1012340F618402B70E8E70224E9E715
:1059C000D42600206D4600206146002038B50446EC
:1059D0000D46FDF79FF928B13DB1204619F03BF87F
:1059E000002038BD024B1C70FAE70220F9E700BF27
:1059F0001047002038B5114D04462B78834218BF5C
:105A000028700FF075FD80B124B920460FF06AFDB3
:105A100002220DE001200FF065FD2B781A1F012AEC
:105A200005D9062BF4D1032202E0002CF5D1012286
:105A3000BDE838400021084618F0BDBD6D46002085
:105A400030B5044685B068460D4618F095FE94B111
:105A500000212846144A18F0EFFF144B20681B78E9
:105A600061688DF80430124B1B788DF8053002AB5D
:105A700003C306F09FFB0F4B93F8582093F85A305E
:105A80008DF803208DF8023018F056FBADF80000B9
:105A900018F035FB1023ADF80600072269460020F8
:105AA000FDF718F805B030BD00F8FF07A545002048
:105AB0006D460020A433002010B5144B04461A781C
:105AC000134B002083F85820FBF7B8F910B10020E1
:105AD00017F06DFF00210846FFF7B2FF0D4B1B7852
:105AE000033B012B0ED80EF065FC2046FCF7D4F8E2
:105AF00040F6174013F024F90023074A1380074AA1
:105B0000138010BD0BF0D8FDEFE700BF0E4700205B
:105B1000A43300206D4600203E4300203C4300207B
:105B200010B5014604460020FBF7CCF990B10C4BB0
:105B30001B78023B032B0FD80A4B1C700DF066FD3F
:105B400060B9094A0949FBF7EFFD003818BF012089
:105B5000800010BD5520FCE70220FAE74D20F8E751
:105B60006C4600200E47002041940208B95A0208F2
:105B7000F8B506460DF04AFD044668B9FBF75EF934
:105B800050B1064D204695F8587085F8586017F0CA
:105B90000EFF10B185F858704D20F8BDA4330020D9
:105BA0002DE9F04180461846033B012B0E4617466F
:105BB00002D918B121243CE0FFF71CFF294B1B78C8
:105BC000012B4CD0284B1D78022D08D0032D46D137
:105BD000B8F1000F03D1254B1B689B073FD433203E
:105BE000FDF74CF801F07CFDB6F1006F34BF204B9F
:105BF000052231464FF0060038BF1A78FEF756F9F5
:105C0000044628BB1B4D2873012000F0C7FF18F085
:105C100093FA68802846B8F1000F0DD0022300F8EF
:105C2000043B18F056FE6C732F613946304613F072
:105C30001FF82046BDE8F081012300F8043B18F06E
:105C400048FE6C732F613946304613F010F8F0E7C8
:105C50002846FDF713F8B8F1000FF4D0E5E7022469
:105C6000E7E700BF6D4600206C4600202827002093
:105C70000152002098340020034B187818B9034BC8
:105C8000034A1B78D05C70476B4600206D460020AD
:105C9000CC6C040838B5174B04461B78033B012B2A
:105CA00006D8437BDB0703D590F909000EF0CCFA48
:105CB0000025114B83F859502079FFF759FFFFF762
:105CC000DBFF61882488034622462846FDF72CFD29
:105CD000044620B11720FFF71FFE204638BD1723CA
:105CE000064DC82106486B61FCF7DEFD03232B76C9
:105CF000F3E700BF6D460020A43300209834002055
:105D0000884F0020F0B51A4D06460C4693B0A5F812
:105D1000680005F16A0729BBC5F86A10796012F0BE
:105D20005CFF6A4601460020FBF7A0FCD5F86A300C
:105D3000ADF81060CDF812307B68CDF8163012F057
:105D40004CFF6A4601460020FBF76EFF4FF6FF73DB
:105D5000B5F86800984203D014B1064912F08BFFE1
:105D600013B0F0BD0822384614F0D1FFD7E700BFCA
:105D7000A43300200E3400202DE9F041DFF8B88074
:105D80001F4698F8003005460C4616461BB1022502
:105D90002846BDE8F081531E052BF8D80DF036FCDF
:105DA0000028F4D13B7B032B14D14FF6FE739C42A9
:105DB00012D1012E09D0022EE9D118F0A0F94FF628
:105DC000FB73984203D818F09AF9044604E018F0DF
:105DD00076FFFAE7012EDAD0EDB939462046FFF713
:105DE0006BFA05460028D3D198F80030332B03D046
:105DF000532B1CBF0E4B18613046FFF7FBFD0021F3
:105E00004FF6FF70FFF77EFF0A4B1B78002BBFD0C9
:105E10000BF026FCBCE7397B721ECB1E5942594160
:105E20005042504107F058FA05460028D5D0AFE758
:105E300098340020025200206C460020F0B50C4639
:105E40001E46184B074687B001F1140051F8045B59
:105E5000814243F8045BF9D16D4609881980D4F872
:105E60000E00D4F81210238803C5ADF8083023794A
:105E70008DF80A208DF80B3000233A468DF80C304F
:105E80004FF6FE716B460120FFF776FF40B968467A
:105E9000FFF74EFA2046FFF7FDFE08B9024B1E70D1
:105EA00007B0F0BD8A4300200F4700201FB5144BF8
:105EB00004461B88DB0707D44FF6FF700021FFF76D
:105EC00021FF002004B010BD0A2301201A4601A9B9
:105ED000FCF700FE4FF6FF73BDF80C209A42EBD0A2
:105EE0000822FF2101A818F04DF80028E4D10CB9D0
:105EF0000120E7E7BDF80C0001A9FFF703FFF7E772
:105F0000A243002038B50C46154618F004F904F0F9
:105F1000B5F829462046FFF7F5FE00F039FE48B1F6
:105F2000074BDB790E2B28BF0E230133DBB2054A6A
:105F3000137038BD044B1B78013B18BF0123F6E7F3
:105F40008A430020274700206D46002038B50022F4
:105F50000821044618F016F80546C8B918F0CFF81D
:105F60002A464FF6FF71FFF7CDFF2046217CFFF751
:105F700067FD6269E189207C18F05EFD054B1B78A6
:105F8000012B01D107F012FBFFF792FC002038BD76
:105F90000120FCE76D46002038B5274B04461B78EE
:105FA0000BB1022038BD4FF6FF7302899A42F8D038
:105FB0000DF02CFB0028F4D1204D2B6813F00200CB
:105FC00007D018F09CF84FF6FE73984201D118F0F4
:105FD00076FE2146FFF770F90028E3D12B689B0776
:105FE0004CBF02200120FFF705FD0021012007F032
:105FF00073F90028D6D1124B1B780BB10BF030FB94
:1060000000220821204617F0BDFF58B90D4B20464D
:106010001B7823740C4B63610023E381BDE8384097
:10602000FFF794BF0421204612F016FE0028EDD0A1
:1060300040F61240B6E700BF6C460020282700203B
:10604000025200201047002000F8FF0770B5264BD1
:1060500005461B780E4613B10224204670BD4FF64C
:10606000FF7302899A42F7D00DF0D0FA0028F3D1DD
:1060700018F045F84FF6FE73984201D118F01FFE54
:106080002946FFF719F904460028E6D1EEB10520AC
:10609000FFF7B0FC0121002007F01EF9044600289C
:1060A000DBD102460821284617F06CFF78B90F4B68
:1060B00028461B782B740E4B6B610023EB81FFF796
:1060C00045FF044666B905200BE00620E0E7042101
:1060D000284612F0C1FD0028E9D040F61244BCE782
:1060E0000420FCF7CBFDB8E76C46002010470020E9
:1060F00000F8FF0738B51D46FFF73EFE0446C8B955
:106100002B7B2846032B03D1BDE83840FFF71EBF89
:10611000FFF70EF9084B25469C8117F06AFF012115
:10612000064B81401A780620FDF7C0FE044608B1F0
:10613000034B1D70204638BD9834002001520020CA
:106140006C46002030B5012087B0FFF7AFFE6B46EC
:106150000446144A1068516803C384B906F038F83D
:1061600002A818F009FB4FF6FF752246BDF80E0095
:106170002946FFF7C7FEF7F787F907B030BD6B4632
:10618000094AD2F86A00D2F86E10B2F8685003C318
:1061900006F01EF802A818F0EFFA6A46BDF80E00E5
:1061A000E6E700BFE8270408A433002073B53A4BA4
:1061B00004461B781BB10224204602B070BD0DF0CE
:1061C00025FA0028F7D100F0F3FC14B12288334BF4
:1061D0001A8000210DF10700FCF7D0FD002856D1F0
:1061E00018F068FB04460028E6D12D4D9DF8070005
:1061F000FFF700FC2B785A1E012A1FD8FFF7A2FFD9
:106200002B78033B012B01D801F010FAFFF750FB6C
:10621000012017F0B5FE034600283AD12A78033A48
:10622000012AC9D81D4A108810F0020521D0052284
:1062300001201C49FFF7B4FC0446BDE7033B012BDA
:1062400004D82046FFF732FE0028D7D12B78053B33
:10625000012BB1D8FFF776FFFFF72AFB2B78052B30
:106260000CBF04200520FCF709FD012017F088FE73
:10627000E2E70D4E02230B2231460120FCF72AFCF7
:1062800033885B0798D5284601F0E4F994E7172492
:1062900092E7044690E700BF6C460020A24300202E
:1062A0006D46002000F8FF073A43002001232DE946
:1062B000F347614D074688460020604914466B73DA
:1062C00000F03AFC0FF0CEFA5C4E38B9012F01D93C
:1062D000042F10D12146404612F024FD1020002149
:1062E0000AF016FD002800F09E80002002B0BDE8F4
:1062F000F047FBF7C5B9002CF0D1514B1B78212B8F
:1063000003D0062B01D0532B02D101F091FDE5E71C
:10631000FCF7A8FD0028E1D000F03AFC28B9287B62
:10632000C0F11800FFF7F8FAD8E7464B314620468F
:10633000019300F001FC20B140F2F5714248E5F70D
:10634000D9FC3D49307B01AA13F00EF995F8009075
:10635000B9F1000F03D13948FFF79CFCBEE7DDF827
:1063600004A017F0CCFEDFF8EC80044698F800306B
:10637000033B012B06D8737BDB0703D596F9090095
:106380000DF062FF3079FFF7F3FB00217088FFF713
:10639000B9FCFCF767FD2D4F60B14FF6F672631E36
:1063A0009BB2934206D918F08AFCB7F868300446CD
:1063B0008342F8D0204617F0AEFE308817F0C8FEB2
:1063C0004946B7F86800D047044608B91920A9E73C
:1063D000B7F8681017F0F9F9002387F859302B78CF
:1063E00003F0FB03022B02D0204618F0CBF9002269
:1063F00020461146FEF77EFE98B117236B6198F890
:106400000030042B06D1C8211148FCF74DFA0323B4
:106410002B7663E74FF416710D48FCF745FA00231D
:10642000F6E717207EE7FEF7DBFE00287FF45DAF7E
:1064300002B0BDE8F08700BF983400208A430020F6
:106440006C460020E9E80308DE6B0408A433002052
:10645000884F00206D4600207FB50024184E194D4E
:106460003278E3B29A4201D804B070BD4FF6FF73A0
:10647000B5F868209A421AD0134B1B88DB0714D555
:10648000124AB5F8683010685168ADF80C3001ABAD
:1064900003C30A2300201A4601A9FCF71BFB0223B1
:1064A0000B2200200A49FCF715FB0134D8E7002233
:1064B0000821064817F066FD0028F6D1DCE700BF8A
:1064C000CE510020A4330020A24300200E3400202F
:1064D0003A43002010B501F003F902F07DF8D8B17D
:1064E0000E48FCF77DFA0E480E4C017A0E30FFF78D
:1064F000A7FA23781BB100F0FDFA002323700022D5
:10650000094B1A73FFF7D4F908F0F6FD01F072F9A0
:10651000BDE81040FFF7A0BF10BD00BF884F0020AE
:106520008A4300200F4700209834002010B51B48F4
:10653000FCF756FA02F050F830B1194B1B781BB932
:10654000BDE81040FFF7C6BF02F046F878B1154C21
:10655000237E83B1C8211148FCF7A6F90021237ED0
:106560000846013B2376BDE81040FBF7F3B8FCF783
:1065700079FC0028EBD1FCF775FC38B90A4B1B7885
:10658000112B03D003F0FD03412B05D1BDE81040D2
:10659000044B5869FFF7C0B910BD00BF884F0020F9
:1065A00068460020983400206C4600202DE9F04F0A
:1065B0000F4685B002AD044629463846914619F08B
:1065C000B5FF4FF0000B82463846CDF804B017F007
:1065D000C5F94678022C804606F0020609D85CB15F
:1065E000FCF740FC0446002848D1754B01241B7879
:1065F00065E0043C022C3AD9FCF734FC384617F02D
:1066000026F900240546A046DFF8D8A1384617F041
:10661000A5F950F809300DF10500019313F01EF8AB
:106620009DF807B00746B8F1000F4DD1BBF1000F40
:106630005BD0DFF88C9199F800300BB1002E63D05D
:10664000002C61D05F4B1B78022B5DD1BBF1000F9A
:1066500053D1384617F05FFD58465946FFF7F0F919
:1066600008F04AFD40F6074012F06AFB34E018F0EB
:10667000D1F8FCF7F7FB0446F8B15C464EB1524B3B
:106680001B78012B02D0043B012B0BD805B0BDE8D1
:10669000F08F4B4B1B782BB14B4B1B7803F0FB035C
:1066A000022BF3D0BAF1000F404608BF002519F0C5
:1066B00030FF4FF001088246A8E7414B1B78002BC2
:1066C000F0D0002EEED1E1E7BAF1000FAED0504687
:1066D000FCF7D4FF0028A9D10020FAF7AFFB00286F
:1066E000D4D0002017F063F9D0E74FF6F7739F423C
:1066F0009FD91720FFF710F9EEE7FCF7B3FB48B17D
:106700003248FCF76DF9F4E7FCF7ACFB10B1BBF1D4
:10671000000FF5D1FCF7A6FB0028DDD02846FDF7D9
:1067200039FEFF28DFF89CA0294C03D09AF80030EE
:10673000012B04D12946B4F86800FDF7A5FFFEF748
:1067400087F82A463846B4F86810FFF7DBFB214B80
:10675000214A93F906301B0213809AF80030012B6E
:1067600019D0312B14BF432311238AF800301B4B5F
:1067700016481968FCF798F800F058FF0023124CEF
:1067800099F80010237641B91048FCF78DF840F6CF
:106790001B436361A0E71123E7E7B8F1000F03D0C3
:1067A00016B1FFF797FEF2E70D4B1B78042BEED1E5
:1067B00005210648FCF778F809232376E7E700BFB0
:1067C000684600206C46002098340020884F002046
:1067D000A43300208A430020A0430020A84F0020BB
:1067E0006D460020FA4600202DE9F043084693B09C
:1067F0000D4617F0B3F8092200218046FAF714FF7E
:106800000446284617F023F8052207460DF1090330
:1068100028460AA90EF038F8022881461CD09DF8B7
:10682000093029461C44E4B204F11002002301207F
:10683000D2B218F8046011F0C0FF68B1072E09D871
:1068400056B1013E062E07D8DFE806F00918068A81
:10685000062541007C2E45D013B0BDE8F0835B4B8C
:106860001B78013B012BF7D8284616F06FFF002359
:106870002A461946009417F0D1FFEDE7544B1B78D8
:10688000012BE9D1534B18780028E5D1224629463F
:10689000FFF78CFEE0E74D4B1B78013B012BDBD86B
:1068A00038460AF0DDF84FF6FF739842044606D0EA
:1068B000284616F04BFF2246394617F0DEFC444BC3
:1068C0001B78022BC8D1384612F02AFAC4E73F4B96
:1068D0001B78013B012BBFD8494628460AAA00F085
:1068E00079F9B9E7394B1B78013B012BB4D8A044A7
:1068F00098F8012098F80230652AADD16D2BABD104
:106900002846FBF7B1FD1334E4B28442A4D2082236
:10691000394603A814F0FBF9214628460DF10A0276
:1069200019F046FD002897D1BDF80A30002B93D00E
:1069300005A809F0ADFB0123274DBDF80A002B7017
:10694000FBF792FD0446BDF80A00FBF771FDE2B2C9
:10695000034605A903A812F097F900232B707BE7E3
:106960001A4B1B78013B012B3FF676AF0622002124
:106970004046FAF759FE404412F070FE0746FCF715
:10698000F5FA044600287FF467AF284616F0D9FED2
:10699000C3047FF561AF46F204030121ADF8143062
:1069A00038460223CDE9004405AA19F050FD0646F9
:1069B00000283FF451AF394616F007FF284616F07D
:1069C000C5FE22463146FCF7D1FE45E76D46002064
:1069D0006C460020983400204247002008B5084B40
:1069E000187050B1074B1B883BB14FF47A710648C1
:1069F0005943FBF759FF002008BD0120FCE700BF09
:106A00005F46002096510020D4250020014B1878C5
:106A1000704700BF5F46002008B5FBF7E1FF00228A
:106A2000014B1A7008BD00BF5F460020022881BFDD
:106A30004FF47A735843034B18608CBF0020212019
:106A4000704700BFA84F0020014B1878704700BF67
:106A500011470020014B1870704700BF11470020FC
:106A6000034B18684FF47A73B0FBF3F0C0B2704771
:106A7000A84F002010B50B4B0B4AB3F9004092F918
:106A8000001053884CB1B1EB242F06DD43F04003D6
:106A9000538001704380002010BD23F040039BB25F
:106AA000F6E700BFA04300209851002007B5074B30
:106AB0008DF8070018700D22012300200DF1070149
:106AC000FCF708F803B05DF804FB00BF9851002004
:106AD00038B5074D044695F9003090F9000083421F
:106AE00001D0FFF7E3FF638800206B8038BD00BF53
:106AF0009851002010B50024044B05481C80054B1C
:106B00001C70FBF76DFF204610BD00BFA4430020A2
:106B1000AC4F00201B47002008B50348FBF760FF7F
:106B2000BDE80840FFF7E6BFAC4F00200148FBF787
:106B3000A5BA00BFA4430020F7B5134B04461B7849
:106B40000E46EBB183421DD90021104816F07EFF9E
:106B5000002501460D4F09B9012009E0A54209D1E0
:106B60000024162322463046009417F0A5F820464C
:106B700003B0F0BD384616F0BFFF01350146EAE725
:106B80001820F5E72720F3E71B470020A443002047
:106B9000014B1878704700BF1B47002025289DBF78
:106BA000024B187000202120704700BF04520020C3
:106BB000012307B518460D220DF10701FBF78AFFE7
:106BC0009DF80720024B1A7003B05DF804FB00BF6C
:106BD00098510020F8B507460E46144616F037FEC9
:106BE0001A4B05461B78022B2FD1194817F077F95D
:106BF00058BB28460DF060FD38B322463146384672
:106C00000DF07AFD08B312F025F80446384616F068
:106C10009DFD104B012E1A784FF00F0303FA02F37B
:106C20009BB2B4FBF3F203FB124404F10104A1B2E2
:106C300006D1094B094A1E702B6813606B685360BC
:106C40000348BDE8F840FBF72FBEF8BD6C460020B6
:106C5000F4260020035200201A470020124700208B
:106C600084B010B502AC84E80F00082227480DF16B
:106C70001601089C14F03BF808BB9DF815309A07E4
:106C800005D4234B1B7803F0FD03312B1DD1214983
:106C90006378097803F00F028A4203D0012922D1D8
:106CA000022A12D1227882B91B09022B0DD11A4B6C
:106CB000A0781B78022B1AD1C0F3800006E00022D6
:106CC0000821124817F05EF920B90020BDE81040F5
:106CD00004B07047114BBDF808205B889A42CCD0B5
:106CE000002BCAD0F1E70229EFD1012AD9E7030628
:106CF00009D40B4BB3F86820BDF80A309A42E4D1AE
:106D0000FEF776FBE2E70120E0E700BF9C340020BD
:106D10006C460020A54500206D46002098340020D8
:106D2000A4330020284BF0B55D88002387B08DF890
:106D30000830264B0DF10B001B7805F0010743F0DE
:106D400020038DF8093017F0C4FD6FF07F43ADF8D4
:106D500013308DF8153017F064FE1D4B8DF81600BA
:106D60001B7805F01006DB00DCB2E9F73BFC194BA1
:106D70001B7883422CBF44F0040344F084032FB1FA
:106D8000A9061ED426B143F0020301E0AA07F9D4F4
:106D9000002108468DF80A30FBF710FCADF806001C
:106DA00058B101230F2202A90DF10600FBF796FC52
:106DB00018B90DF1060012F0D4FBBDF8060007B0BB
:106DC000F0BD43F00103DDE798510020A545002008
:106DD00027470020654600201FB50C4A01AB10680C
:106DE0005168127A03C3002109201A70FBF7E6FBF1
:106DF000044640B1FBF71CFB034601AA03CA127804
:106E0000186059601A72204604B010BDEC6B04087B
:106E100010B5FBF7E5FD0A4B1B78022B0CD1094B93
:106E20001B78033B012B07D9074C207828B10020A1
:106E300019F0C9FC0023237010BD17F0F4F9F9E72D
:106E40006C4600206D4600201A47002084B02DE9D2
:106E5000F04788B010AC84E80F00DFF824A1454B60
:106E6000BAF802209DF8459012F0010E9DF94A40B3
:106E70009DF85D809DF95E109DF860509DF96260FF
:106E80009DF946C09DF848701B7834D09DF8650088
:106E9000C0F34002C0F38000002B48D0364B1B7873
:106EA000022B09D1B44242DB23D1E81BC0B28028B7
:106EB0008CBF0020012015E0304B1B78012B00D146
:106EC000BAB178B19AF800301E335BB29942D4BFA0
:106ED000002101219C45D4BF002301238B4206D110
:106EE000B442E1DA08B0BDE8F04704B070470846A4
:106EF000F8E70020F6E7920718D5C3B1760814BF6B
:106F000001200020640814BF012300238342E9D13B
:106F1000EB1BDBB2802B0AD9BD42EAD18C4506DBE4
:106F200025D1C1452CBF00200120DBE70BB9012092
:106F3000D8E7BD4204D18C45F9DB01D1C145F6D378
:106F400002AC16AE0FCE0FC496E8030044F8040B53
:106F50002180DDE9140110AB0090ADF804100FCBD7
:106F600012F0F9FA0028E2D1BD429ED1BAE770468C
:106F7000B8E700BF1B4700206D4600206C4600208C
:106F80009851002084B02DE9F04F8FB06A4E18ACB4
:106F900008AD84E80F0016220021284613F0D1FE28
:106FA00033783BB90024654B32781B789A4239D24A
:106FB000002726E00021624816F048FD002704461D
:106FC000B846DFF87C91002C45D13FB122463946C6
:106FD0005B4816F0CCFD3378013B33703378002BDF
:106FE000E0D0002156484FF0000916F02FFD4F4623
:106FF0008046CA46DFF848B1B8F1000F6CD1002FC7
:10700000D1D01621002218A816F009FD014648B17A
:10701000002F00F08B802246494816F044FD33785B
:1070200001333370454B32781B789A4207D9444874
:107030000022018816F09BFD3378013B33703378D2
:10704000012B03D13F494048FBF72EFC0FB0BDE8B0
:10705000F04F04B070470022214616232846CDF891
:10706000008016F029FE1622294618A813F03FFECC
:107070000028EBD09DF864209DF824309A4225D159
:10708000BDF86020BDF820309A421FD108220DF1D2
:107090002E010DF16E0013F02AFEB8B902AF0DF10A
:1070A000600CBCE80F000FC79CE8030047F8040B16
:1070B00039800EAB13E903000090ADF8041095E899
:1070C0000F00FFF7C3FE0028C0D0274621464846E0
:1070D00016F012FD044676E71623002241462846A4
:1070E000CDF800A016F0E8FD02AF0DF1600CBCE891
:1070F0000F000FC79CE8030047F8040B39800EAB64
:1071000013E903000090ADF8041095E80F00FFF7B5
:107110009DFE074620B1B9F1000F04BF44468146E9
:107120004146584616F0E8FC804665E73A46044872
:1071300016F092FC73E700BF1B47002004520020AA
:10714000A443002020BF0200AC4F00202DE9F04FE7
:10715000002104469FB00DF14008162240460E91D2
:10716000CDE90C11CDF83B1013F0EBFD05222046C4
:107170000DF11F0316A90DF087FB0228074600F04A
:10718000F680204616F0EAFB064612F067FA8146C2
:10719000F01C12F063FAADF84000701D12F05EFAB8
:1071A000012FADF84200204640F0E48016F0D6FBF7
:1071B00005462046FBF73CF90D352D1A434621467E
:1071C0000820EAB211F0F9FA002800F0D080204639
:1071D00016F0C9FB012F83469DF84D3040F0E38047
:1071E00000252F4643F001038DF84D3016AE33884D
:1071F000022B4DD1F17820460231FBF713FB1B28FF
:1072000046D1F17820460331FBF70CFB19283FD11A
:10721000F17820460431FBF705FB4A2838D14FF0BE
:10722000050AF178204601315144FBF7FBFAF17869
:10723000059051442046FBF7F5FA059B00EB03202F
:1072400083B200F03F02932B059240F09B80002315
:10725000F778214602375744FFB23A4600930CA80C
:107260000F2316F029FD07F10F01204616F06CFDE3
:1072700007F111010546204616F066FDADF8420003
:10728000059B023353445FFA83FA33795345C8D8D8
:1072900006360DF17603B342A9D19DF84D20C5F312
:1072A000C03363F3410220468DF84D2016F0EDFA0D
:1072B0008DF84400204616F0DDFA8DF84500204692
:1072C00016F0DDFA9DF83230BBF1190FC3F3C3029B
:1072D0008DF84720DDF833208DF84600CDF84E209C
:1072E000DDF83720CDF8522094BF00229DF83E20D3
:1072F0008DF8482003F003028DF84A206E4A127878
:10730000022A9DF84D200CBFC3F38003DB0963F311
:1073100082026A4B8DF84D201B78022B57D1BDF8A5
:10732000406016F009FF864251D108A817F0D1FA43
:10733000BBF1190F48D908220DF14E0108A813F02E
:10734000D6FC00283DD1B9F5004F02D0B9F5624F07
:107350000DD140F6FF7325F440459D4207D1002230
:1073600008210DF14E0016F00DFE00283FD01FB091
:10737000BDE8F08F16F0F2FA05462046FBF758F804
:1073800007351AE7412B7FF47BAFF17820460231B5
:107390005144FBF747FA4A4B1B78C3F1B303184437
:1073A0008DF849006CE76FF30003F01D8DF84D3048
:1073B00012F054F90CA90546204617F0D8FA002718
:1073C0006BE700F0F1FFBEE700F0EEFFCFE7B9F5A5
:1073D000004F02D0B9F5624FC9D140F6FF7325F4D2
:1073E00040459D42C3D1BBF1190FC0D9B7E7BBF1EE
:1073F0001A0F06D007F11F0142462046C9B212F00B
:10740000B2F8304C304D637BDBB12B78012B1DD1B2
:10741000012323730CAB029314AC94E80300009097
:10742000ADF8041098E80F00FFF71AFC90B194E84B
:1074300003000090ADF8041098E80F00FFF7A2FDDC
:1074400008E0FBF70FFD0028DFD0E1E703F0FD03C4
:10745000042BDDD02B78012B01D0042B87D11B4BC3
:10746000DDF84E001B78DDF852108DF82230BDF8A3
:107470004030ADF820309DF84D30C3F340038DF817
:1074800023309DF8313003F00F038DF82C309DF838
:1074900048308DF82D3009AB03C30D4B1B681BB171
:1074A000414608A8984762E79DF946209DF8451097
:1074B00008A811F033FC5AE76D4600206C46002006
:1074C0002247002098340020064700202147002052
:1074D000883400202DE9F043424B434C1B7885B0A3
:1074E000033B012B22D810F02DFD2378022B31D144
:1074F0003E4A1468A0422DD03D4910600A68121B14
:1075000010443C4A0860127872B1013A93403C2220
:1075100053434FF47A72534398421BD9032005B06A
:10752000BDE8F043FBF7AABB0A23F2E710F00AFD1F
:107530002378022B0ED12D4A1568A8420AD00027C5
:10754000DFF8BC802C4E1060451B98F80030FCB270
:10755000A34202D805B0BDE8F08356F82430204697
:107560002B4446F8243009F05DFBC3074FF00009B7
:1075700010D5204609F024FB70B156F82430242B96
:1075800008D9102200232046CDF8009009F068FBAE
:1075900046F824900137D8E7184B1B5D13F00F0312
:1075A0001FBF03F1FF32022393403C220CBF0A238A
:1075B00053434FF47A72534356F824209A42E9D940
:1075C000204609F01DFA02A918F0A3FB28B12046B5
:1075D00009F016FA02A911F04FFB204618F05FFCE3
:1075E000D8E700BF6D4600206C4600202027002011
:1075F0001C270020BB51002050250020AA45002058
:10760000D4510020064B1B88DB0708D50022054B10
:1076100043F82020044A135C63F00F0313547047AF
:10762000A643002050250020AA45002008B510F0F0
:1076300089FC0022024B1860024B1A6008BD00BF93
:10764000202700201C270020014B1868704700BF2E
:107650001C27002008B50C48FBF7C2F9FBF762FBBA
:1076600080B10A4B0322B3F8681001200CF0B2FD80
:107670004FF47A71064B04481B885943BDE8084013
:10768000FBF712B908BD00BFCC4F0020A433002087
:1076900078510020014B1880002070479C51002039
:1076A000044A054B1870138823F003031843108015
:1076B00000207047A6430020BC510020024B1888D0
:1076C00000F00300704700BFA6430020034B18885A
:1076D000C0F30E00003818BF012070473A43002065
:1076E00008B5FFF7F3FF30B10020044902230B2255
:1076F0000880FBF7EFF9002008BD00BF3A430020E7
:10770000024B1888C0F30E00704700BF3A430020B8
:107710000023084A01201370074A08491370084BD8
:10772000084A1B7843F00403138002230B22FBF763
:10773000D1B900BF1E4700201D4700203A4300205A
:10774000BC510020A643002013B514468DF8071045
:10775000CAB9CAB20E2A16D80D4B1B881341DB07D3
:1077600011D509F0CFF9FF2801460ED09DF807206A
:10777000084B1A5401231B200DF1070210F055FC91
:10778000204602B010BD0124FAE70224F8E700BF4A
:107790009C510020AA45002030B5012100240B2374
:1077A00085B0104D019400918DF80C308DF80D00CE
:1077B0000323B5F8680003AA8DF80E4018F047FEC1
:1077C00068B1B5F8681017F0DAF940B10522064B38
:1077D00064211A70054B06481C70FBF765F805B06C
:1077E00030BD00BFA43300201D4700201E470020ED
:1077F000EC4F0020064B1B78033B012B06D8054BB2
:107800001B781BB9044B1878FFF7C6BF704700BF41
:107810006D4600201C470020BB51002010B51548C4
:10782000FBF7DEF8144B1978F9B9144A13787BB1D9
:10783000013B1370124B1B78042B02D10846F9F759
:1078400089FFBDE810404FF496710A48FBF72CB849
:107850000C4A128802F00302022A0AD1BDE8104045
:10786000032201200849FEF79BB9BDE81040FFF74D
:10787000C1BF10BDEC4F00201E4700201D47002057
:107880006D4600203A43002000F8FF071FB50C2387
:107890008DF80C300B4B0C461B88012123F00403A0
:1078A0008DF80E3000238DF80D00CDE90013204631
:1078B000032303AA18F0CBFD10B1214617F05FF99E
:1078C00004B010BDA6430020F8B5064615F0A9FF88
:1078D0000546304618F0DFFD411C044689B23046AB
:1078E000FAF7A0FF02340746A1B23046FAF79AFF32
:1078F000394602462846FFF727FF022816D02946B8
:10790000FFF7C4FF0A4B1B8803F00303022B0DD1C2
:10791000284609F0F7F8FF2808D00022054B43F865
:107920002020054A135C63F00F031354F8BD00BF19
:10793000A643002050250020AA450020084B1A78B5
:107940005AB10223013A93404EF660225343032179
:107950000448B3FBF1F1FAF7A7BF42F21073F6E760
:10796000BB510020EC4F002070B505461748FBF7CF
:1079700037F80122164B28461A7018F08CFD411C6E
:10798000044689B22846FAF74DFFA11C064689B283
:107990002846FAF747FF0F4C022320800B2221468E
:1079A0000020FBF797F886B9238803F00303022B26
:1079B00003D1FFF73BFEFFF7C1FF23885B0704D528
:1079C000BDE870400448FFF745BE70BDEC4F002095
:1079D0001E4700203A430020CC4F00202DE9F04301
:1079E000204C89B02388002B35D01F4D00214FF447
:1079F000807009F0F5FB2B78DB072AD50121208860
:107A0000FAF7A0FD0646208815F0A8FF023011F015
:107A100025FE05A98046208818F044FE2B783046C4
:107A200013F0020F114B40F60247B3F8009018BF55
:107A30000027FAF719FD05463046FAF7F9FCEDB2D2
:107A40000290424606213846CDE9009505AB11F07B
:107A500053F900232380064809B0BDE8F043FAF744
:107A6000BFBF00BFAE4300201F470020AA43002035
:107A70000C5000202DE9F047304F80463D880E46DF
:107A800014469946ADB3104615F076FEB0F5006F7A
:107A90002FD1204615F083FE824609F033F8FF28E7
:107AA00027D02EB1264A32F810302B4322F810305E
:107AB000B5F5007F36D0B5F5806F33D0B5F5807F52
:107AC00017D1204B1B88A3421CD14FF6FF718A456A
:107AD0000FD0204615F079FE284609F0AFFB50B9CB
:107AE0001948FFF77BFF0023184A1380184A3B8090
:107AF0001370BDE8F0870220002109F009F9002881
:107B0000EED1F0E7114D2B88A342F2D14FF6FF7171
:107B10008A45EED024B1204615F057FE00232B8075
:107B20000023E3E700230A4A3B80137031464B46AB
:107B300022464046BDE8F04716F035BDA843002078
:107B4000F2420020AE4300200C500020AC43002045
:107B50000B47002010B508F0D5FFFF28044601D1DF
:107B6000172010BD09F05EF8C107F9D5204609F0CD
:107B700059F8820700F00203F2D40449184631F89C
:107B8000142042F0100221F81420EAE7F24200200B
:107B900010B508F0B7FFFF28044601D1172010BD2B
:107BA00009F040F8C107F9D5204609F03BF88207F3
:107BB00000F00203F2D40449184631F8142022F0F0
:107BC000100221F81420EAE7F242002010B5044622
:107BD0000C48FFF703FF01214FF4807009F000FB10
:107BE00078B10022084B1C80084B1A700BF0DAFFAA
:107BF000BDE81040064B1880064B02481988FAF77A
:107C000053BE10BD0C500020AE4300201F47002083
:107C1000AA4300207A510020044A137818B943F08F
:107C200001031370704743F00303FAE71F47002076
:107C30002DE9F04FDFF84C9187B099F80060002EE5
:107C400040F08C80DFF840B1DFF840A19BF80030B5
:107C5000F4B2A34207D80022424B1A8007B0BDE815
:107C6000F04FFDF7E7BA20463AF8145008F0A8FFA5
:107C70008046002860D0204608F0C2FE15F400714E
:107C8000074645D001464FF6FF720E2017F09AF8CE
:107C90000546002850D0394615F097FD4FF4007383
:107CA0000027304E204633803AF8142022EA03039E
:107CB0002AF8143010220023009708F0D1FF2A4B35
:107CC0001B88DB0707D5294B294A43F82470135D2D
:107CD00063F00F031355182000216043254B264CF9
:107CE0000093019101232A46205CF9F757FD0028F3
:107CF00014BF0123002389F8003005D13388B3F580
:107D0000807F01D11D4B1880404607B0BDE8F08F41
:107D1000680513D5059116F0D2FF01220599034697
:107D2000009207203A46CDE90111FDF7A5FB4FF47B
:107D300080630546002DB3D1013687E7104B1888C4
:107D40000028F9D0EA05F7D5394615F03EFD0C4B71
:107D50001D880A4B1D804FF48073EBE74FF000083D
:107D6000D2E700BFA8430020A643002050250020F2
:107D7000AA450020757A0208F0100020AC430020CC
:107D8000AE4300200B470020D4510020F2420020D7
:107D9000042230B501F0400387B0002B054614BF24
:107DA000012400248DF80C208DF80D1004D004A9B6
:107DB00017F0AFFF38B304ABCDE900430121022334
:107DC000284603AA18F043FB0446F0B1104B1B7879
:107DD000033B012B04D80F4BB3F8681015F0F5FCEA
:107DE0004FF6F7739D4209D9322202212046FDF752
:107DF00081F980F00100C0B207B030BD29462046AD
:107E000016F0BDFEF5E70120F6E71920F4E700BF04
:107E10006D460020A433002010B1034B1B88038063
:107E2000024B1878704700BF9E5100202047002069
:107E300010B5FFF755FC04F0FFFF16F09BFC002087
:107E400017F05EFF0BF0E2FB08B1FCF7C7F8204C1F
:107E50002378532B12D1032323700023FF221946CA
:107E60000120FDF79DFE0020F8F7E8FF10B100208B
:107E700015F09DFDBDE810400CF09CBA062B01D01A
:107E8000212BF0D1012016F0F6FC4FF6FE7016F013
:107E900042F94FF6FF7016F05BF90020FDF766FD22
:107EA0000020FDF7A7FDFDF7E3FC00F07BFB0DF0E4
:107EB00029FE2378212B02D1FDF7AAFAD3E700206F
:107EC000FAF7DCFE00214FF4004017F0B7FCCAE7D8
:107ED0006C46002010B50A4C0A48FAF781FD237859
:107EE000062B02D1012016F0C6FC2378062B01D008
:107EF000532B03D1BDE81040FFF79ABF10BD00BF60
:107F00006C4600202C5000202DE9F84FDFF8CC8083
:107F100004460E461746FFF7E3FB98F8005015B9E4
:107F20000220BDE8F88F212DFAD0DFF8B49099F83F
:107F30000030012B01D1A306F2D4274815F0CFFF62
:107F40000028EDD114F0200439463046DFF894B013
:107F5000DFF894A005F00F051BD010F08BFE012D6B
:107F60008BF80070AAF8006033D1212388F8003024
:107F7000FFF75EFF0020D4E7212388F80030FFF7E9
:107F800057FF00214FF6FE70FDF7BCFEFEF764FAC6
:107F9000F0E710F06EFE012D8BF80070AAF800607B
:107FA000EAD0062321464FF6FD7088F80030FFF72F
:107FB000EFFE40F6020240F2262199F80030064812
:107FC000033B012B88BF1146FAF76EFC002CD1D180
:107FD000D7E75323E6E700BF2C5000206C46002073
:107FE0006D460020204700209E5100202DE9FF41D2
:107FF0000F460546511C3846FAF714FC044638462D
:1080000015F0ACFC0646023011F028FB424B8046CE
:108010001B7804F04002022B02D0043B012B06D84F
:108020003E4B1B68580205D5A10603D452B304B0D9
:10803000BDE8F08132B33A4A1278D11E012917D82F
:10804000384BB3F86830AB42F1D17378180714D5C8
:10805000304618F05EFAFBF711FB0028E7D001224A
:10806000294604F0200004B0BDE8F041FFF74CBF02
:10807000022ADCD1DF01DAD4E7E716F040F8404508
:10808000D5D1ECE7264B1B78013B012BCFD8737879
:10809000D906CCD502A9384618F048FA002002A922
:1080A00008F000FDFF2806460BD0A20601D416F00A
:1080B00089FC304608F0A4FC04F0E0FE304617F0DE
:1080C000EEFE284616F092FAFF280DD0FCF7B2F922
:1080D00014F0200608D116F012F828B13346022217
:1080E000284602A905F0FEFF16F009F800289ED1E7
:1080F000A3069CD402A94FF6FF730222284610F073
:1081000038FB4FF6FF72034600922846022202A96E
:1081100010F022FE8BE700BF6C46002028270020CD
:108120006D460020A433002038B504460D4608F003
:10813000E9FCFF28034615D00B4A127842B10B4ADE
:1081400032F81020520403D517F0A9FE002038BDE4
:10815000184616F037FC204645F04001BDE838408F
:10816000FFF716BE0120F2E768460020F242002029
:1081700038B50C4B04461B780D46022B01D002206B
:1081800038BD15F0BCFFA042F9D029462046FFF7C4
:10819000CBFF0028F4D0204645F04001BDE8384030
:1081A000FFF7F6BD6C46002038B5054615F0D6FB46
:1081B0000446284618F06FF9411C89B22846FAF7A0
:1081C00031FB42060DD563781B070FD5204618F00A
:1081D000A0F90146002008F065FCBDE8384017F022
:1081E0005EBE0348BDE83840FFF774BE38BD00BF2F
:1081F0002C50002038B54FF6FF75A842044617D022
:1082000015F09AFFA04213D04FF6FD72094B198862
:1082100091420DD9084A1288AA4201D0A24207D140
:108220001C804FF47A71BDE838400448FAF73CBB33
:1082300038BD00BF82510020A0510020B42600208C
:1082400008B50448FAF7CCFB4FF6FF72024B1A80D0
:1082500008BD00BFB426002082510020024A1378D6
:108260000BB1013B137070475B46002008B515F059
:108270006FFF00214FF6FF72054B08461A80FDF78D
:10828000DFFBBDE8084040F6164010F059BD00BFC6
:108290008251002008B5FAF7A3FB0A4B1B78023B7A
:1082A000032B08D84FF6FE73074A108898424FF602
:1082B000FF7301D1138008BD9842FCD0BDE808408F
:1082C000FFF7D4BF6C4600208251002010B5084B48
:1082D0001B78042B0AD015F012FF00210446084633
:1082E00016F08BFB231A5842584110BD0020FCE7C2
:1082F0006D460020F0B5002689B00546CDE905663B
:10830000ADF81C6018F0C7F80A2302460446294657
:10831000009605A815F0D0FC9DF815309DF8147056
:108320001F2B27D803A816F0D4FA08220DF1160146
:1083300003A812F0DCFC0646E0B9092F1CD1FFF7B8
:10834000C5FFB8B1144B1B78A3B1144B1A884FF674
:10835000FD739A420ED9124C124A23780433DBB2D1
:1083600023701278013AB3EB820F03DD58B210F09C
:10837000C6FB267009B0F0BD0A34E4B22146284697
:10838000FAF750FA16F067FB611C284615F0DCFC82
:10839000FFF730FFEEE700BFD651002082510020EA
:1083A0005B460020BA51002038B5134B1B78033BC5
:1083B000012B20D9114B4FF6FF711B78ABB1104D3B
:1083C0002B888B4217D115F0B7FE4EF6602104467C
:1083D0000C48FAF769FA4FF6FE7322462B8000210B
:1083E000BDE83840092016F044BB074A13888B4289
:1083F0001CBF0133138038BD6D460020D6510020CC
:1084000082510020B42600203443002010B50446D9
:1084100061B1FF2115F043FA0021204615F045FA1D
:1084200015F014F90146204615F045FA2146BDE83D
:1084300010400022014815F00FBB00BFB2430020DE
:108440002DE9F0410D461746044615F087FA0678E7
:108450002846FAF78BFD29468046204615F0B5F9E7
:1084600015F04DFEA84206D120460121FFF7CEFFB0
:108470000120BDE8F0812846B8F1000F0AD0FAF7D4
:1084800003FE50B9144B3A462046BDE8F041197836
:10849000FCF730BE17F062FCF3E706F00306012E8E
:1084A00008D015F02CFE00232246294602F054FF86
:1084B0000028D9D1204615F044F9430505D52046BA
:1084C000BDE8F041002115F0EBBF204617F009FC94
:1084D000B0FA80F04009CCE7B851002010B586B062
:1084E000044617F0D8FF104B02461868197902901D
:1084F000D3F805005B7A01328DF8143000238DF833
:108500000C1004902146009392B2052304A815F0A4
:10851000D3FB052204A902A812F0E9FBB0FA80F00F
:10852000400906B010BD00BFF56B040808B5074848
:10853000FAF756FA064B1B78033B012B05D8BDE82A
:10854000084000210846F9F705B908BD4C50002045
:108550006D46002008B5114815F0A0FC104B1B78A3
:10856000012B06D8FF2009F027FDFCF773FC08F06B
:10857000BBFDFBF7C3FF02F09FF9FFF7C9F818F046
:10858000C7F90CF031FBFCF733FE0BF08BFBF4F773
:10859000D5F8BDE8084003F0CDB900BF6C34002029
:1085A000B951002008B5E8F781F9FF2803D0094B3D
:1085B0001B78012B06D9002009F0FEFCFCF74AFCD1
:1085C00008F092FDFBF79AFF02F076F9BDE808404B
:1085D00003F0B0B9B9510020064B1878112806D025
:1085E00000F0FD00A0F141035842584170470120BE
:1085F000704700BF6C4600202DE9F0410446FCF7AF
:10860000D1FB18B100263046BDE8F0811D4B1B7828
:10861000033B012B09D81C4BB3F868104FF6FF73CE
:108620009942EFD0204615F0D0F8184B0221204691
:108630001A88FCF75FFD06460028E3D0204615F0B7
:108640008DF990F807800546043011F007F80746C9
:1086500015F055FD414602463846FCF7BBFBA81C09
:1086600010F0FCFF4FF6FF73984202D12046FFF74F
:10867000ADFA2B789B07C6D101212046FFF7C6FE35
:10868000C1E700BF6D460020A4330020B0430020A6
:108690002DE9F04F002585B00746039515F05EF9EA
:1086A0000646043010F0DAFF8046B01C10F0D6FF0A
:1086B000337804464046009308F024FA8246404648
:1086C000FAF754FC3378BAF1FF0F0CBF83464FF032
:1086D000010B9A070AD115F012FD404514BFD94687
:1086E0004FF00109B3791BB90320B8E0A946F9E7B7
:1086F00015F005FDA04205D115F001FD0446994B8A
:108700001B7836E0984B1B78052BF8D0033B012BE8
:1087100003D8964BB3F86840F1E7204617F034FBD6
:10872000737840B313F00402DFF838820BD198F865
:1087300000301A4421463846D2B2FFF781FE0028A5
:10874000D2D000208BE0384617F067FE0146054680
:108750003846FAF767F8421C52002946384602F0BC
:10876000FE0216F0CCF9737823F00403737098F8C6
:1087700000300022DDE75B0726D5384617F04DFEB6
:10878000014606463846FAF74DF8824606F10109D9
:108790001FFA89F949463846FAF744F8DFF8C481E8
:1087A000BAF1000F01D0FF2805D100224946384612
:1087B000FAF74CF8DBE7B11C01EB4001C9B23846CF
:1087C00015F0C2FA0446D2E7204603AA02A917F020
:1087D00072FC0546B9F1000F49D0009B03F0C003BD
:1087E000802B0ED1FF2320468DF809300CF014FAAF
:1087F000FF281BD00DF109020DF10A010CF00CFC51
:1088000014E0402B33D19DF8083083B3FF2320467A
:108810008DF809300CF000FAFF2807D00DF109029D
:108820000DF10A010CF0F8FB2D281BD133784046DE
:1088300003F03F03337017F0A7FA10B915F05FFC8F
:10884000804642460021204608F07AFF00283FF487
:108850004BAFC822072138460BF05CFA012005B067
:10886000BDE8F08F9DF80930FF2BDFD12546039836
:1088700038B99DF80820002A62D13A4B2C461B7863
:1088800057E709F05DFB039AFF280346127908D1E8
:10889000CDE900204FF4E0713548E3F72BFADDE92C
:1088A0000023B9F1000FE4D002F03002102A0AD000
:1088B000202ADED1BBF1000F24D05146184609F022
:1088C0006FFD0028D5D1DFF8AC9099F80030012B6E
:1088D00045D0204610F049FE28B92A462146404698
:1088E000F37917F06BFBA54212D1039A137923F0A9
:1088F0000C0313719DF80830ABB92C46194B1B784B
:10890000302216E7039B1B7913F00C0FDBD1B0E785
:1089100099F80030022BE8D0039A137923F00C0366
:1089200043F00403E5E70121204615F0D9FE20B904
:1089300020460CF071F9FF280FD00A4B1B78DFE7B7
:108940000121204615F0CCFE00287FF4D8AE204649
:108950000CF062F9FF287FF4D2AE02207FE7A54237
:10896000D9E700BFB04300206D460020A4330020AB
:10897000006D04082447002010F0FD0303BF024AE5
:1089800010701846212070470652002038B50D4B54
:1089900004461B780D46033B012B0FD900F1080359
:1089A0009BB2012B0CD815F0AAFB294602462046A3
:1089B00008F0C6FE80F00100C0B238BD0120FCE71F
:1089C0000220FAE76D4600202DE9F04106461046E8
:1089D0000D4617F060FDA0F11004E7B256FA84F4DA
:1089E0002146EA1B04F10E0012F091F92823DFF86A
:1089F0004480F35598F80030637301F06FFF611CF9
:108A00000246012010F030FE08220949601D12F0D4
:108A10007EF998F8000016F0D2FF05F10E013046FD
:108A20003B460022C9B202F005F81220BDE8F081F1
:108A3000FA460020674600202DE9F04F89B0044631
:108A400014F08CFF0546204614F0EBFE0746281D67
:108A500010F004FE8146A81C10F000FE039038467A
:108A600095F807A017F090F92B780490990761D139
:108A70002146042002F0EEF800285BD0204617F0D3
:108A80000AFD01462046F9F7CDFE820752D1204665
:108A900017F001FD01462046F9F7C4FE10F003036C
:108AA000059347D12046FFF719FD002842D0204604
:108AB00017F0E7FD461C2046F9F7D6FCF6B206F1A2
:108AC0000A0B834580F29D804F4A06AB10685168BF
:108AD00003C3711C2046F9F7A5FE314680462046A7
:108AE000F9F7A0FE594600EB08282046F9F79AFE50
:108AF0008346059B2146B21C009306A8082315F067
:108B0000DBF81FFA88F8204614F08BFE5A464146DF
:108B10000DF008F80122404606A901F0B1FB00283B
:108B20006FD102200BF0C0FF013003D1404606A9EF
:108B3000E7F77EFF15F0E3FA48453A46514608D17B
:108B400015F0FCFD00285CD109B0BDE8F04F01F044
:108B50008DBB484615F0F2FD002852D12B4B1B78F7
:108B60001BB93946484615F0E4FF3A465146484697
:108B7000FCF730F9002844D0297811F0030102D124
:108B80002046FFF743FCAB79002B3AD0204B1B78F3
:108B9000033B012B35D96B78DB070DD503982E7A73
:108BA00016F0B4FF10B3F30803F01C0326F01F0601
:108BB000334343F001032B724FF6FF71204614F04C
:108BC00004FE049BDBB910F045F800F03F020221DF
:108BD0002046FCF78FFA4FF6FF73039A9A4210D1A2
:108BE000204609B0BDE8F04FFEF7F0BF06F01C03C9
:108BF0001C2BE1D0042B04D9043E2E72DCE70022AA
:108C0000E5E709B0BDE8F08FE827040863460020D7
:108C10006D46002038B5144D2B78023B012B20D82F
:108C2000124B1B78033B012B01D9022038BD0CF0FD
:108C3000DDFA04460028F8D1FEF74CFC2B78032B14
:108C400007D12346FF2221460120FCF7A9FF01207E
:108C5000ECE721462046F8F77DFD003818BF0120DB
:108C6000E4E71720E2E700BF6C4600206D460020D5
:108C70002DE9F04385B004460E46174614F06BFD0F
:108C80000C2820467BD114F069FE09220021F8F758
:108C9000CBFC00F11005EDB229462046F9F7C2FDE4
:108CA000042853D006D8012815D0022822D005B0B8
:108CB000BDE8F0837C28FAD12046F9F7D5FB0546BC
:108CC0002046F9F7B5FB02463046E9B205B0BDE8EB
:108CD000F0430FF0D7BF46B91321204615F034F802
:108CE00005B0BDE8F04315F033BA05B0BDE8F04378
:108CF000FCF7B8BD9D4B1B78013B012BD7D8204614
:108D0000E91CF9F78FFD074686B978B9691C20463A
:108D100015F01AF80546214616F000FE3A46294697
:108D2000102005B0BDE8F0430FF05DBF002508231B
:108D30002146152200950DEB030014F0BDFF2846D7
:108D400002A907F0AFFE17F0AAF8B0E7884B1B782E
:108D5000022BACD146B9FEF7D3FCC2070AD5FEF709
:108D600065FC002F08BF3F26304605B0BDE8F04344
:108D70000FF094BFFEF7AAFC0028F0D0F1E714F042
:108D8000EDFD8046043010F069FC074608F1020052
:108D900010F064FC4FF6F773984205460CD8754AFC
:108DA000138801339BB213800BB9734A13801EB131
:108DB000714A13880133138098F8009009F0030971
:108DC000B9F1010F40F08380204617F064FB0146A3
:108DD0002046F9F727FD043809283FF668AF01A3BC
:108DE00053F820F00D8E0208AF8C0208AF8C0208F9
:108DF000318E0208AF8C0208AF8C0208AF8C0208DB
:108E0000198E0208AF8C0208198E0208204605B0A0
:108E1000BDE8F043FFF7C8B9544B1B78042B7FF42F
:108E200046AF0021084605B0BDE8F043F8F792BC14
:108E30004E4B1B78013B012B3FF639AF404617F0F4
:108E400068FB00274D4B01465B898DF80A70ADF831
:108E5000083000283FF42BAF384607F023FE0546C4
:108E6000204617F018FB421C03232146009792B2BC
:108E700002A814F021FF9DF80A30E6B93C4A1278A6
:108E8000022A18D1BBB9FF2DBDF808400AD03C4AD0
:108E9000214632F81530284623F4806322F8153035
:108EA00016F0DDFF204617F0E7F8002221461020DB
:108EB0000FF099FEFBE6022B3FF4F9AE2BB9304BD5
:108EC00033F815305B053FF5F2AE28463BE7B9F1C4
:108ED000000F7FF4ECAE3146204604F0B9F8002EC6
:108EE0003FF4E5AE4FF6F7739D423FF6E0AE98F8DB
:108EF0000160284616F0040620D117F00AF904464E
:108F000028467CB116F02AFF0346F0B90C220090E7
:108F10002946384615F06BFF0C22002339462846B7
:108F2000009308E016F01AFF0346B8B9154A0090FE
:108F300012782946384615F05AFFB8E616F00EFFAB
:108F4000034678B90B220090F3E706223346294600
:108F50003846009615F04BFF0622DEE723460094C4
:108F60000622E6E74B46CDF80090F9E76D46002073
:108F70006C4600203E4300203C430020F56B040873
:108F8000F2420020065200202DE9F04F05888BB0F8
:108F90000446284614F0E2FC8046043010F05EFBE4
:108FA000074608F1020010F059FB05A90190284678
:108FB00017F0BCFA284617F06EFA01460646284616
:108FC000F9F730FC98F80030029003F00303012B0E
:108FD0000CBF82464FF0FF0A0EF0AFFFB4F806B0A8
:108FE000814615F08CF898F80730009038460393C6
:108FF00001F074F8002838D1019801F06FF80028CA
:1090000049D1FCF7B9F9A9EB0B0B1FFA8BFB814691
:10901000F9F728FF002844D1FFF7DEFA002840D1F5
:10902000A14B1B78033B012B42D8BAF1060F00F08D
:10903000BE80BAF1040F00F0BA80FFF7CDFA20B17C
:10904000029B03F00303012B32D0F9F76BFE28B922
:10905000964B1B7803F00F03062B6FD1944B2846D9
:10906000B3F8681014F0B1FB22E0284614F076FC47
:10907000023010F0F3FA4FF6F773984206D9039BCB
:1090800023B92846FFF72AFA0028B5D1A37823F0A0
:109090000F03A37054E0019816F076FE0028B0D1BB
:1090A000F4E7A9F104095FFA89F9B9F1020FB7D819
:1090B000BAF1010F40F0A280284614F070FB4FF681
:1090C000FF7398426AD100233146284607AA16F05A
:1090D00036FF80460028D9D042799DF8253093424A
:1090E00009D9711D284689B2F9F7B0FBA37823F09E
:1090F0000F030233A3700FF0ADFD7E23B0FBF3F23C
:1091000002FB130303F58073A3809DF8263013F050
:10911000180F0BD0A378190708D1009BBB4205D0CC
:10912000384698F8052005A90FF0DCFD9DF82700CA
:10913000003818BF01200BB0BDE8F08F2823A380B2
:109140000020F8E7584B1B78033B012B5FD940F612
:10915000B8339B459AD80FF07DFDFF238DF813306F
:10916000002300F03F00C0F5FA70A08007A90DF1C0
:1091700013008DF81C30FBF79FFE054698F807108A
:10918000384615F0CFFA002D80D09DF81C20013A0A
:10919000032A7BD8DFE802F0807A697D4FF6F77307
:1091A000019A9A4224D898F80130DA0720D4284648
:1091B00014F0F5FA14F02FFF012808BF3D4BA278F8
:1091C00009BF1B78FA2303EB830303EB830302BF7E
:1091D0009B00FA339BB212097FF458AF5B45FFF452
:1091E00055AF0FF037FD00F01F001030A08053E0A6
:1091F0002D4B1B78033B012BA9D8D8E74FF6F7730B
:10920000019A9A429ED898F80130DB079AD4BAF1B5
:10921000020F53D10123314607AA284616F08FFECC
:10922000074614F06CFFBDF82230984236D1002F6B
:109230003FF42CAF01227B883146284608F004FC1D
:109240001D4A13780133DBB288F8073013707B882E
:10925000BDF81E209A421FBFA37823F00F030233EC
:10926000A3704FF4C873A38016E0009BBB4213D0D9
:1092700000283FF40BAF426801323FF407AFC278D9
:109280009DF813309A42BFF401AF05E0009BBB424A
:1092900002D0A2781209EBD101204CE7184616F053
:1092A00073FD0028C3D182E76D4600206C46002084
:1092B000A4330020CC5100206A460020BAF1030FED
:1092C0007FF475AF009BBB427FF471AF711C2846E1
:1092D00089B2F9F7A7FA0C287FF469AFFBF790FB86
:1092E0004FF6FF73984201463FF461AF284614F0F1
:1092F0006CFA5CE72DE9F3410446008814F02EFB7C
:109300000546043010F0AAF90646A81C10F0A6F98C
:1093100007460EF012FE05463046B4F8068000F00F
:10932000DDFE064648B9384600F0D8FE58B9194A5D
:10933000A3781278033A012A0BD8A378002623F0E9
:109340000F03A37021E0384616F01EFD0028EED171
:10935000F3E71B09F1D1A5EB0805ADB2B5F5C86F70
:10936000EBD80DF10301384601AA019316F0A3FED4
:109370009DF80350014645B94FF6FF73984204D05B
:109380000126208814F021FAA580304602B0BDE8FD
:10939000F08100BF6D4600202DE9F04105460C46E6
:1093A00014F0D9F9082802D10120BDE8F081201D70
:1093B00010F054F90646284694F8078014F031FA64
:1093C0000746284614F0BDF9010612D5184B1B7844
:1093D000042B0ED1174B1B78022B0AD1164BB3F876
:1093E00068204FF6FF739A4203D000210846F8F731
:1093F000B1F9124B1B78002BD6D1A01C10F02EF91E
:109400004FF6F773984202D86378DA070DD52378C0
:109410009B070AD13A464146304615F08FF980F055
:109420000100C0B200F00100BFE70120FAE700BF71
:109430006D4600206C460020A43300202647002003
:109440002DE9F04F9BB0044614F085F905462046FF
:1094500014F081F9082851D110220021204615F07E
:109460004EFB2046F8F7E4FF05462046F8F7FCFFE0
:10947000C1B2284615F02BF8ADF84A408DF84900E6
:1094800048B92046F8F7D4FF01460DF14900FAF734
:109490001DFA8DF8480048F20103BDF848209A42B1
:1094A00002D12046F3F7B2FC9DF84930402B05D19C
:1094B0002046F3F7ABFC1BB0BDE8F08F802B17D034
:1094C00015A806F0E5FDBDF84A009DF848509DF846
:1094D0004960F8F7C9FF0446BDF84A00F8F7A8FF4D
:1094E00031460090E3B2284615AA0FF01FFCE2E7D0
:1094F00012A80CF045FD0028E2D0DCE7204614F06D
:109500007DF9B0F5006F40F00081204614F089F934
:109510000646042D40F0FC80204614F012F980F439
:109520000060C0F3C0200022314640000FF05BFB1A
:10953000924B1A78022A0DD0FFF74EF850B902F07C
:10954000FD03312B06D0043A012A03D98C4B1B783A
:10955000002BB0D02146022001F07CFB04900028B3
:10956000A9D02046ADF83E4014F0F8F90446BDF805
:109570003E0014F056F90546201D10F06FF8A31CAC
:1095800083461846029310F069F810A90746BDF803
:109590003E0016F0CBFF63780590BDF83E0094F8CE
:1095A0000080079316F077FF6378064608F00308FB
:1095B00028460A93F9F7DAFCB8F1010F0CBF032330
:1095C00002230C936F4B08BF4FF00B091D802378CB
:1095D00018BF4FF00A0903F03C03082B0B907FF4EF
:1095E0006AAFBDF83E00F8F73FFFB0427FF663AFC9
:1095F000B8F1010F03D0237898077FF45CAF624B7A
:10960000B3F86830AB420DD1604A614BB2F900103B
:1096100093F90030002900F0A08001EB0313A3EBC5
:1096200021131380A6F11003DBB206938DF83D30B1
:1096300010224846BDF83E100DF13D030FF0BDF875
:1096400000283FF438AF079B13F00203089300F0A3
:109650000981504B1B78002B3FF42DAFBDF83E9095
:10966000484616F018FF002382464846CDE91533D8
:109670001793ADF8603014F0D4F80AF10E0102909F
:1096800089B2484616F0DAFE002870D00023524610
:109690004946009315A80E2314F00EFB01200DF18E
:1096A00055010FF0EFFF9DF86130099003939DF88D
:1096B0005430282B5BD10DF15900F9F7DFFF0D90E5
:1096C000002854D1039816F07AF90D9B002867D131
:1096D000314B039A1B78D31A190648D404F050FD75
:1096E00001283CD10EF02EFC2C4E0546346824B1E6
:1096F00004F052FD2C1B844239D30023FF2219466B
:109700001846FCF74DFA356031E04FF6FD7600E77C
:109710004FF6FF70301A18BF01200022314640007A
:109720000FF061FA0C2D0DD12146012001F092FAC3
:1097300000283FF4C0AE214600201BB0BDE8F04F2A
:10974000FDF752B82DB920461BB0BDE8F04FFDF72C
:10975000FDBC042D7FF4AFAEEAE61B0261E704F026
:109760000FFD022803D104F0EDFC0028BAD000223E
:10977000192002990FF037FA9DE600BF6C460020D1
:1097800026470020CE430020A4330020A043002021
:10979000224700206846002067460020BC34002095
:1097A0000122102100924846524615F015FE00286D
:1097B000DDD0BD4B039A1B78934240F0A8800299FC
:1097C0000DF1590212A8F9F7B9FB012112A8F9F716
:1097D00031FC824648F2030112A8F9F737FDBAF1CD
:1097E000000F03D0082112A80FF0A2FE484616F081
:1097F00070FE02990DF15900FBF7A2F9FE2882468E
:10980000B5D0FF280AD1029814F0F0FEFF28824656
:1098100000F085800DF15901FAF7A8FFA24B039AD9
:109820001B78934200F0A18050460999FBF76EF92E
:1098300000283FF440AE50460999FBF779F92378A8
:109840009A070FD1484616F026FE01464846F8F71B
:10985000E9FF00F00300012804D102980DF159013D
:10986000E7F7E6F8BDF83E0013F06BFF030440F1A4
:10987000838020460FF0F2FE40F4007189B220464A
:109880000FF0EEFE00224FF40041BDF83E0013F051
:1098900049FFDDF810901022BDF83E100C980DF134
:1098A0003D030EF08AFF00283FF405AE032866D181
:1098B00020460FF0D3FE40F4007189B220460FF02D
:1098C000CFFE284616F060FA002840F0B780DDF899
:1098D0001090B8F1010F40F0B7800320BDF83E10A2
:1098E00001F0B8F9002840F0AF803146BDF83E00E5
:1098F000F8F798FF0F2801467FF6DDAD4FF6F773B6
:109900009F423FF6D8AD284615F05DF9D3E501201A
:10991000039903F05FFD00287FF451AF27E7237818
:1099200003F00303012B08D1484616F0B4FD0146AD
:109930004846F8F777FF082894D05C4B1A785C4BC0
:109940001B789A4209D20DF159010298FAF79CFE50
:10995000029814F04BFE824660E7A01C0FF07EFEDA
:109960004FF6F7739842EED901E75046FBF758F9E6
:1099700000283FF459AF5EE74FF000098BE7284617
:1099800016F002FA0028A4D0089B002B58D1B9F198
:10999000000F53D1B8F1010FBDF83E009DD0314604
:1099A000F8F740FF8246DFF8189199F80030002B55
:1099B00055D014F0A4FB87427FF47DADB8F1010FC0
:1099C00040F08680BAF1070F7CD8BAF1050F7FF618
:1099D00072AD384B1B78022B02D0043B012B03D80D
:1099E00099F80030002B41D00A9B980640F1BF80C7
:1099F0000B9B002B40F0B780284607F083F8FF2828
:109A000040F0B1805D457FF456AD059B002B00F022
:109A1000A88010AB46F204020124ADF85420019353
:109A2000214602232846009415AA16F010FD0028AE
:109A30003FF441AD214614F033FD3CE5DDF81090D4
:109A4000284607F05BFE44E73146BDF83E00F8F7D4
:109A5000E9FE089B824613B9B9F1000FA3D0154B5C
:109A60001B78022B02D0043B012BBDD8284600F006
:109A700035FB814600287FF41EAD14F040FB854283
:109A800030D10D4B1B78033B012B27D80B4BB3F880
:109A9000684014F034FB4B4601460D222046CDF8B9
:109AA000009015F0A4F906E5674600206646002000
:109AB000CD5100206C4600206D460020A4330020CC
:109AC00068460020AAF10E03DBB2012B81D9F2E433
:109AD0000AF00303012B7FF4EEAC7AE7012000F0DB
:109AE0009BFBE8E4284616F04FF958B914F024FB24
:109AF0004FF6FF73984205D009F088FD10B928464B
:109B0000FAF768FD284616F03FF988B114F014FB07
:109B10004FF6FF7398420BD009F078FD40B9B8F1C9
:109B2000010F02D1BAF1060F02D0284607F03EFB22
:109B3000059BA3B919460122584600F0A1FB8146B6
:109B400000287FF4B8AC204616F0E3FC4A460146F4
:109B5000384600F095FB00283FF446AFABE410A96F
:109B6000E9E7059B56E7637823F0200363704FF61F
:109B7000FC739F4275D1B94B1B78033B012B7FF6D9
:109B80009AACA3790BB1013BA3716378590727D530
:109B90000023584615AA12A9159316F08CFA1598A9
:109BA000F0B108F0CDF98146384606F0ABFF159AC2
:109BB0000146137903F03000102806D003F00C00A2
:109BC00008281CBF23F00C031371137903F033032F
:109BD000202B05D1FF2903D00122484608F0A8FB1D
:109BE000284606F08FFFFF281EBF00229C4B43F83B
:109BF0002020079B03F001094FF6F7739F4200F204
:109C00000781B9F1000F40F0DD802946584614F075
:109C100090FF14F074FA874200F00881384616F07D
:109C2000B3F800284AD0B8F1010F30D1BAF1010FD2
:109C300020D14A463146BDF83E0007F061FF384664
:109C400016F0A2F8874B1B78002B6DD1584616F002
:109C50009BF8002865D1384616F096F8002860D1A8
:109C600029E44FF6FD739F428BD17C4B1B78042B6C
:109C700087D120E4384616F087F850B3BAF1030FC5
:109C800027D13146BDF83E0015F0E9F813E4384617
:109C900016F07AF8384616F061F800283DD0002317
:109CA00039465846BDF83E2001F056FBA8B30021C6
:109CB000BDF83E00FEF7AAFBFFF7FDBB384616F0E5
:109CC00063F818B1B8F1010FD8D0E3E7B8F1010F8C
:109CD000E0D1644B1B78002BB8D0BAF1050F23D12B
:109CE00014F00DFA8DF8540014F009FA000A8DF8FA
:109CF00055000123022215A90DF13E00F8F7EEFCF4
:109D000000287FF4D8AB711CBDF83E0089B2F8F78B
:109D100077FD03780133037006E0524B1B78002B6C
:109D200094D0B8F1010FD8D063785A070CD5BDF89C
:109D30003E40204616F071FB411C89B22046F8F7E0
:109D40005FFD0378013B0370444B1B78033B012B01
:109D500030D8B8F1010F06D1BAF1050F1FD114F0B8
:109D6000CEF9834522D1BDF83E00FEF791FC0228D2
:109D70001CD10021584615AA08F02EFA30B10379FB
:109D8000458003F03C0343F0400303710023364A4F
:109D9000009339465846127815F029F806E0BDF8C8
:109DA0003E00FEF775FCBAF1030FE0D10022394600
:109DB0001C20DFE4BDF83E00FEF76AFCB8F1010F9D
:109DC000D5D1F0E7B8F1010F40F0BE800AF1FF33C2
:109DD0000C2B00F2AD8001A252F823F0379E02084E
:109DE000379E0208839C02084D9E02086D9E020861
:109DF000919E0208B39E0208DF9E0208F59E0208AB
:109E0000F59E0208019F0208199F0208259F02087B
:109E1000B8F1010F00F09F80B9F1000F40F094807D
:109E2000BDF83E00FEF708FEFFF745BBB8F1010F95
:109E30007FF43DAFCAE7AAF102035A423146BDF8AA
:109E40003E005A4107F05CFEFFF735BB32465846EC
:109E5000BDF83E10FEF7CAF8FFF72DBB6D46002097
:109E600050250020D351002006520020711CBDF85F
:109E70003E0089B2F8F7D6FC0236F6B20246BDF8CB
:109E80003E305846009610A90BF016F8FFF713BBAA
:109E9000424B1B78013B012B3FF60DAB069B01218A
:109EA000009300202346BDF83E2014F0B7FCFFF7D6
:109EB00002BB3A4B1B785A1E012A07D90120069A89
:109EC000BDF83E10FCF772FBFFF7F5BA022B7FF4EA
:109ED000F2AAF8F7C7FF0028F0D1FFF7ECBABDF8F7
:109EE0003E0006F067FFFFF7E6BABDF83E00FEF75A
:109EF00001FA95E7BDF83E00FEF7FCF9FFF7DBBA83
:109F0000264B1B78013B012B3FF6D5AABDF83E003E
:109F1000FDF7DAFCFFF7CFBABDF83E00FDF724FDF0
:109F2000FFF7C9BABDF83E000AF0CAF9FFF7C3BA95
:109F3000334622465046BDF83E100FF00AFB00287B
:109F40007FF4B9AA5146DEE4237A03F00303012B20
:109F50007FF4B1AA64E70AF1FF330C2B3FF6ABAAFA
:109F600001A252F823F000BF379E0208379E020874
:109F7000839C02084D9E02086D9E0208919E020875
:109F8000B39E0208DF9E0208EB9E0208EB9E0208C9
:109F9000019F0208199F0208259F02086D460020B4
:109FA00010B50021114813F0C3FD0446E8B113F0C9
:109FB00061FC0F4B1870204613F061FC0D4B1870BC
:109FC000204613F062FC0C4B1870204613F062FC24
:109FD0000A4B186001200DF0CBFF2046FFF730FA46
:109FE000BDE8104000200DF0C3BF10BD824300202B
:109FF000234700202247002021470020B4340020BE
:10A00000014B1860704700BFB834002070B5164E81
:10A01000044633680D46E3B113F09DFB0C2818D1BC
:10A02000204613F09BFC092200210446F7F7FCFAB6
:10A03000235C042B0DD10D4B1B78033B012B08D85F
:10A040000B4C25B10B4B22781B789A4203D300238B
:10A050002370002070BD08483168F8F725FC23788C
:10A06000012001332370F5E7B83400206D4600204D
:10A0700025470020055200204C50002070B50024D8
:10A08000124D2C70E6F7AEFAE6B2B04212D8104B81
:10A090001B78013B012B04D800214FF6FF70FBF722
:10A0A00031FE00220B4B1A700B4B198801B11A803C
:10A0B000012070BD304606F0B5FDC30748BF2B78C0
:10A0C00004F1010444BF01332B70DBE76546002037
:10A0D0006D4600205C4600203843002038B50B4B0D
:10A0E00005461B7873B101335C08094B1888F8F7F3
:10A0F0009FF9002330F81320AA4205D00133DAB2C9
:10A10000A242F7D3002038BD0120FCE75C460020C6
:10A110003843002030B5054685B008460C4615F09A
:10A12000F4FDFF280CD014F0CAFD012200210346E3
:10A13000CDE90112009221462A460720FBF79CF93F
:10A14000284606F0DFFCFF2804460FD006F06AFD23
:10A15000C2070DD5204606F065FD830708D40B4ADB
:10A1600032F8143043F4806322F8143005B030BD67
:10A1700014F0A5FD012200210346CDE90112009251
:10A1800007202A46FBF778F9F0E700BFF2420020EB
:10A190004FF6FA72431E9BB2934270B504462AD81A
:10A1A000FFF79CFF38BB194B1B78042B23D02046AC
:10A1B00014F01CFAFF2801D0FAF73CF9204615F0FC
:10A1C00053FF08B107F0D2FE2046114E04F058FAB2
:10A1D00020460EF085FD31780E4D69B12888F8F7DC
:10A1E00027F9054601461E22023010F090FD2C8012
:10A1F00033781E2B07D970BD2020F8F7DFF92880AF
:10A200000028EBD1F7E702333370F4E76D46002006
:10A210005C4600203843002037B5134B05461B78B9
:10A22000022B1FD113F06BFF044613F068FFFFF7FA
:10A23000AFFF14F044FD13F06EFF002014F01BFB81
:10A2400040F607400EF07CFD3DB100230D22214673
:10A250004FF6FD70009314F0CAFD03B0BDE8304026
:10A2600004F04ABF03B030BD6D460020034B1B789D
:10A2700013B90120FFF7D0BF704700BF634600202D
:10A28000F7B504460D46174613F039FF0646002D74
:10A2900047D04FF6FB739C4243D82046FFF71EFF82
:10A2A00030B1A64204D1204B1B78033B012B38D997
:10A2B0002046FFF713FF10B1012003B0F0BD204688
:10A2C000F2F7E2FAC0B1A642F6D00CB369462046D6
:10A2D000F9F73EF90246D8B90821684613F052FE54
:10A2E000B0B908226946284610F001FD80B1294620
:10A2F000204614F014FDDFE7A642E6D12846F9F720
:10A30000BDF928B90120FFF787FF06F0DFFED3E78C
:10A310003FB121462846FAF747FA2146284604F07D
:10A32000CBF90020C9E700BF6D460020044A13782E
:10A330002BB1013BDBB213700BB9024A138070479B
:10A340005C460020384300200148F7F797BE00BF65
:10A35000384300202DE9F047804617460D468CB063
:10A3600061B903AE00211B4813F070FB4FF00009E8
:10A370000446DFF860A01CB920461DE00E46F1E758
:10A380000022214624233046CDF8009013F094FC9F
:10A3900008224146304610F0AAFCA8B9337C9BB98C
:10A3A0006FB945B92A4621460A4813F0E0FB0A4A2C
:10A3B0001388013B138001200CB0BDE8F0873B8877
:10A3C000B28953405B06ECD52146504613F094FB0E
:10A3D0000446D0E7B6430020B4430020024B18885F
:10A3E000003818BF01207047B443002070B5002525
:10A3F0002C460D4B8EB01E88EBB2B34201D30EB08B
:10A4000070BD09A8E6F7E8FD204605AB01AA09A939
:10A410000FF03AF828B932210AA814F0C9FE013524
:10A42000EAE70134E4B2FAE7B443002040232DE91F
:10A43000F04397B0074611A88946ADF80E30E6F70D
:10A44000CBFD02238DF84430002304AE314638465C
:10A4500004937360F9F77CF80546002840F08A8081
:10A4600038460FF082F8804613F049FE0446002873
:10A4700040F0B08099F80130042B40F0AE80E6F750
:10A48000BDF8022879D1E6F7B9F8022840F08180BA
:10A4900096E8030003238DF8443012AB83E80300F1
:10A4A0009DF85130002143F0060310220DA88DF8CD
:10A4B000513010F046FC0DA911A80EF05AFEBDF85F
:10A4C000463009A943F0040311A8ADF846300EF058
:10A4D000AFFE102209F10A0109A810F008FC054698
:10A4E000002872D1E6F78AF8022806D13146FF200B
:10A4F0000DAA0EF06BFE00286AD134240025E6F781
:10A500007DF8022808D19DF851301B0704D430464D
:10A510000DF10E0114F023FE2146304614F048FEE2
:10A5200010238DF8183004238DF81A30334600229A
:10A5300003CBCDF81B00CDF81F1006A80B218DF81A
:10A54000195013F06CFA024638B1002D14BF0123E4
:10A5500003233146384603F079F8B8F1000F09D0EB
:10A56000342C07D106A832463946F8F7E7FC06A88E
:10A570000EF0E1FF17B0BDE8F083234621463046D8
:10A58000009411AA01F06EFE00283FF47CAFAD25C7
:10A59000C6E7E6F733F8012891D1114B1B6803F0A9
:10A5A0008403842B8BD196E8030002238DF844307A
:10A5B0001023ADF8463012AB83E803009DF851300C
:10A5C00043F002038DF8513079E73324AD2596E747
:10A5D000052494E72C46A325A2E7AA25A0E700BFFF
:10A5E000282700202DE9F04336488DB0F8F7F8F918
:10A5F0000DF0A8FC344D2B68C41A4FF47A73B4FBE9
:10A60000F3F4A4B214B10DF09DFC28602F4F4FF667
:10A61000FF763B88DFF8B880ADF80A3000233B8036
:10A6200000210DF10A0013F083FA054658B9284BB2
:10A630001B882BB14FF47A7122487143F8F734F933
:10A640000DB0BDE8F0834FF0000924234A462946A7
:10A65000CDF8009003A813F02FFBBDF81A30A342E9
:10A6600094BFDB1A1B1B9BB2ADF81A30CBB913F0A9
:10A6700046FDBDF8183003F04003184380B218B906
:10A68000322103A80EF058FBBDF818301B0602D586
:10A6900008980EF01AFCB8F80030013BA8F800301A
:10A6A000BEE79E4228BF1E4601234A462946009324
:10A6B00003A8242313F000FB4A462946384613F02A
:10A6C000CBF9ADE734260020C0340020B64300208B
:10A6D000B4430020F0B50446304A8DB0106851688C
:10A6E00001AB03C3A378012B54D1162200210DF135
:10A6F0001A0010F026FBD4F82110D4F81D0003AB8B
:10A7000003C32388190644BF62680892DA050BD593
:10A71000221D08AE04F1140735461068516808324E
:10A7200003C5BA422E46F7D1ADF8183013F0040332
:10A7300018BFA3690593E5F785FF0023ADF81A005C
:10A740008DF81C3013F0DBFCE0B906A903A814F067
:10A7500006FD0022242103A813F061F90446D8B1B4
:10A760000020FFF73FFF002221460D4813F074F947
:10A770000C4A0020138801331380FFF733FF0020B9
:10A780000DB0F0BD082201A903A810F0B0FA00280E
:10A79000DFD0DAE70220F3E71920F1E7E827040821
:10A7A000B6430020B4430020F7B5044600200E460F
:10A7B000FFF718FF104B1B88A34202D8212003B0DB
:10A7C000F0BD00210D4813F041F9002501460B4F63
:10A7D0000029F3D0A54208D1002424232246304684
:10A7E000009413F069FA2046E9E7384613F084F93B
:10A7F00001350146ECE700BFB4430020B64300201A
:10A800000148F7F73BBC00BFB6430020014B188856
:10A81000704700BFB443002030B5154A8DB0516871
:10A820000546106801AB03C307A8E6F7D5FBDDE9D1
:10A830000101032308AC84E803008DF81C309DF867
:10A84000293003A943F0020307A88DF829300EF040
:10A8500090FC10B12D200DB030BD234628686968EA
:10A8600003C303A907A80EF065FC0028F3D0F1E7A5
:10A87000E827040870B50C4611460E4A2378127872
:10A88000064613F0200542EA0302227018BF611D3C
:10A89000082210F03CFA002D0CBF05200D20D4F842
:10A8A0000130B3602378337303F01803082B08BF1B
:10A8B000013070BD68460020042307B51A460DEB31
:10A8C00003010120F8F706F9019B034A1B031360FB
:10A8D00003B05DF804FB00BF1827002010B5064C3C
:10A8E0002368C3F30B0313B904200DF0A0FB206809
:10A8F000431C236010BD00BF18270020014B1868BF
:10A90000704700BF1827002007B50020054B0190B5
:10A91000186004231A460DEB0301F8F7DBF803B0C7
:10A920005DF804FB182700207FB5112306220120C3
:10A9300001A9F8F7CFF8084B9DF814201A70074BBF
:10A940001B780BB1052B05D10EF0BEFA012007B024
:10A950005DF804FB0020FAE7674600206846002007
:10A960002DE9F04F0646CBB08846008801211746F6
:10A97000F7F7E8FD2E4B3A463188ADF8160006A8E9
:10A9800014F0A9FC0DF1280B5A464146C419308831
:10A9900014F02BFCE4B208EB0003A34208BF04460A
:10A9A00005464FF004091CBFA4EB0804E4B223469B
:10A9B0005A460121CDE900090BEB050ACDF808B094
:10A9C0002D1B06A8E6F7B2FEEDB20BEB04030093D5
:10A9D000019523465A464146308814F034FC3488A9
:10A9E00039462046F7F71EFF394600F0F8022046A8
:10A9F000F7F72CFF01213088F7F7A4FD01234A4621
:10AA0000514680B10DF11600F7F768FE01210446AA
:10AA1000BDF816203088F7F7A9FDB4FA84F0400994
:10AA20004BB0BDE8F08F3046F7F758FE0446F4E728
:10AA3000FA4600202DE9F04FC9B0044688469246F8
:10AA4000C118224A04A81F46FFF714FF4FF004095B
:10AA5000C519EDB208AB0293A5EB0A0BA8EB0A03EC
:10AA60005FFA8BFBA8EB0506DBB2F6B204EB0A0239
:10AA7000009301215B46CDF8049004A8E6F756FE4A
:10AA800006F590730DEB03025A44A2F58072136829
:10AA900008A844F80830E35D324623F00703E35585
:10AAA0002C44214610F016F908ABCDE9019308AA11
:10AAB00000230121009604A8E6F738FE324620461E
:10AAC00008A910F007F949B0BDE8F08FFA46002058
:10AAD000F8B5064615F0D5FD811C054689B230460D
:10AAE00015F0ACFCF0B1EDB129463046F7F79AFE0F
:10AAF0001228074616D80C4B691C1C5C89B23046DC
:10AB0000F7F790FE2C44052FE4B205D1052809D8AB
:10AB1000064B1B5C1C44E4B221463046BDE8F840BD
:10AB200015F08CBC0020F8BD3A6C0408346C0408A5
:10AB3000F8B5054615F0AFFC0446284612F00EFFA6
:10AB4000A11C074689B2284615F078FC00283ED0A3
:10AB5000002C3CD021462846F7F764FE0646611CCF
:10AB6000284689B2F7F75EFE0F2E30D8194B9B5D51
:10AB7000E118731E89B2092B0ED8DFE803F009052E
:10AB80000D0D120D0D181E1EC40644BF083189B2EA
:10AB9000820601D5083189B22846BDE8F84015F093
:10ABA0004DBC7B78DB0612D501EB4001F3E700F0EA
:10ABB0001F0000EB40000144EDE71F2805D8092ED7
:10ABC0000ABF4000022080B2F5E7C828E4D0002088
:10ABD000F8BD00BF4D6C0408F8B5064612F0BEFE85
:10ABE000092200210546F6F71FFD00F11004284652
:10ABF0000EF034FDE4B2074621463046F7F712FE68
:10AC000005463046F7F730FCBA05A0EB0403DBB28B
:10AC10000AD47C2D0AD0082D0AD8064A505D9842E5
:10AC20008CBF00200120F8BD1220F8E70320F6E7D2
:10AC3000FF20F4E75E6C0408014B1878704700BFF2
:10AC400007520020024B00F00100187000207047EE
:10AC50000752002038B5114B04461B7808469BB9B3
:10AC6000012038BDA24205F101050FD103EBC1035C
:10AC70005B6898470028F3D11E2022464FF6FF71EB
:10AC80000DF0B1FF0020ECE70025054BE9B213F809
:10AC90003120002AE6D11446EEE700BF075200201B
:10ACA000046C0408002313B5ADF80430134B98422C
:10ACB00021D10B88DA0702D5232002B010BD9B07F3
:10ACC00044BF4FF47F43ADF804300D4B7F221C8806
:10ACD0000DF10600022321460DF0ABF94FF6FF738C
:10ACE000BDF806209A42E7D12046022201A90DF0C4
:10ACF000A9F90020E1E72120DFE700BF1FD1BACA90
:10AD000038260408002313B50D4903807F2202234F
:10AD1000044609880DF106000DF08BF99DF8063008
:10AD2000BDF806201BB1238843F0010323800020D7
:10AD3000FF2A82BF238843F00203238002B010BDA4
:10AD40003826040830B10368034A136043680020C2
:10AD5000536070472120704708520020034B1B7836
:10AD6000002B14BF442056200E3070476846002048
:10AD70002DE9F04F8DB0179C06468946CDE9022398
:10AD8000BDF85870D588ADF816103CB9EC0605D55D
:10AD900000970EF006F80DB0BDE8F08FC5F38024E3
:10ADA0002B054FEA043448BF44F40064A80511D5CC
:10ADB00044F080040A2E00F26581DFE816F0980066
:10ADC0002F0017003700630163013700100098005F
:10ADD00037009C00E90548BF44F04004EAE74FF023
:10ADE00001084FF0020B4FF0000A14E008A95FFAC7
:10ADF00089F014F04CFEDDF82500DDF8291006ABD3
:10AE000003C3A24B33F81930ADF816304FF00008E9
:10AE1000C3460DF1180A002F5CD125E006AA0DF1FA
:10AE200016015FFA89F003F00BFCEFE74FF6F773BA
:10AE3000994540F2278115F4026F40F02381944B2D
:10AE40001B78022B03D0043B012B00F21D813FBB7A
:10AE5000032E4FF001080CBF4FF00C0B4FF0080B06
:10AE6000BA4624F4C074A4B28A4B18884FF6FF7314
:10AE7000984206D08849F8F76BFB10B124F480544F
:10AE8000A4B2039B38460093BDF81620534644F401
:10AE9000027108F027FDADF82000B0BB19207AE759
:10AEA0003846F7F7E1FA0246FFF758FF032E08BFCE
:10AEB0000138824201DD38206DE7032E4FF0010892
:10AEC0000CBF4FF00C0B4FF0080B4FF0000A24F4AE
:10AED000C074A4B2029B1B8893B91A463946062057
:10AEE0000DF07FFC0028BFD140F6014053E74FF042
:10AEF0000008C34677E74FF001084FF0030B72E7F5
:10AF0000002339461A460720EAE74FF6FF73614AE5
:10AF1000118899421CD012F021FD03465D4A04308D
:10AF2000118803930EF09CFB5C49039B097814F491
:10AF3000805FD9715849574A1FBF086898604868B0
:10AF4000D8604FF6FF7313804FF0FF330B604B60F8
:10AF50005946029A08A808F089FD00289ED0504C56
:10AF60002378002B3CD1A7B13846F7F77DFA074686
:10AF7000BDF82000F7F778FA23780744002B14BFB8
:10AF800012220022EB1003F0040317443B44842BED
:10AF900091DC15F400570AD0BDF82040204612F08D
:10AFA000D0FB40F4806189B2204612F0B5FBA6F1D7
:10AFB0000803012B05D801221021BDF8200012F052
:10AFC000B1FB179BBDF8204043B32046BDF81610D7
:10AFD00012F0FBFBBDF82030179A00201380DAE650
:10AFE000AA06C0D56B0103F020030A2E14BF43F05C
:10AFF000010363F07E03DBB2B8F1000F08D000213B
:10B000005246009108A800F0B5FE0028ABD0C2E679
:10B010001A46514608A814F0E3FAF6E7204615F060
:10B020003AFA21460246179B04200DF0DAFB00286D
:10B030003FF45AAF0A2E18D84FF4D963F340DB0718
:10B0400013D5072E0AD00A2E08D0BDF8200013F021
:10B0500080FD80F00100C0B280009CE608A80EF0E0
:10B0600087FA0028F1D0042095E617B125F04005B5
:10B07000ADB22B463146BDF820005FFA89F201F0EF
:10B0800029FF88E6012086E6162084E64E3B002054
:10B090006C460020A25100200852002031470020B9
:10B0A00068460020F7B50F469DF828100446DDE9F4
:10B0B0000B061D46F1B94FF6FF739C421CBF174BA0
:10B0C0001C804FF000041CBF154B1A70BDF8240003
:10B0D00008F062FD00232A46CDE9004339460620E8
:10B0E0009DF82030FFF744FE10B90EB1AB7A3370F3
:10B0F00003B0F0BD78B14FF6FF739C421FBF074B02
:10B100001C80074B1A70002212F089FC04460028AC
:10B11000DCD11920ECE72120EAE700BFA251002092
:10B12000314700202DE9F04788469DF82810074652
:10B1300016461D469DF820A0BDF824900B9839B105
:10B1400058B3002212F06BFC044610B9192025E018
:10B150000C464FF6FF739D421FBF114B1D80114BD4
:10B1600083F800A04FF6F7739E4208D80E4B4FF6B7
:10B17000FD761A784FF6FF73002A18BF1E46484620
:10B1800008F00AFD00233A46CDE90843314643461C
:10B19000BDE8F0470320FFF7EBBD2120BDE8F087B5
:10B1A000A251002031470020A34500202DE9F0479F
:10B1B00086B09DF838600546DDE90FA80C461746B5
:10B1C0009946B6BB374B1B78022B1DD125BB4FF6DA
:10B1D000F7739C4214D80026484608F0DDFC002393
:10B1E0003A46CDE900632146FF232846FFF7C0FD1C
:10B1F00038B9B8F1000F04D0BB7A88F8003000E00D
:10B20000012006B0BDE8F087043B012BDED90846DB
:10B210000EF0ABF910B31DB3022D31D1E5F7D6F91D
:10B22000A042EDD9204B33F814204FF6FD739A421B
:10B2300019E0BAF1000F32D01A4B1B78022B05D15E
:10B24000FFF78CFDB042E6D23820DAE7043B012B51
:10B25000F6D908460EF089F90028F1D11620D0E77A
:10B260004FF6F7739C42CBD8002EB4D03146002263
:10B27000504612F0D4FB06460028ADD11920C0E795
:10B28000012DBDD104AA0DF10E01E0B203F0D8F9F1
:10B29000064B1B78A342B3D9BDF80E20C5E7212089
:10B2A000AFE700BF6C4600204E3B0020C651002097
:10B2B00030B5104B87B005460C461868596803AA8C
:10B2C00003C298680C4910609A88DB8852BA23F050
:10B2D0004003ADF812300023CDE90043ADF8102053
:10B2E000FF23098803AA0720ADF80E50FFF740FDA1
:10B2F00007B030BDC2430020CE43002038B50C4615
:10B300001146124A124D108022682A6062686A60F3
:10B31000A268AA60E288500616D5EA88520613D5BC
:10B3200061B10022184612F07AFB014650B16088E4
:10B33000FFF7BEFF0522074B1A7038BD084612F012
:10B3400042FDF2E71920F5E70220F6E7CE430020A0
:10B35000C2430020424700202DE9F04F074689B044
:10B36000104615461C468A4615F095F801462846B3
:10B37000F7F758FA0646284612F0F0FA04300EF0B5
:10B380006DF9804612F0BBFE804550D0B2074ED119
:10B39000DFF8AC80284605A9B8F800B015F082F9AE
:10B3A0009DF81930A8F8007003BBBDF81430EBB954
:10B3B000284612F0D3FA02300EF050F94FF6F77328
:10B3C000984294BF4FF000094FF001090123013466
:10B3D000E4B22A463846CDF8009005A9039303F05D
:10B3E000F9FE039B40B901339C421ED20020A8F80D
:10B3F00000B009B0BDE8F08F022CF8D1012BF6D1D6
:10B400000C4A0D4BA3F800A01378591C11700B4A7D
:10B410007F3B16F00C01137007D1BDF81A305B06A4
:10B4200003D5BDF81600FFF743FF0223D1E7002044
:10B43000DFE700BF6A460020A2510020314700200C
:10B44000CE4300202DE9F04F8BB00F46ADF81E0023
:10B4500012F084FA00F1020A054650460EF0FEF89A
:10B46000BDF81E400646204615F015F80146204658
:10B47000F7F7D8F9814600F00308281D0EF0EEF822
:10B48000B54C208012F03BFEB0422DD04FF6F77342
:10B490009E4229D86B78DA0726D4304614F05EFC39
:10B4A00030B101233146BDF81E202088FFF754FF3C
:10B4B00012F025FEA84B1B8883420FD1BDF81E4019
:10B4C000204614F0E8FF01462046F7F7ABF910F0EC
:10B4D0000C0103D1BDF81E0001F0BAFD00229F4B04
:10B4E0001A600BB0BDE8F08F9D49BDF81E0015F045
:10B4F000D9F89C49BDF81E0015F018F80028994BA2
:10B5000008BF0023954ABDF81E00136012F0B2F97F
:10B51000954B1870BDF81E0012F0B1F9934B1870DE
:10B52000BDF81E0012F0B6F9914B186000238DF89B
:10B5300022305FB38A4BDB889B0627D512F0DFFDF4
:10B5400010B38C4B1B689E071ED4B8F1010F14BFBB
:10B55000082318230DF12202009200220DF11E0093
:10B56000114600F007FC88B1B8F1010FA0D1824B61
:10B570001B78112B9CD114F0C0F9002898D140F60B
:10B580001D40F9F7F3FE93E70823E3E750460EF07A
:10B5900065F84FF6F773984240F2F280B8F1010F68
:10B5A00000F0FA80B8F1020F00F06381B8F1000FEB
:10B5B0007FF47EAF6A4DBDF81E00EB88ADF8240025
:10B5C000049312F0CBF9BDF824600746304614F01E
:10B5D00062FF01463046F7F725F98DF82300B81CC5
:10B5E0007E780EF03BF8074612F089FD06F0010662
:10B5F000B4F8009003906C88002E7FF459AF4FF69A
:10B60000F77A4246494657458CBF062008200DF080
:10B61000EAFABDF824B0584614F03DFF59460246F8
:10B62000434604200DF0C9F8574583460AD8B5F9BA
:10B630000620EB88002A05DB580603D54146204644
:10B64000FFF736FEBBF1000F3FF432AF2B88002B23
:10B6500058D16B79002B55D14FF6F7730DF12601B8
:10B660009F42BDF8240094BF4FF0000B4FF0010B38
:10B6700014F06CFADFF8E0A000F1FF38BAF80030FF
:10B680001FFA88F10593EB88BDF826000693F7F7BB
:10B69000C9F8069B04990190009322465B460598E1
:10B6A000C1F34011E6F79EFA00283FF401AF0620EF
:10B6B0002B4BBDF826105FFA88F20DF07EF80028BB
:10B6C0003FF4F6AE48F202036A889A4205D1BDF80B
:10B6D0002410BAF8000000F0D3FF214D09AA294632
:10B6E0000DF123000DF04CFF034600287FF4E0AE7F
:10B6F0002104BAF80000BDF824207DD52346294650
:10B7000014F039FA9DF82330154D03F00C030C2B7F
:10B7100040F09580288914F0F9F900283FF4C8AE6C
:10B72000039B002029894B4514BF0226032602F003
:10B730005FFE124B18704FF6F7739F42BDF824005E
:10B7400000F29580A4F13802534253413246044935
:10B7500004F0DCFCACE600BFCE430020C83400207F
:10B76000C243002029470020234700202247002011
:10B77000B4340020282700206C46002041470020D8
:10B78000B8F1020F75D03E4BB3F90630002B26DA24
:10B79000B8F1010F7FF40AAF12F0B1FC23888342A5
:10B7A0003FF486AE0520BDF81E10FFF753FA0028BF
:10B7B0003FF47EAE324AD3885B0607D50023CDE93D
:10B7C00000330A20FF232188FFF7D2FA3A469DF87A
:10B7D00022302188BDF81E0002F040F968E6BDF86D
:10B7E0001E00F6F741FEA0F11001C9B2284600F094
:10B7F00073F80028CCD05BE60221DFF8948088F84B
:10B8000000102946CDF800B003F0E4FC132C3FF4FF
:10B8100079AFEB885D043FF575AF1A4B1B78D807FD
:10B8200004D598F80020022A3FF46CAF99077FF501
:10B830003FAE98F80030012B7FF43AAE62E7002269
:10B840002B79114800936B791146008802F0F8FDBE
:10B850000E4B18709DF8233003F00C03082B7FF477
:10B860006AAF039B4B4514BF0426052663E70123FB
:10B870006CE74846BDF81E20014901F05BFB17E666
:10B88000C2430020A6450020CE43002041470020AF
:10B890003247002010B50021084812F049F904464B
:10B8A00050B101460420FFF7D5F928B12046BDE884
:10B8B00010400121FFF7C6BD10BD00BFB2430020FC
:10B8C000034BFF211A78034892000FF03ABA00BFE9
:10B8D000C7510020A420002070B5451804464FF041
:10B8E000FF31AC4212D1104B10481A7805460023A4
:10B8F000934211DB0E4C2078431CB3FBF2F602FBA3
:10B90000163345F82010237000200CE014F8010BCA
:10B91000DFF764FF0146E4E750F8044BA14201D091
:10B920000133E5E7012070BDC7510020A4200020AD
:10B930003347002007B5042301220DEB0301104615
:10B94000F7F7C8F8019B034A1B03136003B05DF8C7
:10B9500004FB00BFC4340020014B1868704700BFCF
:10B96000C4340020014B1868704700BFC434002065
:10B9700010B5064C2368C3F30B0313B901200CF078
:10B9800056FB2068431C236010BD00BFC434002058
:10B990002DE9F04F93B003930023DDE91C79069362
:10B9A00099F8003083460DA804930E461546E5F736
:10B9B00013FB99F8003013F003043ED0039B0DF104
:10B9C000250A8DF8243000220821384612F0DAFAD0
:10B9D000002870D0288811F0C1FF99F800301C07AA
:10B9E0004CBF043002300DF039FE07A98046F7F74E
:10B9F000D3FA9DF824300446980633D5288806F1FA
:10BA00000D0114F01BFDA8B1002300933846082354
:10BA10002988721D12F050F999F8003003F01803CC
:10BA2000182B4AD1B8F1000F47D0A94BB3F86830B2
:10BA3000434542D040F60A4327E02888711D14F0A0
:10BA4000FDFC0028F6D0009405233246298809A879
:10BA500012F032F99DF824300DF1240A03F0180396
:10BA60000393B0E714BB39464046F7F771FD002851
:10BA7000D2D099F800309907DCD0402322462146E5
:10BA8000404614F026F940F6094399F8002012F0D8
:10BA9000030440F0F7802888039311F0C2FE224689
:10BAA00001461A200DF09FF8039BEBE007AB03CB98
:10BAB00038607960B0E74FF6FF780DF044FD04463A
:10BAC00020B104213846F7F78FFA04461E9B002B5D
:10BAD0005AD009231E990DA88DF834300DF02AFB99
:10BAE000209B0BB1209B0693039B002B40F08E8084
:10BAF0000DA8E5F79DFD99F800309A0700F09880B1
:10BB0000FFF736FF5146024601200DF0ADFD99F8D2
:10BB100000309B0710D55946288814F089FD0BF199
:10BB2000090350FA83F35FFA83FB5946288814F01F
:10BB300056FD00EB0B06F6B299F8003013F0C20F79
:10BB40000AF104030DD09DF82420624942F020023E
:10BB50008DF824200A68CAF804204A685A600AF15D
:10BB60000C03012209A800921B1A324629889BB2B5
:10BB700012F0A2F8324659462846FEF7F1FE002898
:10BB800000F0A48000237DE01F9B5BB19E460DF179
:10BB9000340CBEE80F00ACE80F00DEF80030CCF843
:10BBA00000309DE7049B594603F020032888049346
:10BBB000F6F738FE10F0030F0CBF012300230593A6
:10BBC000049B059A003B18BF012342EA43030093FC
:10BBD0000DAA06AB38461F9900F044FB049A0346B1
:10BBE00082B1002880D0059B0DAA0093384606AB91
:10BBF0001F9900F037FB034699F8002022F020023D
:10BC000089F80020002B3FF46FAF3EE7039B102B19
:10BC100006D1BDF8363043F00103ADF8363067E7A2
:10BC2000039B182B4FD1BDF8363043F00203F4E7E5
:10BC300001200DF125010DF025FD99F80030824617
:10BC400013F0040F288821D1069B1BB3002C35D09C
:10BC500011F0E7FD0022014616200CF0C4FF84B16C
:10BC60007FB14FF6FF7398450BD000230DA91A46FC
:10BC700038460DF0B4FB394640469DF835200DF0AE
:10BC80007AFC0123184613B0BDE8F08F002CDFD1F9
:10BC9000104F01E0002CDBD10023324600935946BF
:10BCA0003B4613F099FB00283FF4C4AE002C3FF450
:10BCB00069AF069A0AF10103136063E71B685345F5
:10BCC000C6D80124E8E740F60A43DBE71923D9E7A1
:10BCD000A4330020FA460020002307B5064A01934A
:10BCE000136004237F2101200DEB03020CF09DF96A
:10BCF00003B05DF804FB00BFC434002037B505462F
:10BD00000C46F7F707F840B3012D03D0032D15D0EB
:10BD1000022011E0154B1B68A342F9D8611CF7D033
:10BD2000230B0193114B01221C6004230DEB030133
:10BD30000020F6F7CFFE002003B030BD0C4B1B688F
:10BD4000A342E5D8621CE3D0230B0193084B1C608F
:10BD500004231A460DEB0301EAE7631CD8D0230B3A
:10BD6000012D0193DED0032DF0D0D1E7C4340020A3
:10BD7000182700202DE9F04F0446B1B000888DF857
:10BD80002F3016468A463A9F14F085FB01468146BD
:10BD9000208814F024FC00EB0908208814F071FCC2
:10BDA00000239DF82F505FFA88F815F0010B0790DB
:10BDB000ADF8363008D101460DF13602208814F076
:10BDC000F7FA08B1ADF836B016B9CDE90E660EAE89
:10BDD000FEF704FB18B145F020058DF82F50002325
:10BDE000CDE9033302930DF12F03CDE90063224621
:10BDF000534641464846FFF7CBFD0546002800F074
:10BE0000B8809DF82F3013F0010B46D123F02003AA
:10BE10008DF82F3012F073F970B1754A10AB1068BD
:10BE200051685D4603C3184600F0EEF90890FEF72E
:10BE3000EDFCABB2984239D80FB100233B70BDF88E
:10BE40003630CBB101212088F6F77CFB27880546E8
:10BE5000002800F0BC8001213846F6F773FBBDF8DE
:10BE6000367005463846F6F7FFFA002300903A464A
:10BE70001946284611F055FF0023CDE903330293FC
:10BE80000DF12F03CDE90063224653464146484653
:10BE9000FFF77EFD054600286BD012F030F9002830
:10BEA00040F0AC80284631B0BDE8F08F18AB14AA42
:10BEB00026A9E8B20DF0E8FA002875D1082210A9E9
:10BEC00027A80EF014FF089B8346002B68D09DF82E
:10BED000A53013F0020F099362D0082212A927A8F7
:10BEE0000EF005FF00285BD1099B590758D50FB10B
:10BEF00001233B7014AB0DF1740C0FCB8CE80F00D9
:10BF0000BDF83630CBB101212088F6F71BFBB4F821
:10BF100000B000284DD001215846F6F713FBBDF8BC
:10BF20003620834610460992F6F79EFA00231946FA
:10BF3000099A0090584611F0F4FE2E4B22460493C5
:10BF4000002303931DAB02930DF12F03CDE9006392
:10BF5000414653464846FFF71BFD28BB089B002B74
:10BF600033D012AA4FF482714FF400501DAB00F091
:10BF7000D5F812F0C4F888B11F4B1B689A070DD48E
:10BF8000FEF72CFA50B11A4A18AB1068516803C377
:10BF9000002226A918A813F0A6F818BB002581E7EF
:10BFA00027B9BBF1000FA5D0013540E700233B7056
:10BFB000F7E7BDF836200A9010460992F6F754FAD2
:10BFC000DDE9092307990090B4E7089ACAE7BDF8AC
:10BFD00036B05846F6F748FA2B4600905A4638468F
:10BFE000079947E726A918A813F0B9F8D0E700BFCA
:10BFF000E827040824270020282700209DF82F3058
:10C0000003F01103102B7FF44DAF3E4B1B78432BF5
:10C010007FF448AF3C4B1B685B067FF543AF20883D
:10C0200008F1050114F00AFA834600283FF43AAFFC
:10C0300041462088F6F7F6FB344B10F0200F08BF7E
:10C040001E4612A800F0E0F80822314612A80EF0B1
:10C050004EFE002852D0314612A80DF03BFA0123C3
:10C0600026AE00933246002314A912A800F0FAF875
:10C0700000287FF417AF12AB0DF12F07CDE9036055
:10C080000290009322465346414648460197FFF7E7
:10C090007FFCA8B3BDF89A30102043F0080318AA1B
:10C0A00014A9ADF89A3012F0FBFF00287FF4FAAE25
:10C0B00012ABCDE90360CDE90170009322465346EF
:10C0C00041464846FFF764FC054600287FF4EAAE87
:10C0D00018AB4FF49071002012AA00F01FF84FF037
:10C0E0000051002013F0AAFBBBF1000F3FF456AF44
:10C0F0004FF08051002013F0A1FB4FE78346AEE7DD
:10C1000014ABE6E76C460020282700200E34002000
:10C11000014B1860704700BF24270020F0B5164679
:10C1200091B0074609A80D461C4613F081FB3EB1AD
:10C13000336845F04005CDF826307368CDF82A30D5
:10C140001B4B1A6822EA070242EA050119604B04F8
:10C150000DD5BDF824200B0A03F4E243C9B222F442
:10C16000E3420B4322F07F021343ADF824301A233D
:10C170000822002009A9F6F7ADFCB4B104A8E4F741
:10C180002BFF02236A468DF810301546234604F132
:10C190001006144618685968083303C4B34222468F
:10C1A000F7D1294604A80CF0C5FF11B0F0BD00BFBF
:10C1B0002827002047F2FF10044B196841F4804201
:10C1C000014041F480411A6013F038BB2827002059
:10C1D00000B589B0FEF7A8FB01A813F029FB0948B8
:10C1E000BDF804200168130221F0FF0103F4E2030B
:10C1F0000B43D2B2134343F48043036009B05DF8AC
:10C2000004FB00BF2827002010B50C4B044618681B
:10C2100088B0830706D54FF0FF33236001206360A9
:10C2200008B010BD10F04000FAD001A813F000FBD8
:10C23000DDF806302360DDF80A30EFE7282700201C
:10C2400008B5074B02461B6813F0400305D118469A
:10C250001946FFF763FF012008BD0020FCE700BF7F
:10C26000282700202DE9F0479EB080460C461D4649
:10C2700091469DF898A0A2B116463046E4F7ACFE70
:10C280001AF0020F0FD004B917AC224631464046CF
:10C2900001AB0DF0D7F80DB100232B601EB0BDE847
:10C2A000F0870DAEE9E701AB3146404605AA0DF037
:10C2B00096F873780AF0010AFF2B26D0002840F088
:10C2C000B68054B105AA09AF134603CBBB42206028
:10C2D00061601A4604F10804F6D125B17278554B15
:10C2E00003EB82032B60BAF1000F01D10020D5E7E8
:10C2F000BDF80430D906F9D418204FF6FF717278D2
:10C300000CF071FC40F60E40C8E74B4F3DB111F008
:10C31000F6FE10B13B689A072BD500232B603B68D3
:10C3200003F03003102B01D0202B24D117A813F0D9
:10C330007FFA082240460DF15E010EF0D8FC20B1D4
:10C340003B6803F04403402B15D0BAF1000F15D120
:10C3500009A813F08BFA02233370002C4CD1B9F1E9
:10C36000000FC3D011F0CBFE60B3301DFFF74CFFC0
:10C37000BCE7324BD2E740F60A408FE73B68DB036D
:10C38000E6D509A813F072FA0223337074BBB9F131
:10C39000000FB1D011F0B3FEF0B1301DFFF734FF44
:10C3A000AAE73B6803F08403842B2CD009AB0DAFC4
:10C3B0001A4603CABA4220606160134604F10804B9
:10C3C000F6D105E025463B6803F08403842B28D092
:10C3D000301DFFF719FF26E03B68012503F08403B9
:10C3E000F4E73B68012503F08403DDE711F087FEE5
:10C3F0000028F6D00125D9E711F081FE0546002876
:10C40000CFD00025D2E712A8E4F7E6FD022312A858
:10C410008DF84830E5F70CF9224608214046E5F74B
:10C4200071F810237380002D3FF460AF64E72D2076
:10C4300034E700BF70200020282700202427002098
:10C4400049B9084B197849B14EF66023594328B1D0
:10C450000548F6F729BA41F28831F8E70248F6F7BD
:10C46000BFBA00BFA44500207426002070B586B076
:10C47000054611F044FE10B9022006B070BDF6F773
:10C48000F1FB0028F8D001A8FFF7BEFE0646002801
:10C49000F2D08DB92E4B1C6814F0020406D02D4B3F
:10C4A0001B78112BE8D12C4BB3F868404FF4816313
:10C4B0000221ADF80C3023E02846F7F7DFF800281A
:10C4C000DAD1234B1C6814F0020406D0214B1B78F0
:10C4D000112BD1D1204BB3F868400822294601A87E
:10C4E0000EF005FC0028E1D04FF4027300260A216B
:10C4F000ADF80C302B68CDF80E306B68CDF81230EB
:10C50000002203A811F08BFA024608B91920B4E7FB
:10C510000F4B196801F03003102B17D0202B14BFDC
:10C5200001230323490001F004010B4320460021AD
:10C5300001F08CF80028E9D000210120FFF780FFEE
:10C5400016B10122054B1A70002096E70323E9E794
:10C55000282700206C460020A43300202847002014
:10C5600030B5002585B0CDE90055F6F739FA11F060
:10C57000C6FD1E4C60B906F0CBF90D25002108461A
:10C580002170FFF75DFF294668460CF0D5FB18E0E7
:10C5900023784BB3164917480A780078904223D97C
:10C5A0000132012B0A700ED12A464FF4A0712846A1
:10C5B00002F006FDC0B2B8B941F288310E48F6F774
:10C5C00073F905B030BD022B09D1284602A9F6F750
:10C5D000BFFF0028EED102A8FFF748FFEAE7032BD0
:10C5E00002D101F0E9F9E5E70425C7E73447002067
:10C5F00035470020105200207426002070B51B4AD9
:10C600001B4D04465168106886B02E7801AB03C3F9
:10C610001EB10224204606B070BDF6F77BFB02284F
:10C62000F7D111F06CFD0028F3D003A800F032FE22
:10C63000082201A90DF10E000EF059FBA0B10D4B1F
:10C6400032464FF4A07130461C7002F0B9FC04462B
:10C650000028DFD10123084A41F2883107482B70B6
:10C660001370F6F721F9D5E72324D3E7676C0408A4
:10C670003447002010520020354700207426002047
:10C68000F0B50C4600219BB02B4F0646492207A867
:10C6900006910EF056FB3B78012B34D19EBB0DF179
:10C6A0000E01204613F052FA0546BDF80E00F5F7CC
:10C6B000DBFE441BE4B2BDF80E1023462A4600966A
:10C6C00006A811F0F9FA304604A9F6F741FFD0B9EF
:10C6D000CCB19DF81920B2B9BDF8233003F47E43E4
:10C6E000B3F5285F1ED3B3F5385F0ED31349BDF8F9
:10C6F0000E000B6843F400030B6029460CF016FF94
:10C7000018B104233B701BB0F0BD01220C4B04A8F0
:10C710001A70FFF7ABFE41F288310A48F6F7C4F809
:10C720000223EFE711463A70FFF78AFE1E2104A8A4
:10C730000CF002FBE7E700BF344700202827002069
:10C740003547002074260020014B1870704700BF49
:10C7500035470020014B1878704700BF3447002050
:10C76000014B1870704700BF344700202DE9F04F8F
:10C770000446408891B00E298846ADF81A0079D059
:10C7800094F80890A77911F0E9F809A90546BDF8D1
:10C790001A00E67913F086FFBDF81A0010F0D1FFF9
:10C7A000420542BFBDF82A3043F40053ADF82A30A9
:10C7B000E379DB0642BFBDF82A3043F48053ADF87D
:10C7C0002A30BDF82A30980613D5022F58D10CA96B
:10C7D000207A13F05CF9DDF83500DDF8391007AB8D
:10C7E00003C307AA0021042300910DF11A00FFF7EB
:10C7F000C1FA0121BDF81A00F5F7A4FE022F824606
:10C800004AD1484B33F81950B8F1000F7FD0BDF82A
:10C810002A2051067BD54FF6FB739D4277D8424BB9
:10C820001B78033B012B04D8404BB3F86830AB4274
:10C830006DD0D30502D5284613F076FBBDF82A301B
:10C84000D80464D5002F34D1BDF81A0010F079FF58
:10C85000C10664D548F23403BDF826209A4209D1B6
:10C86000334E3078FF2805D003222946FBF74CFBD6
:10C87000FF23337000232380638011B0BDE8F08F65
:10C88000012F01BF237A2B4A03EB430302EB8303FF
:10C8900014BF00229A1CA5E7012F05D10C2303FB2E
:10C8A00009F3244AD55AAFE7A81C0CF0D7FE054679
:10C8B000AAE7284601F0E4FEBDF81A0010F041FF97
:10C8C000C206C7D4638950460593F5F7CDFD83466C
:10C8D0005046F5F7ADFD059B02905FFA8BF04A4696
:10C8E000394601900093404609AB0CF005FAB8F1C7
:10C8F000000F14BF0B20092016F0030218BF02F12D
:10C90000FF32294618BFD2B20CF06DF9A2E7BDF88C
:10C910001A0010F016FFC3069CD4002FD2D1A946EE
:10C92000D0E700BF4E3B00206D460020A43300201E
:10C93000145200209E39002070B500240C26104BA4
:10C94000104D2A78A24205D8C2B9BDE870400E4801
:10C95000F6F746B8598869B9013AD2B2A2422A70AC
:10C96000EFD0121B184603F10C0172430EF0CFF901
:10C970000346E6E701340C33E4B2E2E770BD00BFE2
:10C980009E360020384700206C50002070B5194BAF
:10C99000194A1D780023DCB2A54200D870BD1446A8
:10C9A00066880133864202F10C02F4D1E379A5884E
:10C9B00003F040028DB9CAB123F00403E37110F013
:10C9C000CDFF037803F07F03037021880029E5D1B0
:10C9D000BDE870400948F5F767BF00216580A18078
:10C9E000002AE9D1BDE87040FFF7A6BF2046FFF757
:10C9F000BDFEF7E7384700209E3600206C5000202F
:10CA00002DE9F047044686B040880F46154610F0E1
:10CA1000A5FFA3798046082B4FD8DFE803F0052E49
:10CA2000184E4E4E4E4E050002300CF017FE002DF3
:10CA30004BD06946F6F78CFD00283ED1684601F0E0
:10CA4000C9FEB0FA80F0400906B0BDE8F08702A93F
:10CA5000207A13F01CF86B466E46DDF80D00DDF809
:10CA60001110304A03C3237A32F813902E4AD05C57
:10CA700075B1314613F02FF8E6E7237A2B4903EB23
:10CA8000430301EB830231F82390907A961CEFE781
:10CA90004FF6FB7AD14512D9304603F0E1FF4FF64D
:10CAA000FF739842054612D00146304601F004FE5D
:10CAB000554505D9E379DA060BD40020C4E74D4685
:10CAC000294608F102000CF0CBFD0120BCE74D46E1
:10CAD000F0E74FF6FC78454511D103F00C030C2B21
:10CAE0001BD1D7B130464FF6FD7101F0E5FD40F6A0
:10CAF00002412046FFF73AFEFFF71EFFDDE74FF643
:10CB0000FD739D4209D10023304619461A4602F0B2
:10CB100013FB4146304601F0CFFDE37943F00C03AF
:10CB2000E371CAE74E3B0020CB4500209E39002030
:10CB300073B5044640880E4610F010FF02300CF02A
:10CB40008DFD0CF012FD18B1A11C201D0CF012FD82
:10CB5000E6B1E5790135EDB2E57115F0400514D087
:10CB6000E3F728FD0122054600212046FFF748FF94
:10CB700018B1334B1B882B449DB2324B1B78042BCE
:10CB800001BF2F4B1B885B199DB2258000223146C7
:10CB90002046FFF735FF002831D0608810F0DEFE18
:10CBA000E279294922F00C03E3710B780546013341
:10CBB000DBB20B70C371254BA61C1B780BB3E3795A
:10CBC00098061ED52249097861B900220123114631
:10CBD00030460092FFF7CEF898B1E37943F00303B3
:10CBE000E3710CE05906F0D59207EED5002204233C
:10CBF000114630460092FFF7BDF80028E5D002B09C
:10CC000070BD30460CF0B4FC0028F8D16088FBF70A
:10CC10003FFD50B10128F2D1E37943F00803E371FD
:10CC20002B7803F07F032B70E9E7E37943F00403EB
:10CC3000E3711B06E3D5074B1A78074B1A70DEE742
:10CC40007A5100206D4600206A4600206846002088
:10CC500011520020A9450020374700202DE9F74F49
:10CC600006460BF06AF95D4B0546B3F80090188054
:10CC70005B4BA0EB09041B78A4B2A34298BF00232E
:10CC80004FF000084FF6FF7788BF1B1B544A88BF40
:10CC9000DBB21370DFF85CB1A9EB00030093514BDA
:10CCA0005FFA88F2197891420ED80EB1FFF744FE70
:10CCB0004FF6FF739F4200F08A8039464A4803B01E
:10CCC000BDE8F04FF5F7F0BDBBF80220002A3CD0DC
:10CCD000464B9BF807201878BBF800A0042818D012
:10CCE0000020BAF1000F08BFA2462044504523D2CD
:10CCF000BBF80010009B1944ABF80010002E4AD07E
:10CD000002F04802482A46D100215846FFF710FF9A
:10CD100041E00192F6F752FB30F01003019ADFD1A7
:10CD2000FAF792FC324B019AB3F800C08445D7D988
:10CD3000ACEB000080B2D4E702F00C00042807D16D
:10CD40000022ABF800200BF10C0B08F10108A6E75C
:10CD5000510602F0030C02F008000AD508B3BCF13A
:10CD6000030F21D1BEB140F602415846FFF7FEFC49
:10CD700011E040B3BCF1010F25D11206F2D44FF4FB
:10CD8000C862ABF800209BF8072022F0030242F0B3
:10CD900002028BF80720BBF80020974228BF1746F5
:10CDA000D1E703208445DDD213060ED50C4B1A784B
:10CDB0000AEB0200844208DA4A44521B0AEB0201E1
:10CDC000ABF80010E7E70120ECE701219DE70648FA
:10CDD00003B0BDE8F04FF5F703BE00BFB843002035
:10CDE00037470020384700206C5000206D46002057
:10CDF0007A5100209E3600202DE9F04100250C27B5
:10CE00000A4EDFF830803378ECB2A34204D8BDE894
:10CE1000F0410748F5F732B907FB0484A01CF5F789
:10CE20002DF9201DF5F72AF90135ECE738470020E8
:10CE3000AE4300209E36002070B500240C4D0D4EF0
:10CE40002B78A34208D81B1BDBB22B707BB9BDE843
:10CE500070400948F5F7C4BD04EB440040F60241B8
:10CE600006EB80000134FFF781FCE4B2E8E770BD17
:10CE7000384700209E3600206C5000202DE9F041FC
:10CE8000002506462F46114CDFF8448098F8002014
:10CE9000EBB29A4203D8BDE8F041FFF74DBD608880
:10CEA00010F05CFD02300CF0D9FBB0420AD1608872
:10CEB000F8F74CF900230E211846628803F0C6F9F2
:10CEC000278067800C340135E0E700BF9E360020E4
:10CED00038470020F8B5144EDFF854E035789EF856
:10CEE00000E0124F05EB4504AE454FEA840C07EB1A
:10CEF000840416D0002503F4835343EA1323A1715D
:10CF00002272E371608027F80C50A58006F04AFE7B
:10CF100033786081013328463370FFF79FFE28463F
:10CF2000F8BD40F60340FBE7384700209E3600205E
:10CF3000C45100202DE9F04F354B0E461C781746A2
:10CF400085B05CB9B1F90680DFF8CC90DFF8CCA0F1
:10CF5000DFF8CCB099F80030A34202D805B0BDE8A4
:10CF6000F08F04EB44050AEB8505A88800B96888B2
:10CF700001A913F097FBB27A9DF80E309A4244D182
:10CF8000B8F1000F0FDA317A9DF80C203389914205
:10CF900009D8204800780844824236DA521A1B0A1F
:10CFA0001341D90731D5384613F06BFBBDF80A3071
:10CFB00004469A0602D5F3889B06CFD5EB7903F099
:10CFC0000C03042B08D16888F8F7C0F800236A889E
:10CFD0001946184603F03AF900212846FFF7C6FB28
:10CFE000FFF7AAFC3846F5F73FFA844208D22B7ABD
:10CFF00001228BF8003031460023384603F086F8D2
:10D00000B8F1000FAADA0024A4E70134E4B2A1E7E2
:10D0100036470020C3510020384700209E360020AC
:10D020004147002008B50AF088FF074B1B88C01A4B
:10D0300080B2B0F5807F05D9BDE8084000210348E3
:10D04000F5F732BC08BD00BFB84300206C5000208B
:10D050002DE9F04788B004460D4613F01CFA01464E
:10D060002046F5F7DFFB10F0030340F0848010F05A
:10D070000C0F06D12946204608B0BDE8F047FFF75F
:10D0800085BC204610F05DFBC10659D4204613F044
:10D0900002FA01462046F5F7C5FB0746204610F088
:10D0A0005DFC064602300CF0D9FA05A98046204600
:10D0B00007F00C0796F806A013F0F4FA73780C2F1B
:10D0C0000CBF03270627012113F0010F204618BFCC
:10D0D0000327F5F737FA2B4B81461B78033B012BCF
:10D0E0001DD9BAF1010F1AD94FF6F773984502D836
:10D0F000337A1F2B13D9301D0CF0B0FAF179824628
:10D1000011F010FB06465046F7F772FBDEB173686C
:10D110005A1C04D0834340F6024308BF1D461A4BF5
:10D120001B88A34212D1B5FA85F04009FAF774FDC5
:10D13000204610F034FB0022014607200BF053FD7F
:10D1400008B0BDE8F08740F60245E8E706F02AFDA2
:10D1500082464846F5F788F906464846F5F768F9E5
:10D16000F6B20290424639462846CDE900A605AB04
:10D170000BF0C2FDDCE7012BE2D110F00C0FDFD188
:10D1800078E700BF6D460020AE430020002210B5B6
:10D19000094B1C78094BD1B28C4201D8002010BD3C
:10D1A000197A814202D19979022902D00C330132D5
:10D1B000F1E70120F3E700BF384700209E3600204A
:10D1C0000146002210B5084B1C78084BD0B28442AF
:10D1D00001D8002010BD187A884202D19879012820
:10D1E000F8D00C330132F1E7384700209E3600209A
:10D1F000002210B40A4B1C780A4BD1B28C4203D8DF
:10D200005DF8044BFFF798BB197A814205D19979F3
:10D21000012902BF0021198059800C330132ECE74B
:10D22000384700209E360020024B1878003818BF7F
:10D230000120704738470020044B1B6813F0300F63
:10D2400003D02021302012F0F9BA7047282700209F
:10D25000002310B5044608491A4601EA00414FF080
:10D260007F60FEF75BFFE30703D50021302012F05B
:10D27000E5FA002010BD00BF00007207044B5B8878
:10D2800023F4784323F08D0303800020704700BF10
:10D290002827002008B500220346C3F80220C3F85F
:10D2A00006200B4A02301268D1B212F0200F18BFCC
:10D2B00041F010011980930701D4FEF7A5FF054B3B
:10D2C0001B78023B032B8CBF1720002008BD00BF3A
:10D2D000282700206C46002038B505460C46FDF78F
:10D2E00023FB98B10E4B187878B10E4B1B681A04CB
:10D2F0000FD58CB113F0420F00D17DB103F4407310
:10D30000B3F5407F0CBF0020232038BD40F6084015
:10D31000FBE740F60B40F8E72046F6E72320F4E76A
:10D320006846002028270020F0B504468DB007A8E5
:10D330000D461646E3F750FE1022002103A80DF01B
:10D3400000FD5CB1234603AC03F1100722461868C8
:10D350005968083303C2BB421446F7D1012703A919
:10D3600086EA070307A88DF81C708DF81D30E4F7D6
:10D3700019FA80EA070401A8E4B2E3F701FFB6B1A5
:10D3800001A88DF806500BF062FF64B1002303A9D9
:10D3900007A88DF81D300BF0CDFE0C4B1B78432BEE
:10D3A00001D1F7F777FB0A4B1D700DB0F0BD01A856
:10D3B0008DF807500BF04BFF002CF6D003A907A8FF
:10D3C0008DF81D700BF0B6FEEFE700BF6C46002035
:10D3D00067460020F0B5012593B007460DA80C461E
:10D3E000E3F7FAFD05A90DA8ADF834500BF0C1FE26
:10D3F00001A8E3F7C5FE09A90DA88DF835509DF8E1
:10D4000006600BF0B6FE0DA89DF80750E4F784F90E
:10D4100070BB731BDBB2802B28D91FB1A64225D06D
:10D42000A54223D105A90DA80BF084FE03A8E3F7BC
:10D43000A7FE03A88DF80F600BF009FF0122294613
:10D4400009A8FFF771FFF7F7DBFB01214FF400702C
:10D4500003F0C6FEFDF752FAB0F1004F01D9FDF717
:10D4600053FA044B18780BF065FC012013B0F0BDA3
:10D470000020FBE76746002070B50E4614460546BF
:10D480000320FFF76DF946F00402294620460BF011
:10D49000B5FE0022014B1A6070BD00BF242700209A
:10D4A000F0B587B0078805461022002102A80DF0CC
:10D4B00048FC3B4B1B78002B6FD1B80557D407F0C5
:10D4C0008403842B5CD0374C12F099FA17F4045F74
:10D4D000276005F102061CD0BA040AD5304605F0D3
:10D4E000E3FB00284AD1236823F4005343F48073FC
:10D4F0002360304612F090FA00283ED10BF056FC23
:10D5000018B9236843F480332360236843F0200371
:10D5100023602268334642F4004112F0400218BFF3
:10D5200005F1230247F2FF102160FEF7F7FD0DF130
:10D530000600FFF7A3FE236813F4805FBDF80630F2
:10D5400022D043F02003ADF80630BDF80600FFF707
:10D550007FFE23689B0506D5012295F8221005F170
:10D560001200FFF7E1FE00200F4B186006E005F106
:10D57000120012F051FA0028A1D0292007B0F0BD06
:10D58000B907A0D52320F9E723F02003ADF8063032
:10D59000FDF7BAF9FEF7A0FBD7E70220EEE700BFE0
:10D5A0006C460020282700202427002008B5054BC2
:10D5B0001B7833B1FFF740FEBDE808400248FEF794
:10D5C0003FBE08BD68460020FA46002010B5154B46
:10D5D0001B78D3B1144B1B78033B012B15D90020CA
:10D5E00012F042FD044698B1E3F720F8237913F0D6
:10D5F000300F0AD148B1012803F0CF0206D0811EB6
:10D600004B424B415B011343237110BD1023FAE7DA
:10D61000F6F7FEFE0028F8D021462046BDE810406F
:10D6200004F08CB9684600206D46002008B510F063
:10D6300066FD054B18B91868C0F3800008BD18686E
:10D64000C0F30050FAE700BF282700202DE9F0477B
:10D65000064689461046002188B015469846F5F7DB
:10D66000E1F8102807460AD8684B0341DB0706D4C7
:10D67000C8F340049DB9002008B0BDE8F087644BB2
:10D680001C78002CF6D0FFF7D1FF00280CBF4FF418
:10D69000F0744FF4D074FC4004F00104EAE7002376
:10D6A00018F0010F1A4629464FF005000CBF4FF045
:10D6B000080A4FF4027A0BF094F80028DBD0C82354
:10D6C0003246009351460023284606F00BF9ADF888
:10D6D0000E000028CFD018F0080A4AD14FF6F77391
:10D6E000A7F10F02D2B29E428CBF09230123012A67
:10D6F00001D843F04003474A8DF810301378591C85
:10D7000011708DF81130002C4FD09DF81030052F7E
:10D7100043F020038DF8103033D03F4B1D78002D9F
:10D720005AD04FF6F77300259E424FF00F0248D9AA
:10D73000012304A90DF10E00F4F7D0FF00289AD1BF
:10D74000002C4DD1BAF1000133463A4618BF0121F1
:10D75000BDF80E00CDF800900BF011FFADF80E00F3
:10D76000002888D018F0040F4DD0314611F007FA88
:10D7700082E749460DF10E0005F058FA0028ADD1B8
:10D7800079E70121BDF80E00F4F7DCFE0121F5F781
:10D7900049F80123834013F0620F1CD11E4B1B7804
:10D7A000E3B14FF6F7731825BEE71B4B25461B78F0
:10D7B0000222002BBCD04FF6F7739E42B8D8052F3B
:10D7C000B6D0BAF1000FB3D19DF8103043F040034A
:10D7D0008DF81030ACE710250F22A9E71825FBE7DC
:10D7E000BAF1000F0AD002234A46009029460DF1F3
:10D7F0000E00FEF7BFFA0028A4D03CE741235246B2
:10D80000CDF800A0F2E711F0A4F935E79FFEFEFF86
:10D8100068460020694600205A4600202DE9DF4373
:10D820001E46144B80461B680F469B0791460A9C78
:10D830001BD4204614B10BF08AFEC0B20622CDE9FB
:10D8400002403B460020CDE900890B4910F014FB53
:10D85000024650B10021002E0CBF012303230846CD
:10D8600004B0BDE8D043FFF7F1BE002004B0BDE82E
:10D87000D08300BF282700206F6C04082DE9F04FEB
:10D880008DB081468A461F4693469DF85C803AB922
:10D8900003A8FEF7B9FCB0BB00200DB0BDE8F08FC7
:10D8A000154600222321104610F0B9F8ADF80A0001
:10D8B0000028F1D0F4F7BCFD0523044618F0100F42
:10D8C00000F8023B677020D0112200210DF039FAD8
:10D8D00004F11306032F4FF0080237D159463046A2
:10D8E0000DF015FAC8F3801306F1090533720BF039
:10D8F0002AFE00283ED000232B706B7001230335D5
:10D9000005F8013C36E003ADCBE70126102216995D
:10D910000DF0FDF906FA07F313F0620F02D104F1DE
:10D920001206D7E707A8E3F757FB05A88DF81C6098
:10D93000E3F726FC9DF8162018F0200F9DF817300D
:10D9400008BF134604F11306A374C3E751463046DB
:10D950000DF0DDF9012306F10802121B28460093A1
:10D96000BDF80A10082392B210F0A6F9042F06F1B0
:10D970001005BCD02D1BA9B20DF10A0010F083F9DF
:10D98000002889D118F0040F0BD0484603F0BAF8EC
:10D99000FF281FBF074A32F8103023F4804322F8D3
:10D9A0001030434651464846BDF80A20FFF74EFE68
:10D9B00073E700BFF242002070B5032690B08DF8E7
:10D9C000076010F09CFB18B90224204610B070BD0F
:10D9D000F5F748F90028F7D002AD2846FEF714FC09
:10D9E0000028F1D01B4B1C6814F00204ECD140F26B
:10D9F0000F43194AADF82430136804A8CDF8263037
:10DA00005368CDF82A30E3F7E7FA95E8030005AB51
:10DA100083E80300062304A88DF81D308DF81060FC
:10DA2000E3F706FE01210DF12E020DF10700E3F7E9
:10DA300069FD22461A2109A80FF0F1FF024608B934
:10DA40001924C2E7012329462046FFF7FFFD0028DD
:10DA5000BBD1F5E728270020FA4600202DE9F04F3A
:10DA600006460F46002199B01F2210A803930F917C
:10DA70000DF067F9304612F00EFD01463046F4F71E
:10DA8000D1FE8DF81B0030460FF068FF9DF81B306B
:10DA900045788146C5F340059806304648BF45F0B5
:10DAA000020512F0EEFD04463046F4F7DDFC0023DB
:10DAB000001B5FFA80FA00935346232B28BF2323D1
:10DAC000224631460FA810F0F7F800283ED19D4BB2
:10DAD0009DF83C801B789DF83DB0002B39D0FFF7B6
:10DAE000A5FD00280CBF4FF4F0734FF4D07323FA58
:10DAF00008F3D9072DD5AA072BD4B8F1080F22D1E6
:10DB0000BBF1040F22D1FAF767FDF8B9224631467E
:10DB100005200DF11B030AF050FEB8B1A8F105086D
:10DB2000B8F10D0F12D8DFE818F02800A001C701E6
:10DB3000EC01F2011100110011001100F80199022D
:10DB4000A502D302D302B8F1050F08D019B0BDE881
:10DB5000F08FB8F1100F05D1039B002BF6D0FAF728
:10DB60003BFDD3E7FAF738FD0028CFD0B8F1050F19
:10DB7000CCD0B8F1110FC9D0E8E7BBF1050FE5D85B
:10DB800030460FF04EFE059009F102000BF066FDE5
:10DB900081460DF11E00FFF771FB01239DF83D70DA
:10DBA000BB4013F06203039305D0BDF81E309B0702
:10DBB00001D5AE07CAD510F0A2FA0028C6D0FAF7F0
:10DBC0000BFD08B9002DC1D00DF13E0A504611F0F1
:10DBD00023FF039B0490BBB1032F9DF84EB01AD1D5
:10DBE0000DF14F0410F08BFA814540F01781032DA1
:10DBF000ACD19DF856105246003918BF01210DF1E5
:10DC00004E000BF0FDFCA1E7032FDDF80CB07BD13B
:10DC10000DF14E04E6E74C4B1B689C0729D5FF220B
:10DC200008210DF1570010F0ADF9804608BB0346FE
:10DC300001460DF157020220FEF770FA10F05FFA6C
:10DC400081450DF157060DF14F0422D04FF6F773C1
:10DC5000994540F2E88000220821204610F092F910
:10DC6000002800F0E080002259465046FFF75CFB98
:10DC70006CE70DF157060DF14F04304611F01AFE16
:10DC8000002846D010F03BFA814540F0C8804FF0A4
:10DC900000082046F5F7F2FC002800F0C080012FB4
:10DCA00058D0042F7FF452AF11F027FE10B1032D8E
:10DCB0007FF44CAF049B002B7FF448AF3246022127
:10DCC0005046FFF7D9FB214B1B7863B1FFF774FE79
:10DCD000FEF740FD022806D10120FEF735FD0121A7
:10DCE0000846FEF7ADFB1A4B1B78022B1FD1032110
:10DCF00030460BF021F8FEF72DFD014600287FF499
:10DD000025AFFEF79DFB21E70DF156060DF14E0400
:10DD1000B3E70F4B1B78432B7FF418AF012F7FF431
:10DD200015AF10F0ECF9814579D1B846B1E7412B38
:10DD30007FF40CAF044B1B6858057FF507AFF8F76D
:10DD4000C9FB03E768460020282700202847002059
:10DD50006C460020BB4C2378022B22D02378412B29
:10DD60003FF4F4AE049B33B9FAF736FC5946024649
:10DD70005046FFF7D9FAFAF72FFC00283FF4E6AE39
:10DD800011F0BBFDB04F98B13B681A0502D423785F
:10DD9000432B0DD1AB070BD440F61A40F7F7E6FA48
:10DDA000D4E611F0AAFD0028D8D0A907D6D4CDE634
:10DDB000386810F0020002D1059903F0BFFD237806
:10DDC000112B16D13B685C0513D50020FEF74EFBE6
:10DDD000044600287FF4BAAE10F01CFD40F61C404B
:10DDE000F7F7C4FA21462046FEF72AFBF7F7CAFAEE
:10DDF000ACE6A80701D5FFF71FFAB8F1000F9ED0D7
:10DE00000AF0D4FF18B94FF4803111F017FD002249
:10DE10008E4B30461A6011F044FD90E70026039BBC
:10DE2000002B7FF413AF4FF6FF73204608A9ADF81F
:10DE30002030F5F767FB20B1204610F03BF9ADF834
:10DE400020004FF6FF73BDF8200098423FF47EAEED
:10DE5000049B3246002B0CBF042315232146CDE939
:10DE600000A33B46FFF70AFD70E610F048F90028D2
:10DE70007FF46CAE764B1B78002B3FF467AEA9079E
:10DE800004D4714B1B689A013FF560AEBAF10C0FD8
:10DE90000DF1450094BF002412AC0BF0DFFB0246ED
:10DEA0009DF8470003283FF651AE394600940DF126
:10DEB0003D0304F03BFC49E60DF13D00F5F7DEFBC8
:10DEC00028B1022239460020FAF71EF83EE6614BDF
:10DED0001B78013B012B3FF639AE0DF13D0002F0FE
:10DEE000BFFD4FF6FF739842044606D10DF13D0089
:10DEF00010F0E0F8A0423FF429AE0021FAF714F93F
:10DF000024E62A4638460FA904F00EFD1EE69DF8C9
:10DF10003D100120FFF75EFA18E64E4B1B78013BDF
:10DF2000012B3FF613AEEB077FF510AE0DF13D0070
:10DF300002F096FD4FF6FF7398420546804673D176
:10DF40000DF13D0010F0B6F84045054607466BD18F
:10DF50000DF13D00F6F73CFAB84205463FF4F6AD48
:10DF60003046F4F781FA00220934E4B2071BFFB20D
:10DF7000394610460FF053FDADF81C0000283FF461
:10DF8000E5AD4FF0010900232A460821CDF80090A5
:10DF900005F0A8FCADF81E0000283FF4D7AD2146DF
:10DFA000304612F045FB4FF0000A804616225146DB
:10DFB00009A8CDF820A00CF0C4FE43462246314605
:10DFC000CDF800A008A80FF077FE4B46424608A9FE
:10DFD0000DF11E00F4F782FB00287FF4B7ADA7EB2C
:10DFE0000807FFB2394607A80FF04DFE284602F099
:10DFF00089FDFF2818BF184A444418BF32F8103072
:10E00000E4B21CBF23F4804322F81030BDF81C009A
:10E0100023463246002100970FF083FE2946BDF8C3
:10E020001E0010F0ACFD91E5284602F06BFDFF28C4
:10E03000074695D0F6F78AFC002891D0384603F0C1
:10E0400091F98DE76C460020282700202427002026
:10E05000684600206D460020F24200201E4B1B78CF
:10E06000013B012B3FF672AD2A4638460FA9FCF75B
:10E07000DDF96BE5194B1B78022B20D1002F7FF4C3
:10E0800065AD08A8FEF7C0F800283FF45FAD144B5B
:10E090001F709DF83D30002B14BF64246524FEF7EB
:10E0A00059FB032806D138463946FEF7C9F93846E8
:10E0B000FEF756FB214608A80AF03EFE46E5043B63
:10E0C000012BDBD938460BF050FA0028D6D13DE5BC
:10E0D00030460BF04CFA39E56D4600206C460020C6
:10E0E000284700202DE9F34105460E46174698467D
:10E0F00011F003FC044640B101233A46314628465C
:10E10000CDF80080FFF78AFB044611F0F6FB30B132
:10E11000FFF78CFA78B10A4B1B689B010BD40023E4
:10E120003A4631462846CDF80080FFF777FB002CB1
:10E130000CBF0446012404F0010002B0BDE8F081E8
:10E140002827002070B58AB005A8E2F745FF022312
:10E1500001AA15468DF81430084B03F11006144639
:10E1600018685968083303C4B3422246F7D12946D8
:10E1700005A8E3F717FB0AB070BD00BF756C040873
:10E18000014B1878704700BF12520020014B1870E5
:10E19000704700BF12520020014B1888704700BF23
:10E1A000A45100204FF6FF732DE9F04399428046B9
:10E1B0000D4685B00BD000274FF6FD791C4EE2F7D7
:10E1C00005FAFCB2A0420BD84FF6FF701DE0F5F740
:10E1D00055FA0028EFD005B0BDE8F0430FF08FBF2F
:10E1E00036F814304B4517D86946204611F018FC14
:10E1F000082241460DF105000CF079FD4FF6FF7342
:10E2000060B99D4204D136F8140005B0BDE8F08332
:10E2100026F8145011F081FB0137D0E79D42FBD066
:10E2200036F81430AB4208BF26F81490F4E700BF6C
:10E230004E3B00202DE9FF4706460F4600254FF6CE
:10E24000FD79DFF83C80DFF83CA0E2F7BFF9ECB2E3
:10E25000A04202D804B0BDE8F08738F814304B452E
:10E260000CD86946204611F0DBFB082231460DF13F
:10E2700005000CF03CFD08B90AF804700135E4E72C
:10E280004E3B0020CB450020014B33F81000704777
:10E290004E3B0020F0B5064600250D4F85B0E2F755
:10E2A00095F9ECB2A04201D805B0F0BD37F81430B2
:10E2B000B3420BD16946204611F0E9FB9DF80030CE
:10E2C000022B1CBF4FF6FD7327F814300135E6E72B
:10E2D0004E3B002030B585B004460D46E2F776F996
:10E2E000A0420FD9084B33F814204FF6FD739A4221
:10E2F00008D86946204611F0CAFB29460DF10500F1
:10E30000FFF750FF05B030BD4E3B002030B585B063
:10E310000446E2F75BF9A04219D92046FEF736FF22
:10E320000546B0B96946204611F07AFB9DF80030E9
:10E330002BB1694620468DF8005011F08DFB4FF649
:10E34000FF720020044B23F8142005B030BD2820B4
:10E35000FBE740F60440F8E74E3B00202DE9F04192
:10E360000B7805460E461BB9BDE8F041FFF7CEBF5E
:10E37000E2F72CF9A84231D92846FEF707FF78BB0F
:10E38000374617F8058B4FF6FF713846FFF70AFF3F
:10E390000446384600F01EFAB0FA80F04009B8F1A1
:10E3A000000F15D0B8F1030F15D04FF6FF724FF6DE
:10E3B000FD73944208BF1C460B4B314623F81540B1
:10E3C0000A4B5855284611F047FB0020BDE8F08164
:10E3D0004FF6FF74F0E74FF6FE74EDE72820F5E7FF
:10E3E00040F60440F2E700BF4E3B0020CB45002042
:10E3F0002DE9FF410D4604464FF6FE780F4F0E0AF9
:10E40000E2F7E4F8A04204D8FF24204604B0BDE8B7
:10E41000F08137F8143043450CD16946204611F09D
:10E42000FFFA9DF80520EBB29A4203D19DF8063021
:10E43000B342EAD00134E4B2E2E700BF4E3B002031
:10E440002DE9F04F0C461746984600254FF6FD7B08
:10E4500087B09DF840A0DFF85C900190E2F7B6F835
:10E46000EEB2B04201D8FF2616E039F816205A4520
:10E470001ED8304602A911F0D3FA3FB99DF8092001
:10E48000424515D19DF80C20524511D144B939F8B7
:10E490001620019B9A420BD1304607B0BDE8F08FA1
:10E4A000082220460DF10D010CF021FC0028F3D0CC
:10E4B0000135D3E74E3B002010B5144611F0B0FAF9
:10E4C0002046BDE81040082201490CF020BC00BFE6
:10E4D000FA4600202DE9FF47074615460846082260
:10E4E00024491E460CF003FC044600283FD14FF699
:10E4F000FF7ADFF88490E2F769F85FFA84F8404524
:10E500000BD885B338460AF0E0F901250C9B18704A
:10E510000120357004B0BDE8F08739F81830534554
:10E520001FD06946404611F07BFA7A789DF8013099
:10E530009A4216D17A88BDF802309A4211D13A79BE
:10E540009DF804309A420CD108220DF10501781D86
:10E550000CF0CDFB28B9002DD7D140460AF0CBF9FD
:10E56000D3E70134C7E7FF200AF0C5F9CEE7002062
:10E57000D0E700BFFA4600204E3B0020F0B5002552
:10E58000154E164F85B0E2F721F8ECB2A04201D843
:10E5900005B0F0BD6946204611F042FA9DF8003002
:10E5A000032B06D90023694620468DF8003011F070
:10E5B00053FA9DF8002062B14FF6FD734FF6FE71DD
:10E5C000032A08BF0B4626F81430002301353B55BB
:10E5D000D9E74FF6FF73F6E74E3B0020CB4500200E
:10E5E000F8B50E4604464FF6FF770C4B0C4D1B78E2
:10E5F00003EB430305EB8305A54202D80024204624
:10E60000F8BD2388BB4206D008223146A01C0CF07E
:10E610006EFB0028F3D00C34EEE700BFC65100209B
:10E620009E390020044BFF211A78044802EB420275
:10E6300092000CF086BB00BFC65100209E3900201E
:10E64000F8B504460C4B0D461B781046A3420DD975
:10E650000C27022117FB04117C43084E0822314489
:10E660000CF055FB335B00202B80F8BD00231360BA
:10E6700053604FF6FF73F6E7C65100209E39002025
:10E6800038B504464FF6FD75FFF704FE0022084B2F
:10E690001878084BD1B2884200D838BD33F80C1C2A
:10E6A0000132A14208BF23F80C5C0C33F2E700BF33
:10E6B000C6510020AA39002070B505460E4608460E
:10E6C000FFF7DEFF31462846FFF76CFD2946064876
:10E6D000FFF786FF00B970BD044624F80C6B11F0FB
:10E6E0001CF929462046F3E79E39002010B5082280
:10E6F00086B0234904460CF0FAFA20B906B0BDE80A
:10E7000010400FF0FCBC082220461E490CF0EFFA26
:10E7100020B91D4BB3F8680006B010BD00230122DC
:10E7200021464FF6FF700093FFF78AFEFF2806D0C0
:10E73000164B33F810004FF6FB739842ECD903A840
:10E74000FEF7A8FD58B9BDF80C305B0607D50822C6
:10E7500021460DF10E000CF0CAFA0028DCD021464B
:10E760000B48FFF73DFF40B14FF6FB724FF6FF73CA
:10E770000088904288BF1846CEE74FF6FF70CBE77F
:10E78000FA4600200E340020A43300204E3B002027
:10E790009E39002070B5002204464FF6FB760846ED
:10E7A0000A4B1D780A4BD1B28D4201D8002009E0F6
:10E7B0001988B14207D8A14205D10822991C0CF052
:10E7C000A6FA012070BD0C330132ECE7C6510020DF
:10E7D0009E39002037B5014605460E48FFF700FF79
:10E7E000044640B1807A294611F075F980F00100A5
:10E7F000C0B203B030BD03460090012229464FF657
:10E80000FF70FFF71DFEFF2816BF034B2046185C64
:10E81000E9E700BF9E390020CB4500202DE9F341F8
:10E82000224B04461B780F468342154638D9FEF723
:10E83000C7FCB8BB4FF6FD739D421D4E0ED004EBD6
:10E84000440326F823504FF6FF739D421FD1204604
:10E85000FEF7CEFC002002B0BDE8F0810DF106010C
:10E860003846F4F74FFE4FF6FF72BDF806303846D3
:10E87000934218BF1D460C236343F55206EB030871
:10E88000FFF7A8FFB0FA80F0400988F80A000C23CF
:10E8900003FB04600822394602300CF038FAD9E74D
:10E8A0002820D8E740F60540D5E700BFC651002034
:10E8B0009E39002038B504460D46FFF7BBFC2146C3
:10E8C0000448FFF78DFE00B938BD857221460C3033
:10E8D000F7E700BF9E3900200023074A1370074A5C
:10E8E0001370074A118801B11380064B1A880AB1C8
:10E8F00000221A80704700BF3A47002039470020A5
:10E90000BE430020BC4300202DE9F04F4C4C9846FC
:10E91000238889B005900F4610469DF848A05BB942
:10E9200052B10FF0EFF920804FF4FA61454809B079
:10E93000BDE8F04FF3F7B8BFDFF81C91B9F800500D
:10E94000002D69D02846F3F78FFDC0F34704284611
:10E95000F3F76EFDDFF804A10294BAF80030DFF897
:10E9600000B10193BBF800300546009300224346F6
:10E97000012035490FF080FAADF81E0010B305EB09
:10E9800044080124454512D1E4B9BDF81E50CDB16B
:10E990002E4B1B782BBB2B4600223946059800F0E6
:10E9A00049FA0023ABF80030AAF800300AE001234E
:10E9B00029461A460DF11E00F3F790FE0235044673
:10E9C0000028DFD00023224AA9F800301378013B49
:10E9D000DBB21370002BA7D109B0BDE8F04FFFF7F1
:10E9E0007BBF0FF006FB01462846F3F71BFF0A2109
:10E9F00080462846F3F716FF0646A64202D8FF2CAB
:10EA0000CFD1C8E7284604F10B01F3F70BFF80458F
:10EA1000C1D80134E4B2F0E70E4C237823B904F0F6
:10EA2000F5FD08B901232370524641460520F5F74C
:10EA30003DFA0028D0D1207009B0BDE8F08F00BFAA
:10EA4000BE4300208C500020866C04083B47002009
:10EA50003A47002039470020BC4300203C430020B7
:10EA60003E43002030B5154D87B02C889CB9234615
:10EA70004FF4A07248F2380103A811F00FF92146B3
:10EA800020460FF0BAFF22460D4B009403A9FFF772
:10EA90003BFF07B030BD20460EF060FF04300AF0A7
:10EAA000DDFD03A90446288811F0FCFD0023009336
:10EAB00020462A8803A900F08DFBEAE7BE43002028
:10EAC00000F8FF0737B5002001A90FF096FF0D4CA5
:10EAD000014623780C4D7BB10C4B019A18780FF04E
:10EAE000ABFF2078F7F71CF8002323702B70084841
:10EAF000F3F776FF03B030BD2B78002BF7D0FFF78C
:10EB0000B1FFF4E73D4700203A4700203C47002092
:10EB10008C50002008B50548F3F7B0FA0448F3F725
:10EB2000ADFABDE808400348F3F7A8BABE43002099
:10EB3000BC430020BA4300202DE9F04F89B089463C
:10EB40000446CDE905239DF84870139E30B316F8AE
:10EB500001ABBAF1000F23D00AF1FF34A400E4B2F4
:10EB6000314601200AF08EFDC00E1BD1DFF844B102
:10EB7000314601200AF086FD9BF80050344422798A
:10EB8000BDB1002F47D180234846CDE90277CDE9BA
:10EB90000077414A059900F04DF93CE08246DFE7F5
:10EBA0005446DDE71B28ECD9314601200AF06AFD06
:10EBB000E7E7DFF80481FF2A00EA08080BD14246A4
:10EBC000E379A179607901EB032189B209B0BDE84D
:10EBD000F04F0FF031BF314909688B070AD5FE2A83
:10EBE0003AD101230135EDB2202D4FEA43030AD17A
:10EBF000FF250AE02946284607920FF0FEFE484509
:10EC0000BFD1079AEBE79845ECD1254B1B78FF2B3A
:10EC100004D0AB4204D009B0BDE8F08FFF2DFAD08C
:10EC20000020F2F749F9A842F5D029460020F2F772
:10EC300049F90028EFD09BF800306479002BEAD125
:10EC4000FFF74AFE17484FF41051F3F72DFE164B0D
:10EC50008BF800501C70DEE7052A92D8BAF1010F3C
:10EC60008FD8B8F1000F8CD0002FD4D17379002B3E
:10EC7000D1D00E49098821B9082B28BF08230C4997
:10EC80000B70434648461292DDE9051209B0BDE813
:10EC9000F04FFFF739BE00BF866C0408282700201C
:10ECA000135200208C5000203C470020BE4300201F
:10ECB0003A4700203D47002000F8FF07014B18802D
:10ECC000FFF7D0BEBC43002037B5184B1B78022B92
:10ECD00003D01725284603B030BD00210DF10700F1
:10ECE000F4F74CF805460028F3D1114B1B78013B93
:10ECF000012B01D90225EDE7F3F7AEFF0028F9D08B
:10ED000009F0A8FF0446F3F7A7FF0A4B4FF47A7106
:10ED100018700B23B4FBF3F203FB12440A34A4B2C1
:10ED200061430548F3F7C0FDD4E700BF6C460020FF
:10ED30006D4600205D460020542600202DE9F0435A
:10ED4000384B00241E784FF4F813374FA5B00393C7
:10ED50003D78ADF81040F6F78FFFBDF90E30ADF8F5
:10ED60001200A342ADF8144006DB304B1C7801348E
:10ED7000E4B21C7044F080048DF82C40A9460224B3
:10ED80004FF000088DF82D60B14529D300222146AF
:10ED90000BA83D708DF82D800EF041FEE8B1B8F162
:10EDA000000F09D000234FF6FC71CDE9000303AA40
:10EDB000FF230620FBF7DCFFB5422FD209F04AFF04
:10EDC0000B23B0FBF3F24FF47A7102FB13000A300D
:10EDD00080B241431648F3F767FD25B0BDE8F083E4
:10EDE000484606A902F0E4FA98B9512C11D804F16A
:10EDF00090030DEB0302083406AB013508F101085E
:10EE000003CBE4B242F8640C42F8601CEDB25FFA46
:10EE100088F809F101095FFA89F9B5E70448F3F7C1
:10EE2000DFFDDAE75D4600205E4600203F47002018
:10EE3000542600200CB42DE9F04F8BB014AA0E46D6
:10EE400052F8041B07460992002940F08F80BDF854
:10EE50005400ADF82200002800F0A18033794FF66D
:10EE6000F778002B40F0868047458CBF4FF00908AB
:10EE70004FF008084C4B1C78FF2C40F08380B6F90B
:10EE80000230002BA9BF494B347A1C780134A2BF51
:10EE9000E4B21C7044F08004DFF81CB1224600216B
:10EEA000F3F7D4FC9BF80030BDF82200002B6CD0A7
:10EEB000DFF808A14FF00009BAF800300793F3F724
:10EEC000D3FA0546BDF82200F3F7B2FAEBB2CDE96A
:10EED0000193FF23CDE903090093224633463946C7
:10EEE0000798FCF7DFF84FF6FF7305468BF80090A4
:10EEF000AAF80030382D33D13246394640460DF15C
:10EF000022030AF03AFB00284BD04FF6F7739F42DA
:10EF100026D8B6F902307088002B21DA48F20402B4
:10EF20002349244B4FF00008904214BF894699466C
:10EF30000FF0E5F8494603468A220120CDF800800B
:10EF40000EF09AFF814658B122464146F3F77EFC07
:10EF5000FF23324639464046CDE90098FBF708FFCB
:10EF600028460BB0BDE8F04F02B0704701200EF00C
:10EF700046FF6EE7002347458CBF4FF006089846D2
:10EF8000337177E7FF221A7086E7CDE90003324636
:10EF9000FF2339464046FBF7EBFE0546AAE7192555
:10EFA000DEE70546DCE700BF155200203F470020A2
:10EFB000976C04088C6C04083E470020C043002076
:10EFC00070B54FF4003300240546164688B0ADF8FE
:10EFD0001A100DF10F0204A90593ADF81840ADF811
:10EFE0001C4004948DF80F400AF09EFA9DF80F30F3
:10EFF00028460193049B044A009305A93346FFF772
:10F0000019FF08B070BD00BF906C040830B54FF414
:10F010008035002487B00395BDF82850CDE9001253
:10F020008DF81030074A034603A9BDF82C008DF86F
:10F030001140ADF81250ADF81440FFF7FBFE07B0D9
:10F0400030BD00BF656D0408B1F1006F2DE9F043DC
:10F0500014462CBF392238228BB01D464FF00003D6
:10F06000ADF81E204FF480022CBF4FF001099946E5
:10F07000FF2C0646ADF81C300892ADF824304FEA5C
:10F0800011471FFA81F80FD10FF0CBFCB9F1000F37
:10F0900019D1154ACDE9020543463046CDE9007441
:10F0A00007A9FFF7C7FE1AE0FE2C0AD10FF0B9FC42
:10F0B0000130C0B20FF0CFFCB9F1000F12D00B4AF3
:10F0C00002E0E8B2F8E70A4ACDE903050123304639
:10F0D000CDE90174CDF8008007A9FFF7ABFE0BB0B6
:10F0E000BDE8F083034AD5E7946C0408636D040817
:10F0F000936C0408646D04084FF498124FF0806319
:10F1000010B586B0CDE903230023ADF814300EF01E
:10F11000F6FF0446F6F7B0FD054B01900093054A53
:10F12000234603A94FF6FD70FFF784FE06B010BD1D
:10F13000FA4600209A6C040830B500244FF480652C
:10F1400087B0CDE900128DF81030084A034603A9B4
:10F150004FF6FD708DF811400394ADF81250ADF8E4
:10F160001440FFF767FE07B030BD00BF9E6C040877
:10F1700070B515461E464FF498124FF0806386B066
:10F18000CDE9032300230122ADF814300D4B0446D2
:10F190001A700D4B1880084661B1FBF7D3FD23466A
:10F1A000CDE90056094A03A94FF6FD70FFF742FE6C
:10F1B00006B070BD064B8DF8161019700223ADF81D
:10F1C0001230ECE73E470020C04300209A6C040850
:10F1D000155200202DE9F04F9BB00E4605460EA9B2
:10F1E0001046CDE90A329DF8907010F0AFFCBDF8E2
:10F1F00038A080465046F3F737F9B6F90230044696
:10F20000002BB6F80690B6F802B004DA0022B24B32
:10F210001A70002049E05046F3F726F94045F5D32F
:10F22000A4EB0804E3B2002F18BF4FF4A079152B0C
:10F23000099328BF15230024013308F1FF325146FA
:10F24000DBB292B2009414A80EF036FD6FEA4B4385
:10F250006FEA5343A1499DF8502008684968ADF80A
:10F2600046300FAB03C3ADF84840ADF84440ADF8AD
:10F270004A90ADF84C20BBF1000F24D10DF15100A4
:10F28000F4F7FCF9A0B10EF03AFF5C4606460DF12A
:10F29000590A0DF151030A9A9AF80080012A2DD1DA
:10F2A00057B384F0010404F001001BB0BDE8F08FF7
:10F2B0000DF1510001F0D4FB4FF6FF74011B4C42DD
:10F2C00006464C41E3E7BBF1010F40F09480BDF8E6
:10F2D00051600EF014FF86420AD030460FA910F09C
:10F2E00018FD80F00104E4B20DF1530A0FABD2E730
:10F2F0007B4B0DF1530ACEE70A9CD4E797B3002C61
:10F3000075D1B8F1010F72D837D10EF0F8FE0EF0BA
:10F31000F6FE224606469AF80170714B0021012044
:10F32000CDE9006102976F490EF0A6FDADF83A00F5
:10F3300000285CD0002C53D1B8F1010F50D12646E3
:10F34000DFF8B8A19AF800305FFA84F8434538D95D
:10F35000404601F067FCC20702D5BFB1013FFFB2D2
:10F360000134EFE7B8F1010F05D1002CCDD0812297
:10F370009AF80170D2E7002CF9D1B8F1010F94BFCF
:10F38000002201229AF80170D201C7E7404601F03D
:10F3900037FB0123ADF8340002220DA90DF13A002C
:10F3A000F3F79CF918BBBDF83A00F3F75DF8804617
:10F3B000484610F004F908F1010801368045F6B21C
:10F3C000CEDBB6B132460C21BDF83A00F3F73EFA77
:10F3D00000222846BDF83A3011A9FFF72BFD06E0C0
:10F3E0000C210DF13A000EF04EFC0028F0D0012067
:10F3F0005BE70D21F5E70A9B002B7FF40AAF7388CA
:10F40000342B57D1099B092B7FF403AF002F7FF4D6
:10F4100000AF9DF959603A46B41008210DF1510032
:10F4200004F020040EF0AEFDD0B12F4B1B78012B61
:10F430003FF4EFAE022B27D12C4B1B6813F0807FDB
:10F4400025D12A4B1B685B0201D5002E30DA002340
:10F450002846274A11A9FFF7EDFC264B1C70D8E679
:10F460000DF15100F4F70AF90028DED10DF1510039
:10F4700001F0F6FA4FF6FF73984208D02146F8F7EC
:10F4800053FE034618B903E0033B012B06D9C823FA
:10F490002846174A11A9FFF7CDFCBAE6164BB3F878
:10F4A0006830AB42CDD0114B1B6813F0805FC7E7CB
:10F4B0008D23EDE7099BCDE9059204930DF15103EE
:10F4C000CDE9028331462846CDE9007A0B9B11AA8B
:10F4D00000F074F89DE600BF32470020E8270408DA
:10F4E000FA460020A26C04086D4600202827002060
:10F4F0000F6D040814520020A4330020D4510020C2
:10F50000024B187840F08000704700BF3F47002052
:10F5100038B50A4B05461C7824B10EF0F0FDB0FA60
:10F5200080F46409F8F7D2FE08B144F04004E1F732
:10F530005FF844EA4020284038BD00BF68460020FC
:10F54000014B1888704700BFAC510020014B188058
:10F5500000207047AC510020084B10B504461880BD
:10F56000F6F78AFB04F0100400F00403A3421EBF68
:10F570009843034B1870002010BD00BFAA51002013
:10F580006B4600204FF6FF71034602881B798A42C2
:10F5900017BF074901200A8041881EBF054A002085
:10F5A0001180FF2B1EBF044A00201370704700BF5C
:10F5B000A8510020A6510020404700202DE9F04F1F
:10F5C000B7B09946BDF80431439C0D939DF80831BE
:10F5D00083460E93BDF8143120460F939DF81831E1
:10F5E000B1F802A00F4690469DF8005110930AF022
:10F5F00035F8BAF1110F064600F28A800EF07FFD51
:10F60000B04200F08F80BAF1060F19D14FF6FD73AA
:10F610009E423ED0DDB9BC4B1B78033B012B36D953
:10F62000304601F06FFAFF2814BF8923812300229E
:10F630004146CDE900625846B44AFFF7FBFB06E0BD
:10F640002DB9BAF1030F08D8BAF1010F0AD8002278
:10F65000AF4B1A7037B0BDE8F08FAAF10403022B4C
:10F66000F5D8D8E7A84B1B78033B012B0DD93046C2
:10F6700001F048FAFF2814BF8923812341465846E8
:10F68000A44A0096FFF7D6FBE1E78023F6E7802344
:10F69000CDE7A14B1B7859074CD40EF030FD002666
:10F6A000034632460120994900960EF0E5FB237986
:10F6B000ADF86C000F930028CCD0DDE90E320D9828
:10F6C00003EB4209F2F7D0FE5FFA89F909F1050769
:10F6D000FFB28742BED239460D98F3F7A3F81090D7
:10F6E00007EB40070D98F2F7BFFE8742B2DADDE97B
:10F6F0000F321343DBB2002B40F03282002DA9D130
:10F700002F463A460421BDF86C00F3F79FF876E1E6
:10F71000814BBAF13A0F1B7811D948F23B039A4555
:10F7200008D014E07C4B1B785A070BD5AAF10403D0
:10F73000022B07D8FB8843F48043FB808AE7BAF1A9
:10F740001B0F1ED8AAF102039AB2132A5ED9109B8E
:10F75000494602930F9B5046CDE900530E9A5B46F3
:10F7600009F0EFFE0F287FF475AF0122684B1A7085
:10F77000694B1B789B0740F1D982002D7FF46AAF5B
:10F78000D8E7AAF11C021E2AE1D801A151F822F003
:10F79000B5FF02084FF702084FF70208D5FB020831
:10F7A0004FF70208B5FC0208B5FC02084FF7020843
:10F7B0004FF702084FF702084FF702084FF7020809
:10F7C0004FF702084FF702084FF702084FF70208F9
:10F7D0004FF702084FF702084FF702084FF70208E9
:10F7E0004FF70208E5FC0208E5FC020851FF020899
:10F7F0004FF702084FF702086BFF02084FF70208A5
:10F80000050003081B00030829000308132B9ED8DA
:10F8100001A252F823F000BF69F8020831F902088A
:10F820004FF902082DFA02089BF602084FF702086A
:10F830004FF702084FF702084FF702084FF7020888
:10F840004FF702084FF702084FF702084FF7020878
:10F850004FF702084FF702084FF702086FFB020844
:10F860004FF70208E1FF020800241BAB5A46484646
:10F870000E9900931DAB1D948DF86C4009F055FE58
:10F880000EF03DFC204B05461B78012B03D0022BCC
:10F8900014BF02240124E0F7ABFE162894BF002019
:10F8A000012044EA4014F6F7E7F91C4B0646B3F88A
:10F8B00000A0FBF753FA1A4B07464FF6FF70B3F858
:10F8C0000090FFF725FE174B9DF86C201988124B0E
:10F8D0001B7813F002031CBF134B1B780B921D9A6D
:10F8E000CDE90701CDE9093240234146CDE9014385
:10F8F00058460023CDE90579CDE9036A0B4A009506
:10F90000FFF798FAA6E600BF6D4600208C6C04084D
:10F9100032470020976C0408A6450020AC51002017
:10F92000A8510020A651002040470020A86C0408E0
:10F930000EF0E5FBA34BA44A1B88CDE9400300234E
:10F940004146584637B0BDE8F04FFFF773BAA47888
:10F950001DA9631EDBB2EF2B204610D9F22C0ED06E
:10F960000DF057FA82240EF0CAFB00234146CDE980
:10F970000003964A23465846FFF75CFA6AE60DF004
:10F9800048FA002850D00EF0BAFB9DF878209DF878
:10F990007A100492BDF8762049000392BDF87420D5
:10F9A000C9B2CDE901429DF8792003465200D2B296
:10F9B00008320A4400920120002285490EF05CFAC8
:10F9C0009DF87930ADF86C008DF8673000283FF471
:10F9D00041AE002601230DF167011A461BA8F2F77C
:10F9E0007DFE054600287FF435AE9DF86730EAB20B
:10F9F000934209D89DF87A308DF8673016B1BDF87A
:10FA00006C3033E00126E5E7314620460DF044FA3C
:10FA10000123ADF8680002221AA91BA8F2F75EFEC6
:10FA200001350028E1D015E683249CE70EF067FB42
:10FA30000446EFF77FFA2346009000220120634935
:10FA40000EF01AFA00283FF405AE00252C46ADF85A
:10FA50007400EFF76FFAEEB2B0420DD822460421DF
:10FA6000BDF87400F2F7F2FEBDF874300022414692
:10FA70005846FFF7DFF9EDE53046EFF73DFAFF288E
:10FA80008DF86C000AD0012301341A461BA91DA869
:10FA9000E4B2F2F723FE00287FF4DCAD0135D8E7AD
:10FAA0005046B4F80290EFF727FAFF288DF8680067
:10FAB00000F0CF821DA90DF0ACF9BDF874304B45B4
:10FAC00007D04FF6FF72914540F0C3821B0400F14E
:10FAD000C0829DF8793012930E9B0533DBB21393ED
:10FAE0000F9B1493002311934FF000094B4613E032
:10FAF00017934900139BC9B219440D9889B20EF0AF
:10FB000023F94FF0000A179B159012995FFA8AF2B9
:10FB10008A4217D309F10109149A5FFA89F19142D7
:10FB2000E6D39DF87A201292169A1392002B40F099
:10FB30008582119B002B40F08C8201231193109B36
:10FB40001493D1E711999DF8680017930DF0A4F96B
:10FB5000159A179B0AF1010A824208BF0123D4E7D4
:10FB600009F106095FFA89F33746169372E2A71C7A
:10FB700039463046A57AECF7EFFE01223946304689
:10FB8000FAF77EFB304610F077FA384600F068FF4F
:10FB90002288824207D04FF6FF72904203D000F0D5
:10FBA000B1FF10F07CF985F00804C4F3C0042146CD
:10FBB0003846FEF77FFE2146384637B0BDE8F04FA5
:10FBC00009F008BDAA510020896D04088C6C040856
:10FBD000B56C0408AD4B1B78033B012B7FF63AADA7
:10FBE0000EF08DFA58453FF435AD09F033F80B238C
:10FBF000B0FBF3F24FF47A7102FB13000A3080B2CB
:10FC00004143A348F2F750FEF3F726F800283FF4EB
:10FC100021AD0123002218469E4994F800A00EF061
:10FC20002BF9ADF8680000283FF414AD00263546E6
:10FC300034460E9B1BAF01330E93F2B2524514D3E0
:10FC4000002C3FF407AD01232A461DA91AA8F2F79C
:10FC500045FD00287FF4FEAC22460221BDF8680075
:10FC6000F2F7F4FDBDF8683000E74FF000090E9997
:10FC7000D200D2B20A4408230D993846CDF800903C
:10FC80000EF01AF83946484600F00CFFFF280FD056
:10FC9000814B1B5C0F2B0BD997E8030005F1D803B0
:10FCA0006B44643B83E8030008350134EDB2E4B2F1
:10FCB0000136C2E7002D7FF4CDAC18073FF53AAD11
:10FCC000534622464146584604F0F8F800287FF48F
:10FCD000C1AC842341465846704A37B0BDE8F04F66
:10FCE000FFF7A8B823780F9810930FF068FC002155
:10FCF0000646584605F028F9644BBAF1310F1B78D7
:10FD00000746A3F103030BD1012B13D9644B654ABA
:10FD10001B7812781344DBB20D9316230E930DE07B
:10FD2000012B03D9604B1B780D9353BB002D7FF43F
:10FD300091ACCEE701231621CDE90D310024109BB3
:10FD40002246009301202346584901940EF094F86E
:10FD500000283FF47FACF61BF3B22646544FDFF881
:10FD60005C911193ADF86C000F940D9BE5B2AB4222
:10FD700009D832460221BDF86C00F2F767FD0F9AF0
:10FD8000C0E40523CAE7162200211DA80AF0D9FF06
:10FD9000BAF1320F3DD13B7903F00302032A21D19E
:10FDA0008DF87620109B0136F6B2B34215D2BDF81D
:10FDB0006C00F2F759FB0E9B1844119B98420CDC27
:10FDC00001230E9A1DA91BA8F2F788FC00287FF4D6
:10FDD00041AC0F9B0133DBB20F930134083709F1BB
:10FDE0001209C2E7B9790029DCD13249C3F3C20351
:10FDF000CB5C1DA8012A08BF43F0010339888DF8A8
:10FE0000763009F02DFC79880DF1770009F028FC97
:10FE1000C8E71DA80EF05DFD4FF0FF33CDE91F339D
:10FE20001F4B1B78AB4261D999F804306F2BD4D8A3
:10FE300028461FA9F4F73EFE0028CED01E4BB9F885
:10FE40000020B3F8683092B9003B18BF01235B0172
:10FE500043F004038DF8863002238DF88730B9F81B
:10FE600002301B0A11468DF8893021A8CEE79B1A73
:10FE700018BF01235B0143F005038DF88630022390
:10FE80008DF887300F238DF88830E8E76D46002025
:10FE9000542600200E6D0408AA4500200F6D0408AA
:10FEA0006646002065460020D25100200C6D0408F3
:10FEB00028420020C16C0408A43300208A3F00209F
:10FEC0000132D2B2551EEDB228461393129200F0C1
:10FED000A9FEDDE9122310F0010FF1D06349097882
:10FEE000611A994205D00133DBB2E9E70122002310
:10FEF000E8E75F4B1FA918782844C0B2F4F7DAFD91
:10FF000000283FF46AAF284600F07AFD1290284698
:10FF100000F088FE10F0010F129A0FD116238DF811
:10FF20008630544B1B780133DBB20F2B28BF0F23D5
:10FF30008DF88830504B33F8153092E728461292EE
:10FF400000F070FE10F0020F129AE7D11223E6E7DC
:10FF50001A073FF5EFAB23465A4641460F9804F087
:10FF600005F800287FF476ABE0E695B1434B1B78AB
:10FF7000033B012B7FF66EAB0EF0C1F818B9BBF155
:10FF8000000F7FF467AB207837B0BDE8F04FF5F78E
:10FF9000EDBC0EF0B4F820B1384B1B78033B012BBD
:10FFA00001D8802396E62B4641465846344AFEF750
:10FFB00041FFE8E70EF0A3F8B0427FF44BABA01C82
:10FFC000F3F75CFB00283FF445AB0EF098F80446CD
:10FFD0000EF095F82B4B2C4ACDE940032346AFE4B5
:10FFE000204609F03BFBFFF793FA00283FF432ABC1
:10FFF0004090002341465846244A37B0BDE8F04FB0
:020000040803EF
:10000000FEF718BF4B46424659460020CDE9405402
:1000100037B0BDE8F04FFEF78FBD4B46424659461C
:100020000120CDE94054F3E72B464A464146584665
:10003000409437B0BDE8F04F04F028B801231AA966
:100040001A461BA8F2F74AFB00287FF403AB0137DE
:10005000FFB20136EEF76EFF5FFA86FA50453FF6C3
:100060001FAD002F3FF44AABFFF74BBB66460020A5
:10007000CD51002027470020B04200206D460020CF
:100080000F6D0408FA460020BD6C0408976C040844
:10009000F8B5164B04461D88154B20F8025B19680D
:1000A00079B108220AF033FE124B0C201B78124E55
:1000B000A372124B19780023DAB2914205D8FF22BD
:1000C00009E0C4F802104160EEE7013300FB03F7DA
:1000D000F75BAF42F0D10A4BE2721B782373094BF6
:1000E0001B786373084B1B682361F8BDCE43002067
:1000F000C83400204147002092390020C65100201A
:100100002347002022470020B4340020F0B589B0F6
:1001100006460C46154610F0B4FA0DF10A020146E7
:10012000304610F045F9134F0346E8B901223A7002
:100130002288BDF80A1022B10246072008F03DFBD4
:1001400090B103A8FFF7A4FFBDF80A00F2F78CF9FD
:100150000646BDF80A00F2F76BF921460090F3B2AB
:10016000284603AA08F0C0FD0023034A3B70136031
:1001700009B0F0BD42470020C834002073B5ADF887
:1001800006000DF106000DF05CFC014608B102B05E
:1001900070BD0DF106000DF0CBFC0446F2F748F9F6
:1001A000C67A002EEDD120460FF0C4FDFF28E8D01E
:1001B00000F020FD054BD3F88850002DE1D03346E8
:1001C000224641213046A847DBE700BFA433002088
:1001D00073B5002200210C2000F06EFD00211948AB
:1001E0000DF034FC01250446164E84B120460FF074
:1001F000A1FDFF2805D1214630460DF07DFC0446C7
:10020000F3E704220023009500F02AFDF3E72146DE
:100210000D480DF01BFC012504460B4E0CB902B035
:1002200070BD20460FF086FDFF2804D00822002371
:10023000009500F015FD214630460DF05DFC0446AA
:10024000ECE700BFD2430020D44300202DE9F84F53
:1002500010460E46174699460DF08EFA254A264B53
:100260000021B0F5006F14BF9046984640460DF04F
:10027000EDFB4FF0000A0446DFF880B00CB9BDE892
:10028000F88FBC4228D12046F2F7D2F8857A80F860
:100290000BA0013DEDB2857216B13F2E00D02DBBF3
:1002A00006F00AFC054620460DF066FAB0F5006F30
:1002B0004FF00002214615D10F480DF058FCFFF712
:1002C00087FF284606F0FEFBDBF8885025B14B4639
:1002D0003A4631460020A847214640460DF00CFC26
:1002E0000446CBE703480DF042FCEAE7FFF770FF56
:1002F000F2E700BFD4430020D2430020A433002003
:1003000000232DE9F34706460F464FF6FF78284CA9
:10031000DFF8A090ADF8063020460DF092FB0546C0
:1003200048B9294620460DF091FB8246F2F780F845
:100330000389B34217D94C4501D1FFF749FF00218A
:1003400020460DF083FB054607F1FF3A5FFA8AFA73
:10035000D5B94C4516D1BDF80600FFF70FFF404652
:1003600002B0BDE8F0877B1EDBB2FD2BD4D9294655
:1003700020460DF0DDFB2A4651460DF106000DF03A
:100380006BFBC9E74C46C7E7BAF1FD0F09D9284610
:10039000F2F74EF803899B1B9BB2984528BF9846FD
:1003A0000381294620460DF0A7FB0546D0E700BF94
:1003B000D4430020D243002008B507F0BEFD0B4A0D
:1003C000FF2113881080C31A98B2FFF799FF4FF6E8
:1003D000FF7301469942064803D1BDE80840F2F791
:1003E000FFBABDE80840F2F75FBA00BFD64300206D
:1003F000AC500020174B00282DE9F041164D18BFD6
:100400001D460F4628464FF000010CBF4FF008086C
:100410004FF002080DF01AFB044610B92046BDE863
:10042000F0812046F2F704F8C37A064623B121464C
:1004300028460DF061FBEFE720460DF0CCF942466F
:10044000014638460AF053FC0028F0D1B378002B5F
:10045000EDD1E3E7D2430020D4430020014B1860E4
:10046000704700BFCC34002010B504460548F2F7B1
:10047000B7FA0023044A1380044A1380044B1C80FB
:1004800010BD00BFAC500020D4430020D243002058
:10049000D043002008B50448F1F7F0FDBDE808405E
:1004A0000248F1F7EBBD00BFD4430020D243002047
:1004B000014B1880704700BFD04300202DE9F34165
:1004C0000446884607F039FD324B074620461E8811
:1004D0000FF030FC054620460DF04EF9B0F5006FE8
:1004E00032D1FF2D06D00123042200932846002399
:1004F00000F0B6FBB8F1000F1DD106F0DDFA214681
:10050000054625480DF0C6FA284606F0DBFA2348D2
:100510000DF0E5FC224BA8B31988711A17FA81F087
:1005200086B22046F1F784FF032306818372002000
:1005300002B0BDE8F08106F0BFFA00222146054670
:1005400015480DF089FADFE716480DF0DFFA0428A8
:100550001ED8FF2D06D00123082200932846002331
:1005600000F07EFBB8F1000F05D106F0A5FA214698
:1005700005460C48C6E706F09FFA002205462146CC
:100580000848DEE7314605481F80F2F78DF9C8E7D5
:100590001C20CDE7D0430020D2430020AC500020E7
:1005A000D6430020D44300202DE9FF4708460C46DF
:1005B0000DF0C7F800F4805820460DF048F90546C4
:1005C00020460DF01BF9B0F5404F1BD1B8F1000FDC
:1005D00014D029460020FFF70DFF054670B1F1F752
:1005E00027FF0023404A81780446009218462A4695
:1005F0000193F1F7D3F808B90123E372012004B0A5
:10060000BDE8F087284609F029F8814600F07AFA1B
:10061000FF28074637D00125A0F12006C0F12003AE
:10062000324925FA03F305FA06F61E438540D1E95F
:1006300000232A433343C1E9002300F09BFA044618
:1006400038B1384600F0EEFA10F00C0F14BF012458
:100650000024B8F1000FD1D04FF0000A03A9012007
:10066000ADF80C90FFF7C6FE8146F1F7E1FE80463B
:10067000B9F1000F1ED1BAF1000F14D1FF2FBDD078
:10068000002CBBD128E01A4B1B684BB14846984759
:10069000044628B1B8F1000FB0D000252E46DBE7A4
:1006A000B8F1000F01D10020A9E7002501242E4652
:1006B000A246D3E774B100230B4A81780092184612
:1006C0004A460193F1F76AF8002897D1012388F888
:1006D0000B3093E7FF2F91D0064BD3E9001229434B
:1006E0003243C3E9001289E74D020308481600208F
:1006F000CC3400204016002038B504460DF03CF8FC
:10070000054620460DF067F8A5F50063044601464E
:1007100058425841FFF76EFEB0B9B5F5006F01D0F1
:10072000002038BD204608F099FF00F0EBF9FF28C3
:10073000F6D0064B00B21B6833F8100000F4E260FC
:10074000003818BF0120ECE70120EAE7D034002090
:100750002DE9F7434FF000090746ADF8049000F08B
:1007600061FA10F00C0F29D04FF00208154D2B88BC
:10077000A5F80090ADF806300DF106000DF061F916
:10078000044630B1B8F1010F14D04FF001080E4DFE
:10079000EDE721460DF106000DF0CAF906460FF00F
:1007A000C9FAB8422246314614BF284601A80DF0C6
:1007B00053F9E1E7BDF80400FFF7E0FC03B0BDE842
:1007C000F08300BFD4430020D24300202DE9F04F36
:1007D000DFF8208185B0D8E9003213437CD105B021
:1007E000BDE8F08F02EA040103EA0700014327D0C5
:1007F00022EA040223EA0703C8E90023DAE9002316
:1008000002EA040503EA070C55EA0C056FEA040046
:100810006FEA070124D1304600F004FAC2070FD571
:10082000304600F0E7F9DBF89C30002B45D11D463F
:10083000304600F0E5F8DBF884300BB129469847E4
:1008400024197F4109F10109284B5FFA89F61B78C9
:10085000B342C4D9D8E9002352EA0301C2D1BEE7AA
:1008600002400B403046CAE9002300F0DBF9C30721
:10087000E6D51F4B30461B6833F8163003F48873F7
:10088000102B10D000F0B6F9DBF89C3013BB1D46DE
:100890000123102200933046002300F0E1F90020EC
:1008A000F0F7EEFEC4E700F0A5F9DBF89C30012577
:1008B000002BBDD00122039502E000252A460395B6
:1008C0000392002130469847039A002AB0D0002DA9
:1008D000AED1DDE70025EDE74FF0000901244F46DA
:1008E000DFF814A0DFF814B0AEE700BF1652002006
:1008F000D03400204816002040160020A4330020E9
:10090000F8B50346084613B309B3402A1FD8114966
:1009100000260B6010490027086010494FF0FF3592
:100920000A7000210C4604338A4205DC0021520083
:100930000AF007FA0020F8BDC3E9036703F8044C86
:1009400023F8024C1D605D6001311833ECE7212073
:10095000F1E700BFD4340020D0340020165200202C
:10096000F0B5144CDDE905672568EDB1F0B9124822
:10097000007888421AD901EB41014FEAC10C05EB1E
:10098000C10415F8311011B92169C90710D400202C
:1009900005F80C0062801A6846F0010662605A6829
:1009A000C4E90467A260F0BD0220FCE72120FAE759
:1009B0002E20F8E7D4340020165200200E4B30B51C
:1009C0001A68A2B10D4B1B78834212D900EB40008C
:1009D00002EBC003C100002400200025C3E9044548
:1009E00050544FF0FF3258805A609A6030BD022058
:1009F000FCE72120FAE700BFD43400201652002083
:100A0000094B1B6863B1094A1278824208D900EB8E
:100A1000400003EBC0031A69D20701D5588870471C
:100A20004FF6FF70704700BFD434002016520020EC
:100A3000094A0346106870B1084A12789A4209D9E7
:100A400003EB430300EBC303186910F0010002D06D
:100A5000181D704700207047D43400201652002023
:100A6000F8B50E4B05461C6834B128B100260C4B76
:100A70001F78F3B29F4202D84FF6FF7009E00822B8
:100A80002946201D0AF033F920B92369DB0701D577
:100A90006088F8BD01361834EBE700BFD43400207D
:100AA00016520020F8B5154B04461D680E46E5B1F8
:100AB000134B1F78874218D900EB400305EBC305A1
:100AC00026B92B69DA0712D42046F8BD0822314630
:100AD000281D0AF00CF950B92B69DB07F4D4013456
:100AE000E4B2A74205F11805F0D1FF24ECE7013488
:100AF000E4B2A74205F11805E2D1F6E7D4340020AC
:100B0000165200200A4B01461B6830B52BB1094A2A
:100B100014780022D0B2844201D8FF2030BD5D8815
:100B20008D4202D11D69ED07F8D401321833F1E787
:100B3000D4340020165200200C4B1B689BB14FF69A
:100B4000F77291420DD80A4A1278824209D900EB15
:100B5000400003EBC0031A69D20704D50020598076
:100B60007047212070470220704700BFD434002016
:100B7000165200200F4A03461068D0B10E4A127870
:100B80009A4215D919B203EB430300EBC300036982
:100B900013F001000DD0094A126832F8112002F456
:100BA000E2622AB913F00C0F14BF01200020704735
:100BB00001207047D434002016520020D034002089
:100BC0000A4A0346106878B1094A12789A420AD94B
:100BD00003EB430300EBC300036913F0010003D0F0
:100BE000C3F3001070470020704700BFD4340020CA
:100BF00016520020094B1B686BB1094A12788242D9
:100C000009D900EB4000C20003EBC0000169C9072D
:100C100001D5985C7047FF20704700BFD434002096
:100C2000165200200C4A0346106890B10B4A127805
:100C30009A420DD903EB430300EBC300D0E9043221
:100C400013F001004FF0000104D018461146704720
:100C500000200146704700BFD43400201652002007
:100C600070B51C46124B9DF810601968D1B1114B3C
:100C70001B78834218D900EB4000551E01EBC001E0
:100C80002543D1E9040301D0C5070FD52EB1104388
:100C90002343C1E90403002070BD20EA020023EAD7
:100CA0000403F6E70220F7E72120F5E72D20F3E71C
:100CB000D434002016520020134BF0B51B6803B348
:100CC00000266FEA000C6FEA010E104C2778F4B290
:100CD000A74201D80020F0BDD3E9044514F0010F6C
:100CE00007D014F0020F04D132B104430D43C3E91D
:100CF000044501361833EAE70CEA04040EEA050558
:100D0000F5E70220E7E700BFD434002016520020A8
:100D10000B4B70B51B682BB100240A4A1678E2B25F
:100D2000964201D8002070BDD3E9042502400D4051
:100D30002A4304F1010403F11803F0D00120F2E783
:100D4000D4340020165200202DE9F0470026FF275A
:100D5000B246164DDFF8588098F800305FFA86F9F1
:100D60004B4502D83846BDE8F0872B792F2B0FD999
:100D700028460DF0A0FC2B796C7903F0070304F0F2
:100D8000030483422CBFE4182418E4B2A24506D918
:100D90005446B946A2464F4612350136DCE728884C
:100DA00001F0B2F80028F3D1F4E700BF8A3F002039
:100DB000664600202DE9F04F89B082460CF031FDE7
:100DC000029050460FF067FB0026411C054689B291
:100DD0005046F1F727FD3446B346B146B04600F021
:100DE0001F00023500EB4000EAB27D4F50FA85F556
:100DF000EDB2AA4276D97B4E3378002B6FD0A40097
:100E0000B4FBF3F4E4B2042C029808BF0324F3F714
:100E1000FFFA054600283FD1FFF796FFFF285ED076
:100E2000714B05B2049018780DF02CFC80452CBF56
:100E300004EB08012118B8F1000F14BF01230223AD
:100E4000674F05EBC50507EB450553FA81F32846C7
:100E500003930DF030FC95F804C06B790CF007019A
:100E600003F0030388422CBF1B185B18039ADBB204
:100E70009A4234DA049AB8F1000F04D119B13378E8
:100E8000033B5B452BDC104602990DF0BCFB05B221
:100E900005EBC50507EB45052B791E09B8F1000FD9
:100EA0007ED0414628460DF030FC032128460DF047
:100EB00032FCB9F1000F09D1002E40F0848007F018
:100EC000C9FEC0F30B014948F1F7EEFC6B795046BF
:100ED00023F003031C446C710CF038FCA87309B0B8
:100EE000BDE8F08F4ED0424B51461B8807A8ADF8A5
:100EF0001C304FF000038DF81E30002300930323B5
:100F000003920CF0D9FE9DF81E30BDF81C101B0991
:100F1000039A18BF09F10109CDE9041318BF5FFA5C
:100F200089F903920DF0EBF80499039A8842059B26
:100F300003D19DF81E8008F00F082E4890F800C0DD
:100F400014E017F80E0C10F0070003D00BF1010BA2
:100F50005FFA8BFBAA4207D037F812EC8E4503D11B
:100F600013B108B10134E4B20136F6B2AA4207F176
:100F700012070BD1B4450FD917F80E0C10F007006B
:100F8000E4D1F1E700234FF6FF71D6E737F8120CF2
:100F9000884201D8B445D4D80332123FD2B228E7F0
:100FA000022E14D95B0707D0414628460DF0B3FB4B
:100FB000B9F1000F83D089E7032128460DF0ABFB80
:100FC000B9F1000F82D1062E3FF679AF7EE73146A8
:100FD00028460DF0A0FB59EA06063FF470AF75E70E
:100FE0008A3F0020CD510020234700209426002076
:100FF000C96C0408664600202DE9F043082300244C
:1010000085B08DF808300646022301214FF6FC70AA
:10101000CDE9004402AA0FF01AFAADF80A00D8B1DF
:101020002746DFF8A080DFF8A09099F80020E3B20F
:101030009A4224D8BDF80A4020460FF02CFA411CF1
:1010400047F06002204689B2F1F700FC0022BDF8AB
:101050000A001146F4F74EF807F0FCFD184AC0F3F9
:101060000B01137801F55A51013113B1013B890885
:101070001370304605B0BDE8F043F1F715BC18F821
:101080000E5C6F2D17D8404630F8123D2D01ADF89B
:101090000C300DF010FB05F0700528448DF80E00A3
:1010A0000123032203A90DF10A00F1F717FB002821
:1010B000D2D10137FFB2013408F11208B5E700BF01
:1010C000624600209C3F00206646002010B5054C7B
:1010D0002046F1F785FC2046BDE810400021F1F7DD
:1010E000E3BB00BF942600202DE9F043284D87B0D4
:1010F000F6F79CFA2A7827492748FFF701FC0921CF
:101100002A78264809F01DFE0026224FDFF8948039
:10111000DFF894902B78F4B2A34202D807B0BDE870
:10112000F0830B232246182103A806F075FF4FF623
:10113000F670BDF814209DF81630511E89B2814218
:1011400015D80020C3F3C003DB1840EB0001CDE944
:101150000031214603ABFFF703FC0028DED14FF43A
:10116000805327F8143048F8240029F8140001238C
:1011700022461B210DF10A0006F04EFFBDF80A20A1
:10118000064B01361A558022054B1A55C2E700BF9F
:10119000D4510020F2420020F0100020AA45002087
:1011A0003946002050250020B042002010B50A4BDF
:1011B0001C78FFF7A7FCFF280DD0012C38BF0124B5
:1011C000064A230232F8101019B101EB1313A3EBF6
:1011D000111322F8103010BD23470020B042002028
:1011E0002DE9F047002506460F46AA46DFF8449051
:1011F000DFF8448099F80030ECB2A34202D85046A0
:10120000BDE8F0872046FFF70DFDC2070CD520464C
:10121000FFF708FD830707D438F8143037B133439C
:101220004FF0010A28F814300135E3E723EA0603FA
:10123000F6E700BFD4510020F242002010B5084B61
:10124000084A1C780023D9B28C4201D8002010BD76
:1012500032F8021B013330EA0101F4D10120F6E734
:10126000D4510020F2420020F0B50C464FF6F77141
:1012700087B08A4286461D469DF8306002D900201C
:1012800007B0F0BD596818680DF10C0CACE803000C
:101290002A49ADF814200978A142F0D900218DF82F
:1012A0001660B61006F002060191704621460096BF
:1012B000FFF756FB0028E2D1214B224A43F82400D5
:1012C0009DF83830204E1B0222F814304FF4A04312
:1012D0002146182026F8143003AA0B2306F0A5FE99
:1012E0009DF83430194A13F0040F17BF0123184B2F
:1012F000135536F814300BBF1B7843F00803135511
:1013000026F81430214601231B20224406F08DFECE
:101310000021104B104A1B782846234442F8231022
:1013200003F0EEF80D4B1855284603F011F90C4A5E
:101330000120137801331370A2E700BFD4510020BD
:1013400050250020B0420020F2420020AA45002093
:10135000BB510020CD5100206422002039460020DE
:1013600065460020054B1B78834206D90021044BBB
:10137000044A1B78034442F823107047D4510020DC
:10138000CD51002064220020074B084A1878002322
:10139000D9B2884200D870471188013321F48051B6
:1013A00022F8021BF4E700BFD4510020F2420020D3
:1013B00030B585B004460D46DFF714F9A04202D8D7
:1013C000172005B030BD2046FFF72CFCC007F7D52D
:1013D0000B232246182101A806F01EFE9DF80E20C0
:1013E00001AB03CB69609107286030D412F0080F7D
:1013F0000CBF042303232B722046FFF701FB154B80
:1014000068811B5D20466B73FFF7F4FB124A28735B
:10141000135D4FF47A7103F00F03AB73135D00207B
:1014200013F00F031FBF03F1FF32022393403C224E
:1014300018BF5343094A08BF0A2352F82420B2FBBD
:10144000F1F29A422CBF00239B1A2B61B9E70223C9
:10145000D1E700BF39460020AA45002050250020D2
:10146000F8B51F4E04463378834237D0FFF7C8FAE9
:101470004FF6FF77B84231D020463470FFF768F955
:101480002046FFF7BDFA05460CF039FE0123014660
:101490001A4628460FF03EFA2046FFF78FFA054617
:1014A000E0B9104A1378013B1370F4F7E1F92946CB
:1014B00020460EF0D4FC80220B4B204623F814501B
:1014C0000A4B1A550A4B23F814500CF050FD2A46CB
:1014D0003946112007F087FBFF233370F8BD00BFAA
:1014E0001752002065460020F242002039460020B5
:1014F000B04200202DE9F04F82460E4615464FF0CF
:1015000000088BB01F469DF854309DF850B00593ED
:101510004E4B5FFA88F41B78A34207D84FF6F77357
:101520009D421AD817F002083ED018E02046FFF777
:1015300067FA0B2381462246182107A806F06CFDA6
:101540004FF6FF737EB9994516D14FF6F7729DF8A5
:101550002630954203F0EF0311D94FF6FF75284668
:101560000BB0BDE8F08F994506D00822304607A998
:1015700009F0BDFB0028E8D008F10108C8E79F4248
:1015800007F002092DD0F3F7E1F900285BD1304BC9
:10159000304A1B7853FA88F312F8238020460EF065
:1015A0007EFCB9F1000FDAD1DFF71CF82A4B1B786B
:1015B0008342D2D000210846FFF774FAFF28044680
:1015C000CBD0059B0146CDE901B32A4633465046B0
:1015D0000097FFF749FE0028BFD0F4F749F9C1464C
:1015E00012E02046FFF70CFAA842CCD1B9F1000F67
:1015F000B5D1304602F084FF184B5FFA88F803F843
:101600000800304602F0A4FF594620460EF0FBFBCE
:101610002046FFF7F5F905460CF071FD0023014661
:10162000012228460FF076F9F3F790F928B9084B14
:10163000084A1B78234442F8239020460BB0BDE8AB
:10164000F04FFFF7DDB94FF00008A7E7D4510020B5
:10165000CD5100206422002065460020394600203C
:10166000F8B50026104F3C78F5B2AC420FD80025F3
:101670000E4B6400224629460D481D7009F061FB9F
:1016800022462946BDE8F8400A4809F05ABB2846D8
:10169000FFF75EF8002128460EF0E1FB2846FFF731
:1016A0008DF90136DFE700BFD451002065460020E8
:1016B000F2420020B0420020024B80211A780248FA
:1016C00009F03FBBD45100203946002073B50446D1
:1016D00016460D460EF0FEFB03230020CDE9003038
:1016E000054B224629469B5DFFF704FF001B18BFF0
:1016F000012002B070BD00BFCC6C040838B5FFF704
:1017000001FAFF28044614D00A4D35F810301B07A3
:101710000FD5094B094A1B78014613540123024493
:101720001B2006F082FC35F8143023F0080325F85E
:10173000143038BDF2420020BB510020AA450020E1
:101740002DE9F04F794B05461B788946022B174649
:101750008BB004D0002630460BB0BDE8F08F0EF001
:1017600013FB06460028F5D14FF6F9739D4262D06F
:101770004FF6F8739D4276D02B0A28460DF11E01D4
:101780008DF81C308DF81B50F1F7E2FE002814BFD5
:10179000B0464FF02008B34614BF06230E230222A2
:1017A00029463846039300F0EBFC01220446039BD4
:1017B000002840F0B880DFF880A18DF818209AF852
:1017C00000204946CDE900008DF81A208DF81D0053
:1017D00006AA4FF6FC708DF819800EF038FE81468F
:1017E0000028B7D00CF08BFCB8420FD048460CF064
:1017F000B5F83946043007F033FF384604A90EF037
:1018000088FA70B1484604A90EF0B0FE484B1B7828
:10181000033B012B2BD84FF6FF7148460DF0AFF973
:1018200006469AF80030FF2B0EBF01230133DBB2CE
:101830008AF800308FE74FF008084FF0200B3C4B40
:101840001B78033B012B85D90CF059FCB84281D1A0
:101850000CF055FCFC238DF81B30FF2305468DF85A
:101860001C3006239BE74FF01008C346E7E70EF055
:101870000CFC80460028D4D00CF041FCA8422DD1AD
:101880002C4B1A7852BB03214846F3F733FC00284F
:10189000C7D09AF80030A8F8007088F80430002308
:1018A00088F8053088F808300CF029FCA84202D1ED
:1018B000204B1B7853B10CF022FCB84206D12CB15E
:1018C000237923F0030343F00103237100224FF631
:1018D000FF710C2007F087F90126A2E75946284638
:1018E00008F1070200F078FC0446002899D0002295
:1018F00003214846F3F7FEFB0028CAD1237903F001
:101900000303012B8DD10CF0FAFBA84203D1094B44
:101910001B78002B85D0237943F0030323714FF606
:10192000FF7323807DE7164615E700BF6C46002055
:101930006D460020185200204347002037B50E4B5B
:1019400005461B780C46033B012B11D9DEF76EFED2
:1019500001280FD0821E53425341590128460DF1F0
:10196000070200F039FC18B1002144800EF074FB2E
:1019700003B030BD1021F1E76D4600202DE9F043A2
:101980008BB0857AB0F8069004460E4617460CF0E8
:10199000B6FB8145804605F0400541D100216088B5
:1019A0000CF09EFE0246002E44D1082304A9C14536
:1019B00001EB03060CBF234902A90868496803C666
:1019C000A2B3022100268DF8172001228DF81010F5
:1019D000217A45F020058DF81210A18808338DF882
:1019E0001310090A8DF81410E188CDE900268DF84E
:1019F0001510090A8DF816106088314604AA8DF872
:101A000011500EF024FD054680B161880BF0DDFE1B
:101A100079003246284601F0FE01F3F76BFB06E041
:101A2000E08802A90EF075F90028B7D100200BB0AC
:101A3000BDE8F0833068716806AB03C345F010055C
:101A40001023B3E7FA4600202DE9F74389461E46E6
:101A5000074690460BF082FF0021044630460CF00A
:101A60003FFE054609F107013846F0F7C9FE7DB192
:101A7000B8F1000F02D103781D44EDB20570637810
:101A80001A0716D569463046F1F762FD024618B1CD
:101A9000002003B0BDE8F083082168460CF072FA1C
:101AA0000028F5D120460EF034FD0822694609F0E1
:101AB0002EF90CF024FB0146201D07F0D1FD6378C0
:101AC000DB0603D538460C490EF050FD3146A01C0C
:101AD00007F0C6FD314638460BF077FE074A13780B
:101AE0000133DBB21370E371A3790BB10120D0E7AE
:101AF0000123A371FAE700BFFA4600206A460020DE
:101B0000FF232DE9F04F8FB08146164605918DF8E1
:101B100022301AB301230BAA0EF011FA9DF83650A9
:101B20000446EF0625D50027059BBDF8308003F15C
:101B300008024946D2B20823009709A8CDE90977DF
:101B40000CF0BAF83A46404609A9F8F799FB002884
:101B500040F08C80A90627D510220DE013460BAA71
:101B60000EF0EDF99DF836500446A80663D506221E
:101B700002E0AA0618D5082200230599BDF83270A4
:101B80000A44CDE9093349460093D2B2082309A893
:101B90000CF092F8384686F0010209A9F8F770FBBC
:101BA000002863D1002E46D0BDF830700CF0A7FAA3
:101BB000874249D038460EF0E7F88046002E45D1DE
:101BC000BDF82EB0002158460CF08AFDBDF82C302F
:101BD0000390184606930EF0D7F806460CF08FFADD
:101BE000069B834242D0B64B1B78033B012B3DD969
:101BF00015F04003049339D1039B0BB9002E35D067
:101C00009DF83570039B05F018051F44FFB2082DA1
:101C10008DF835706CD120230493002C40F0418165
:101C20000EF033FA054608B3002E40F0B28033467A
:101C30000126B24674E0BDF832700CF060FA8742BB
:101C4000B8D14FF00108BBE74FF00108002C43D09A
:101C50009C4BE279678803EBC20633F83220BDF86B
:101C600032309A4205D04FF6FF7323800FB0BDE8A3
:101C7000F08FBDF82EA0B8F1000F08D0002130463B
:101C80000EF0EAF9A6F802A00DF047FEEEE7BDF867
:101C900030000EF0E9F90546414630460EF0DCF919
:101CA000A6F802A0884E2DB1414628460EF0D4F980
:101CB00063886B800DF031FE3378002BD6D03B4625
:101CC000002248460599FFF7BFFE0028CED03946CE
:101CD00048460CF054FFC9E70DF01FFE7A4B1B7805
:101CE000002BC3D0B8F1000FC0D14FF6FF77E6E765
:101CF000102D01D1049590E7B8F1000F8DD1002C83
:101D00003AD0C2460021BDF832000DF1220200F0A7
:101D100063FA03460028A9D0002E40F0CA80254669
:101D20000499BDF830000DF12302079300F054FA36
:101D3000044600289AD0644A079B1278002A78D07B
:101D4000BAF1000F26D102462C466179B9427ED9FC
:101D50002546A4F802B067711446002B00F09E805F
:101D60009DF82230EA799A4200F09880002E40F0E7
:101D70008E80EB7100253FE00EF087F904460028C5
:101D80003FF474AF4FF0010ABCE70022012613466E
:101D9000DBE70126B8F1000F1ED106F05BFF7E23C2
:101DA000B0FBF3F202FB130005993A4605315FFAE6
:101DB00080FA4846F0F74AFD4FF6FF7148460BF0AF
:101DC00004FD039B032B2CD9AAF17E0A022148466D
:101DD0005FFA8AF2F3F78EF9069BA5F802B02B8022
:101DE0009DF834306F712B7100232B72002E42D17D
:101DF0009DF82230EB710125B8F1000F3FF436AFAA
:101E0000484609A90EF092FB00283FF42FAF2A465E
:101E100009A90BA8FFF7B2FD28E70026254634469E
:101E2000BBE7039B012B94BF0AF1020A0AF1420AA5
:101E3000CCE7BAF1000FCFD16979B94209D9A5F839
:101E400002B06F71002B8BD1002E93D024E0254679
:101E50001446049A002A3FF409AF8F427FF406AF7C
:101E6000039306F0F7FE83077FF400AF039BA5F80A
:101E700002B06F7171E7FF23EB71002CBBD001251D
:101E80002379A4F802B023F003032371B4E7FF23FE
:101E9000EB71002C3FF46EAF0025F1E7002CD3D19D
:101EA00068E7002E7FF471AFB246254601265346FF
:101EB00036E7BAF1000FB0D15646524645E700BFAB
:101EC0006D46002028420020D351002070B50C4BF5
:101ED0004FF6FF751C78002302460A489C4201D148
:101EE000002005E00688964206D1AA4201D10B7077
:101EF00070BD8679002EFAD001330830DBB2EDE7F1
:101F0000D251002028420020002210B50A4B1C7834
:101F10000A4BD1B28C4201D8002010BD59888142B1
:101F200004D11979890701D1997911B108330132A6
:101F3000EFE70120F1E700BFD25100202842002046
:101F400010B5084B01461C780023074AD8B28442DA
:101F500001D8FF2010BD914203F10103FAD00832ED
:101F6000F4E700BFD25100202842002038B50446D3
:101F7000FFF7E6FFFF28054603D13F210B48D9F7BD
:101F8000B9FE4FF6FF7320462380A37103210EF0A4
:101F900063F8074B07481A7800210732D21002FB7A
:101FA0000500BDE8384008F0CCBE00BFD16C040885
:101FB000D4510020F8450020F8B504460026124D03
:101FC000124F3A78F3B29A4209D800224FF6FF71C5
:101FD0000F4B1D780F4BD0B285420BD8F8BDFF2CAC
:101FE00002D0AB79A34202D12846FFF7BFFF0835E4
:101FF0000136E6E7FF2C02D0187AA04201D1198001
:1020000019720A330132E6E728420020D25100203B
:10201000D1510020D8410020FF28F8B504462CD02B
:10202000164B1B78834203D880211548D9F762FEEE
:102030004FF6FF75134A32F8341002EBC4000379EF
:10204000A94203F0030318D0012B16D100220E4B36
:102050001F780E4BD6B2B74203D8BDE8F840FFF761
:1020600085BF1E88AE4205D093F807C0A44504D0B2
:10207000B14202D00A330132ECE7F8BDD251002060
:10208000D16C040828420020D1510020D841002002
:102090002DE9F74305F05AFF324B1B78033B012B28
:1020A00021D9314B1D88451BADB2E5B118804FF6E3
:1020B000FF7700202D4A13782B44C3F3C81403F094
:1020C0007F0313702A4B2B4A1E78C3B29E420DD851
:1020D00000264FF6FF77284CDFF8A09099F80020F3
:1020E000F3B29A4216D803B0BDE8F0831388BB421E
:1020F0000DD0137999070AD104EB9311022928BF57
:10210000022103F03F0389B243EA811313710832BD
:102110000130DAE734F80A8CB84506D014F8043CEC
:10212000AB4205D95B1B04F8043C01360A34D5E701
:102130000BF0E5FF804534F80A3C04F8027C24F8F3
:102140000A7C09D018460DF10701FFF7BFFE18B150
:102150009DF80700FFF760FF14F8030CFFF75CFF22
:10216000E3E700BF6D460020D8430020444700202D
:10217000D251002028420020E2410020D15100200D
:10218000F0B500244FF6FF7703461048DFF844C04F
:1021900006780F48E5B2AE4201D800200FE005886E
:1021A0009D4210D13AB1012A16BFC57905793CF894
:1021B0003550A94207D1BB4202D114238371F0BD2F
:1021C000057A002DFBD00A300134E3E7D15100201D
:1021D000D841002028420020F8B50D461146074698
:1021E0001646FFF773FE002836D102464FF6FF7CF5
:1021F0001E4B1F4C1978D3B2994206D800231C4CB1
:102200008B4221D1F8BD0834F5E7B4F800E0013283
:10221000E645F8D133700123278023710021A17195
:1022200065B1144B45F008051A782571D31DDA10F5
:102230003078114B02FB003008F083FD23792046F3
:1022400003F03F032371DDE722799209022AE1D0EE
:1022500001330834DBB2D3E7037904469A071EBF83
:1022600023F0030343F001030371D7E7D2510020A9
:1022700028420020D4510020F845002073B50DF10C
:1022800007010546FFF722FE40B103799A0705D101
:1022900013F0300404D043F00303037102B070BDA7
:1022A00028460DF0E9FE094B4FF6FF711D782346D5
:1022B0009DF80760064AD8B28542EFD9D07901333C
:1022C000B04204BF118011720A32F4E7D1510020EC
:1022D000D841002010B5134B1B7883421DD9124BF7
:1022E0001B78033B012B18D9104A04B202EBC00340
:1022F0009879A0B932F834200A805A884A801B792C
:1023000003F003020A719A0952014A71C3F30112E0
:10231000C3F381038A71CB7110BD0120FCE72D202E
:10232000FAE700BFD25100206D460020284200206D
:1023300030B50A4BCC081B78094D0733DB1000FB86
:102340000340012301F007018B402C5CDBB212B18A
:102350001C432C5430BD24EA0304FAE7D451002076
:10236000F845002070B50B4B04461B78834204D817
:1023700040F24B210848D9F7BDFC0025074E3378C1
:10238000E8B2834200D870BD00222146FFF7D0FF9B
:102390000135F4E7D4510020D16C0408D25100205B
:1023A000FF2810D0FF290ED0084BCA081B7801F077
:1023B00007010733DB1000FB0323054AD05CC8404C
:1023C00000F0010070470020704700BFD45100208A
:1023D000F84500200148EFF751BE00BFDA43002066
:1023E0002DE9F04397B006460F4614460BF087FEE2
:1023F00020B10225284617B0BDE8F0833A4B1D688E
:1024000015F00205F5D10DF1340834B940460BF052
:10241000C4FD98B140F61245ECE720460DF0FCFAF9
:102420000028F3D12246444602F1100C23461068DE
:102430005168083203C362451C46F7D14FF00109C9
:1024400011A8DEF7C9FD05A911A8ADF8449006F062
:1024500090FE03A8DEF794FE09A911A89DF80E408E
:102460008DF8459006F085FE9DF80D209DF80F3003
:1024700072B31B1BDBB2802B2AD81022404609A95D
:1024800008F035FC0028B4D14FF6F7739E4288BFA0
:102490000023164A88BF3B6012788ABF7B602323E3
:1024A0002123012A1BD0022A08BF2123CDE9008362
:1024B0000022012339463046FBF7E0F988B14FF698
:1024C000F7739E4296D90A4B1A780A4B1A7091E715
:1024D000611C00224046C9B2FAF726FFD4E7232345
:1024E000E4E7192586E700BF28270020454700209C
:1024F0006A4600204647002013B50BF000FE90B955
:102500001E4B1C6814F002040DD16846DEF738FE3D
:102510009DF802309DF803209B1ADBB2802B02D974
:102520009DF801301BB90224204602B010BD0BF00B
:10253000E6FD134B19780CF0F5F8D8B92146FAF7F7
:1025400049FF09238DF800300E4B22461B780221EB
:1025500068468DF801300BF062FA024608B919247A
:10256000E2E7012321464FF6FF70FBF76FF80028E2
:10257000DAD1F4E740F60C44D6E700BF2827002064
:1025800046470020674600202DE9F0471E464D4B88
:102590008CB01B681546074688469DF8509003F09E
:1025A000080A0BF0ACFDA8423FD1B9F1000F14D0DE
:1025B0006EB9ADF806603D460424224641462846E1
:1025C0000DF002FE00F001000CB0BDE8F087002322
:1025D000ADF806303D4606243AE03846FEF792FA5A
:1025E000FF28044605D0F2F7B1F910B12046FEF7F6
:1025F000B9FE96B10023ADF80630F7F7EFFE0028DC
:10260000E8D0062440460DF1060202A90CF06BFD4D
:10261000D8B94046F8F700F917E0ADF80660F7F7CB
:10262000DDFE0028C7D00424ECE73EB3BAF1000F6A
:102630002ED000230B24ADF80630B9F1000F0AD1DB
:10264000F7F7CCFE2F460028DCD13D46002EB4D053
:10265000BAF1000FB1D004F00402414642F0110279
:1026600028460DF0B1FD22460646414628460DF0AB
:10267000ABFD002814BF30460020A3E7BAF1000FDD
:1026800014D00124ADF80660B9F1000F95D1D7E759
:102690000B24284602A9F0F75BFF074668B902A899
:1026A00006F035FF20B9ADF80600EDE70124F0E7AC
:1026B00044F00204ADF80670E6E70023ADF80630FA
:1026C000E2E700BF28270020F7B506460F4615466B
:1026D0000BF015FD28BB144B1C6814F0020420D12C
:1026E0004FF6F7739E421CD8F4F7AEF960B10123A0
:1026F0002A46394630460094FFF746FF002808BFB7
:102700001924204603B0F0BD0BF0F9FCA8420CBF21
:1027100006220B2239460CBF304628460DF054FDE8
:10272000ECE70224EDE700BF282700202DE9F04761
:102730001E46744B8CB01B7807460D461446DDF8D8
:102740005080002B3ED00BF0DAFC30B36E4B1B6890
:10275000980722D44FF6F7739C4233D843463A4643
:1027600031462046FBF7BEFC0BF0C9FC854200F069
:10277000C5803046FEF774F9A04203D1FEF7C2F9D6
:102780000DF08DFBBA1E53425341294600222046CC
:102790000CB0BDE8F0470EF0BDB8E7B1F91ED1F1BD
:1027A000000949EB01094FF6F7739C4216D9032142
:1027B000204606F062FA03233A4631462046009549
:1027C00006F0CAFA0BF09BFCA84200F097804FF687
:1027D000FF739C42CBE74FF00109E4E72B463A46F2
:1027E0003146204605F0C5FF2146CDE900082B46BD
:1027F0003246384606F0A0FE80460146204606F0E6
:102800003CFAB8F1000F61D1B9F1000F12D10023E9
:102810003A4631462046009506F09EFA88F00103BC
:102820002A4631462046CDF8009003F00103FFF719
:10283000ABFE99E7002FEAD003AA9246334B03F18F
:10284000100E9446186859680833ACE803007345C5
:102850006246F6D107A8DEF7BFFB03233068716834
:102860008DF81C3008AB03C39DF8293007A843F04E
:1028700002038DF82930DEF74FFF90B130687168A0
:1028800008AB03C3042307A88DF81C30DEF744FF10
:1028900038B1022307A88DF81C30DEF73DFF002871
:1028A000B5D1514607A8DEF77DFF0028AFD0F4F779
:1028B000ADF80028ABD103233A46314620460095B7
:1028C00006F04AFA0BF01BFCA84250E743463A4692
:1028D00031462046009506F03FFAB8F1010F9DD031
:1028E000B8F1020F7FF440AF284607A9F0F730FE99
:1028F00020B93246284607A90DF021FC0CB0BDE8EE
:10290000F08700BF6846002028270020E16C0408FB
:10291000044B1A880AB100221A8000210846F9F7F0
:102920008FBD00BFDA43002000232DE9F0478EB0B1
:1029300004460D46CDE903334F780BF0E0FB50B170
:10294000B64B1B689A0706D4092103A806F0F4F9D0
:102950000EB0BDE8F087204603A9F0F7F9FD064662
:10296000002840F05781022F3DD0042FECD1DDF735
:1029700045FE002846D0DDF741FE022840F02281C6
:102980000DF12408334632464146304606F027FD15
:10299000012103A89DF8255006F0F4FD2840FF28EA
:1029A00000F0348105AD28460BF0F7FA002840F01E
:1029B0002F8195E80F0088E80F003A46414603A8AA
:1029C00006F01CFC0246002840F02081032303A9E6
:1029D000CDE9005320463B46FAF750FF00280CBFD4
:1029E00013210621B1E78D4B1B689B07ACD4023540
:1029F000082229468A4808F07AF90028A4D0DDF791
:102A000009FE08B91121A0E7864B874E1B78FBB958
:102A1000FFF77EFF3088002860D103AF2946384693
:102A200006F0C6F9002800F0CA8028460DF10A0118
:102A3000F0F768FD40B90DF1240A50460BF0ADFAED
:102A40008046002800F08780FFF762FF0F217CE7B7
:102A50003088002842D10146EFF7B0FD30800028D1
:102A60003AD001230822304603A9EFF737FE98BB7E
:102A70000123082229463046EFF730FE60BB0123D0
:102A80000222694809A9ADF82440EFF727FE034662
:102A9000308823B1002848D04FF0100920E0EFF72C
:102AA000E3FC61490746204602F04EFA3088EFF712
:102AB000DBFCFFB2874209D1FF238DF824300123CC
:102AC00059481A4609A9EFF709FE28B90021012043
:102AD000F9F7B6FC0C2138E73088DBE74FF007093F
:102AE000EFF7A6FC07463088EFF7A2FC34881121E7
:102AF00000F108082046EFF795FE10218246204697
:102B0000EFF790FE0822044603A9404608F0EFF8CC
:102B1000002840F0818008222946384608F0E7F86E
:102B2000002879D1B9F1070F01D010210DE704EB8E
:102B30000A244546A4B271E730884FF0010828B155
:102B40001221EFF76FFEFF2881461ED12A46B946B3
:102B50002046402304E03A46A9464346BDF80A0011
:102B600043F00303CDE900A349460323FAF786FEA9
:102B700000283FF469AF0721484606F0DDF8B8F1B8
:102B8000000FD9D0FFF7C4FEE2E600210846EFF7B8
:102B900015FDADF8140048B1204605A902F0D4F99E
:102BA000BDF81400EFF760FC0028CFD11423009388
:102BB0004A4639462046338802F07EF9C6E7FFF7D9
:102BC000A7FE1FE7DDF71AFD012801D00621BCE6AC
:102BD00005AD324633462946009603A8F9F742FB75
:102BE000024608B10A21B0E60C4B20461B6803A937
:102BF0005B0003F0040343F00303CDE900533B46BD
:102C0000FAF73CFE0028E1D113219EE605219CE65F
:102C100012219AE60B2198E60E2196E6282700203D
:102C2000FA460020A4450020DA430020012330B5F5
:102C30000D4C85B022788DF80430D5188DF805201C
:102C40000E228DF806200A682570CDF807204A6804
:102C500001A9CDF80B200B22EFF740FDB0FA80F070
:102C6000400905B030BD00BF6946002070B50023A3
:102C70000C4686B002AE05461A4631462046009301
:102C8000F9F7F0FA58B903232146CDE90063284645
:102C90000423044AFAF7F2FD80F00100C0B206B046
:102CA00070BD00BFFA460020142330B518498BB020
:102CB0007F22054609880DEB030005F0ADF9BDF84C
:102CC0001430DA0721D413F0060FC3F3410208BF12
:102CD000C3F341220F4B0DF116019C5C684622465E
:102CE00007F0F8FFBDF8263004F128026A4402F824
:102CF000283C02341B0A02F8273C69462A46E0B207
:102D00000CF0CEF900200BB030BD2320FBE700BF54
:102D100036260408F16C040810B58AB0ADF82620F8
:102D20000022CDE9052204920CAA02924FF6FF720E
:102D30000446AC2101200192064A039004FB0122C3
:102D4000603200924CF620010DF126020DF05EFA81
:102D50000AB010BDA433002000B58BB0ADF824300C
:102D60009DF8303003208DF82630002303900A4967
:102D700009A8CDE90130CDE90533049301F16003E1
:102D80000093B1F85C3002204CF660410DF03EFA41
:102D90000BB05DF804FB00BFA433002010B54FF664
:102DA000FF741E4A8AB0B2F86800B2F85E10A04202
:102DB000ADF82600B2F85C304FF6FD70ADF8241087
:102DC00018D081424FF0000094BF48F660014CF6E5
:102DD0006001CDE90500CDE90300CDE9010094BF14
:102DE00009AA603200920DF1260204200DF00EFABD
:102DF0000AB010BD81424FF000008CBF603209AABA
:102E000000928CBF4CF6604148F66041CDE9050068
:102E1000CDE90300CDE90100014AE6E7A433002033
:102E20000E34002000B50E4B0022B3F85E308BB09C
:102E3000ADF824304FF6FF73CDE90522CDE903222A
:102E4000CDE9012209AA00924FF400610DF126029A
:102E50000720ADF826300DF0D9F90BB05DF804FB72
:102E6000A433002030B58BB08DF825301B0A8DF8C7
:102E7000263000230D4991F85840CD6DB1F85C0023
:102E8000CDE90533049307236031039308ABCDE903
:102E9000010300914FF6FF734CF62041082008957E
:102EA0008DF824400DF0B2F90BB030BDA4330020F2
:102EB00070B54FF6FE76294C1D46B4F85E10B4F896
:102EC0005C30B14294F85C00A2B04FEA132321D1E8
:102ED0004FF440416034ADF808108DF80B008DF8C8
:102EE0000C3003CC0DF11504CDF80D00CDF8111008
:102EF0002270120A6270002211461046A270E2701F
:102F0000ADF806200AF008FDADF8060090B90020E3
:102F100022B070BD4FF400448DF80D10090AADF8D1
:102F200008408DF80B008DF80C308DF80E100DF167
:102F30000F04DDE7043402A9621A012392B20DF1F5
:102F40000600EFF7CBFB0028E1D1BDF806002A46CA
:102F50000121EFF70BFBBDF80600D9E7A4330020F1
:102F60002DE9F04F4FF0000B85B0BDF838A03B4C79
:102F700050461F461646B4F85C90B4F85E80ADF833
:102F80000EB0EFF771FA00903846EFF76DFA5A4637
:102F90000546594658460AF0BFFC009BADF80E00A6
:102FA00018B9002005B0BDE8F08FEDB2DAB255FADD
:102FB00083F3009203F1160259465B46D2B20DF13B
:102FC0000E00EFF78BFB01900028EAD1BDF80E0050
:102FD000EFF72EFA019A03460274E22280F813906A
:102FE0004FEA1929427480F8149004F16001082214
:102FF0001530019307F08BFE019B03F11D04BAF11C
:10300000000F09D05046EFF713FA009A0146204608
:1030100007F060FE009B1C4447B13846EFF708FA02
:103020002A460146204607F055FE2C4441232371D1
:103030000023267084F80280360A4FEA182863714C
:103040000748667084F8038001F05AFA4FF4784319
:10305000A071A4F80730BDF80E00A3E7A433002048
:1030600012470020202A10B5144614D8012A04D192
:103070000C88B4F5004418BF0124620030B1074841
:1030800007F045FE064B00201C7010BD054807F0F8
:103090003EFE054BF7E72120F7E700BFDC430020A9
:1030A000474700201C440020484700202DE9F047F6
:1030B0001046174606F0D2FADFF814A1DFF8149193
:1030C0009AF8003099F800200546134302D10020F9
:1030D000BDE8F08710F4406800F0400619D186BBC7
:1030E000B0F5804F5CD24FF4807400239AF8000052
:1030F000344AD9B288425DD8002399F80000324A98
:10310000D9B28842E3D932F8021B0133A142F7D188
:1031100055E0F81C06F0A2FA4FF6FF73984214BF70
:103120000124022486B1052605F44043B3F5004F7F
:1031300044F0080424D0B5F5804F23D244F48074C1
:1031400020E044460326EFE7B5F5804F4FF0050633
:10315000F4D3B8F5406F14BF02200820304438443F
:1031600006F07CFA194B05F44045B3F85C30834215
:103170000CBF44F0080444F00404B5F5004F01D13D
:1031800044F08004B8F5006F0ED1B81906F066FA65
:103190000E4BB3F85E308342A7D144F01004A4E78D
:1031A000444603260220D9E7B8F5406F08BF44F033
:1031B00020049AE732F8021B0133A14299D1012081
:1031C00086E700BF1C440020DC430020A43300201D
:1031D00048470020474700202DE9F04F104685B0B2
:1031E0001646984606F03AFA5D4F00F00803B7F825
:1031F0005C10044600F00709F01C02930391B7F835
:103200005EB006F02BFA06F1050A0546504606F0B8
:1032100025FA03464FF6FF70854218D00399A1EBBB
:10322000050CDCF1000545EB0C056D004FF6FF7158
:103230008B420ED145F0040500F0E8F9029B6BB11A
:10324000B9F1000F11D0422005B0BDE8F08F012583
:10325000ECE79B4508BF45F00805EDE7B9F1030F22
:10326000F1D8DFE809F0021B795D00F0CFF908B969
:10327000A807E8D524F00804A4B2B4F5004F05D09F
:10328000B4F5624F02D0B4F5404FDCD10025294699
:1032900097F8A82000200AF03FFB3CE0D7F88030E8
:1032A000E3B9002132460846FFF700FFD8B948F6D7
:1032B000410224F038039BB29342C4D10A2D49D075
:1032C000062DC0D197F87730023B012BBBD8EDF724
:1032D000BDFD0028B7D140F6040505E04146304663
:1032E00098470028DDD00825E20648BF45F0800554
:1032F000A30648BF45F4805505F00C03042BC6D146
:10330000F01D06F0ABF997F8A8303246009341461D
:103310002B460AF0D6FA08B30E9B1880002093E7DC
:10332000A90705D14FF6FF73B7F85C209A428AD1FE
:1033300004F44063B3F5006F0AD0B3F5406F82D157
:1033400008225046074907F0D2FC00287FF47BAFE3
:103350000C25C9E70425C7E7432075E7192073E763
:10336000A433002004340020034B1A781AB1FF2A3A
:1033700004BF00221A7070474A47002070B5084CFD
:10338000084E2378F55C1DB13E210748D8F7B2FC02
:10339000FF2223782846F2540023237070BD00BF1B
:1033A000494700204A470020F66C0408034B044AB2
:1033B0001B78D05CFF3818BF0120704749470020B8
:1033C0004A4700200023074A07491360074A136051
:1033D000074A1360074A11600121074A1170074A22
:1033E00013607047E434002097030408E0340020A1
:1033F000DC340020CC50002019520020EC34002096
:103400000E2A70B50C4606461546194603D9FFF735
:10341000D9FF502070BD012807D10020EDF730FD05
:10342000B0B1FFF7CFFF2120F4E780220021224B2B
:103430001A70224B1960224B1B684BB13420EFF7F6
:10344000BDF8204B188018B9FFF7BCFF0120E1E759
:1034500024F0FF6323F4FF231BB1FFF7B3FF4F20DA
:10346000D8E774B92046EDF727FD0124032510F0B5
:10347000800F43B21BBF00F01F039C409C4044F0F0
:1034800078440020104B24F078441E700F4B1049F4
:103490001D70104B1C60104B1870104B1A68EEF723
:1034A00043F918B1FFF78EFF0420B3E79DF8102011
:1034B0000B4B1A70AEE700BF4B470020E8340020EA
:1034C000DC3400205C440020504700204E470020A0
:1034D00041380308EC3400204F470020E43400203A
:1034E0004C47002010B5164B187860B1154C236876
:1034F000CBB14FF4707200201349EEF719FB23682B
:10350000013B236010BDEDF71FFD1049104A91F9F2
:103510000040136884420B4C03F1010313602368DD
:10352000B8BF087053B90B480AF0D9FC0028E9D19C
:10353000BDE8104001460748EFF7B6B90822DAE7C0
:1035400050470020F0340020E53403084B470020AA
:10355000E8340020D05000207FB5244B00251A7895
:1035600001232348234903FA02F200781A440A602F
:10357000ADF80E5020B3984236D11F4C1F4B207827
:103580001B680DF10E0198471D4EBDF80E203070DE
:1035900092B11C4B29460093284602230195EEF771
:1035A000FDF83278237822B1012A12BF1B230133A0
:1035B000DBB2237004B070BD013818BF0120F0E702
:1035C00078235A43013A0A6008220F49EEF7B0FA0D
:1035D0000B49094A0978137821B1012912BF1B232D
:1035E0000133DBB21370E5E71846E3E74E470020EE
:1035F00050470020F03400204F470020CC500020DE
:10360000195200207D380308E5340308054B1B6878
:103610002BB9054B1868003818BF012070470120EE
:10362000704700BFE0340020DC34002037B5054689
:103630001C46FFF7EBFF68B974B1084B1A60084BE2
:103640000A461C600123294600930323FFF7D8FE96
:1036500003B030BD4D20FBE72520F9E7D83400202A
:10366000E034002013B50446FFF7D0FF58B962B12B
:10367000074B1A6001230A46009321460323FFF7F4
:10368000BFFE02B010BD4D20FBE72520F9E700BFCB
:10369000DC3400202DE9F0410446DDE906861D46B4
:1036A0009DF82070FFF7B2FF88B99EB1A2B10B4B15
:1036B00001201A600A4B0A46C3F80080094B2146D4
:1036C0001E602B460697BDE8F041FFF799BE4D20DE
:1036D000BDE8F0812520FBE72120F9E7CC50002050
:1036E000E4340020E03400200148EEF7C7BC00BFFE
:1036F0005C4400202DE9F0410020EDF77DFF0F4BE9
:103700000F4C1E680F4B20881D680F4B0F4FD3F8CE
:10371000008010B13978EEF7C3FE00203870FFF753
:1037200051FEEEF7B9FA0EB14046B0471DB1208800
:10373000A84700232380BDE8F08100BFE0340020CB
:103740005C440020DC340020EC3400205147002091
:10375000F8B52F48EFF744F92E4B187830BBEDF74A
:10376000ABFB2D4F06463B6803B32C4B2C4D1C681E
:1037700024B195F900301A461946A047294B1B6819
:1037800083B1294C2378312B0CD8284B1888EEF7BD
:103790004FFE23785A1C22702A78C25423785A1C70
:1037A0002270C65480232B7000233B60204C23786A
:1037B0001A2B22D81F4A1278012A09D100211E4A49
:1037C000156825FA03F0C007DAB20ED501B12270F0
:1037D0000020EDF771FB2178884212D10022174BAF
:1037E0001A70FFF7B9FE40B9F8BD0133D8B21A28F4
:1037F0004FF00101E5D90A442270BDE8F840FFF717
:1038000079BF0020EDF76AFB0028E7D0F5E700BF9D
:10381000D050002050470020E8340020D834002049
:103820004B470020DC340020514700205C4400203E
:103830004F47002019520020EC3400204D47002053
:1038400008B50B4B187880B90221EDF707FB094B3F
:103850001B782BB100214FF6FF720846EDF7D8FA1E
:10386000BDE808400448FFF773BF00210846ECE7B5
:10387000504700204C470020D050002038B5144B52
:103880000C461D78012D21D181B90846EDF714FBB6
:10389000104A05FA00F013680F4923EA0003136089
:1038A00020462A46BDE83840EEF742B90B4A137865
:1038B0000133DBB2022B137004D9BDE8384008484D
:1038C000FFF746BFFFF748FE0028F6D138BD00BF1E
:1038D00050470020EC340020E53403084D47002019
:1038E000D05000202DE9F0431E46574B8FB01B7877
:1038F0000746033B012B0C4615469DF8588007D818
:10390000F3F7E4FE20B1EFF70DFA08B144F40054E8
:103910004E4B1B7813B924F40074A4B2200509D5CA
:1039200046B9284604A9EFF713FE002846D024F430
:103930000064A4B2ADF81840ADF81A500AF0DFFBED
:10394000434BADF81C00B8F1000F02D01A78424585
:1039500001D293F800803F4AE105137848BF0DF18A
:10396000210103F10103DBB2137058BF08A922053E
:103970008DF81E808DF81F3006D53368083141F868
:10398000083C736841F8043CE30407D5324A083127
:10399000136841F8083C536841F8043C0DF11808DD
:1039A000A1EB08005FFA80F900214846EEF706FE19
:1039B000064628B900200FB0BDE8F08304AEB9E791
:1039C000EEF736FD41464A4607F084F93046EEF7F9
:1039D0004BFD80463046EEF72BFD00230246009358
:1039E0004FF6FF7004235FFA88F109F06AFFADF823
:1039F0000E000028DED040F201131C421AD14FF60F
:103A0000F7739D4216D8EEF72FFD0DF10E01044617
:103A1000284601F099FABDF80E00EEF725FDE4B254
:103A2000A04207D9BDF80E0009F098FF437843F093
:103A300004034370BDF80E003A460121EEF796FDEF
:103A4000BDF80E00B7E700BF6D46002068460020B5
:103A5000BD5100206A460020FA460020024B18782B
:103A60000130C0B2187070476A460020F0B50829CE
:103A7000D58889B028D00C2926D0AE0424D405F0EE
:103A800040030B43424C267816B105F02004234333
:103A90002FB2002FB8BF43F08003032920D1122397
:103AA000AC068DF80430937A10D48DF805300DF102
:103AB000060401A9621A012392B2EEF70FFEB0FAD2
:103AC00080F0400909B0F0BD0B46DBE732228DF8EB
:103AD00005308DF80420002EE9D00DF11304E8E73D
:103AE0000C298DF804300ABF138953798DF80530FD
:103AF000548805BF1B0A8DF806308DF805300DF18E
:103B0000070318BF0DF106031C70240A5C701488AB
:103B100002399C70240ADC70147901291C7111D8B7
:103B2000917A002F597131DA022112899971DA7173
:103B3000120A03F109041A72002EBAD0AB06B8D5E6
:103B40000534B6E7A9071AD4002F0CDA117A51B15F
:103B5000917A59711189127A03F1080492B1022203
:103B60009A71D971E8E70B4C217801F1010C84F8C6
:103B700000C091729C1D002F5971DDDAEAE7917A3D
:103B80009C1DF8E70122090A9A71EAE79C1DD3E718
:103B90006846002069460020014B1880704700BF2E
:103BA0005E440020014B1888704700BF5E4400202F
:103BB0002DE9F843074604F0C5F905461B480AF00D
:103BC0008EF91B4B60B31C683C1B2C44A4B2002232
:103BD000184BDFF868901B78174D03EB830399F8B7
:103BE000006005EB43055FFA82F846450AD9AB88C9
:103BF00005F10A00A34216D90A23B21A29465A43EC
:103C000007F085F8013689F80060AC80B8F1000F44
:103C100003D139460548EEF747FE2846BDE8F8834C
:103C20003C461D60D3E705460132DCE7F05000203A
:103C3000F434002052470020B83E002053470020B3
:103C40001FB5154A154C1378013BDBB21370616840
:103C5000206801AA03C221891180114A1278D21862
:103C600005D00A2320465A43E11807F050F89DF882
:103C700006301B070DD0BDF80C00FFF799FF034677
:103C80008288ADF8082001AA03CA1288186059601A
:103C90001A8104B010BD00BF52470020B83E00207A
:103CA00053470020002108B5084B09481970094BFB
:103CB0001970094B1A7802EB8202520007F041F8A2
:103CC000BDE808400548EEF78BBE00BF5347002013
:103CD000B83E002052470020CB510020F050002079
:103CE000F8B50024084D094F094E3B783178E2B20F
:103CF0000B449A4204F1010400DBF8BD2846EEF7BC
:103D0000BDF90A35F1E700BFB83E00205347002057
:103D100052470020F8B516460C4B0D4A1B78127816
:103D2000074613440B4A0D46127893420CD0304696
:103D3000FFF73EFF0135068107808570044604F0D9
:103D4000FCF8E0800120F8BD0020FCE7524700208D
:103D500053470020CB51002010B5064C207828B1E5
:103D60000548F5F7C7FA10B1034B188810BDFFF7E7
:103D700067FFF3E752470020B83E002008B50A4A23
:103D80000346107860B1094A1088984209D121B9D8
:103D90009378103323F00F039370FFF751FF012046
:103DA00008BD0020FCE700BF52470020B83E0020BD
:103DB0002DE9F74F002604F0C5F8DFF8F890B24679
:103DC00099F80070B3463A46DFF8EC801FFA80FE9F
:103DD000B8F800C0344CAEEB0C039BB201932378CF
:103DE000324D009303EB830305EB4303ACEB0E0C66
:103DF0005FFA86FEBE4515D3BAF1000F01D0009BD5
:103E00002370BA422AD3002F37D00A222378C8F869
:103E1000000002FB03532648998803B0BDE8F04F29
:103E2000EEF742BDB3F804E001998E4512D84FF089
:103E3000010A009993F802E001310EF1FF3EC9B288
:103E4000013AA3F804B083F802E00091D2B20A3339
:103E50000136CDE7E644A3F804E0F8E789F800204E
:103E60004AB10A222378C8F8000002FB0353104825
:103E70009988EEF719FD237813B903B0BDE8F08FE8
:103E8000FFF76AFF06460028F5D009F088FC0146D6
:103E900030460AF074FE20B100212888FFF76EFF3B
:103EA000E9E740F60241F8E752470020B83E00201B
:103EB000F050002053470020F43400202DE9F04159
:103EC00092F808801F4608F1FF33DBB2EF2B05465E
:103ED0000E46144688B00BD982238DF80E30314639
:103EE00028469DF80E30204AFAF7A4FF012037E05B
:103EF0000E22002104A806F024FFB4F809308DF842
:103F00001180ADF81230E37A03F07F02032A08D063
:103F1000012B24D103238DF81030A389ADF815307F
:103F20000EE0032B14BF022301238DF81030E36849
:103F3000CDF815302369CDF81930237D8DF8143074
:103F4000A7F121014A420DF10E034A410093214697
:103F50000DF10F0304A8FAF7BDFA0028BFD1002025
:103F600008B0BDE8F08100BF0F6D04082DE9F04FE7
:103F700000241D7895B0CDE9020104922346224623
:103F80000120CDE90054404909F076FFADF81E004C
:103F9000F8B1A346264627460DF120090DF1380A4F
:103FA000DCF714FB5FFA84F8404516D83A46022144
:103FB000BDF81E00EEF74AFC32460421BDF81E0093
:103FC000EEF744FCDDE903100022BDF81E30FAF7DD
:103FD00031FF012015B0BDE8F08F4A4640460AA9DE
:103FE000FAF76AFA9DF8282022B12DB1013DEDB211
:103FF0000137FFB20134D3E7BBF1000FF8D199E8E4
:1040000003009DF829308AE803008DF84030BDF8A0
:104010002A30032A8DF841304FEA13238DF84230BD
:1040200017BF032301238DF843309DF82C30DDF8B2
:104030003110DDF82D0014BF8DF84C308DF8433071
:1040400011AB03C302980CBF4FF00E084FF01508D8
:104050000BF0B5FA0590BDF81E00EEF705FA0599CC
:1040600000EB080399420BDB0123424651460DF158
:104070001E00EEF733FB0028ABD10136F6B2B7E7EE
:104080004FF0010BB4E700BF0C6D04082DE9F04FB1
:10409000DFF8D8A089B00746129BBAF8000088461E
:1040A0001D7898B90024CDE901442C4B0094224698
:1040B00001201B782A4909F0DFFE0346ADF81E00F7
:1040C000002241463846FAF7B5FE3EE0EEF7CCF95D
:1040D000C0F3C706002EE5D0B54239D2DFF87CB078
:1040E000741BE4B2082C28BF0824CDE902540196C1
:1040F000BAF800300022FF3B18BF012300939BF861
:1041000000301849012009F0B7FEE300ADF81E00A9
:10411000D91D0DF11E00059309F0B5FD8146A0B92A
:10412000059B07210093BAF80020EB00BDF81E00A4
:104130002C4409F0F6FDE5B24A4641463846BDF842
:104140001E30FAF777FEAE42CAD809B0BDE8F08F4C
:104150008F220549012009F08FFEAEE75847002065
:104160000B6D04080A6D04080F6D040862440020FA
:104170002DE9F043037805460E46144685B0A3B9F1
:10418000134F90F801803B7890F80290434501D09E
:1041900000F08CFAB9F1010F87F8008005D10027F3
:1041A0006D7904EBC505AC4202D105B0BDE8F083E2
:1041B0000823A21D314692B20DEB0300009709F0CF
:1041C0007BFD083402A800F05DFAA4B2EBE700BF63
:1041D000584700207FB5154B15461B780126033B39
:1041E000012B98BF124B8DF8090098BF1D780D2345
:1041F0000DF10B000C468DF808308DF80A6005F0C3
:104200002FFA00233146CDE900632046062302AA97
:104210008DF80D500CF01BF930B121460AF0AFFCBF
:104220007040C0B204B070BD1920FBE76D4600209D
:1042300054470020034B03220120B3F86810FFF716
:10424000C9BF00BFA433002010B50B4B04461B7838
:10425000033B012B03D98C210848D7F74BFD084BB2
:1042600093F95A30A34204DB6FF00E03A342B8BFA8
:104270002346044A137010BD6D460020116D0408DA
:10428000A43300201A52002008B5094B1B78033BC9
:10429000012B03D9A4210748D7F72CFD064B93F92E
:1042A000000010F1800F04BF044B93F95A0008BDC1
:1042B0006D460020116D04081A520020A43300201E
:1042C0002DE9F04F85B0054609F0ABFA07462846C0
:1042D0000CF0E1F8411C044689B22846EEF7A2FA38
:1042E000A11C89B281462846EEF79CFA033400EB04
:1042F0004000E6B250FA84F42846EEF7B5F8E4B28E
:1043000084424BD8DFF8A8B0A6420ED3B9F1010F12
:1043100044D139460220234B1A78C2F1B302D2B2FB
:1043200005B0BDE8F04FFFF755BF1F4B32461B8865
:104330002946ADF80C30002303A88DF80E30009309
:10434000032309F0B9FCBDF80CA09DF80E8009F01C
:10435000D6FE504510D1154B1B78033B012B0ED8D0
:10436000FFF792FF404440B2FFF76EFF0D4B1B7802
:10437000C3F1B3038BF800300336F6B2C4E7384616
:10438000FCF7C0FB00F03EF982463846FCF7BAFB6A
:1043900008EB0A0149B200F04BF9EDE705B0BDE8C2
:1043A000F08F00BF22470020266D04086D460020D4
:1043B000544700208022014B1A7070471A52002087
:1043C00008B50748EEF70CFB0649074A0B780BB90E
:1043D000137823B100231370044A0B70138008BDB7
:1043E000105100205747002056470020604400200D
:1043F00008B50448EDF742FEBDE808400248EDF775
:104400003DBE00BF60440020624400202DE9F84317
:104410002A4B074693F95A608E4204DB6FF00E0672
:104420008E42B8BF0E46264D2988C9B92020EEF726
:10443000C5F8288010B90020BDE8F883202128465F
:1044400009F021FC04460028F5D1A1B2FF222888FA
:104450000134EEF7FBF9202CF7D10022194B1A702A
:10446000DFF8609099F800100229E4D84FF00008B6
:1044700001EBC101CCB204EB080117F80820288831
:10448000C9B208F10108EEF7E1F9B8F1080FF2D16D
:1044900004F1080101242888F2B2C9B2EEF7D6F976
:1044A00099F800300848013389F80030074B47F28B
:1044B000E8611C70EEF7F8F92046BDE7A433002050
:1044C000604400205647002010510020574700202C
:1044D00038B5084B04461B78074D1BB9287808B936
:1044E000206038BD054B00211888EEF789F920605F
:1044F0002878F6E757470020564700206044002000
:104500002DE9F341064601A8FFF7E2FF38B1002488
:104510000D4BDDF804801F78E3B29F4205D80B4BAA
:1045200093F95A0002B0BDE8F08104EBC40545449C
:1045300008223146284606F0DAFB01340028EBD188
:1045400095F90800EEE700BF56470020A43300208D
:104550002DE9F04F85B0814603A8FFF7B9FF002889
:1045600044D105B0BDE8F08FA8EB050505EBC50506
:104570002A46304606F1090106F0C9FB4FF0FF3329
:1045800072191C44735187F800A053601372E4B28F
:104590000134E4B297F80080A0451CD9039B04EBDA
:1045A000C40B03EB0B06082249463046019306F084
:1045B0009EFB0028ECD1651C08F1FF3AA845019B41
:1045C0005FFA8AFAD0D14FF0FF3287F800A043F8A3
:1045D0000B20726032723B78002BC2D1054A06482C
:1045E0001370064A1380EEF7FBF9BAE70024044F74
:1045F000D0E700BF57470020105100206044002042
:1046000056470020FF2810B5044608D0FCF70AFBE7
:10461000C30704D5044B185710F1800F02D1034B88
:1046200093F95A0010BD00BF39460020A433002082
:10463000FF2838B504460D461AD0FCF7F3FAC30735
:1046400016D50C4B93F95A30AB4204DB6FF00E03D6
:10465000AB42B8BF2B46084A084913550878084AA8
:1046600018B992F90000984202DA0020137008701D
:1046700038BD00BFA4330020394600201B52002063
:104680005547002010B5084C0146228822B9082160
:1046900009F0C5F9208010BD2046BDE81040012377
:1046A0000822EEF71BB800BF624400200022014B35
:1046B0001A80704762440020F8B50E4C06462388E5
:1046C000B3B90120F8BDF9002088EEF799F8082267
:1046D000314606F00CFB01350028F2D02088EDF7BA
:1046E000C3FEEFB2C0F3CF039F42ECD30020E9E753
:1046F0000025F3E7624400202DE9F04F022905462A
:10470000144687B04AD019B9012007B0BDE8F08F30
:1047100009F09DF8074604F11E082388012B4FD1AC
:10472000E17828460331EEF77DF8E178064602315C
:104730002846EEF777F841F6016300EB062080B2D9
:10474000984223D194F803A028460AF10201C9B285
:10475000EEF768F80AF1030610F0010F8146F6B291
:1047600018D119F0020F1BD119F0040F0ED02379C4
:10477000B34213D331462846EEF754F864280DD1DE
:1047800004F068FA00F07F00642807D80634444536
:10479000C3D1B9E7F0F752FE0028E2D10020B4E718
:1047A0002379B342FAD331462846EEF73BF8344B2F
:1047B0000AF1040A1B785FFA8AF68342D4D2EDE745
:1047C000022BE3D1E17828460231EEF72BF81B28C3
:1047D000DCD1E17828460331EEF724F81928D5D149
:1047E000E17828460431EEF71DF84A28CED14FF083
:1047F000050A0026DFF88C90E17828460131514403
:10480000EEF710F8E178834651442846EEF70AF8AF
:1048100000EB0B2083B20A2B00F03F0B1ED102A845
:10482000CDE904660AF055F8E2782946023252448E
:104830000823009604A809F03FFA082204A90DEB0A
:10484000020006F054FA0028A8D10BF102035344E9
:104850005FFA83FA23795345CED897E7412BF4D1F9
:10486000E178284602315144EDF7DCFF99F8003039
:10487000C3F1B303C11849B23846FFF7C7FDE4E7F7
:1048800023470020224700202DE9F74F81460C46A0
:1048900092461E46EDF7E8FD83461CB9B521404817
:1048A000D7F728FA4846EDF7DFFD112803D8002096
:1048B00003B0BDE8F08F484609F050F8054604F013
:1048C000CDFE0922074600212846ECF7ADFE002563
:1048D0000AEB4A02804600212046520006F031FAD7
:1048E000BB053570E3D5012208F110085FFA8BFB98
:1048F0005FFA88F80634554505D037784744FFB24B
:10490000791C594501DB0220D2E748460192EDF7B8
:1049100089FF394600904846EDF784FF009B96F8E2
:1049200000C000EB032398B21BB2002BACBF4FF0CA
:10493000000E4FF0010E0CF1020CACBF00F07F0135
:10494000C1B25FFA8CFCACBFC009C0F3C32086F8CB
:1049500000C0019A04F8021C24F8060C04F804ECC8
:104960002DB16FEA030C4FEADC7C9445CBD1CA1918
:104970009345C8DB002B04F8037C0BDB7E280BD0AF
:104980007F280BD001223378013519443170EDB204
:104990000634B0E70F2801D00022F4E7012087E7B2
:1049A0002A6D040838B505460D4B0E481C88EDF7F6
:1049B00067FF012D0CD10C4B1C88FA21614358B1C3
:1049C000884209D28408012C204638BF012038BD16
:1049D000022D08BF0224F0E70248EDF765FFF2E779
:1049E000B43E0020F4250020B23E0020012208B58C
:1049F000054B06481A700021EDF756FFBDE8084048
:104A00000020FFF7CFBF00BFEC450020F4250020B9
:104A10001E4B73B51A8802F108039BB2012B02D812
:104A20001B4B1B7823B902B0BDE87040EDF7D8BF2F
:104A30000024184B184D1C70184B1C702B787BB140
:104A40004FF6FC73164E00932246234621463088CB
:104A50000BF02CF94FF6FD732C70338001200FE022
:104A6000104B10461978F3F791FF0028F6D10C4B44
:104A70001A884FF6FD739A42F0D0012302202B7062
:104A800002B0BDE87040FFF78DBF00BFB63E00200A
:104A9000EC450020EF450020ED450020EE450020CC
:104AA000B03E0020F0450020012808B50AD00228B9
:104AB0000CD020B9084B18700848EDF791FF4FF063
:104AC000FF3008BDBDE80840FFF790BF0020BDE8FB
:104AD0000840FFF767BF00BFEC450020F425002029
:104AE00002280FD840F6024399420BD1064A1378A8
:104AF0000133DBB21370054A12789A4202D80220C1
:104B0000FFF7D2BF704700BFEE450020F1450020FF
:104B100038B5A0F61343012B04460D4615D80E4AAE
:104B200013780133DBB213700C4A12789A420CD816
:104B30004FF6FD720A4B00201988914201BF0022F6
:104B40001D80084B1A70FFF72DFF29462046BDE84F
:104B5000384004F0CDB800BFEF450020F2450020FA
:104B6000B03E0020ED450020F8B5174F174EB7F8BE
:104B700000C03588AC4525D801F10805ADB2012D3E
:104B800020D8134D92009B0029803A8033809DF8F5
:104B90001820104B1A709DF81C200F4B1A709DF8AE
:104BA00020200E4B1A7000220D4B1A704FF6FD722A
:104BB0000C4B1A8018B1FFF719FF0020F8BDFFF762
:104BC00073FFFAE70220F9E7B43E0020B23E00206E
:104BD000B63E0020F2450020F1450020F0450020BF
:104BE000ED450020B03E002000234FF6FD71054A40
:104BF0001370054A1370054A1180054A1370054A5F
:104C000013707047EF450020EE450020B03E0020B5
:104C1000ED450020EC45002030B5094B02461B78DD
:104C200033B1084B084C19780023D8B2884201D31D
:104C3000FF2004E0013334F823509542F5D130BD14
:104C4000C9510020F44500208C3B00200022FF21A8
:104C5000044B05481A70054B1970054B1A789200E1
:104C600006F06FB8F4450020903B0020F34500208B
:104C7000C9510020F7B58DF807100DF10701044662
:104C800003F0D1FD234B1D78002D41D02046FFF7C6
:104C9000C3FF214EFF283178204B05D1204A1078E0
:104CA00085422DD9451C1570884219D01C4A1B4DD0
:104CB00092F800C00022D7B2BC450CD92F4697F815
:104CC00003E00132864505F10405F4D102B203EB9D
:104CD0008202D278FA7002B203EB8202D170307095
:104CE00002B203EB820123F82240FF228A709DF872
:104CF0000720FF2A02D003EB8203987003B0F0BDB7
:104D00000A46104603EB8202D278FF2AF9D1CBE79C
:104D1000FF20F3E7C9510020F3450020903B00201D
:104D2000F44500202DE9F843FFF776FFFF280446FD
:104D300069D04FF6FF72354F03B2DFF8DC80344E96
:104D400027F8232098F80050A54202D10020BDE8A2
:104D5000F883337820B28100A34207EB800090F8FB
:104D600003E010D00023294A5FFA83F94D459446A9
:104D700006D99CF803900133A14502F10402F3D156
:104D80008CF803E001E086F800E0013DEDB22A1B5B
:104D9000D2B204319200394405F0B9FF88F80050CE
:104DA0003378FF2B04D0A34224BF03F1FF333370C9
:104DB00000214FF6FF70154BCAB2AA420CD3002354
:104DC0004FF6FF71134ADCB2AC42BBD2013332F86A
:104DD00023008842F7D1B5E79A78A2420BD1188018
:104DE000DA78FF2A04D0A24224BF02F1FF32DA703F
:104DF00001310433E0E7FF2AF2D0A24224BF02F1DE
:104E0000FF329A70ECE72D20A1E700BF903B002015
:104E1000F34500208C3B0020F4450020F8B51C4BE6
:104E200005461B78084673B3FFF7F6FEFF280446D5
:104E300029D02846FFF7F0FEFF2806D0154B164E66
:104E40001A780023D9B2914218D3FF212846FFF7E0
:104E500011FFFF28014616D00546104F23B207EB7D
:104E6000830237F823009678FFF704FFA84208BFB3
:104E7000FF25FF2E214608D12846F8BD013316F83C
:104E800023108142DED1FF25F6E73446E6E700BF76
:104E9000C9510020F44500208E3B0020903B0020AB
:104EA000014B1878704700BFF4450020014B18787B
:104EB000704700BFC95100202DE9F04180460E46E1
:104EC0001F46002386B001A814469DF830508DF887
:104ED0000330FBF7DDF8ADF804802EB13368CDF870
:104EE00006307368CDF80A303846EDF7A1FA0DF1B7
:104EF00003034219214601A803F008FF9DF803307F
:104F000093B931464046DBF793FD0E4B1B785BB1FE
:104F10000B2C09D8FF214046FFF7ACFE064605EBF7
:104F20004404E4B2A54202D106B0BDE8F0812946AE
:104F3000384608F009FF3146FFF79CFE0235064669
:104F4000EDB2EFE7C951002000232DE9F3470DF141
:104F500007028DF8073004460E4603F056FC9DF814
:104F60000730054663B92046FFF756FE04465EB19A
:104F70003088EDF779FA5FFA80F8FF2C45D10025EB
:104F8000284602B0BDE8F087B046F6E701320C2AA9
:104F9000F5D02DB207EB8505AD78FF2DF6D112F0D7
:104FA000FF0AECD04FEA4A050235EDB2002EE7D0F9
:104FB000304605EB080108F066FE0028DFD15246B6
:104FC00041463088EDF742FC0AF1FF3208F1010159
:104FD00008F102093088D2B2C9B25FFA89F9EDF757
:104FE00035FC24B207EB8404A478FF2CC8D023B28C
:104FF000494637F82320308808F0B6FE0028BED195
:1050000009F102095FFA89F9EBE725460022014F11
:10501000BFE700BF903B0020FF2818BF064B10B52C
:105020001BBF03EB800433F820302D200B801EBF04
:10503000A3780020137010BD903B002008B5FFF747
:10504000EBFDFF2803460AD1002008BD0230C0B2A4
:105050001BB202EB83039B78FF2BF7D1F5E702200D
:10506000004AF5E7903B0020037810B504466BB981
:105070004378082B0AD1084B1B88562B07D100F028
:1050800077FD2072002363600123237010BD007A36
:1050900000F074FDF6E700BF7243002003788BB97F
:1050A00043782F2B0FD0302B0CD1084B084A128895
:1050B000522A0BBF1B78028903811A7000234360B8
:1050C000012303707047034BF0E700BFB751002086
:1050D00072430020A145002070B51F4B1F4C198062
:1050E00003880546238183781646E37208F073FF30
:1050F0000822A072291D204605F009FE6B7B23744F
:10510000174B63610323237346B1EDF703FE10B120
:105110001620EDF7B3FD4FF4FA610EE00BF09AFEA6
:10512000C30705D404224FF6FD713046F2F7ECFEBA
:10513000EDF7F0FD58B94FF4FA710322094B0A4814
:105140001A700A4B1E70BDE87040EDF7ADBB16201B
:10515000EDF794FDEFE700BFAE5100202C350020A5
:1051600000F8FF0771470020505100206F470020D2
:1051700038B50A4D0A48EDF733FC2A78094CFF2A66
:1051800004D0217811B9084609F015FAFF232B70D5
:105190000023054A2370137038BD00BF1C52002045
:1051A000305100205B4700205A47002008B50C4AC8
:1051B0000B46117811B90B4A10809370094A0020F0
:1051C00001F0B4FA084B002219880648FFF784FF63
:1051D0000120EDF753FD034803F0CCFD012008BD8D
:1051E0006D470020F834002066440020024B1878F8
:1051F000003818BF012070477147002010B5074CD8
:105200002378062B05D1152803D100232370F9F745
:1052100073FF2078003818BF012010BD71470020AF
:10522000024B1878031F58425841704771470020BD
:105230002DE9F041294B80461B780D4613F00F07EE
:1052400086B049D190F82830022B45D1061D0123A4
:105250003146821C0BF066FC0446C8BBB8F8260039
:1052600000F083000BF002FE98F828201C4BD8F8C1
:1052700004001A706B46D8F80810CDE9034403C344
:10528000B8F800302046ADF8083098F8023041F602
:1052900006318DF80B3003238DF80C30114B8DF84F
:1052A0000A5005930AF0CAFAB8F824106B46002990
:1052B00008BF4FF44171012098F82820F0F71AFF39
:1052C00004463846EBF7BAFD10B1384608F06FFBDC
:1052D000204606B0BDE8F0810224F9E76C460020C4
:1052E0007047002000F8FF07024B1878431E584211
:1052F0005841704771470020024B187808B9024B9B
:1053000018787047704700206D4600207FB5102345
:10531000072202A90120EDF7DDFB9DF80B00F0F755
:1053200027FC172003F00CFD00210DF10700EDF71D
:1053300025FD172805D10020EDF7A0FC07B05DF88A
:1053400004FBFFF7D9FF022808D9054BB3F8682002
:105350004FF6FF739A4201D10320EDE70220EBE7FD
:10536000A4330020014B1870704700BF7047002025
:105370002DE9F84F324BDFF8D88093461A7898F829
:10538000003005460C4602F00F020BB1062B55D13A
:105390004223D340D90751D42A4F97F800A00BF0ED
:1053A00059FDC20707D5FFF7A7FF012803D048F62C
:1053B000990008F0CDFE0BF04DFD830704D540F0B9
:1053C000100080B20BF052FD0DB91F4B1D681F4E2F
:1053D000337833B900F088FC284600F049FC0123FB
:1053E000337008F0F8FDDFF86C9089F80000204673
:1053F00008F0D6FD044620B1002333702046BDE8F6
:10540000F88F0BF1FF33032B17D801230422294611
:105410000A2087F800B088F80030EEF747FD044610
:105420000028EBD0002599F9000088F8005008F01A
:10543000B7FD87F800A03570E0E730700224DDE7A3
:105440006C46002070470020283500206E47002061
:10545000714700205C4700200022014B1A70704702
:105460006E47002070B5044620B91A48FFF780FE49
:10547000002003E0184B1B780BB1022070BD174EC3
:105480003378002BF9D1134808F029FDB8B9114839
:1054900008F025FD054648B9014609F09DF8104B76
:1054A000022218702946284609F085F8631C0CD0A2
:1054B00021460848EDF7F8F900233370D8E705488E
:1054C000EDF7DEF9A042E2D3D7E70248EDF788FA1C
:1054D0000123F2E7305100205B4700205A470020AB
:1054E0001C520020014B1870704700BF5B47002022
:1054F00008B5054808F0F3FC20B9044B187800F013
:10550000010008BD0120FAE7305100205A47002071
:1055100030B5414C41488BB0EDF762FA2378032B4C
:105520005DD1FFF7E9FE02289CBF062323703C4BA8
:105530001D78002D40D03B4B186810F002000EBFC4
:1055400041F6043141F6063100200AF077F90025D2
:10555000354B1D70354B1988FFF7CEFE344B024694
:105560002846F0F7C7FD002846D1324D0BF072FCFB
:105570002B78002B0CBF4FF0FF336FF48073184073
:1055800020F0010080B20BF071FC01232B70FFF7BB
:10559000B3FE022806D94FF4FA612048EDF784F9EA
:1055A000072323700020EBF749FC98B300200BB0D1
:1055B000BDE8304008F0FBB9F2F7F4FF29460122BC
:1055C0001D48F7F7B1FE68460BF05EFC2A4641F62F
:1055D000063140200DF11503F6F7A0FDB7E7072BC4
:1055E00007D10023FF22194601202370F0F7D8FAD3
:1055F000D8E7043B012BD5D8104B1B782BB10120E9
:105600000BF0E4FA00220D4B1A7000232370FFF711
:105610007DFEC7E70BB030BD714700205051002020
:105620006F470020282700206C460020AE51002044
:105630002C3500201D5200205D47002059470020D6
:105640002DE9F047034605466D4F8EB03E7803AA1C
:1056500006F00F0600F1280C144618685968083344
:1056600003C463452246F7D1186820604224F44001
:1056700014F0010440F0C180DFF8988198F80060D0
:10568000002E40F0BA8095F82830013B032B00F241
:10569000B4800BF0DFFBC20749D501213046F7F794
:1056A0001BFE044600286FD101F004F94FF6FF718C
:1056B0000120544AF0F726FCEB8CDB0733D52C1D78
:1056C00032460821204608F05DFC60BB6868A96886
:1056D00004AB03C32B88ADF80C3000238DF81930D0
:1056E000AB788DF80E300BF079FA0128044608D11A
:1056F0000BF0B0FB10F0010070D041F28830FFF7E2
:10570000B1FE304603A900F073FF044600286AD1B9
:1057100001233B70042341F288313B4888F8003074
:10572000EDF7C2F830E00023CDE90433D3E708F009
:1057300003FD824609F075F90DF104090646484655
:1057400009F0C7F808224846291D05F0D0FAA8BB81
:105750006A7BB31A002BB8BF5B42C82B134617DD18
:10576000B24228BF3346DBB29E421DD0FFF7C4FDD4
:10577000022811D908F0C3FC012201462846FFF790
:10578000ABFC0022214B1A7020460EB0BDE8F0871A
:10579000B24238BF3346E6E7104609F05CF9A87814
:1057A000F0F7E6F90524EFE7B242FBD008F021FC60
:1057B00031460246284600F0EDFFF3E704AB99E8D6
:1057C000030083E8030095F828308DF81960022B58
:1057D00014BF02260126ADF80CA081E70BF0F6F904
:1057E0000B4B1C708DE70A4D2B78002BCCD0012081
:1057F0000BF0ECF900232B70C6E70224C4E700BFCE
:105800006C4600204B6D0408505100201D520020B2
:105810005947002071470020F7B50F4F04463B78E9
:105820000D46012B164614D10020EBF745FB2B4605
:10583000CDE9000622460020084908F01DFB084B70
:10584000188030B102233B7003B0BDE8F040EEF7A2
:10585000C5BB03B0F0BD00BF71470020456D040813
:10586000644400202DE9FF411E4E00243378012BB3
:105870000CD11D4B347093F9000008F091FB2046C9
:1058800003F076FA012004B0BDE8F081022B26D1A6
:10589000164D012003F06CFA08212888CDE9024456
:1058A00008F070FA0D2107462888ECF7BBFF0823A3
:1058B00080460094224629880DEB030008F0FCF98D
:1058C000094B2C8093F9000008F06AFB012238464E
:1058D000C8F3C01302A900F03DFA3470D2E72046A5
:1058E000D1E700BF714700205C47002064440020DE
:1058F000F0B51E465F4B0C461B780546D907174688
:105900008DB006D422462946012000F00FFF0DB0CD
:10591000F0BD5A0703D40BF09DFAC307F2D500215E
:105920000DF10F00EDF72AFA18B99DF80F30012B91
:10593000E8D0FFF7E1FC022D5BD00228E7D8208BEE
:105940000BF012FAFF28DDD03246002008AB04F13C
:10595000100100F047FF0028D4D13B4604AA07F10C
:10596000080C164618685968083303C66345324662
:10597000F7D1186830609B88B380BDF81630BDF849
:1059800018209A4238BF0023BDF814203CBFADF860
:105990001630ADF81830BDF812309A4238BF0023E7
:1059A000BDF81C203CBFADF81230ADF81430BDF886
:1059B0001A30BDF814109A423EBF0023ADF81C30D7
:1059C000ADF81A30BDF81C30BDF816200093BDF8B4
:1059D0001200BDF81A300BF010FA002892D1A67808
:1059E00075B94EB9244B1E680421601803F034F9D0
:1059F00009E00228A3D88AE7012303FA06F6F3E7B1
:105A0000012303FA06F623461C4A04F1280E9446A5
:105A1000186859680833ACE8030073456246F6D14C
:105A20001868174BCCF800003A881D70154B164FBC
:105A30001A800DF1300C08AB1A4603CA6245386073
:105A40007960134607F10807F6D12DB903213046D6
:105A50000E4AEEF7FFF85AE700232046A21C211D4C
:105A60000BF060F800287FF44DAFA1782088FFF795
:105A70009DFB4CE7A245002028350020F83400208B
:105A80006D470020664400205D470020AD510308AB
:105A9000F0B51A4F1C463B780546042B164685B0D8
:105AA00029D11748ECF79CFF00233B7025B105B0C6
:105AB000BDE8F040FFF72ABC08F021FB054696B18F
:105AC0001023072269460120EDF704F802AB03CB4F
:105AD0009DF803306060A370BDF80030A1602380A2
:105AE00008F09FFF607301222946204605B0BDE8FB
:105AF000F040FFF7F1BA05B0F0BD00BF71470020DC
:105B00005051002008B50BF0A5F920F4987080B230
:105B100040F001000BF0AAF90022014B1A7008BDF9
:105B20007147002010B50446FFF7E6FB022811D8A4
:105B3000094B1B7873B18C420CD193070AD52046D0
:105B4000EEF766FC30B1017921B9BDE81040034899
:105B5000ECF7AABE10BD00BF6546002094260020C9
:105B6000014B024A1A6070477C340020986D04088B
:105B7000014B1878704700BFA2450020014B1870F8
:105B800000207047A2450020014B1868704700BFF5
:105B900028350020014B1868704700BF24350020CD
:105BA000014B1860704700BF28350020014B18607A
:105BB000704700BF243500200148ECF75FBA00BFF2
:105BC0006444002008B502F0BDF900F5FA50012840
:105BD00038BF0120014B186008BD00BF44350020CC
:105BE00030B500290CBF03240B2489B0DAB1114968
:105BF0000A78551C0D70112142F080020C9DCDE9F0
:105C00000412CDE906354CF25E024FF48053CDE923
:105C100002320B23002200930E21074B019408F05F
:105C20001CF909B030BD054A1921127842F08002F2
:105C3000E4E700BF7D470020536D04087C47002047
:105C400073B500252C46094E3378E8B2834202D85A
:105C5000204602B070BDE9F74FF9694607F0D9F860
:105C600008B10134E4B20135EEE700BFE44600209C
:105C700008B520B908F0BDF9012303FA00F00305C7
:105C80000FD40C231B2B08D020FA03F1C90703F112
:105C9000010208D5DBB2054A13700522044B1A70C5
:105CA00008BD0B23F7E71346ECE700BF7B47002056
:105CB0007A47002073B50A4E04463368094D834283
:105CC00008D00023022101A8019302F0C5FF019B27
:105CD00034602B60FFF776FF286802B070BD00BF0C
:105CE0004C35002050350020002313B5022101A8B7
:105CF000054C019302F0B0FF019B2360FFF762FFA8
:105D0000206802B010BD00BF48350020012210B548
:105D10000E4B86B01B681146009302A80023FFF7C4
:105D20005FFF0AF0B7FF04460BF094F8084BCDE98B
:105D300000400E22102102A808F08FF80022102146
:105D400002A807F06CFE06B010BD00BF4835002069
:105D50000E6D04082DE9F04FA5B01E4693460D9137
:105D6000804608F0CCF90DF1480A5146074600205C
:105D7000EDF704F881460BF06DF840EAC615FFF721
:105D80005FFFB9F1170F0446ADB217D108F031F932
:105D90004FF6FD798DF85300012114A802F05CFF45
:105DA000BDF85030013B9BB24B45F5D8042150461D
:105DB00002F052FFBDF8500008F0CAF9BBF1000F25
:105DC00001D045F03005EB0748BF00234FF000023B
:105DD00048BF8DF8583011464FF00103CDF80080D0
:105DE00018A848BF4FF6FF77FFF7FAFE0AF0DBFF6F
:105DF00083460AF04FFF0F900AF0A9FF0E9040462D
:105E0000FFF758FFDFF89C800E9A98F800100F9B60
:105E1000CDE90A41BDF85010CDE9025208919DF834
:105E20005310CDE900B307919DF858100490CDE9C7
:105E300005A10E222721194B099718A808F00DF883
:105E4000012C28D10020E9F757F810A9054606F0E3
:105E5000E0FF18B9204625B0BDE8F08FC6B1BDF807
:105E6000403098F800202E2104929DF8442000959F
:105E70000392BDF8422018A8CDE901322722084B31
:105E800007F0EBFF2E210D9A18A80AF013FFE2E7A6
:105E90004CF25E03E5E72721F5E700BF5C6D0408DF
:105EA000636D0408A14500202DE9F04F2E4BA3B0EF
:105EB00006461446B3F800800F46FFF7C1FE0022E5
:105EC00005461146032300960DA8FFF789FECDE98C
:105ED00000540E225121254B0DA807F0BEFF1125BD
:105EE0000026DFF89090DFF890A0DFF890B008F07F
:105EF000800899F80030A34201D9042E09D13A460E
:105F000029460DA88DF844600AF0D4FE23B0BDE800
:105F1000F08F2046E8F7F0FF0BA9099006F079FF13
:105F20000134E0B1099BB8F1000F1AD0BDF82C2064
:105F300006949AF800100DA805919DF83010CDE94F
:105F400000B30491BDF82E10094BCDE902212A4679
:105F5000512107F082FF01361035F6B2EDB2E4B2FE
:105F6000C7E74CF25E02E3E7684400200E6D0408C8
:105F7000696D0408E4460020A1450020FA4600208F
:105F800000232DE9F04FDFF8789399B099F800706D
:105F9000064617F00107CDE90233B0F802B000F071
:105FA0009B810378032B00F29781CE4B1B78002B4B
:105FB00040F0868133780DF10808012B8CBF17243F
:105FC00011240023A4F108020093594608234046F7
:105FD00092B207F071FE002840F07E81E51D434635
:105FE0002A465946092002F0E8FB002800F0748197
:105FF0005846ECF739FA04F10D03834280F26C81C4
:106000002146708807F0A0FE8246A11C7088ECF73C
:1060100009FCBAF10B0F40F08D8120F00C03032B2B
:1060200040F08881337800F00C00012B00F256819B
:10603000082840F051817088E11C07F085FEB0F51A
:10604000805F40F077817088611D07F07DFE4CF223
:106050005E03984240F06E8129467088ECF7E2FBBF
:1060600004F1090182467088ECF7DCFB162805462E
:1060700000F26081BAF1000F40F04681C10740F1A3
:106080004881708804F10A0107F07CFE81460028EF
:1060900000F02281002D00F04F81934B1B6883425A
:1060A00004D0924B1B68834240F01681DFF854A263
:1060B000DAF80030002B00F00F8101F043FFDAF82E
:1060C0000030C01AB0F1004F40F20681FFF77AFDB0
:1060D000EB1EDBB20C2B40F24281162D00F23F8109
:1060E0000F2D40F22981A5F10C0A5FFA8AFA708817
:1060F000ECF7BAF97E4B13F80A302344984200F0CB
:106100003281012D40F0E8807088ECF7ADF904F1A0
:106110002E03984240F0E080584604F10801ECF765
:1061200081FB744B04F10E0A18702C2200210DA87B
:10613000758804F006FE98E80300002614AB83E897
:10614000030002230DF1100BCDE906668BE8030076
:10615000514628468DF84030CDF84490ECF762FB6C
:1061600004F10F018DF85F002846ECF75BFB04F1AA
:1061700010018DF85C002846ECF754FB04F1110186
:10618000ADF85A00284607F0DFFD04F11301ADF821
:106190004C00284607F0F6FD04F1170208232946B3
:1061A000129000960EA807F087FD04F11F01284603
:1061B000ECF738FB04F120018DF841002846ECF79C
:1061C00031FB04F121018DF83600284607F0BCFDB3
:1061D00004F12301ADF83400284607F0B5FD04F1C1
:1061E0002501ADF858002846ECF71CFB04F1260108
:1061F0008DF85D002846ECF715FB32468DF85E0001
:1062000008210EA807F0BEFE002800F004813046E9
:10621000EAF752FE8DF836009DF85C2002F0030389
:10622000012B00F00981022B00F00081002B53D1DB
:10623000BDF84C008DF85C700AF096FDFF284BD03D
:106240009DF85D30012B29D12846ECF70DF904F1BA
:106250002706801B06283FDD31462846ECF7E2FA88
:1062600004F128018DF81800284607F06DFD04F1AF
:106270002A01ADF81A00284607F066FD04F12C014A
:10628000ADF81C002846ECF7CDFA04F12D018DF88D
:106290001E002846ECF7C6FA8DF81F009DF85D40F9
:1062A00008A8651E18BF0125F9F7F2FE012C0CBFE6
:1062B0005A460022294608AB0DA802F057FD0BE014
:1062C0000D4B93F900400D4B93F900500AF06BFD14
:1062D00028448442BFF66EAE012041E000283FF41E
:1062E000AAAEF9E7B65100204C3500204835002011
:1062F0008D6D04087C47002022470020B751002004
:10630000A245002044350020BAF1110F09D1C2077F
:106310000DD4072D3FF4B5AE99F800309807DBD5C2
:10632000AFE6BAF1190F02D1C3073FF5AAAE072DA8
:106330003FF4A7AEFF25A4E6AA46D8E6A5F11003D0
:10634000DBB2062B0BD80123AB4013F4281240F02C
:10635000118113F4A81F7BD1162D00F02C81002091
:1063600019B0BDE8F08F05F0FD03112B01D0152DFC
:106370000FD1974A1378FF2BAED00133AB42ABD18C
:10638000FF23404613709349082204F0B0FC002814
:10639000A2D1584604F10801ECF744FA8E4B022DC5
:1063A00004F10E0A187049D0C8D8002D7FF4BDAE94
:1063B00004F10F017088ECF735FA884B884C1B68A4
:1063C00020804B4588D0C10686D5864B93F9006066
:1063D000854B93F900700AF0E6FC384486423FF79B
:1063E0007BAFFEF781FF68B10AF034FDC2077FF58D
:1063F00073AF2288D3073FF56FAF49464046FFF79A
:106400000BFA69E723882A4641464846C3F3C0137E
:10641000FFF7A0FC60E79DF83630002B3FF45CAF3F
:10642000BDF83430002B7FF4F7AE55E712F0040FBF
:106430000CBF04270327FBE60227F9E651467088C4
:10644000ECF7F0F9414602464846FFF72DFD43E7D9
:10645000102D00F08680122D18BF022775880026A7
:106460002C2200210DA804F06CFC5246082329467A
:1064700000960EA807F020FC04F116012846ECF760
:10648000D1F9009682461023294604F1170208A884
:1064900007F012FC04F127063FB131462846ECF71D
:1064A000C1F904F128068DF8410031462846ECF781
:1064B000B9F9711C8DF83600284607F045FCF11C2F
:1064C000ADF83400284607F03FFC711DADF8100010
:1064D000284607F039FCF11DADF81600284607F0F4
:1064E00033FC06F10901ADF81800284607F02CFC32
:1064F00006F10B01ADF81200284607F025FC06F165
:106500000D01ADF81400284607F01EFC06F10F013E
:10651000ADF81A00284607F017FC14ACADF81C00C3
:106520000FBB294608232046009706F1110207F009
:10653000C3FB284606F1190107F006FC012303FA04
:106540000AF3ADF84C30294BADF858001B683846BB
:10655000129304AA08AB0DA9CDF84490FFF7C8F92F
:10656000BAE617467AE798E8030084E803004FF696
:10657000FF70E3E77688112D5146304610D1ECF7D5
:1065800051F90DAA054604F10F0130460AF0BCFB93
:1065900000273A46414628460DABFFF779FA9BE6BD
:1065A000132D03D1ECF73EF90546F2E7ECF73AF983
:1065B00002270546EDE7514670880DAA0AF0A4FBB4
:1065C00007F09DFD01460DA80AF00BFB84E600BF15
:1065D0001E520020724700207C4700204C350020CE
:1065E00068440020B7510020224700205035002089
:1065F0002DE9F0410546C88CA8B00C460AAA91F8CE
:106600002A10C0F3400000F069F928B9012212A94C
:1066100017A809F095F920B10125284628B0BDE852
:10662000F081208B0AF0A0FBFF280646F4D00DF184
:1066300038084346012017AA04F1100100F0D2F8EF
:106640000028E9D1002D5FD0012D0CBF122714279F
:10665000236901220021009317A83B46FFF7C0FAE7
:10666000231D00930E224221CDE90168294B17A872
:1066700007F0F3FB002D49D02822637B8DF883308F
:10668000BDF8343042210893BDF8323017A8079383
:10669000BDF82C300693BDF82A300593BDF8303094
:1066A0000493BDF82E300393BDF82830029323885D
:1066B0000193A3780093184B07F0CFFB45BB07F07D
:1066C0001EFD164B4221019000933822144B17A84F
:1066D00007F0C3FB422104F11C06324617A80AF05A
:1066E000E9FA054668B912A8F9F7D2FC12A90AA876
:1066F00002F03AFB0B4B0C4A1F70E3691360236AEC
:106700005360FFF75FFA88E71027A1E72722B7E772
:106710003921E0E7716D0408756D0408FA46002020
:106720007F6D04081E5200207247002070B50D4690
:106730000646116AD0698EB005AB144603C31DB37B
:10674000012D0CBF13231523226907A800920022F4
:106750001146FFF745FA8DF82A60BDB92388043445
:10676000039314F8023C1B210293637A0F220193D6
:106770000094074B07A807F070FB1B2105AA07A888
:106780000AF098FA0EB070BD1123DDE70F21F5E78E
:10679000826D040870B504460D46164690B0216A15
:1067A000C06907AB03C3236909A80093012216231C
:1067B0000021FFF715FAA38C0E22049334F8043B52
:1067C0001C21CDE90263CDE90045054B09A807F07E
:1067D00044FB1C2107AA09A80AF06CFA10B070BD8E
:1067E000876D04082DE9F04306468FB008890D46F1
:1067F000174698460AF0B8FAFF2856D00F2809AC79
:1068000001D0042835D12A686B6812BA1BBA204619
:10681000CDE90522CDE90733DAF7DEFB052305AD27
:1068200020468DF82430DAF703FF2A462946012056
:10683000DAF794FF95E80F000DF1040C8CE80F00D7
:106840002046DAF7C9FB092320468DF82430DAF711
:10685000CFFB01A9204602F06DFC2046DAF7E8FEE6
:10686000424639463046DAF779FF00200FB0BDE8DE
:10687000F0830028E4D1A6462B686A680C4D93FA91
:1068800083FC12BA05F11009734628686968083557
:1068900003C34D459E46F7D1CDF828C00C9201ADFB
:1068A00094E80F0085E80F00CAE72120DEE700BF6B
:1068B000A26D040807B5084B4FF6F7711A784FF62A
:1068C000FF630093531C003A18BF012202200AF014
:1068D00094FA03B05DF804FBA145002070B586B0C2
:1068E0000DF116030093064605AB0D46144604A9A8
:1068F0000DF112020DF10E000AF061FABDF80E3032
:10690000FBB908F0DCF9208015B1BDF8142022BBDA
:1069100000232381E380BDF80E0006B158BB00239D
:106920006380A3806381A381BDF81630BDF8122077
:106930000093BDF81010BDF814300AF05EFA002084
:1069400004E0BDF810209A4202D1012006B070BDCB
:1069500023800133ADF80E30D6E7BDF816309B1A10
:106960000133AB42F1DB1544ADB26B1EE2802381F3
:10697000ADF81450CFE71D4A5188E1B19388D3B1E7
:106980006180A380518911B3938903B36181A3818D
:10699000BDF810308342D8DDA28863889A42D4DDE6
:1069A000BDF81620BDF814309A42CEDDA289638965
:1069B0009A42B9DCC9E7BDF810100B18013BC3F3CC
:1069C0004F036380013BA180ADF81030DAE7BDF8DA
:1069D0001620BDF81430A2811344013BC3F34F03CA
:1069E0006381013BADF81630D2E700BF6A44002056
:1069F0004FF0005300201B6882B09AB262F30F0080
:106A00001B0C63F31F4002B070477FB54FF000636B
:106A10009E6A044606F17843B3F5C04F0D460ED288
:106A2000002301A80393D0F711F9039B5B0506D55A
:106A300029462046336C04B0BDE87040184704B0C6
:106A400070BD1FB54FF000639B6A03F17842B2F549
:106A5000C04F04D340F2011005B05DF804FB1B6B7E
:106A600003F17843B3F5C04FF4D201238DF804301D
:106A7000002301A8CDE90233D0F7E8F8039BDB033C
:106A8000E8D5029B1A0EE5D0012A03D1C3F30743D0
:106A90000A2BDFD94FF000639B6A1B6B1B6C984776
:106AA000DAE7EFF3108072B6704700B962B670474C
:106AB000302383F311887047EFF31180302383F381
:106AC0001188704780F31188704700230360704776
:106AD00003680B6001607047FEE7FEE74AB10023E0
:106AE00010B550F8234041F8234001339342F8D1C8
:106AF00010BD7047002070474FF4004070474FF4BE
:106B00007A7070474FF060420123D2F8001E834034
:106B10000B430020C2F8003E704710B588B0044611
:106B20000E98009207900D98224606909DF830002E
:106B300005900B9804909DF8280003900020CDE963
:106B400001300B460121D0F7E1FB08B010BD7047C2
:106B500013B5044601A8D2F7F3F99DF80630238057
:106B60004FF480736380D2F711FA6060002002B0A6
:106B700010BDD2F79DB908B5D2F78AF9002008BD3B
:106B800010B5044644EA010313F00303084609D193
:106B9000934201D1002010BD54F8231040F8231077
:106BA0000133F5E72146920004F094F8F2E77047CC
:106BB00070B5054614460E46FFF773FF2B685C4020
:106BC00034405C402C60BDE87040FFF76EBF08B5F4
:106BD000D0F7AEFABDE808400021D1F7F9B8002996
:106BE000CCBF01210021D1F7F3B802214FF420706E
:106BF000D1F714BD38B50446D0F788FA0546D0F76A
:106C00002BFEC0F102012846FFF7E9FF0121002019
:106C1000D1F728FF0CB1D1F783FDBDE83840D1F79B
:106C20001DBA7047704770477047704770B505468A
:106C300014460E46FFF735FF2B685C4034405C403D
:106C40002C60BDE87040FFF730BF70470346142B3F
:106C5000084604D00AD8012B08D0122B06D10228EE
:106C600003D0032808BF01207047002070473AB1C5
:106C700022F0030202F1A04202F5603209B910606D
:106C800070470002FBE74FF050234FF400321A67C1
:106C90007047012200F580535A60CB43934003F0C4
:106CA0000A034361416111B900F500504260704729
:106CB00083695B06FCD5C16370474369002B0FDB1A
:106CC00051B9436ADA07FCD4012200F500535A6037
:106CD00043689B07FCD47047012300F58050436054
:106CE0007047436810B5DA0704460AD5FFF7E4FE9B
:106CF000636ADB075CBF0123E360BDE81040FFF778
:106D0000E1BE10BD38B5436805460C464BB16B6A11
:106D1000002BFCD1012205F500535A606B689B07DC
:106D2000FCD46378E2785B0143EA4203A278284608
:106D300013432279217843EA8203627943EAC2034A
:106D4000A27943EA0213E27943EA4223227A43EA30
:106D50008223627B43EA0223E27A43EA0263227BD4
:106D600043EA0273A27A43EA0243AB60FFF7A5FF4E
:106D7000637A0BB100232B6238BD436813B1436AB9
:106D8000002BFAD17047002070470F2070470F206A
:106D90007047002070470F207047002070470F2079
:106DA0007047002070470F207047002814BF0F2045
:106DB0000020704700207047002070470020704777
:106DC000002814BF0F2000207047012070470120C9
:106DD0007047012814BF0F20002070470F20704714
:106DE000DFF7F2B800214FF0FF3004F043BD4FF061
:106DF000FF3004F07DBD00207047B0F5802F22D019
:106E000010D8B0F5003F20D007D818B3B0F5803FB8
:106E100008BF482018BF01207047B0F5403F08BFA9
:106E20002C20F7E7B0F5302F11D007D8B0F5E02FC0
:106E30000FD0B0F5202F08BF1020EBE7B0F57F0F83
:106E400008BF0620E6E74B2070472A207047112034
:106E500070472120704708B528B12022002103F097
:106E600070FF002008BD2120FCE708B1FFF7F3BF49
:106E70002120704708B9212070470029FBD0036802
:106E800013F0704209D1C3F30E030B601BB94368C2
:106E9000002BF0D00B6000207047B2F1004F07D1FB
:106EA0008268D2040ED5C369002BE4D01B68ECE7DE
:106EB000B2F1204FF4D0B2F1304FF1D0B2F1404FE7
:106EC000EED0D8E703F07F03DFE737B50C46054681
:106ED00010B9212003B030BD0029FAD0002301A948
:106EE0000193FFF7C7FF0028F4D1296811F0704122
:106EF00002D1019B2360EDE7AA68B1F1004FC2F314
:106F00008033C2F34035C2F3003207D1062103EBD0
:106F1000450301FB0233019A5343EBE7B1F1204FE4
:106F200004D12B4402EB82021344F4E7B1F1304F59
:106F300002D0B1F1404FCCD12B44ECE72DE9F3471F
:106F40000D4690469A460446F0B1E9B106680F68CE
:106F500006F07049BE422AD0B9F1004F11D186EA3D
:106F60000703B3F1805F13D3BAF1000F36D1B8F144
:106F7000000F1FD0A368AA68534013F4E04F19D044
:106F800002E0B9F1404FEAD0212002B0BDE8F0871D
:106F90000023204601A90193FFF76CFF0028F3D1DD
:106FA000019AC2F30E0216431743BE42ECD1B9F167
:106FB000000FD9DB0023694620460093FFF75AFFF4
:106FC0000028E2D1019001A92846FFF753FF0028CD
:106FD000DBD1DDE900239A42D7D0D5E7AA68B8F122
:106FE000000F03D0A3685340D904CDD49304E1D457
:106FF000CAE72DE9F7430C46054648B141B10023E5
:107000000B60036803F070430B60C268032A03D966
:10701000212003B0BDE8F083012A50D812B143F01B
:1070200000632360AA68EB68900102F0407149D5C3
:10703000B1F1407F49D0002BEAD04FF000722368B5
:1070400023F0407313432360EA68022A07D12A69B8
:10705000032ADDD823F47F0343EA02432360EB686D
:10706000032B03D12B69F62BD2D9A370AB6819047B
:1070700042BF236843F400432360EB68032B09D02D
:1070800023682A6823F4FF4323F07F03C2F30E0230
:10709000134323602A68AB68002A03F4805603F484
:1070A000806826DA5A0403F400511AD400296BD1FF
:1070B000002EADD0236843F480532360A8E743F04B
:1070C0008063AEE7B1F1407F04D1002BA0D04FF038
:1070D0004072B4E702F08072002BB0D1002AAED02B
:1070E00096E7226842F48040206000294CD1002EAF
:1070F00053D12A6802F0704202F10042B2F1804F8F
:1071000006D2B8F1000F03D0226842F480622260F8
:10711000D5F8009019F0704742D50023284601A900
:107120000193FFF7A7FE00287FF473AF09F05049E1
:10713000B9F1004F06D0B7F1304F03D0B7F1404F4F
:107140007FF466AF019B2268013B03F07F0322F0CE
:107150007F0213432360AEB1EA69002A3FF458AFBF
:10716000B7F1004F3BD1117F00293AD0B8F1000FA1
:1071700008D043F400732360537F1BB1236843F4AA
:1071800080732360002044E722681EB942F4005255
:107190002260AEE742F44052FAE742F4A042F7E739
:1071A00013F4C8437FF434AF284601A90193FFF7D5
:1071B00061FE00287FF42DAF002F7FF429AF2368F4
:1071C000019A23F4FF4323F07F03C2F30E0213431B
:1071D0002360002ED6D0EB69002B3FF419AF0F20AF
:1071E00017E7537F002BCDD0B8F1000FC6D1C9E708
:1071F00073B50C46054610B9212002B070BD0029B8
:10720000FAD00123C6684B609E4215D8002301A91D
:107210000193FFF75AFE0028EFD1019B06B11C3302
:107220006A699A4206D32A6943F00053226000201B
:10723000A360E2E71D20E0E7023E012EDCD8002338
:10724000F5E770B50E46154604468AB000283ED0D4
:1072500000293CD0002A3AD000230122294630469A
:10726000FFF76CFE88BBF3688BBBEB68013B012B1F
:107270002DD84FF08073A060C4E90030E06107A909
:107280002846FFF7B6FE00BB2046079900F07DF8C0
:10729000304601A9FFF7ACFFB8B9204601A900F0BC
:1072A00060F8284604A9D2F727FC70B9204600F000
:1072B00058F8284607A9FFF79BFF30B9204607A9D1
:1072C00000F059F82046D2F7D3F80AB070BD21205B
:1072D000FBE770B50D46164604468AB000283ED03E
:1072E00000293CD0002A3AD000230122314628460A
:1072F000FFF724FE88BBF3688BBBEB68013B012BD7
:107300002DD84FF08173A060C4E90030E06107A977
:107310002846FFF76EFE00BB2046079900F035F8BF
:10732000284601A9D2F7E8FBB8B9204600F019F8C1
:10733000284604A9FFF75CFF78B9204604A900F0AD
:1073400010F8304607A9FFF753FF30B9204607A9C8
:1073500000F011F82046D2F78BF80AB070BD21205A
:10736000FBE7436813B9416070475B685A68012ABC
:10737000FBD159607047836813B9816070475B68BF
:107380005A68012AFBD159607047C369032B9FBF1C
:1073900000EB83020133D160C3617047C369042BE2
:1073A00014D84FF09842116CC902FCD504339B00ED
:1073B00013650168103B11604168116050F8081FA7
:1073C00011604FF098420344984200D1704750F842
:1073D000041F1160F8E7FFF70EBDA0F50030B0F50F
:1073E000003F2CBF00200120704770B506460D46B7
:1073F00014468CB0CAB11022002108A803F0A1FCE9
:10740000002207AB029305AB019306AB0093304615
:10741000294608ABCDE90522D2F7C6FB18B9099B6E
:107420006360059B23600CB070BD6FF08600FAE7C7
:107430002DE9F0410F46002186B0B842064603917F
:1074400032D004AAFFF7D1FF044648BBDDF8108014
:107450000120414600F0A2FE054638B303ABCDE95A
:1074600000032246214643463046D2F71DFD04461E
:1074700070B9059B2146009338462B46039AD2F7F4
:10748000A7FC044620B921463046D2F763FD0446E6
:1074900000212846039A03F054FC284600F060FEC1
:1074A000204606B0BDE8F0810C46F9E76FF08C0489
:1074B000F6E708B5FFF79FFC002814BF6FF09200B5
:1074C000002008BDFFF7F5BFF0B51C46002389B0CA
:1074D00023600F461646FFF78EFC70B96846FFF72B
:1074E000BAFC054648B9324639466846D2F79AFA98
:1074F00010B9266009B0F0BD25606FF09200F9E781
:10750000F0B58FB0DDE91947DDE91B56A54222D958
:107510004FF0000C2D1BCDE906740A9505943D191A
:10752000189CCDF834C00494179C0DF1340C0394CE
:10753000169CCDE908650294159CCDF82CC00194E9
:10754000149C0094D2F78EFD18B933680D9A134439
:1075500033600FB0F0BD6FF08900FAE72DE9F04716
:1075600090B08946DDE91C8792461C4606460028F5
:1075700051D0038803F4E042B2F5005F39D1C3F380
:107580000222042A35D184F0AA6383F4807333F491
:107590007E1337D084F0AA6383F4007333F47E1330
:1075A00030D0B8F1000F36D000250CAB7F1B2A4637
:1075B000184608EB070103F08DFB1B9B209A0393F1
:1075C0001A9B0A9202931F9A199B099201931E9A81
:1075D000189BCDE90752CDE905700093524623462A
:1075E00049463046CDF81080D2F7FCFD10B0BDE81A
:1075F000F08742F204029342D3D184F0052383F44E
:107600008013CBE7C4F30545BD4204D8B8F1000FA1
:1076100001D0102DC9D96FF08600E7E720F00803EC
:10762000102B05D0202814BF6FF086000020704773
:107630000020704710B50024436814601B0A04D072
:10764000012B10D06FF0850010BD038823F0FF00E0
:10765000B0F5824F04D1413BDBB2012B88BF013131
:1076600000201160F0E72C31FAE7F8B513464288A4
:107670000C460732072A4FEAD20101D0A14245D178
:1076800046680588C76820221846002103F059FB88
:10769000360A034626B1012E10D06FF08B00F8BDDC
:1076A000A4B341F20102954205D0B5F5885F02D03E
:1076B000B5F5905F19D15C600020F0E7C6602CB38F
:1076C00041F2010295420AD15C60B90707F001025C
:1076D0000ED4002AF0D14FF080729A60ECE7B5F535
:1076E000885FF1D0B5F5905FEED0B5F5105F02D0B0
:1076F0006FF08500D3E7182C03D0202C01D0102C7C
:1077000004D1C3E90044002ED6D0DEE76FF0860036
:10771000C5E7406810B5000A029C04D0012807D0D4
:107720006FF08B0010BD934209D96FF08C00F9E720
:1077300003F12C009042F8D8103103F11C02002014
:10774000C4E90412EEE72B2A03460AD901220020DD
:107750000A8048801A684A605A689B688A60CB60D1
:1077600070476FF0890070472DE9F04F9BB01F46BE
:10777000DDE924BA894615460646269B002866D0D0
:10778000002F64D0BBF1000F61D000295FD0002A28
:107790005DD0BAF1000F5AD0002B58D00021D20092
:1077A0000DF10808CAF8001040461A60202203F0C4
:1077B000C8FA424629463046FFF757FF044628BB21
:1077C000C6460DF1280CBEE80F00ACE80F009EE89D
:1077D0000F008CE80F00EB1C214623F0030320224E
:1077E00012A8CDE90D490F9303F0ABFA2B465A4688
:1077F00039463046CDF80080FFF78BFF044628B9A4
:1078000012A8FFF728FB28B16FF0920420461BB0A6
:10781000BDE8F08F02AA0AA912A8FFF712FD98B9D5
:107820005A46394602A8FFF78EFF04460028EDD1DC
:10783000524629463046FFF7FDFE044612A8FFF7E0
:1078400014FB0028E2D0DFE76FF09204F6E76FF058
:107850008604DBE710B586B005AC0294099C019460
:10786000089C0094FFF780FF06B010BD2DE9F04F93
:107870009BB00C46DDE9249A1546984683460028BD
:107880006AD0002968D0002A66D0002B64D0B9F1F4
:10789000000F61D0BAF1000F5ED0C76817F0010782
:1078A0005DD02022002102A803F04BFA21462A468F
:1078B000584602ABD2F700FF044640BB0AAD02AE09
:1078C0000FCE0FC596E80F0085E80F0001A90AA8A2
:1078D000BBF800500194FFF7F8FA25F0FF03B3F569
:1078E000824F014617D1413DEDB2012D13D904233A
:1078F00009F1FF3908F8013B0023CDE90D3809F102
:10790000030323F003030F9339B16FF09204204671
:107910001BB0BDE8F08F0027EEE7019B4B4521D857
:10792000202212A803F00DFA12A8FFF794FA0028FB
:10793000EBD10AAA02A912A8FFF7CBFC48B9019B18
:107940003B44CAF8003012A8FFF78FFA0028DED0B7
:10795000DBE76FF09204F6E76FF08604D7E76FF08D
:107960008404D4E76FF08904D1E76FF08500704795
:10797000FFF7C6BDFFF7F2BDD2F7CEBCD2F7D2BD3E
:10798000FFF7BEBDFFF7EABDD2F7C6BCD2F7CABD4E
:1079900000F008B809B100F007B8222070470121B3
:1079A000D2F766BF0020704770B506460D46FFF758
:1079B00083F804461F2E52D8DFE806F01019511E36
:1079C000212451272A512D5130335136393C513F12
:1079D000514251515151455148514B4ECFF77CFBCB
:1079E000002628602046FFF76DF8304670BD4FF442
:1079F000C070D0F733FAF3E74FF42070F9E74FF493
:107A00004070F6E74FF46070F3E74FF40070F0E772
:107A10004FF48060EDE74FF44060EAE74FF4C06058
:107A2000E7E74FF4F060E4E74FF4B060E1E74FF4CC
:107A3000D060DEE74FF41060DBE74FF4E060D8E79A
:107A40004FF4A060D5E74FF42860D2E74FF4807080
:107A5000CFE74FF42060CCE74FF44860C9E700203F
:107A60002126BEE7D2F724BFD3F7CCB8D3F708B9A5
:107A700070B50C46154610B9D3F7B2F938B1436862
:107A80002BB12A462146BDE87040006818472320E4
:107A900070BDF7B50D4616461C4648B103B901AC9A
:107AA00087685FB12346324629460068B84706E03A
:107AB000D3F796F904B901AC0028F1D1232003B023
:107AC000F0BD07B501228DF807100DF10701FFF792
:107AD000CFFF03B05DF804FB0B4601461846FFF7E5
:107AE000F0BF00230122FFF7D4BF0EB403B503AAF1
:107AF00052F8041B0192D3F77FF902B05DF804EB52
:107B000003B070474FF06042D2F8803E1B02FBD4B6
:107B100070472DE9F84F0F4615461E46002402F126
:107B200004089DF828B002F109094FEA132A5FFA08
:107B300088F84C4502D30020BDE8F88F052C12D8F8
:107B4000DFE804F01E09030B0D0FD1210820CFF749
:107B5000BBFB0134EDE74146F8E7F1B2F6E75146E9
:107B6000F4E75946F2E7AB1DA3420BD0EB1DA3424D
:107B700008D005F10803A34206D0BB1F195DE5E755
:107B80005B21E3E75A21E1E75D21DFE7034670B1BE
:107B900090F8382090F83C002AB1022803D1012245
:107BA00083F83C20704704284FF00102F8D00120F0
:107BB000704780F82C10704790F82C00704790F8B0
:107BC000390070473022037A534303F1A04303F591
:107BD0008023D96ED0E903231344994214BF084689
:107BE0001046704770B504460568D3F7F9F884422B
:107BF00002D10020D3F7E8F895F93600D3F7C2F8A0
:107C000095F93600D3F79EF895F93700D3F7BAF80F
:107C100095F93700D3F796F8287ACFF721FD287A1F
:107C2000CFF784FCCFF760FC00232846C4E900337B
:107C3000C4E90433A360AB6ABDE870401847F8B5E7
:107C400004460D4690F8393081B173B990F83A6026
:107C5000FEF727FF054601213046D5F7F3FB2846FE
:107C6000FEF723FF012384F83930F8BD002BFCD048
:107C700090F83A70FEF715FF064629463846D5F7C4
:107C8000E1FB3046FEF711FF84F83950EDE72DE9AE
:107C9000F843044616460D4690F82C80FEF70CFF7C
:107CA00094F8382003469AB1FEF70CFF94F83B9005
:107CB000FEF7F7FE074601214846D5F7C3FB3846D5
:107CC000FEF7F3FEFEF7F8FE0022034684F83820A4
:107CD0001846FEF7F7FE2E44B54204D10121204696
:107CE000236A98473DE094F82D302BB3FEF7E4FE6D
:107CF000237E0746EBB12046FFF764FFE1680138B9
:107D0000884238BF2069D4F830C03CBF00F1FF3052
:107D1000401803469C450BD013F80129112A01D0C5
:107D2000132A21D1A2F111035A425A4184F8342076
:107D300020633846FEF7C6FE94F83430002BCBD0D3
:107D4000B8F1000F06D02B780A2B03D10D21204665
:107D5000E36998472046E36915F8011B9847002816
:107D6000BAD00020BDE8F883994282BF236903F1AD
:107D7000FF335B18CEE7F8B590F83830044603F0CF
:107D8000FF06A3B93146036A9847012384F83830C7
:107D900094F83B70FEF785FE054631463846D5F728
:107DA00051FB2846FEF781FE022384F83C30F8BDE3
:107DB000026CD36C43F00403D364704710B50446DF
:107DC000026C93695906FCD5002394F849101A46B1
:107DD00094F84800D0F752FF002394F84B101A464D
:107DE00094F84A00D0F74AFF94F85030DA0707D5E4
:107DF000002394F84D101A4694F84C00D0F73EFF3B
:107E000094F850309B0707D5002394F84F101A467A
:107E100094F84E00D0F732FF206C0021C36C23F0A1
:107E20000103C364C36C23F00403C364FEF731FF92
:107E3000606C0021CFF7F8FF002010BD08B5006C82
:107E4000FEF736FF002008BD036CDA6C19B142F072
:107E50000102DA64704722F00102DA64012203F5BC
:107E600000539A64704738B50468206C856C15F02F
:107E700001050BD0012200F500539A6483699B062B
:107E80000FD52046BDE83840FFF775BF042384F8BE
:107E90003C30237E33B9C36C23F00403C364012355
:107EA000237638BD637E1BB394F82D3003B31321C2
:107EB00084F83550FEF7FCFE236CDA6C42F00402C5
:107EC000DA645B6ADBB2112B0DD1012384F8343004
:107ED0003022237A534303F1A04303F58023DB6E62
:107EE000013B2363DDE7132BDBD184F83450EFE74C
:107EF000C36C23F00403C364D3E710B508201C4609
:107F000002F057FD002820600CBF1B20002010BD90
:107F1000002808BF42200A44914200D1704711F85E
:107F2000013B434001F8013C00F00103C0F347006E
:107F3000002BF1D080F0B800EEE708B5D3F7B2FB24
:107F400080B208BD08B5D3F7ADFB08BD08B5FFF793
:107F5000F9FFFA23B0FBF3F080B208BD01207047AF
:107F60000420704740F2016000F046B87047704747
:107F70007047032000F05BB80120704710B50C4635
:107F8000D3F7E8FB08B1006808B9012010BD21460D
:107F9000FFF7A7FD0028F9D01B28F6D1F6E710B5AA
:107FA0000C46D3F7D7FB40B1006830B12146FFF74C
:107FB00088FD003818BF012010BD0120FCE70146F4
:107FC0004FF0FF3003F042BC08B54FF0FF3003F034
:107FD0003FFC80B208BD49BA89B280EA0103C3F30D
:107FE00003125340180380B258405B0103F4FF535F
:107FF0005840704742DE704710B50446FEF758FD02
:108000004FF000534FF20F021C805A80BFF35F8F76
:10801000BDE81040D2F784BE10B4044608461146AD
:1080200022465DF8044BD6F72BBBD6F769BBD6F7D3
:10803000A7BB10B404460846114622465DF8044B1F
:10804000D6F7BCBBD6F74ABCF8B5002706463D4676
:108050003046EAF709FA854200D3F8BD3046EAF720
:1080600003FA441BE4B2202C2946304628BF2024C2
:10807000EAF7C6FB224601463846FFF749FF2C4483
:108080000746E5B2E4E701460120FFF788BF10B5D7
:10809000014604460120FFF771FF18B11B2803D0E9
:1080A00018232370002010BD2720FCE70020704714
:1080B000104430B5054602B930BD01F00F030A2B5C
:1080C00034BF30243724013A2344090905F8013D1F
:1080D000D2B2F0E770B504464518073549420D4065
:1080E000A5F10806304600F066F8A188331BC3F3FB
:1080F000CF036288194489B2D21A25F8041C25F8E6
:10810000062CA28882B1A4EBC202D1805188194406
:108110005180E2887AB1D31A9BB204EBC20425F8ED
:10812000023CA380304670BD15F8082C42F00202D4
:1081300005F8082CEDE725F8022CF3E707B5002237
:108140004FF0FF3101AB0192D4F76AFE019803B002
:108150005DF804FB13460A464FF0FF31D4F760BECA
:10816000D4F72CBF70B50D461E46114693B10023BF
:1081700033608DB180B1454332462846FFF7EAFFB0
:10818000044628B9306818B12A46214602F0D9FDC4
:10819000204670BD2224FBE72124F9E707B5002221
:1081A00001AB0192FFF7DEFF019803B05DF804FB1D
:1081B0000846FFF7C3BF0023038043808380C3804A
:1081C000704710B5FEF76DFC0446D5F7A1F82046C0
:1081D000BDE81040FEF769BCD5F728BD4FF4C87064
:1081E000D5F7D6B97047002307B5684600938DF8D8
:1081F0000430D0F7EDFB03B05DF804FB2DE9FF413F
:108200000D4616461F460446A8B14FF00008C0F8B8
:108210001C80D5F72BFEBDF82C30424602939DF80A
:1082200028302946CDE9007320463346D5F778FD3E
:1082300004B0BDE8F0812220FAE7F0B51F46002324
:1082400087B00D46164604468DF81730A8B1C361B5
:108250000DF11701D5F73CFE9DF817207AB9BDF84E
:108260003430294602939DF830302046CDE9007322
:108270003346D5F755FD07B0F0BD2220FBE70320BC
:10828000F9E738B5FEF718FC0546D6F72FF804468F
:108290002846FEF717FC204638BD00F03AB800F03B
:1082A00049B800210846D0F7AFBF00F001018307AD
:1082B00048BF41F002010020D0F78CBF10B5044642
:1082C0000020D0F799FF012C04D0022C05D1C0F377
:1082D000400010BD00F00100FBE70020F9E738B5D1
:1082E000FEF7EAFB04460020D0F786FF830700F084
:1082F000010548BF45F0020500F003010020D0F75A
:1083000075FF2846D5F7E0FE2046BDE83840FEF769
:10831000D9BB002008B5D0F76FFF10F0080008D0D7
:1083200000200821D0F762FFBDE808400020D0F708
:1083300089BF08BD04210020D0F758BF08B5DAF77F
:1083400081FF02F05DFB02F08AFB02F05BFBBDE8FF
:10835000084002F06EBB08B502F06CFB02F06BFB4C
:1083600002F06AFBBDE8084002F06FBB70472DE9E0
:10837000F34112F001050446884622D110F00305AE
:1083800025D12F465208BA4209D1D0F781FD0026E7
:10839000B74204EB860008D1D0F78AFD11E054F80B
:1083A000273001330CD10137EDE7042258F826308D
:1083B0000DEB0201019308F0CFFD30B1D0F778FD4D
:1083C0003D25284602B0BDE8F0810136E0E70125F1
:1083D000F7E71FB52A38062869D8DFE800F0040B54
:1083E0002C4D52575E0007F061FB04F066FE012041
:1083F00004B010BDE7F7F8FD0446E7F7F5FD8DF88A
:108400000000E7F7F1FD8DF8010004F04CFEADF837
:108410000200E7F7E9FD0DF105018DF804000820E1
:10842000E7F7EAFDE7F7E0FD69468DF80D00204625
:1084300004F023FAD9E7E7F7D7FD694607F027FBF1
:1084400004F03BFE9DF80000E7F7ECFD9DF801000D
:10845000E7F7E8FDBDF8020004F01BFE9DF80400FC
:10846000E7F7E0FD08200DF10501E7F7EBFD9DF8CA
:108470000D00E7F7D7FDBAE7E7F7B6FD04F0FFF91F
:10848000B3E7E7F7B1FDF4F781FEF2E7E7F7ACFDFC
:10849000F5F7FAFE04F0FDFDA9E7E7F7A5FD0446B0
:1084A00004F001FE01462046F5F714FF9FE7002087
:1084B0009EE7833810B50A2843D8DFE800F006119C
:1084C00014171A1D202A2F343E00E7F78DFD0038BF
:1084D00018BF0120E5F784FC04F0EFFD012010BD7A
:1084E000E5F7F8FCF8E7E5F71FFDF5E7E5F72CFD04
:1084F000F2E7E5F739FDEFE7E5F746FDECE7E7F7EB
:1085000073FD0446E7F786FD0146204604F05CF95A
:10851000E2E7E7F769FDE5F78DFDDDE704F089F9AE
:10852000E7F780FDDAE704F0BEFD0446E7F75CFDFF
:1085300041B22046E5F790FDCEE704F07DF9C0B2E8
:10854000EEE70020CBE7B0F5807F07B507D040F21B
:108550000113984209D0002003B05DF804FB00F03D
:108560000BFCE7F75FFD0120F6E7E7F73DFD694605
:10857000D8F7ACF904F0A1FD684604F0F6FFF2E785
:1085800070B574288CB027D006D86F2827D07328F0
:1085900017D000200CB070BDA8283BD0A928F8D176
:1085A00004F081FD044602A90820E7F725FD07A98C
:1085B0001020E7F721FD204607AA02A907F0F8FDE1
:1085C00006E0102007A9E7F717FD07A807F0F2FD5E
:1085D00004F073FD0120DDE7F9F78EFFF8E702A84C
:1085E00004F03DFEE7F700FD0446E7F7FDFC054615
:1085F000E7F710FD07AE211E03462A4618BF0121EA
:10860000009602A804F03EF904F057FD304604F04D
:108610001BFEDFE704F047FD044602A90820E7F748
:10862000EBFC07A90820E7F7E7FC204607AA02A908
:1086300007F085FDCCE7002070474FF6FF707047CC
:10864000FF20704700207047022004F036BD08B5B7
:108650000E2004F032FD012008BD7047D3F714BE90
:10866000704708B5D3F708FDBDE80840EAF7F6BE45
:108670007047704708B5FFF7FBFFFFF7FAFF08BD2B
:10868000704708B5D3F7F8FCFFF7FAFF02F047FA96
:10869000BDE80840D7F7D4BD002070479DF804001E
:1086A00070470020704700207047704738B5054676
:1086B000FEF7F7F9044601212846D4F7C3FE204609
:1086C000BDE83840FEF7F1B90120704708B5E7F77B
:1086D000E3FBB0FA80F0400908BD08B5D7F760FEAB
:1086E00000280CBF0420012008BD082808D84FF43A
:1086F0008B73C34013F0010F14BF0020212070477B
:1087000021207047012070470120704700207047EA
:1087100008B5022004F0D1FCBDE808400020E7F7CE
:1087200081BC022004F0C9BC70472DE9F341044626
:108730000D4616461F46DDF82080CDF8008002F079
:108740004FFA3B46324629462046CDF80080FFF7D7
:10875000EBFF02B0BDE8F0811FB5089C02949DF8C4
:108760001C400194BDF818400094E6F7CBFA04B021
:1087700010BD08B5E5F7DEFE08BD70472DE9F341F1
:1087800016461F4604460D46BDF82080CDF80080F1
:1087900002F028FA33464246294620460097FFF762
:1087A000ECFF02B0BDE8F081704708B502F01BFA9B
:1087B000FFF7FAFF08BD012070472DE9F04105469B
:1087C0000E4617469846FFF7F6FF044643462846EE
:1087D0003A46314602F009FA2046BDE8F081012010
:1087E00070472DE9F04105460E4617469846FFF7BB
:1087F000F6FF0446434628463A46314602F0F6F96B
:108800002046BDE8F08102F0F2B9F8B505460E4603
:10881000174608F044F804463A462846314602F026
:10882000E8F92046F8BD02F0E5B9704710B50446F6
:1088300002F0E2F92046FFF7F8FF10BD704738B5A7
:1088400004460D4602F0DAF929462046FFF7F6FF06
:1088500038BD704770B504460D46164602F0D0F993
:10886000324629462046FFF7F4FF70BD704738B501
:1088700004460D4602F0C6F929462046FFF7F6FFEA
:1088800038BD704738B504460D4602F0BDF929469B
:108890002046FFF7F6FF38BD70472DE9F341044647
:1088A0000D4616461F469DF82080CDF8008002F048
:1088B000ADF93B46324629462046CDF80080FFF709
:1088C000EBFF02B0BDE8F081704738B50546E5F72B
:1088D000CFFC04460146284600F0D2F9204638BDB8
:1088E00038B504460D4602F099F929462046FFF7AF
:1088F000EBFF38BD704738B50546E5F727FD044660
:108900000146284600F0BAF9204638BD38B504467D
:108910000D4602F084F929462046FFF7EBFF38BDEB
:10892000704710B5044602F07BF92046FFF7F8FFC8
:1089300010BD704738B504460D4602F073F929465C
:108940002046FFF7F6FF38BD704770B504460D4668
:10895000164602F069F9324629462046FFF7F4FF31
:1089600070BD704738B504460D4602F05FF92946E0
:108970002046FFF7F6FF38BD704738B504460D4670
:1089800002F056F929462046FFF7F6FF38BD70473A
:1089900070B504460D46164602F04CF9324629469B
:1089A0002046FFF7F4FF70BD704710B5044602F093
:1089B00043F92046FFF7F8FF10BD704710B5044695
:1089C00002F03CF92046FFF7F8FF10BD704710B5E4
:1089D000044602F035F92046FFF7F8FF10BD704756
:1089E00070B504460D46164602F02CF9324629466B
:1089F0002046FFF7F4FF70BD704710B5044602F043
:108A000023F92046FFF7F8FF10BD704738B504463C
:108A10000D4602F01BF929462046FFF7F6FF38BD48
:108A20007047F8B504460D4616461F4602F010F989
:108A30003B46324629462046FFF7F2FFF8BD704715
:108A400070B504460D46164602F004F93246294632
:108A50002046FFF7F4FF70BD7047F8B506460C4698
:108A600017461D4602F0F8F83B4632462946204696
:108A7000FFF7F2FFF8BD704710B5044602F0EEF8BC
:108A80002046FFF7F8FF10BD704738B504460D4685
:108A900002F0E6F829462046FFF7F6FF38BD70479A
:108AA00010B5044602F0DEF82046FFF7F8FF10BDCF
:108AB00070472DE9F34104460D4616461F46DDF882
:108AC0002080CDF8008002F0CFF83B4632462946A0
:108AD0002046CDF80080FFF7EBFF02B0BDE8F08143
:108AE000704738B504460D4602F0C0F829462046C6
:108AF000FFF7F6FF38BD0E2070470E20704738B5DF
:108B00000446FFF7FAFF0546204602F0B1F820467A
:108B1000FFF7F1FF284638BD704710B5044602F054
:108B2000A8F82046FFF7F8FF10BD0020704700208E
:108B3000704738B50446FFF7FAFF0546204602F0B5
:108B400099F82046FFF7F1FF284638BD70472DE918
:108B5000F04F91B0249C9DF888B00A94239C9DF816
:108B60007C90CDE908B4209C9DF868509DF86C601D
:108B70009DF870709DF87480CDE905941E9C9DF859
:108B800084A0CDE90384CDE901670095CDE90E23EA
:108B9000CDE90C01CDF81CA002F06DF8DDE90C0167
:108BA000249BCDE901670A93239BCDF81CA0CDE956
:108BB00008B3209B0095CDE905931E9BCDE9038367
:108BC000DDE90E23FFF7C2FF11B0BDE8F08F08B555
:108BD00002F06DF801F0FDFE08BD00207047022094
:108BE00070470020704730B589B00446ADF80610D4
:108BF0008DF81020EAF706F805462046EAF712F845
:108C000003469DB1BDF80600ABB905F004FAFF2894
:108C100008BF00200DF10F038DF80F001A46204603
:108C200004990593D7F7FEFB09B030BD0028F5D0B5
:108C30000DF10603F2E705F0EEF9FF2808BF00206A
:108C4000BDF806308DF80F00ADF81A308DF8180019
:108C500006ABE3E7D3F7ACB908B5E8F713FC002897
:108C600040F6124018BF002008BD01207047704731
:108C7000704770477047704770477047FFF746BEB0
:108C8000FFF72EBEFFF7DCBEFFF7CBBE10B49DF89A
:108C9000044001945DF8044BFFF7FFBDFFF741BEB0
:108CA000FFF748BEEAF78ABB2DE9F0419DF818406E
:108CB0009DF81C509DF820609DF824709DF82CC0F4
:108CC0009DF834E09DF83880CDE90867CDE90DE8DE
:108CD000CDE90645CDF82CC0BDE8F041FFF737BF20
:108CE000FFF763BEFFF731BEFFF71FBDFFF745BEBD
:108CF000FFF738BEFFF74CBE30B4BDF808409DF812
:108D00000C50CDE9024530BCFFF726BDFFF77BBD17
:108D1000E5F7D0B9E5F7BAB9FFF791BDFFF79ABD0E
:108D2000FFF7FBBEFFF7A3BDFFF7ACBDFFF7C1BE6A
:108D3000FFF756BEFFF761BEFFF768BEFFF747BFFC
:108D4000FFF774BDFFF73ABE04F08BBCE8F746BBF3
:108D5000EAF7D2BBE9F7F0BF10B4BDF804400194C4
:108D60005DF8044BFFF70ABDFFF78FBEFFF775BE36
:108D7000FFF782BEFFF794BE2520704710B514465A
:108D8000D2E90032D5F7BCFC08B1002323600038DB
:108D900018BF012010BD00207047704700207047A9
:108DA00070470E20704701207047704701207047C0
:108DB000012070470E20704737B5427B0446D0072C
:108DC0000D4605D56078F1F7EFFCC8B103B030BDB2
:108DD000930731D5C2F3800310074FEA8313ADF830
:108DE00006300DF1060248BF43F4806304F104002D
:108DF00048BFADF8063006F070F908B92D20E5E758
:108E000008222946201D01F082FF2B7C00202373BD
:108E1000AB89590642BF627B42F0040262735A0575
:108E200042BF627B42F0080262731B0742BF637B52
:108E300043F002036373C9E70120C7E77FB510223F
:108E400001AB02A9019200F0AEFC50B902A806F0F5
:108E5000E3FD80F00100C0B200F0010007B05DF852
:108E600004FB0020F8E730B5427B044612F0010510
:108E70008BB015D000212822684601F062FF6946B8
:108E80006078D8F74BFD48B9DDF81D306360DDF838
:108E90002130A360637B43F0020363730BB030BDEA
:108EA000930701D42D20F9E7D200012102F08002BE
:108EB0000430D8F77FFDFF286070F3D0637B28462D
:108EC00043F001036373E9E7704708B500F07DFCE8
:108ED000003818BF012008BD07B50378072B0FD154
:108EE000407800F5403000F50070102201AB01928F
:108EF00000F059FC003818BF012003B05DF804FBF6
:108F0000082B05D1407800F5403000F54070ECE7C3
:108F10002620F2E730B503780446072B0D4687B0CC
:108F200019D1437803F5403000F50070059000F04A
:108F30004CFC1023CDE90153012300934FF4105151
:108F400040F20133226905A800F002FC003818BF86
:108F5000012007B030BD082B05D1437803F5403020
:108F600000F54070E2E72620F3E773B505460E46AC
:108F7000FFF779FF0446E0B96B7B9B070ED4687856
:108F8000102200F54030314601AB00F5807000F052
:108F90000AFC50B10124204602B070BD02460821EF
:108FA000281D04F0EFFF0028E9D0304606F0EBFA68
:108FB000F1E72D24EFE738B5427B0446930707D548
:108FC000D200012102F080020430D8F7F3FC607077
:108FD0006178FF2902D12D25284638BD00220120C5
:108FE000D8F75CFD05460028F5D1607800F54030E3
:108FF00000F5807000F0E9FBEEE7102310B590B0AB
:10900000CDE90113002300934FF410510269044687
:1090100040F2013305A800F09BFB014648BB252226
:109020000DF11B0001F08DFE6368627BCDF83530D9
:10903000A36812F0040FCDF83930059B06A80793FA
:109040004FF001038DF81A300CBF8023C0231107A5
:1090500048BF43F48063ADF81830930742BFBDF8B2
:10906000183043F00803ADF81830F1F733FB10B0B7
:1090700010BD0120FBE710B58AB00C4601A9FFF72F
:109080009BFE40B96B4610222146069800F08BFBF0
:10909000003818BF01200AB010BD10B58AB02422D4
:1090A0000446002101A801F04CFE0023ADF8023077
:1090B000637B590744BF4022ADF802201A0742BF24
:1090C000BDF8022042F48062ADF80220DB071CD517
:1090D000607801A9F1F768FB10B12D200AB010BD2E
:1090E00001AB03CB637B606043F00203A160637359
:1090F00004A9201D05F0F3FF0028EED0069800F02B
:1091000064FB003818BF0120E8E70DF1020201A955
:10911000201D05F0E2FF0028EAD1DEE710F1870FFD
:1091200006D030B110F1950F0CBF2C2001207047F4
:1091300021207047D8B1D1B14388C3B90378013B2E
:10914000082B14D8DFE803F00507090B0D0D0F0FEE
:109150001100D7F7A7BFD8F739B8FFF74EBFD8F738
:10916000E9B8D8F7ABB8FFF7D5BED8F79FB921203B
:10917000704738B50D4639B330B30378013B082B3F
:1091800020D8DFE803F0050D1013161619191C007E
:10919000D7F7E2FF0446284606F0F5F9204638BD29
:1091A000D8F74CF8F6E7FFF766FFF3E7FFF7DDFEC9
:1091B000F0E7D8F76FF8EDE7FFF78EFEEAE7D8F7AC
:1091C00091F9E7E72124E6E72124E7E770B586B0C7
:1091D000064601A80C461546D7F7FEFE04238DF877
:1091E00004301CB12068616802AB03C3294601A8A2
:1091F0008DF80560FFF79EFF06B070BD70B586B0B4
:10920000044601A80D461646D7F7E6FE032320685C
:1092100061688DF8043002AB8DF8116003C32946F4
:1092200001A8FFF787FF06B070BD0022FFF7E6BF79
:1092300030B585B00D4669460446FFF79AFF20B960
:109240002A4621466846D8F7A3F905B030BD10B5C7
:10925000044686B011230622012001A9E9F73AFC51
:10926000A3789DF814209A4207D08DF81430062276
:109270001123002001A9E9F72DFC1123022201206E
:1092800001A9E9F727FCE3789DF814209A4207D05A
:109290008DF8143002221123002001A9E9F71AFCED
:1092A00006B010BD30B5437B044613F001020D46F5
:1092B0008BB007D0407801A9F1F776FA70B12D2074
:1092C0000BB030BD9B07FAD5ADF8022001A90DF116
:1092D0000202043005F001FF0028F0D000210E2228
:1092E000A81C01F02EFDBDF810302B80039BAB6055
:1092F000BDF81230AB819DF81430237301AB03CB62
:109300006060A1600020DBE770B5437B0446DB07AB
:109310000E468AB003D42D2528460AB070BD694692
:109320004078D8F7FBFA05460028F4D1DDF81D3067
:109330000E226360DDF821300146A360637BB01C20
:1093400043F00203637301F0FCFCBDF80030069AA1
:1093500043F004033380059BB2607360DCE70B4687
:1093600010B5044610220021184601F0EAFC2278CC
:10937000032A09D0042A0DD0022A11D10146204621
:10938000BDE81040D8F76EBA01462046BDE810404F
:10939000FFF788BF01462046BDE81040FFF7B4BF85
:1093A000262010BDF8B5074608460C4616461D4651
:1093B000D7F712FE04232370637B314643F0010389
:1093C000204667706373FFF7D4FE08B12D20F8BD07
:1093D00029462046FFF7C3FF0028F8D0F6E7F8B586
:1093E000054608460C461F461646D7F7F5FD0423EA
:1093F000237025B108222946E01801F088FC637B20
:1094000043F0020363734EB9324601212846D8F770
:10941000D1FAFF28607007D12D20F8BD31462046D3
:10942000FFF7A7FE0028F7D1637B43F001036373C6
:109430000DB90020F1E7002FFBD039462046FFF799
:109440008EFFF6E7F8B50C460746084616461D4659
:10945000D7F7C2FD03232046394600F8043B082213
:1094600001F055FC637B314643F0020320466373F1
:10947000FFF77FFE08B12D20F8BD29462046FFF7F3
:109480006EFF0028F8D0F6E7F8B5074608460C4608
:1094900016461D46D7F7A0FD03232370637B314694
:1094A00043F00103204667706373FFF762FE08B163
:1094B0002D20F8BD29462046FFF751FF0028F8D09F
:1094C000F6E70120704718B180220121D8F772BA5F
:1094D000FF20704730B589B00D46FFF7F4FFFF2835
:1094E000044612D019230246194601A8FEF794FD3E
:1094F0002868696801AB03C319232146184601AAED
:10950000FEF793FD002009B030BD2D20FBE70023BE
:1095100007B51A4619460093F2F7A4FEB0FA80F098
:10952000400903B05DF804FB7047704700207047A6
:1095300070470F20704770479DF8000070470F205C
:1095400070470F207047002070470F2070470020A1
:1095500070470020704784B08DE80F00002004B0F1
:109560007047002070477047704700207047704771
:1095700000207047704700207047012070477047F7
:109580000020704700B58FB061B105AB01AA09A9F1
:10959000FFF725FF20B99DF825000FB05DF804FB0B
:1095A000FF20FAE70220F8E710B586B0044601A8CC
:1095B000D7F712FD04238DF80430012301A88DF89C
:1095C00005408DF81130D7F731FF002818BF212052
:1095D00006B010BD002310B586B00C461A4601A98E
:1095E000FFF7FDFE9DF80500FF2807D0002C0DBFFA
:1095F0000422002204210021D8F7BAFA06B010BDD7
:1096000030B587B0044601A81546D7F7E5FC4FF6FC
:10961000047320686168ADF8043002AB03C32946C7
:1096200001A8FFF787FD054630B105212046FFF769
:1096300083FB002007B030BD9DF80500FF28F8D05F
:1096400002222946D8F794FA01212046FFF774FB3D
:1096500028462946F2F7F4FE0120EBE70088704720
:109660000170090A4170704710B50024E3B210B9C7
:10967000C3F10303DBB20134042CCA544FEA1222B3
:10968000F4D110BD10B50B784C788A78C97828B918
:1096900010462246044608461946034642EA01207F
:1096A00043EA042343EA004010BD2DE9F84FDDF8FA
:1096B000289016469A4680460C469DF82CB00C9F82
:1096C000CFF750FC431F5D425D41B6F5885F2AD15C
:1096D000BBF1000F04D1C4F804B00023A36009E07B
:1096E000BBF1010F08BFD8F800304BEA052508BFD1
:1096F000A360656019F4805F18BF49F4806919F4AC
:10970000005FE36918BF49F40069C4E9039AC3B96B
:1097100026804FF6F8724FF6FF73974288BF1F46B8
:109720006780BDE8F88FBBF1010F08BFD8F80030A3
:109730004BEA05256560EDB208BFA360002DD9D1C5
:10974000CBE7002331461A46204600F070FDE0E7E3
:109750002DE9F04304468FB00D46DDE91789164622
:109760000021242205A81F4601F0EBFAC4B1B8F18C
:10977000000F15D04FEAC90302939DF858302A46CE
:109780002046CDE9007305A93346FFF78EFF234637
:109790004A46414605A800F0BFFA0FB0BDE8F08385
:1097A0006FF08600F9E710B421B11BB15DF8044BEE
:1097B00000F06EBA6FF086005DF8044B704709B197
:1097C00000F01BBA6FF08600704700F002BA10B5C7
:1097D0001C46002386B005934AB144B105AB029301
:1097E0001023CDE90043D8F757FF06B010BD6FF046
:1097F0008600FAE710B51C46002386B005934AB1EF
:1098000044B105AB02931023CDE90043D8F770FEB5
:1098100006B010BD6FF08600FAE72DE9F04F9B46C9
:109820008BB09DF85040179B07468846184659460E
:10983000924622469DF858909DF8545001F067FAE0
:1098400003464FEA094101F47C1141F0A8612E1B47
:1098500009AA41F480710BEB040006EB090C2344C8
:109860000692BAF1000F16D0CDE9043CCDE902060C
:109870000D2342463846CDE900B400F08EFB10F1CE
:10988000950F04D16FF094000BB0BDE8F08FB8B124
:109890006FF08600F8E7CDE90436CDE9020C0D2320
:1098A00042463846CDE900B400F007FC10F1950FB0
:1098B000E8D00028ECD1099BB342E9D10020E3E7CE
:1098C000099B4D442D1B9D42F7E710B5044608B196
:1098D000D8F7FCF92046BDE81040FEF741BC00F483
:1098E000E040B0F5805F04D0A0F5005358425841E5
:1098F00070470120704738B5037904460D463BB9DF
:10990000A368022120462B6000F08BFD38B938BDDA
:10991000D0E9091200F01BFE0028F1D0F7E7002380
:109920002B60F4E700232DE9F341D0E901680446F8
:109930000F4630461146136000F0DAFD054688B93F
:10994000304600F0D7FD054660B9F6B276B9B8F1F9
:10995000000F05D1E36823F47F4323F0030363B1D1
:109960006FF08605284602B0BDE8F0810146A06888
:1099700000F046FD0028EDD1F2E74FF6F87362885B
:109980009A421ED8238B012BEAD8394601A8D8F772
:10999000C7FF05460028E5D10FCC3F683E460FC6FD
:1099A00094E807003B7986E807000BB9019BBB6090
:1099B0003B8B012123F0010338463B8300F031FD4E
:1099C000D0E76FF08505CDE741F2052398421AD81C
:1099D000B0F5905F09D241F2010398420CD0B0F586
:1099E000885F09D06FF0850070472923A0F590505B
:1099F00080B2C340DB07F5D511F0070F0CBF002084
:109A00006FF086007047B0F5105FEBD121F0400396
:109A1000802B06D0B1F5807F0CBF00206FF0860050
:109A200070470020704770B5446A05460E463CB941
:109A30000120FEF7B3FB686228B12046AE6270BD1C
:109A40006FF08A00FBE76FF08C00F8E7F8B50F467F
:109A5000114606461546FFF7E6FF044620B92A469A
:109A60003946706A01F036F92046F8BD2DE9F0411B
:109A7000089D88461F46048802B32046FFF72FFF43
:109A8000E0B12B680BB9D3002B6020462968FFF7A3
:109A90009BFF044678B9CE1DB2EBD60F11D1069BC1
:109AA0009A4211D84146384601F014F92B68079ABA
:109AB0000733DB0813602046BDE8F0816FF08504B2
:109AC000F9E76FF08604F6E76FF08904F3E72DE914
:109AD000F04F456885B02D0A0446DDE90E678946DA
:109AE00092469B46DDF8408006D0012D18D06FF0DD
:109AF000860005B0BDE8F08FCDE901780096FDF74E
:109B000034FF10F1860FF4D15B4652464946204699
:109B1000CDE90F780E9605B0BDE8F04FFFF7A6BF70
:109B2000CDE90F780E9605B0BDE8F04FFDF71CBEED
:109B300010B50446406A10B1A16AFFF7C6FE0020C6
:109B4000C4E9090010BD38B50546FFF7F1FF95F8E7
:109B500020300446043B012B0CD8EB69002B0CBFD2
:109B600004466FF096042C220021284601F0E9F803
:109B7000204638BD6FF09604F5E710B5044638B1BD
:109B8000042100F04EFC2046BDE81040FFF7DBBF8B
:109B900010BD38B590F820300546052B16D1047954
:109BA000FF2C07D1FFF7CFFF041E08BF6FF084041E
:109BB000204638BD1CB1806800F0AEFC0446284643
:109BC000FFF7C1FF002818BF0446F1E76FF08804D3
:109BD000EEE707B558B1012201A9D8F7DDFE30B98B
:109BE000019800F056FC28B10198FFF7D2FF03B0AE
:109BF0005DF804FB6FF09900F9E7F7B504460846F5
:109C00000E4600F008FB002320461A4601A9D8F7AB
:109C1000FFFB78B9019F34463D460FCD0FC495E850
:109C2000070084E80700338B384603F001033383D1
:109C300000F034FC03B0F0BD70B5144602881D4638
:109C40001046049EFFF74BFE68B944F2010322F46C
:109C50004050984207D002F44F42B2F5824F02D0F2
:109C6000B2F5844F0ED1B4420FD82246284601F0F7
:109C700031F80021321B281901F063F80020059B00
:109C80001C6070BD6FF08500FBE76FF08900F8E79E
:109C90002DE9F04188461F4616468CB0002A38D080
:109CA000002301223B6002A9D8F7B2FB0446B8B9F1
:109CB000DDF808C003AC6546CDE90A000FCD0FC43E
:109CC00095E80700049B84E80700DCE909121B0AF9
:109CD0000AD0012B16D0604600F0E0FB6FF086043E
:109CE00020460CB0BDE8F0814346CDE9006703A8EB
:109CF000FFF7A2FF0446029800F0D0FB002C08BF3B
:109D00000446EDE74346CDE9006703A8FDF7AEFD45
:109D1000F0E76FF08904E3E72DE9F0411F460023E7
:109D200088B0054688461646CDE9043307923B6065
:109D3000002A61D0B2F1005F61D205AA04A9FFF741
:109D4000F1FD0446A0B9049B5A6AAAB1049B41469E
:109D50005A882846069206AA029203F12802019226
:109D60009A6A00925B6A3246FFF7B1FE0446E8B198
:109D70000498FFF702FF35E06B681B0A07D10799CB
:109D80000498FFF750FE04460028DFD0F0E7012BCF
:109D900003D007926FF08604EAE7284607A90796E2
:109DA00000F065FA04460028E9D0E1E70498069B34
:109DB0004288DAB943804FF6F872934219D82B885B
:109DC00013B102889A42E5D12B6A002BE2D16B884D
:109DD00013B142889A42DDD13946FFF78CFD044623
:109DE0000028C5D1204608B0BDE8F0819A42D1D103
:109DF000E1E76FF08504BBE76FF08604F2E76FF0F0
:109E00008504EFE72DE9F04F0E464FF0000C864633
:109E1000154693B009AC0F460FCE0FC40FCE0FC43A
:109E200033686246236070466346C5F800C005A9E2
:109E3000CDE905CCCDE907CCD8F7EAFA044658B904
:109E4000059B9868FDF7C9FA059C064670B9E3685A
:109E50009B070BD46FF084040698FFF78EFE0598DD
:109E600000F01CFB204613B0BDE8F08F3B882BB1FF
:109E700022889A4202D06FF08604EDE73B6A002BFD
:109E8000F9D17A8863880AB19A42F4D1ADF82630C4
:109E9000DDF834A02388D4F8109051464A4618467D
:109EA000ADF824300393D7F73DFF0746DDF838B00F
:109EB000D4F81480039B424659461846D7F732FF20
:109EC0002FB9BAF1000F02D0B9F1000FD3D128B9E0
:109ED000BBF1000F02D0B8F1000FCCD1E2680C9BAF
:109EE0000E90134006A907AA09A8CDE90C37FFF781
:109EF00019FD04460028AFD1002E3FD1069B5A68B9
:109F0000059B5B681B0AB3EB122F02D06FF0850430
:109F1000A2E70A9B1B0A39D008A909A800F0A7F9F3
:109F20000446002898D108990698FFF77CFD04465E
:109F3000002891D1DDE905305A68120AE6D1D3E94B
:109F400009120A9C436A240A012C50F8286F92D106
:109F5000CDE9006009A8FDF77DFC044600287FF4E8
:109F60007BAF29460698FFF7C6FC044600287FF41D
:109F700073AF059800F092FA044673E70A9B1B0A38
:109F8000CAD1059B5B681B0A7FF464AF059B0698EA
:109F9000D3E90912FFF75AFDDFE72DE9F04F1E461E
:109FA000002397B0DDF898A08346DDE924970846A2
:109FB000CAF800300D469046D8F7D8F90446002874
:109FC00062D12B464FF4807258460CA9D8F720FA7C
:109FD0000446002858D1DDF830B00DACDC46CDE9A0
:109FE0001400BCE80F000FC49CE8070084E80700D9
:109FF00031462846D8F7A8F90446002841D1DBE9C4
:10A00000091B0E9B1B0A0BD0012B41D06FF086045D
:10A01000002F36D03A460021484600F092FE30E04C
:10A02000239B5A460593229BCDE9077A0493219BF3
:10A03000CDF818900393209BCDF80080CDE9016303
:10A040000DA82B460B91FDF79BFC10F1860F0446E3
:10A050000B9914D1239B5A460593229BCDE9077A8D
:10A060000493219BCDF818900393209BCDF800809A
:10A07000CDE901630DA82B4600F0AFF80446002C93
:10A08000C6D10C9800F00AFA204617B0BDE8F08F50
:10A09000239B5A460593229BCDE9077A0493219B83
:10A0A000CDF818900393209BCDF80080CDE9016393
:10A0B0000DA82B46FDF75CFCE0E72DE9F04F1E46AE
:10A0C000002397B0DDF898A08346DDE92497084681
:10A0D000CAF800300D469046D8F748F904460028E3
:10A0E00062D12B464FF4007258460CA9D8F790F96C
:10A0F0000446002858D1DDF830B00DACDC46CDE97F
:10A100001400BCE80F000FC49CE8070084E80700B7
:10A1100031462846D8F718F90446002841D1DBE932
:10A12000091B0E9B1B0A0BD0012B41D06FF086043C
:10A13000002F36D03A460021484600F002FE30E0BB
:10A14000239B5A460593229BCDE9077A0493219BD2
:10A15000CDF818900393209BCDF80080CDE90163E2
:10A160000DA82B460B91FDF70DFC10F1860F044650
:10A170000B9914D1239B5A460593229BCDE9077A6C
:10A180000493219BCDF818900393209BCDF8008079
:10A19000CDE901630DA82B4600F02DF80446002CF4
:10A1A000C6D10C9800F07AF9204617B0BDE8F08FC0
:10A1B000239B5A460593229BCDE9077A0493219B62
:10A1C000CDF818900393209BCDF80080CDE9016372
:10A1D0000DA82B46FDF7CEFBE0E707B50146184674
:10A1E0004A880DF10703098800F013F86FF0850025
:10A1F00003B05DF804FB07B5014618464A880DF127
:10A200000703098800F005F86FF0850003B05DF8DA
:10A2100004FB0020704710B50446C069FDF7A0FF9D
:10A220002046BDE810402422002100F08ABD2DE91F
:10A23000F04105460F4690461C469BB11946012049
:10A24000FDF7ACFF064678B12246414600F042FDDC
:10A25000E86908B1FDF784FF0020C5E907642F8095
:10A26000BDE8F0811E46F3E76FF08C00F8E7426826
:10A2700070B5120A0588438806D0012A56D00023FB
:10A280006FF086000B6022E005F4E042B2F5805FDB
:10A2900002D0B2F5005F05D10733DB0840D16FF083
:10A2A000850014E005F44F42B2F5844F03D1073323
:10A2B000DB080AD1F3E747F20102954208D15B08B7
:10A2C0000133DB0803EBC3033B3300200B6070BD9D
:10A2D00044F20102954202D1DB081033F5E747F260
:10A2E0000202954204D1DB0803EB43035A33ECE747
:10A2F00044F20202954204D1DB0803EB43034A33E4
:10A30000E3E725F0FF05B5F5E24FD0D0B5F5824F74
:10A31000C5D10733DB085B000133012BD5D1BEE784
:10A3200025F0FF05B5F5824FCFD1F6E705F4E046FD
:10A33000DC1DB6F5805F25F0FF024FEAD40002D0A5
:10A34000B6F5005F06D100284AD0B2F5824F07D19A
:10A35000034640E005F44F46B6F5844F02D190B372
:10A36000C31C32E047F20106B5420DD15B08013350
:10A37000DB0803EBC3033B330333800723F0030302
:10A3800035D1072C23D132E044F20106B54202D187
:10A39000DB081033F0E747F20206B54204D1DB08D0
:10A3A00003EB43035A33E7E744F20206B54204D114
:10A3B000DB0803EB43034A33DEE7B2F5E24FCED0CE
:10A3C000B2F5824F05D00B68033323F003032C331F
:10A3D0007BE743000133012B00D10B68013BCBE746
:10A3E000B2F5824F0B6806D0033323F00303B2F5B6
:10A3F000824FECD102E0023323F003030433E6E79B
:10A4000003466FF040420846591E914207D338B1C7
:10A4100003F1404393428CBF00200120704701208C
:10A42000704790F82030052B11D8DFE803F0030BBC
:10A4300016141F214B1E012B09D9042907D06FF0D8
:10A4400087007047022902D00B1F012B0BD880F820
:10A45000201000207047022902D0CB1E022BF5E706
:10A46000C369002BF3D06FF0880070470529EED048
:10A470000029ECD0F7E710B503210446FFF7D1FF20
:10A4800030B9E3695A1C0EBF6FF096000133E361E7
:10A4900010BDC069B0FA80F04009704708B90020CB
:10A4A000704790F82020032A08D1C269EAB1013A26
:10A4B000C261002AF3D10221FFF7B3BF052A09D0F8
:10A4C000042A0FD1C26982B1013AC261002AE6D1E1
:10A4D000FFF739BBC26942B1013AC261002ADED13D
:10A4E000FFF757BB6FF0880070476FF0960070471A
:10A4F00000207047C0B2FF280CBF6FF0860000201C
:10A50000704707B500216A46FCF76FFF8C3018BF13
:10A51000012003B05DF804FB13B500216A46044630
:10A52000FCF763FF8C3002D1002002B010BD002187
:10A530002046CFF70FFD014610B16FF09800F4E709
:10A540006A462046FCF751FF8C30EDD0F5E72DE947
:10A55000FF4107461446884600293FD0002A3DD0D7
:10A56000B2F5005F3DD202F1240631460120FDF72D
:10A5700015FE0546C0B303463A4621464046D8F785
:10A5800085FABF6800243846FFF7BBFF01281FD0BB
:10A5900021462B46324638460094CFF719FC014637
:10A5A000C8B9384602AAFCF720FF044620B9029B2E
:10A5B0009E4205D06FF0980438460021CFF7CAFCC0
:10A5C00031462846FFF781F9204604B0BDE8F08106
:10A5D0006FF08A04F4E76FF09804F1E76FF08604F7
:10A5E000F2E76FF08D04EFE76FF08C04ECE7FFF714
:10A5F0006CB92DE9F047D0F808A086B081468846AE
:10A6000017465046002104AAFCF7EFFE044610BB93
:10A61000049E01203146FDF7C1FD0546002837D0D4
:10A620002146504604AA0394FCF7DFFE044670B9A5
:10A6300003AB02462146CDE9005350463346CFF7DF
:10A6400033FC039B04469E4209D06FF098043146C8
:10A650002846FFF73AF9204606B0BDE8F087002803
:10A66000F5D13B46424631462846CDF80090D8F712
:10A670002BFA04460028EAD1D8F800302BB13B6809
:10A68000002B08BF6FF09104E1E76FF09104DEE763
:10A690006FF08C04DFE770472DE9F84F9846DDE94D
:10A6A0000B490D9B15469A0706460F4623D02A46AE
:10A6B0000A9B03EB040A1444A24220D10D9B9B0782
:10A6C00005D5A2EB050AD14505EB0A0420D82046A2
:10A6D000BDE8F88F434639462020B0470AF1010A09
:10A6E000CA450AEB0B02F5D3A9EB04024C4588BF1F
:10A6F00000222A44DCE7A246A5EB040BF0E702F1B6
:10A70000010B434639461AF8010DB0475A46D3E7C4
:10A710004346224639462020B0470AF1010AD2E7D3
:10A720002DE9F0479E46DDE90D3CDDE90874DDE9E1
:10A730000B651CF0020F9DF828801FD10CF0010959
:10A740004BB1B9F1000F06D0B8F1000F02D11CF0E7
:10A750000C0F00D0013B4FF0300A02E007F804A0D4
:10A760000134A54201D9202CF8D1B9F1000F05D050
:10A770004FF03009A34201D9202C1BD11CF0100F3F
:10A7800015D01CF4806F32D1C4B1AC4201D09C42D0
:10A790002DD1651E12D0102E3FD11CF0200FA4F138
:10A7A000020456D178263E5530266C1C7E55202C4E
:10A7B00029D00DE007F804900134DBE7102E10D10A
:10A7C0001CF0200F2FD178243C7030247C700224A0
:10A7D000B8F1000F31D02D253D55013414E062242D
:10A7E000F2E7022EFBD030243C700124F0E7102E5B
:10A7F0001BD11CF0200F2AD1202C04D07826651CF8
:10A800003E55202DD0D12024CDE90A3CCDE9087455
:10A810007346BDE8F047FFF73FBF022EC4D1622464
:10A820007C550135EDE75824CEE7022E03D1202CCC
:10A83000E9D02546F3E72546E3E71CF0040F01D0F5
:10A840002B25C9E71CF0080FDED02025C4E7202CFB
:10A85000D9D05826651CD3E72DE9F04391B0189D57
:10A860001A9F1D9E2DB926F0100416F4806F2646FF
:10A8700022D116F0200F14BF4FF0410E4FF0610EA1
:10A88000AC4600250DF12008AEF10A0EBCFBF7F92D
:10A8900007FB19C95FFA89F4B9F1090F94BF303485
:10A8A0007444E4B2BC4508F8014B05F10105BCFB5A
:10A8B000F7F401D3202D10D11C9C069605941B9C07
:10A8C000CDE903749DF86440CDE9015408AC0094CF
:10A8D000FFF726FF11B0BDE8F083A446D6E72DE9C7
:10A8E000F04F95B0CDE90A23DDE91E76DDE9229B24
:10A8F00057EA0603CDE90801269C05D124F0100390
:10A9000014F4806F1C4637D114F0200F14BF41237C
:10A91000612300250DF1300AA3F10A0831464A46A9
:10A920005B463846D9F70AFAD2B2092A94BF3032C8
:10A9300042444F45D2B276EB0B0605F101050AF809
:10A94000012B01D3202D14D1259B06940593249B24
:10A95000DDE90801CDE903939DF88030CDE901538D
:10A960000CAB0093DDE90A23FFF7DAFE15B0BDE872
:10A97000F08F07460E46D1E70025E5E708B100F065
:10A9800014B8704710B1D1E900311847704738B595
:10A99000441E14F8015F25B90A2000F006F8284685
:10A9A00038BD284600F001F8F3E701460020FDF726
:10A9B00088B810B50B46EFF311844FF0200181F3F6
:10A9C00011881946D8F7C0FB84F3118810BDD8F759
:10A9D00085BBFEF7BBB9002310B51846042207213A
:10A9E000CEF74CF90123042218460521CEF746F98B
:10A9F000BDE810400123042218461146CEF73EB9A7
:10AA0000CCF7FCBB08B5CEF715FDFCF7E9F9CEF79E
:10AA10001DFDFCF7E7F9E1F777FDD5F703FCD5F766
:10AA200015FCD5F76BFC02F09CFABDE80840D6F7A0
:10AA300091BA70477047704708B5FDF712FEFDF7F1
:10AA400020FEBDE80840E4F7FDBA704708B5D0F72E
:10AA5000E7F9D8F7ABFCBDE80840D0F77FBC08B5F4
:10AA6000D3F7CAF9D0F726F8FCF7B5FCD7F7ECFE18
:10AA7000BDE80840FFF7EABFD8F7A6BC0120704741
:10AA80000120704738B5FDF769FA0446FDF70EFB63
:10AA9000051E18BF2546D5F783FC041E18BF2C469B
:10AAA000FFF7ECFF002818BF204638BD38B5D2F7B5
:10AAB000A5FE0446D8F78EFC04281ED002284FF0CD
:10AAC000000508BF0124FDF74BFA042817D002281F
:10AAD00008BF0124FDF701FE042812D0022808BF98
:10AAE0000124FFF7CDFF04280DD0022808BF012460
:10AAF000002D18BF0024204638BD0125E3E70125BD
:10AB0000E8E70125EDE70024F5E7FF20704708B5E9
:10AB1000FFF7FBFF002008BD704770477047704784
:10AB200010B5044601F064FE2046E4F7C9FB204658
:10AB3000E3F7D2FD2046BDE8104001F0BABE01F0B7
:10AB4000F0BF10B5044601F062FE2046E4F7C0FCF9
:10AB50002046E3F727FE2046BDE8104001F0D9BEAD
:10AB600010B50446E4F7E0FA2046E3F767FF204615
:10AB7000E3F752FC2046E3F715FC2046BDE8104001
:10AB8000FAF772BAFFF7ECBF10B50446E4F7FAFA29
:10AB9000204605F059FE2046E3F780FF2046E3F704
:10ABA00077FC2046E3F716FC2046BDE81040FAF794
:10ABB00075BA10B50446E4F729FB204605F054FEAB
:10ABC0002046E3F7B9FF2046E3F788FC2046E3F789
:10ABD00001FC2046BDE81040FAF760BAE3F79EBAE0
:10ABE000E4F732B87047E5F7F1B97047704705F000
:10ABF00054BE704705F055BEE5F7ACB902F015BA82
:10AC000001F0DEBF02F005B802F021BA10B49DF8E1
:10AC1000044001945DF8044B02F010B8704770478F
:10AC2000E4F7ACB9E4F7D4B9E4F7C6B802F041B838
:10AC300002F057B805F036BE02F029B8E5F7A4B91E
:10AC400002F019BA02F080B801F08ABE01F096BE97
:10AC500002F093B802F0B3B805F0BABE05F0F3BE47
:10AC600005F003BF05F033BF02F04FB801F072BB2F
:10AC70007047704770472DE9F0419DF818409DF8E6
:10AC80001C509DF820609DF824709DF82CC09DF804
:10AC900034E09DF83880CDE90867CDE90DE8CDE9CD
:10ACA0000645CDF82CC0BDE8F04101F0D3BA70479D
:10ACB00008B5FDF743FBFDF74EFBD2F779FCFAE749
:10ACC00010F8012B11F8013B012A28BF9A42F7D056
:10ACD000D01A70470A44431E914200D1704710B504
:10ACE00011F8014B914203F8014FF9D110BD013920
:10ACF000024410B5904201D1002005E0037811F81C
:10AD0000014FA34201D0181B10BD0130F2E7884269
:10AD100010B501EB020402D98442234607D8431E32
:10AD2000A14208D011F8012B03F8012FF8E70244E3
:10AD300001468A4200D110BD13F8014D02F8014DC1
:10AD4000F7E702440346934200D1704703F8011B22
:10AD5000F9E74369406CDA1C1438B2FBF0F203EBFC
:10AD6000C203CA1D0333B2FBF0F2B3FBF0F30132AE
:10AD7000023301EBC20100FB0310704738B5446990
:10AD800005462146FFF7E5FF6A6CE31D143AB3FB65
:10AD9000F2F3013304EBC304204438BD73B5064617
:10ADA0000D460024F36B012201A928195B6998471D
:10ADB000019B013309D10434736C62195B426A4010
:10ADC0001A42EFD0204602B070BD0024FAE770B5F9
:10ADD00005460C46CCF732FDEB6B2046DB68BDE840
:10ADE0007040184770B5002586B004460562E369D7
:10ADF000AB4202D8206A06B070BD666C052220689E
:10AE000001A9E36B06FB05005B69984701A800F008
:10AE100010FC00F033FC10B1236A013323620135CA
:10AE2000E5E738B50446456C006804F1400305FBCE
:10AE30000101E06B00F02FFC05462046FFF7D2FF32
:10AE4000284638BDF0B5054687B00026EC69013CC0
:10AE5000B44203D80C46204607B0F0BD01B14C1EE9
:10AE60006F6C0522286801A9EB6B07FB04005B6986
:10AE7000984701A800F0DDFB00F000FC0028EAD1B3
:10AE800001362146E2E7F0B5044687B0466C0D4630
:10AE900000680522E36B01A906FB05005B69984782
:10AEA00001A800F0C6FB00F0E9FB20B101A800F00A
:10AEB00097FB07B0F0BD29462046FFF7C3FF676C3C
:10AEC0000646E36B206805225B6901A907FB0600C3
:10AED000984701A800F084FB431CEAD0B54238BF74
:10AEE0000130E6E72DE9F043D0F824804FF6FF79F2
:10AEF00087B004460E46C84514BF454600250027C6
:10AF0000E369BB4202D807B0BDE8F083E26B01A958
:10AF10002368606CD2F814C0052200FB0530E047BE
:10AF200001A800F086FB022806D0C8450CD1721C8F
:10AF300029462046FFF775FF0135E3690137B5FB68
:10AF4000F3F203FB1255DBE729462046FFF79BFF90
:10AF5000B0F1FF3F14BF024632460132E8E7036812
:10AF6000F0B5CC1A436C87B006460025B4FBF3F469
:10AF7000F36937685A1E706C954208D3706C336859
:10AF800000FB043007B0BDE8F04000F082BB0134A4
:10AF900001A9B4FBF3F203FB1244F36B05225B69D6
:10AFA00000FB0470984701A800F043FB00F066FB2B
:10AFB0000028E3D10135DBE710B423F003049B073D
:10AFC000436C2244C3F100030A4418BF043282EAEE
:10AFD0000104234203D05DF8044BFFF7C0BF1046C5
:10AFE0005DF8044B70472DE9F041D0E90A3686B090
:10AFF00004469E4228D1C3691422456802FB1355BA
:10B00000284606B0BDE8F081206801A9676C331AB4
:10B01000E26BB3FBF7F3D2F8148007FB03000522C1
:10B02000C04701A800F005FB012804D0636C1D4453
:10B03000013B3340ED1A31462046FFF790FF0646AC
:10B04000A36AB342E0D1DBE70025F9E7F0B50025BC
:10B0500087B004462E46E369B34202D8284607B0BB
:10B06000F0BD636C0522276801A903FB0677E36B3B
:10B0700038465B69984701A800F0DBFA00F0FEFA59
:10B0800058B1384600F005FB01462046FFF786FE22
:10B09000636C143B834208BF01350136DBE708B51A
:10B0A00008301346D1E90012DAF742FC012008BD4E
:10B0B00013B50C46002121760093134661682246A1
:10B0C000D9F70AF818B1E37D03B1A07EA075A07D81
:10B0D00002B010BD73B500F1080516460C460DF11F
:10B0E00007020968284600F0A1F9032E06D163681B
:10B0F000834203D12168284600F07FF9012002B085
:10B1000070BDD01E009B42424241187E824211D146
:10B110001A688A420ED85A688A420BD35A69013299
:10B120005A61D3E9030282423FBF986840F8221077
:10B1300001321A6101207047032A10B5029C07D121
:10B14000A26A5340626C5242134201D100F055F999
:10B15000012010BD08B5C36800209847BDE808402D
:10B16000CCF774BB012870B514BF04200220002462
:10B1700042431C70CC7D101D02F002024CB91AB182
:10B18000012220F003001A7000F1080348681844F7
:10B1900070BD1AB1012220F003001A700C7E00234A
:10B1A00001F12005DAB2944201D80020F0E735F829
:10B1B00033205E1C824206D901EBC30300F1080272
:10B1C000D8691044E4E7801A3346EBE773B590F88A
:10B1D000426005461C460DF103033046FFF7C2FFEF
:10B1E000EB6B012E5B690DD1324601A998479DF8A2
:10B1F000033013B1BDF806300193BDF8043023606D
:10B2000002B070BD0122214602B0BDE8704018476F
:10B21000F0B50546002487B04868EB6B27460E461C
:10B2200001225B6902A908300294984795F84230E0
:10B23000012B40F08480632C02D9029807B0F0BD46
:10B24000612C08D805AB224631462846FFF7BEFFE1
:10B250009DF814301BB305AB2246314628468DF8C5
:10B260001070FFF7B3FF95F84230012B059B55D1C5
:10B270004FF6FF72934200F09680082205A904A8B9
:10B2800000F05EF9059B9DF81010C3F30722914270
:10B2900040F08980DBB2029A1A44029283E095F86A
:10B2A0004230012B30D103AB224631462846FFF70E
:10B2B0008DFF04AB621C31462846FFF787FF05ABC4
:10B2C000A21C31462846FFF781FF102208230DF10A
:10B2D00007000DEB02018DF8073000F031F9102264
:10B2E00005A90DF1070000F02BF9039BDAB2002A43
:10B2F00052D19DF80720B2EB132F4DD1DDE9043276
:10B3000003EB0243029347E0302C2BD944E09DF835
:10B310000720B2EB134F3FD1049BF3E7013342D038
:10B32000102205A90DEB020000F00AF9059B9DF81B
:10B330001010C3F30742914235D19BB2ABE7312CD9
:10B340003FF67BAF87D005AB224631462846FFF754
:10B350003DFFBDF81430002B7FF47DAF95F84230EF
:10B36000012BA0D003AB224631462846FFF72EFF23
:10B3700004AB621C31462846FFF728FF1023202229
:10B380000DF107000DEB03018DF8073000F0D8F840
:10B39000039B9AB2002ABAD095F84230012B14BF11
:10B3A000012302231C44013440E713B50024019417
:10B3B000049C0094D9F724FA02B010BD13B50124FF
:10B3C0000194049C0094D9F71BFA02B010BD30B56B
:10B3D000002344684FF0FF329C4202D100230372E5
:10B3E00030BD016801EBC30541F8332001336A60C9
:10B3F000F2E7C0E90012FFF7EABFF0B500234568A5
:10B400009D4210D00468DF0054F8332004EBC306DB
:10B41000B2F1FF3F08D0C2F31302914204D14FF0C2
:10B42000FF33E3517360F0BD0133E9E7F0B500236A
:10B4300045689D4202D14FF0FF300EE00468DE0007
:10B4400054F83340671C09D0C4F31307B94205D13F
:10B45000240D1470036833445868F0BD0133E8E7E5
:10B4600013B50023044601461B220DF107008DF899
:10B47000073000F065F822689DF80730B3EBD26F13
:10B480000CBF0120002002B010BD13B500230446FC
:10B49000014620220DF107008DF8073000F050F82A
:10B4A0000DF107001A22211D00F04AF862689DF88C
:10B4B0000730B3EB926F0CBF0120002002B010BD2B
:10B4C0000068431C584258417047006810F07E0FD6
:10B4D0000CBFC0F3C160002070470068C0F3D310F8
:10B4E0007047006800F07F0001288CBF0020012019
:10B4F0007047036813F07E0F14BF042008207047C4
:10B50000036813F07E0F03D1406820F07C40704741
:10B5100013F078001CBF03F07F03D81F704700684A
:10B5200000F07F007047032809D0022803D1C1F141
:10B530000201C8B2704700290CBF072000207047E5
:10B540001F2A0B689EBF4FF0FF3191408B43590873
:10B5500001F055315B1A03F033319B0803F03333AC
:10B560000B44017803EB13130A444FF0013103F04D
:10B570000F334B43A2EB13620270704737B501F1F2
:10B580000C04054643696946012220469847BDF8E8
:10B590000030012201A901932046AB69984703B00E
:10B5A00030BD37B501F10C044369012269460546F7
:10B5B00020469847009B4FF6FF7299B291420DD1F9
:10B5C0001B0C012201A920461B0443F4254343F030
:10B5D000A5030193AB69984703B030BD0020FBE79A
:10B5E00037B5044600251B22011D0DF107008DF81B
:10B5F0000750FFF7A5FF60689DF80720B2EBD06FFA
:10B6000003D120F0784003B030BD0DF107001B22BC
:10B6100004F108018DF80750FFF792FFA0689DF82C
:10B620000730B3EBD06F01D1C043EAE74FF0FF30F2
:10B63000E9E703684BF29A22B2EB134F10B50446C8
:10B6400013D19BB2012B13D1FFF7CAFF01300CD0ED
:10B65000E0684FF6FF72B2EB104F4FEA104309D18A
:10B6600080B2C01A18BF012010BD2368013303D077
:10B670000420F9E70220F7E70320F5E701288CBF53
:10B68000002001207047033801288CBF00200120D2
:10B690007047143070472DE9F0410546984603691C
:10B6A00008460E4617469847044638B943463A4678
:10B6B00031462846DAF718FA044618B131462846CA
:10B6C000FFF75CFF2046BDE8F081DBF765B838B5D1
:10B6D00004460D46E0F7F4FD28B929462046BDE8AA
:10B6E0003840DBF721B838BDDCF732B9DEF710BFE0
:10B6F00070B516460C46FBF7D4F931460546204690
:10B70000DEF7B8FB04462846FBF7CFF9204670BDAC
:10B7100000F045B9052A2DE9F04106460C461546CC
:10B720001F462CD800F059FC214680463046E0F7F1
:10B73000C7FD044638B9DAF773FF38B941463046D9
:10B74000E0F7BEFD02242046BDE8F081012122463B
:10B75000084600F014FC204600F0C7FADEF79CFA19
:10B760003846DAF7ADFD6FF029032B41DB07284699
:10B7700002D4DEF7F7FAE6E7DEF732FBE3E701246F
:10B78000E1E738B5044648880D4600F0AEFAD4F833
:10B79000D4302BB929462046BDE83840DBF7CEB976
:10B7A000022038BD00F0A3BA00F026B973B50446F4
:10B7B00000200D4600F099FAD4F8D460694620467E
:10B7C000FFF7F2FF5EB99DF800102A462046CDF73C
:10B7D00051FD01462046DBF747FA02B070BD002359
:10B7E00029461A462046B047F7E7DAF709BEDDF7E3
:10B7F0008BB938B505460C46FBF753F96B6B1C400B
:10B800002B6B23432B63FBF750F9211E18BF01213B
:10B810000020490238BD38B504460D46FBF741F912
:10B82000636B1D40236B23EA05052563FBF73DF998
:10B83000284638BD006B704710B504460121FFF75C
:10B84000EAFF2046BDE81040DEF78CBEDBF72CBDDA
:10B8500000F072B938B504460D464FF48811FFF771
:10B86000DAFF29462046BDE83840DCF729BB084608
:10B87000DDF762BA431C08BF0020DAF709BF431C9A
:10B8800008BF0020DAF746BF00F03DBADDF764BC20
:10B890000847022A01D800F08DB901207047022A1A
:10B8A00001D800F098B901207047022A01D800F0B1
:10B8B000A4B90120704738B504460D4600F077F969
:10B8C00028B129462046BDE8384000F0A5B902203D
:10B8D00038BDDCF7B9B90846DCF7D6B9DCF71EBAD3
:10B8E000002070470020704702210120DAF778BA63
:10B8F000013001D1DDF7C4BE012070477047836B72
:10B9000003F06003402B0DD0602B03D0203B584246
:10B910005841704749B10B68012B06D9486940F07E
:10B920000100704740F20110704700207047F0B5E9
:10B9300014461E460F4687B019B90024204607B0AA
:10B94000F0BD002AF9D00028F7D001A9DCF798FD56
:10B950000028F2D0BDF80630A2199A42BDF808506E
:10B96000C4BF9B1B9CB2B54212D90399AD1BADB2AB
:10B970003144A5420391ADF808500DD22A4638460D
:10B98000FFF7A8F90499621B7819FFF7A3F9D5E727
:10B990000499761B3144049122463846F5E708465F
:10B9A000DEF7E6B80220DDF7C1BBD0F8C8304BB1F6
:10B9B0001A68022A06D993F8250028B11B6AB3FB3E
:10B9C000F0F0704700F0EABA7047D0F8C8207AB1BA
:10B9D0001368022B0CD9536A13F47F4FC3F307216A
:10B9E00006D0126ADBB253438B42B3FBF1F201D2B1
:10B9F00000F0D8BA104670470346D0F8100108602E
:10BA0000B3F8143100208B80704790F810310C2B64
:10BA100014BF007EFF20704708B500F025FABDE88E
:10BA20000840DEF769B938B50C464FF400610546A9
:10BA3000E0F7B8F970B17CB195F8FE3073B94FF406
:10BA400080724FF480712846E0F798F9003818BFEB
:10BA5000012038BD2202F4E72246F2E70020F8E791
:10BA60004FF48071E0F79EB908B54A024FF40071B7
:10BA7000E0F784F9002008BD08B58A024FF4806120
:10BA8000E0F77CF9002008BD4FF40071E0F78AB9B7
:10BA9000062300208B717047084610B510F0030490
:10BAA00011461BD13F2B15D9B3FA83F3C3F1190209
:10BAB000D2B2062A01D8192B0ED0062A28BF062298
:10BAC0000124931DDBB29C40A4B2A14228BF2146B1
:10BAD000DCF75CFA204610BD2246F1E70024F9E7C6
:10BAE000084611F0030110B518D113883F2B15D962
:10BAF000B3FA83F3C3F11904E4B2062C01D8192B6D
:10BB000003D0062C214628BF062101238C1DE4B258
:10BB1000A3401380DCF75AFA002010BD0120FCE797
:10BB200010B5144608460121DDF7B6FE2046BDE8F3
:10BB300010400121DDF7B0BECCF7CCBCF8B504460F
:10BB40000E461746FAF7ADFF3A46054631462046FF
:10BB5000DEF7A2FA04462846FAF7A7FF2046F8BD0A
:10BB60000220704703207047DDF7D8BA10B5DBF725
:10BB700039FD044608B9DFF751FA204610BD70B50B
:10BB800004460E46154600F0B5F831462046E0F76B
:10BB9000CFFB00F0AFF829462046DAF7B7FC0022C9
:10BBA0004FF400312046E0F7E9F8002070BD802115
:10BBB000E0F7F8B87FB5531C05AAADF8141002924F
:10BBC00002210022DBB2CDE900211146E0F7F4F8B2
:10BBD00007B05DF804FB7FB5531C05AAADF814103F
:10BBE000029204210222DBB2CDE9002100220121D0
:10BBF000E0F7E2F807B05DF804FB1FB5531C0291B3
:10BC000000220821CDE900210122DBB21146E0F734
:10BC1000D3F805B05DF804FB08B50A044FF4803191
:10BC2000E0F7ACF8002008BD38B50546DAF768FC47
:10BC300004462846DAF742FC072811D1D5F8C4306B
:10BC400024F47F41DB6921F0080103B15B7841EA0C
:10BC5000032141F020012846BDE83840DAF756BC00
:10BC600024F02001F7E770472DE9F74F01251C4626
:10BC70009DF83030064601930368174603F007032A
:10BC800006339D4005F1FF380B46A1B1416804EA37
:10BC9000080BA5EB0B0A41F00059524509EB0B01CB
:10BCA00014D952461846FFF715F849467A1B5A44EC
:10BCB0005044FFF70FF8019B2BB13C4448EA0508BC
:10BCC00004EA0804F46003B0BDE8F08F1846F0E71A
:10BCD00037B5002514460095FFF7C6FF204603B090
:10BCE00030BDDBF70FBE00207047002070470020FA
:10BCF00070477047704710F0FD0F14BF4FF0FF30D2
:10BD00000020C0B2704708B5DDF770FBBDE8084001
:10BD1000DDF794BB38B50446FFF7F5FF0546FFF79E
:10BD2000F2FF431BA342FAD338BD38B50D46044693
:10BD3000DDF75CFB35B1844200D90139204601F0C2
:10BD4000030138BD844238BF0131F7E708B501214E
:10BD5000FFF7EBFFBDE80840DDF770BB08B521B188
:10BD60009200FEF7B7FF002008BD0120FCE700F0BD
:10BD70006F43B3F1804F02D0B3F1204F02D120F0D6
:10BD80007040704700F06043B3F1204F08BF20F0CF
:10BD9000805070470B0CB3F5384FF7B506460D468B
:10BDA0008FB216D04BF60102934214D04BF602022A
:10BDB000934212D0B3F5304F14BF04240324D6F8B5
:10BDC000C4300BB1196851B9D6F8C0309BB9286896
:10BDD0000FE00024F3E70124F1E70224EFE7234614
:10BDE00068463A46DDF798FB9DF804300098002B32
:10BDF000EAD103B0F0BD19680029E8D023466846AF
:10BE00003A46DDF789FB9DF804300098002BDED11F
:10BE1000EFE700F03003202B10B513D110F4E02F22
:10BE2000C0F302440AD0C0F3C423B3FBF4F410F40B
:10BE3000C01F18BF6400052C0ED86408DDF708FE8B
:10BE4000604310BD6FF01204C0F382131C4104F074
:10BE50000104C4F10204F1E70424EFE70020DDF758
:10BE6000FDBE0120DDF7FABE01210320DAF754BB45
:10BE7000032070477047DFF7DBBADFF7D9BADFF787
:10BE8000D7BADFF7D5BADFF7D3BA00228A4202D198
:10BE90004FF0FF30704750F8223093FAA3F30BB9FC
:10BEA0000132F3E7B3FA83F000EB4210704702204F
:10BEB0007047002070470120704700207047002025
:10BEC00070470120704700207047DBF7D9BD084656
:10BED0001146012200F053B870B505460C461146D4
:10BEE0001A46DFF7DFFF06682B462046B446BDE85A
:10BEF0007040604710B5DFF7D5FFBDE8104083689C
:10BF00001847FFF733BEDBF771BCFFF703BC08B57A
:10BF1000FFF782FD002008BDFFF7D9BBDDF7C0BDEC
:10BF20004942FFF7FBBF70B504460D4616464FF475
:10BF30008811FFF770FC324629462046BDE8704064
:10BF4000DBF796BF7047431E012B03D9031F5842EE
:10BF50005841704701207047FFF7C5BE4FF4CC72BF
:10BF60000021FEF7EEBE10B504460021FFF7BCFB32
:10BF70002046BDE81040DBF7EDB9DAF7A7BA10B5F7
:10BF80000C461146DAF7C8FADBF77AFD012801D131
:10BF9000002010BD002CF7D10420FAE7DAF73CBDF1
:10BFA000FFF703BDDAF73EBDFFF70FBD70B5002305
:10BFB0002425D0F8C000C4689C4201D1012070BD86
:10BFC000826805FB0322D6898E4202D8128A8A42F1
:10BFD00001D20133F0E70020F1E7808B70470A7847
:10BFE00038B505461046FFF7AEFF60B14C782046E5
:10BFF000FFF7A9FF38B12243530704D42846BDE810
:10C000003840DAF72FBD012038BD10B50446087856
:10C01000FFF799FF58B14A781046FFF794FF30B107
:10C02000042A04D02046BDE81040DAF751BD0120B3
:10C0300010BDDAF7F1B9DBF79FB873B50D78064696
:10C040000C4635B304238DF804302379304601A91A
:10C050008DF80530FFF7D9FF0546B8B92278A379E6
:10C0600052BB8DF80430E379304601A98DF80530D4
:10C07000FFF7B5FF054648B923783BB161883046E4
:10C08000DAF742FF01213046FFF7CDFC284602B027
:10C0900070BD2946FFF7C7FC29463046FFF7E4FC90
:10C0A00029463046FFF7E8FC2378002BCAD12379D4
:10C0B0008DF804306379C9E702228DF80420D3E7B4
:10C0C000FFF7D2BCFFF7E0BCFFF7E6BCFFF708BD07
:10C0D00008461146DCF7D4B9C0F8D01000207047EC
:10C0E000DAF74ABF70B5144605460E4686B01222EE
:10C0F00000210DF10600FEF724FE2368694628465C
:10C100000093ADF80460FFF7C3FC009B236006B00A
:10C1100070BD084611461A46BDF80030FFF707BC4F
:10C12000002070472DE9F0410E46A2B0144602A946
:10C130008022E0F769F9D6B30025013E16F8013FE9
:10C14000ABB3A3F13002092A07D805EB850503EB51
:10C150004503303B03F0FF05F0E7622B4AD017D8C8
:10C16000462B3CD006D8422B2ED0442B24D08DF821
:10C1700004302FE0572BFAD154F8042B012001A9E9
:10C18000FDF772FA022201A90020E0F767F9D5E76E
:10C190006C2B21D0702B01D0662BE8D154F8041BF6
:10C1A0002A460020E0F75AF905460028C6D0E0F7F5
:10C1B00043F922B0BDE8F08154F8042B012001A915
:10C1C000FDF752FA0422DEE7012054F8042B01A9FE
:10C1D000FDF74AFA0122D6E714F8045BAEE7002522
:10C1E00054F8041B4B5D0BB9EDB2D9E70135FF2DB7
:10C1F000F8D1D5E734F8048BB8F1000F9ED0404653
:10C20000E6F716F907464046E6F72EF93946C2B278
:10C210000020E0F723F9002890D0C8E70EB403B55A
:10C2200003AA52F8041B0192FFF77CFF02B05DF8ED
:10C2300004EB03B07047E0F711B90EB403B503AADD
:10C2400052F8041B0192FFF76DFF02B05DF804EB9A
:10C2500003B070472DE9F04F9FB09DF8BC50329E5F
:10C260000C950A969DF8C050319E9DF8B470CDE9AA
:10C2700008560C9E9DF8A0B007962E9E9DF8A4A08F
:10C28000CDE905769DF8A8909DF8AC802C9ECDE96F
:10C2900001A9CDE90386CDF800B01C46CDE90D011A
:10C2A0000F92FCF7FEF9002848D1C52110A8FDF730
:10C2B000D7F90D9B8DF842300E9B8DF843300F9BC4
:10C2C0008DF84430237A8DF84530002B39D1012088
:10C2D00022680DF14601FDF7C7F9012022680DF132
:10C2E0004A01FDF7C1F9637A01202C9A0DF153013F
:10C2F0008DF84E308DF84FB08DF850A08DF85190DC
:10C300008DF85280FDF7B0F92E9A012016A98DF80C
:10C310005770FDF7A9F90C9B32980DF15E018DF86D
:10C320005C308DF85D5000F02DFC00231E21CDE91E
:10C330000033319A2B4610A8E3F7B8FD1FB0BDE8D3
:10C34000F08F022B01BF2368CDF846306368CDF82B
:10C350004A30C8E737B505460C46FCF7A4F978B96A
:10C36000C7216846FDF77CF901200DF102012A463C
:10C37000FDF77AF9072168468DF8064000F04BFE7C
:10C3800003B030BD2DE9F34106460F4615460AB904
:10C390000DF1070501213046E6F7D4F820B130460B
:10C3A0000121E6F7CFF8064600213046297001F05A
:10C3B000CBFC10F0400F2B7802D1B0F5804F0CD29F
:10C3C000042F14D10333D9B2297010F4406F00F058
:10C3D000F280304601F0B8FC17E00124991CC9B284
:10C3E000012F297005D13046E6F71CFA0DE0002434
:10C3F000F4E7D91CC9B2022F297000F44062E4D0DE
:10C4000032B9032F12D14FF0FF3002B0BDE8F081F6
:10C41000591DC9B2032F297003D1B2F5006FD8D0CE
:10C42000F1E7B2F5006F05D107332B70042F06D169
:10C430002978CEE7B2F5406FF8D10D33F5E714B1A6
:10C440002B7802332B70052F00F4404003D1B0F558
:10C45000004FD8D1ECE7B0F5004F2B7810D1023364
:10C460002B700D2F2C7810D030462978E6F7DAF9AA
:10C47000030611D4062F804615D02978013119E022
:10C48000B0F5404FEDD10833EAE73046E5F7ECFF71
:10C490008442E9DB0020B8E73046297801F054FCFB
:10C4A000062F804601D14046AFE710F0800F297873
:10C4B000E4D00231C9B20D2F297022D13046E5F700
:10C4C000D3FF2B788342E5D208F03C020C2AE1D15D
:10C4D00040F2037218EA020F2FD104332B7008F4D4
:10C4E000E063B3F5007F08BF2B7808F4805804BFE1
:10C4F00001332B70092F2BD1B8F1000F83D029788D
:10C5000007E040F20373072F08EA030307D1002B6B
:10C51000C0D1304602B0BDE8F04101F033BC13B9E0
:10C520002B7804332B70082FD9D108F4E060B0F5D4
:10C53000007F7FF468AF297855E708F4E062B2F530
:10C54000007F08F4805804BF01332B701FFA88F86D
:10C55000B8F1000F02D02B7804332B700A2FEAD0E9
:10C560000D2F0DD13046E5F77FFF2C78A04291D9F1
:10C570000134E4B22C70B8F1000F13D1012044E76C
:10C580002B780B2F03F101032B703FF43CAFB8F174
:10C59000000F3FF438AF3046E5F766FF011FC9B220
:10C5A0002970B6E73046E5F75FFF03348442ACBF3D
:10C5B0000020012029E7FF232B7024E700280CBF6F
:10C5C0008121012100B5137A8FB0022B8DF8041060
:10C5D00020D10C238DF80530FF238DF807308DF81E
:10C5E0000830136805A9CDF809305368CDF80D302F
:10C5F0008C238DF8113082238DF81230537A8DF808
:10C60000133001A8091A002289B201F008FA0FB00C
:10C610005DF804FB08218DF80510EBB91368FF22C3
:10C620008DF8072023B96FF0724303A90293E8E75E
:10C630006FF0E642029280228DF80C201A0A8DF8E3
:10C640000D308DF80E201A0C1B0E8DF80F208DF872
:10C6500010300DF11101D4E70DF10701D1E70246C9
:10C6600000B589B05168006804AB03C390680DF150
:10C670000A021860002303A81946DFF77FFFA0B164
:10C68000E5F7D6FE0022BDF80A10143001F0C7F914
:10C6900040B1009000219DF81C309DF80D0004AAC7
:10C6A000E0F7A6F803A8DFF7C3FF09B05DF804FBC5
:10C6B00070B506460D461068516886B002AC03C4DA
:10C6C00090682060CEB101228DF814309DF8303092
:10C6D0008DF804208DF81530BDF834309DF82820F1
:10C6E0000B9901A88DF80550ADF81630DFF7E0FF83
:10C6F000B0FA80F0400906B070BD01A8DFF798FFDE
:10C7000080F00100C0B2F6E738B5037A05460C4662
:10C710003BB90A7AEAB900680B68C31A5842584113
:10C7200038BD022B15D10B7A022B12D10822FEF74D
:10C73000DEFA70B96B7A607A83420CD0013BDBB2CF
:10C74000FD2B08D80138C0B2FD2894BF002001207D
:10C75000E6E70020E4E70120E2E7036898B218B1B9
:10C760004FF6F8729A4312D1B0EB134F80EA13429E
:10C7700005D04FF6F87022F00701814204D19BB238
:10C7800023B1083A90B270471046704707207047AF
:10C79000F0B5044685B00E4602A88E2114F8017B40
:10C7A0001546FCF75DFF00232246CDE90033052145
:10C7B0003B4602A88DF80A608DF80B508DF80C707E
:10C7C000E3F774FB05B0F0BD00B503060246A1B067
:10C7D0000CD48DF800000DF10100FEF77BFA00216A
:10C7E0006846E1F7E1FB21B05DF804FB2120FAE7A0
:10C7F000027810B504464AB9037A332B06D10123D7
:10C80000426003700374FCF783FA607410BD38B59E
:10C810000378044663B9037A332B09D101250570E7
:10C82000407CFCF777FA25746060FCF771FA60745D
:10C8300038BD0020E4F740BB0020E4F731BBFBF734
:10C84000C3BB38B505460C46E1F7B2FC90B96CB1F4
:10C85000FCF7C3F9214660732846F1F77FFD0446D3
:10C8600010B92846E1F7CCFC204638BD2846F1F740
:10C870004DFDF4E740F60444F6E7FFF7E2BF002180
:10C88000FFF7DFBF70B50E4605461146049C1A46F9
:10C8900066B102F0A3FB064635B12CB1A5421FBF1D
:10C8A0000FCD0FC42B682360304670BD02F02EFB05
:10C8B000F1E7002313B5ADF806300378044603BB57
:10C8C00002220274027A102A09D03B2A1BD00A2ABB
:10C8D0000FD143600DF10600F0F7D0FC07E001A88E
:10C8E000EEF710FABDF804306060ADF806300123B1
:10C8F000237023782BB1BDF8061004F11100FCF76A
:10C90000AFFE02B010BD4360D3F79CFEADF8060049
:10C91000EDE737B505780446ADB9037A102B14D18D
:10C9200000F111010120FCF7ADFE054604F11500F0
:10C93000FCF794FE01A9ADF804002846EEF7B2F921
:10C9400001236060237003B030BD3B2BFBD111305D
:10C95000FCF784FED3F77CFE012365602370F2E7C9
:10C9600013B504466E2101A8FCF77AFE032101A845
:10C970008DF8064000F04FFB02B010BD30B5044604
:10C980000D4685B001A89B21FCF76AFE23680B21A8
:10C99000CDF80630636801A8CDF80A308DF80E5046
:10C9A00000F039FB05B030BD10B586B00A9C00928E
:10C9B0000494099C4FF6FF7203949DF82040CDE942
:10C9C00001340023E1F72EFE06B010BD70B404461A
:10C9D0009DF810509DF814609DF80C00CDE90456A8
:10C9E00003931346224670BCE1F71CBE70B40446A4
:10C9F0009DF810509DF814600846CDE90456114684
:10CA00001A469DF80C30039470BCE1F70BBE10B4CD
:10CA10000446084621465DF8044BE7F7E1BBE7F71B
:10CA200069BFE7F773BFF8F7F7BAF8F73FBAF8F757
:10CA300037BA2DE9F843089C0D46904609992246DD
:10CA400007461E46DDF82890F1F7FAFD2046F1F77B
:10CA5000C1FEB0FA80F4640942462946384689F896
:10CA60000040F1F7DBFE28B931462846BDE8F8431F
:10CA7000F1F720BFBDE8F88338B505460C46D3F77B
:10CA80008DFDA8420CD9D3F785FD30F8252000EBA9
:10CA90008503002022809A78A270DB78E37038BD8D
:10CAA0000220FCE738B504460D46D3F777FDA042D7
:10CAB0000BD9D3F76FFD2A8800EB840320F82420DC
:10CAC0000020AA78D8709A7038BD0220FCE7E6F7FB
:10CAD00055B938B50C460546E6F7BAF808220146BE
:10CAE0002846FEF714F9E6F7ADF82080BDE8384097
:10CAF000E6F7B2B8E9F754B8F5F7E6BDF7F7D4BFF3
:10CB000070B5A2B00E4601A9054601F02EFA044602
:10CB100020B93246284601A900F007FD204622B080
:10CB200070BD037813B50446B3B9012243600270A7
:10CB3000007A904212D002281CD008BB217B0DF154
:10CB4000060200F08BF90223BDF806106060237422
:10CB500004F11100FCF784FD02B010BD03230DF1B8
:10CB600006002374EBF758F9BDF80610607404F161
:10CB70001200EFE7A0892274F8F760FA6074EBE71F
:10CB80002370E9E770B506460C46054636F8021BE9
:10CB90002046FCF765FD31460822A01CFEF7B7F8D9
:10CBA000AB7A04F10E01A372EB7A0120E3722B7BC6
:10CBB00023736B7B63732A69BDE87040FCF754BD37
:10CBC000F0B50446274615460E4687B001A81B213E
:10CBD000FCF746FDA37837F8041B0DF107008DF82C
:10CBE0000630FCF73DFD63681221CDF809307B6803
:10CBF00001A8CDF80D30E3788DF814608DF8113070
:10CC0000A3898DF81550ADF8123000F004FA07B082
:10CC1000F0BD37B50C4605461C216846FCF720FDE3
:10CC200022460DF1030101208DF80250FCF71CFD96
:10CC30000721684600F0EFF903B030BD30B5044677
:10CC40000D468BB0FBF7CDFFFBF7C9FF05A92046CA
:10CC5000F4F7AEFB01A82321FCF702FDBDF81E107E
:10CC600002A88DF806408DF80750FCF7F9FC05ABDB
:10CC700003CB9DF81C30CDF80A00CDF80E1001A8AA
:10CC80000F218DF8123000F0C6F90BB030BD13B58E
:10CC900004467C2101A8FCF7E3FC21460DF10600C7
:10CCA000FCF7DEFC04210DEB010000F0B4F902B04A
:10CCB00010BD37B505460C4668468021FCF7D0FC10
:10CCC0002A460DF102010120FCF7CEFC21460DF1B0
:10CCD0000600FCF7C5FC0821684600F09CF903B08B
:10CCE00030BD37B50C460546C4216846FCF7B8FC94
:10CCF00021460DF103008DF80250FCF7B1FC05212F
:10CD0000684600F088F903B030BDF0B51546074617
:10CD10000E4689B002A846211C46FCF7A1FC284615
:10CD200003A98DF80A708DF80B60FFF72BFF002325
:10CD30001721CDE900330E9A234602A88DF81E4034
:10CD4000E3F7B4F809B0F0BD7FB5164605460C46CA
:10CD500002A89821FCF784FC32460DF10A0101205B
:10CD6000FCF782FC00232246CDE9003306212B4646
:10CD700002A8E3F79BF804B070BDF0B505460F4676
:10CD80008BB002A8922114461E46FCF769FC2B6862
:10CD90003846CDF80A306B680DF11201CDF80E302F
:10CDA000FFF7F0FE00233246CDE900331D21234674
:10CDB00002A88DF82440E3F779F80BB0F0BD7FB5F9
:10CDC00006460C4602A893211546FCF749FC32465C
:10CDD0000DF10A010120FCF747FC00232A46CDE9AA
:10CDE00000330721234602A88DF80E40E3F75EF8D2
:10CDF00004B070BDEBF7C0BD70B49DF80C409DF859
:10CE000010509DF814600394CDE9045670BCF7F7F8
:10CE1000ABBE38B505460C46FBF7E3FE2B46024693
:10CE200001210020E1F7EAFF28B921462846BDE8A4
:10CE30003840FBF700BCE5F7FBFA05460130FCF78C
:10CE40000DFC2080E81CFCF709FC60806B79012058
:10CE50002371AB796371EB79A37138BD0B46002167
:10CE600070B5064614460846FF22E1F7C7FF05469F
:10CE700080B1E5F7F9FA411EC9B22846E5F7C0FCD2
:10CE80002EB1238803F007030370002070BD0378E0
:10CE90002380FAE73620F9E7F8B507460E4615462F
:10CEA000FBF79FFE3B46024601210020E1F7A6FF6B
:10CEB000044630B92A4631463846BDE8F840FBF70B
:10CEC000BCBBE5F7B5FA012E14BF082181792046D5
:10CED00002BF49000831C9B201EB450101F0FE0172
:10CEE000BDE8F84000F030BF2DE9F74388466946B9
:10CEF00007461546FFF78DFF044620B9002420465B
:10CF000003B0BDE8F0830026012D0CBF9DF806900C
:10CF10009DF80590F2B29145F0D929463846FFF7C1
:10CF2000BBFF404506F10106F4D1E8E738B5002221
:10CF300004460D46FFF7D8FF30B929462046BDE824
:10CF400038400122FFF7D0BF38BD0020E1F7FEBF17
:10CF50000120E1F7FBBF0220E1F7F8BF0320E1F772
:10CF6000F5BF08B50020FBF779FBBDE80840D3F713
:10CF70009DB81FB501238DF80430002301A8CDE929
:10CF80000233C9F763FE0298C0F30343C0F30362A0
:10CF90001B0243EA0233C0B2184305B05DF804FB3C
:10CFA00000207047704710B4044669B1022A07D0C8
:10CFB000032A07D0012A07D15DF8044BE5F774BCBA
:10CFC0000902F9E70904F7E720465DF8044BE5F7A5
:10CFD00007BD0020E2F746BF0120E2F743BF70B56E
:10CFE00006460C46154600F07AFF70B13046E5F76C
:10CFF00047FCB0F5803F09D3B0F1807F4FEA1023A2
:10D0000006D30323000C2B70208070BD0123FAE7A8
:10D0100018460223F7E7002307B51A46CDE9003387
:10D02000E2F744FF03B05DF804FB37B505460C4654
:10D0300001A84821FCF714FB04210DEB01008DF839
:10D0400006508DF80740FFF7E6FF03B030BD37B557
:10D0500005460C466846D221FCF702FB29460DF135
:10D060000200FCF7FDFA052168468DF80440FFF741
:10D07000D2FF03B030BD13B50446F22101A8FCF77E
:10D08000EFFA032101A88DF80640FFF7C4FF02B0B4
:10D0900010BD10B50446C0B2E2F7C4FF200ABDE8D7
:10D0A0001040E2F7BFBF10B5E2F79EFF0446E2F77B
:10D0B0009BFF04EB002080B210BD10B5044680B287
:10D0C000FFF7E7FF200CBDE81040FFF7E2BF10B507
:10D0D000FFF7E9FF0446FFF7E6FF04EB004010BD51
:10D0E00038B500F10C0400F1240514F80C0CE2F73B
:10D0F00099FF14F80C3C013B012B0CD934F8020CBD
:10D10000FFF7C7FF0820A4F10A01E2F79BFF0C34E8
:10D11000AC42EAD138BD34F8080CFFF7BAFF34F856
:10D120000A0CFFF7B6FF34F8080CFFF7B2FF34F82B
:10D130000A0CFFF7AEFF34F8080CFFF7AAFFE6E78A
:10D14000014610B504460820E2F756FFFFF7ABFF93
:10D150002081E2F749FFA072E2F746FFE072E2F7B2
:10D1600043FF2073FFF79FFFE081E2F73DFF20744C
:10D17000FFF7ADFF606110BD10B50446FFF793FFE8
:10D180002080FFF790FF6080E2F72EFF2071E2F72A
:10D190002BFF6071FFF787FFE080FFF784FF20819E
:10D1A000E2F722FFA07210BD10B504460088FFF719
:10D1B00070FFA078BDE81040E2F734BF10B5044618
:10D1C000FFF771FF2080E2F70FFFA07010BD10B5D0
:10D1D00004460078E2F726FF6088BDE81040FFF7BC
:10D1E00058BF014610B504460820E2F705FFE2F7F4
:10D1F000FBFE2072FFF757FF6081E2F7F5FE207318
:10D20000E2F7F2FE6073E2F7EFFEA073FFF75FFF55
:10D21000206110BD10B50446E2F7E6FEA070FFF7EE
:10D2200042FF214621F8040B0820E2F7E5FEE2F771
:10D23000DBFE003818BF0120E070E2F7D5FE207356
:10D24000E2F7D2FE607310BD10B50446014610200F
:10D25000E2F7F8FE2069BDE81040FFF72EBF014657
:10D2600010B504461020E2F7C7FEFFF730FF20613B
:10D2700010BD10B50446FFF716FF208010BD10B595
:10D280000446FFF724FF2060FFF721FF6060FFF7EF
:10D290000AFF208110BD10B50446FFF7BBFF04F163
:10D2A0001000FFF7ECFF04F11C010820E2F7A4FED8
:10D2B000FFF7F9FEA084FFF7F6FEE084E2F794FEA4
:10D2C00084F82800E2F790FE84F82900E2F78CFE4B
:10D2D00084F82A00E2F788FE84F82B0010BD10B510
:10D2E00004460068FFF7E9FEA088FFF7D2FEE08859
:10D2F000FFF7CFFE2089FFF7CCFE6089FFF7C9FE5C
:10D30000A089FFF7C6FEA07BBDE81040E2F78ABE09
:10D3100010B50446FFF7DBFE2060FFF7C4FEA080D7
:10D32000FFF7C1FEE080FFF7BEFE2081FFF7BBFEE6
:10D330006081FFF7B8FEA081E2F756FEA07310BD32
:10D3400010B504460068FFF7B8FE2079E2F76AFEE0
:10D35000611D1020E2F776FE04F115011020BDE8F2
:10D360001040E2F76FBE10B50446007AE2F75AFEAD
:10D37000237A53B92068FFF7A0FE2068FFF79DFECF
:10D38000607ABDE81040E2F74DBE022BF8D121468D
:10D390000820E2F757FEF3E710B50446E2F724FE53
:10D3A000207248B9FFF793FE2060FFF790FE2060DF
:10D3B000E2F71AFE607210BD0228F9D1214608205A
:10D3C000E2F71AFEF4E738B5841C00F11A05E2F71B
:10D3D0000BFE04F8020C013801280AD9FFF763FE9E
:10D3E000214620810820E2F707FE0C34AC42EED142
:10D3F00038BDFFF758FE6080FFF755FE2080FFF72D
:10D4000052FEFFF750FEFFF74EFEEEE710B5044662
:10D410000078E2F707FE6068FFF74FFE04F10800AE
:10D42000FFF7A1FFA08AFFF734FEA07DE2F7FAFD27
:10D43000A069FFF742FE04F11C011020E2F702FE92
:10D4400004F12C00FFF74CFE94F84400E2F7EAFDEB
:10D4500094F84500BDE81040E2F7E4BD10B504467D
:10D46000E2F7C2FD2070FFF71EFE6080201DFFF76F
:10D4700093FFE2F7B9FD207404F11200FFF7A3FF58
:10D48000FFF711FE6085E2F7AFFD84F82C00E2F7AC
:10D49000ABFD84F82D00FFF71AFE04F13401206380
:10D4A0001020BDE81040E2F7A7BD10B50446007893
:10D4B000E2F7B8FD6088FFF7ECFD201DFFF753FF92
:10D4C000207CE2F7AFFD04F11200FFF709FE608D4A
:10D4D000FFF7DFFD94F82C00E2F7A4FD94F82D008F
:10D4E000E2F7A0FD206BFFF7E8FD04F13401102006
:10D4F000BDE81040E2F7A6BD10B504460088FFF76E
:10D50000C8FD6088FFF7C5FDA088BDE81040FFF7A3
:10D51000C0BD10B50446FFF7C6FD2080FFF7C3FD70
:10D520006080FFF7C0FDA08010BD002310B502F899
:10D53000010BDCB2A04202F1040201F1040100D8A7
:10D5400010BD31F8044C013302F8044C31F8044C9E
:10D55000240A02F8034C31F8024C02F8024C31F86C
:10D56000024C240A02F8014CE3E710B504460068B7
:10D57000FFF7A3FD2079E2F755FD6079E2F752FD50
:10D58000A079E2F74FFDE079BDE81040E2F74ABD2F
:10D5900010B504460078E2F745FD6078E2F742FDF9
:10D5A0006088FFF776FD211D0820E2F74BFD207B08
:10D5B000E2F738FD607BE2F735FD2069BDE81040F9
:10D5C000FFF77BBD10B50446E2F70EFD2070E2F7D1
:10D5D0000BFD6070FFF767FD211D60800820E2F7FA
:10D5E0000BFDE2F701FD2073E2F7FEFC6073FFF72D
:10D5F0006EFD206110BD10B504460088FFF749FD9F
:10D600006068FFF75AFDA068FFF757FDA089BDE8E5
:10D610001040FFF73EBD10B50446E2F715FE214667
:10D620000020E4F701F9BDE81040002000F0A1B9A6
:10D63000704708B5E5F74AF880F00100C0B208BDB0
:10D6400008B5E5F733F80028FBD108BDFEF71CB993
:10D6500070470120E2F736BF0020E2F733BFE3F75F
:10D6600029BF0020704770B5144681F0010519B933
:10D670000D2A07D1FF2018E00D2A03D100780538C4
:10D68000C0B212E00844FBF7E9FFC5F1040110F451
:10D6900040660246C9B209D1042C084605D0052CC3
:10D6A00016D112F0400F18BF084670BDC5F1060331
:10D6B000042CD8B2F9D0B6F5006F03D1C5F1080536
:10D6C000E8B2ECE7B6F5406FE9D1C5F10E05F7E732
:10D6D00012F4404107D1062CE7D0072CE5D0082CE6
:10D6E00013D10130CCE755065CBF831CD8B2062CA1
:10D6F000DBD0B1F5004F02D1831CD8B2EDE7B1F514
:10D70000404FEAD100F10803F7E7130744BF0530A3
:10D71000C0B20C2CC9D9ADE710B50C46E4F788FEB1
:10D72000048010BD38B50C461546E4F781FE038829
:10D730001DB11C43A1B2018038BD23EA040189B2A6
:10D74000F9E708B5E4F774FE008808BD08B5E4F70A
:10D750006FFEC07808BD08B5E4F76AFE008800F0E7
:10D760000C0008BD08B5E4F763FE008800F00C006B
:10D77000031F5842584108BD38B50546E4F758FE26
:10D7800004462846FFF7EEFF30B904F11000FBF71E
:10D7900065FF00F4406038BD4FF40060FBE738B52A
:10D7A0000546E4F745FE04462846FFF7DBFF014641
:10D7B00048B9103420460422E3F736FF2044BDE880
:10D7C0003840FBF74BBFA08838BD10B50C46E4F7D6
:10D7D0002FFE848010BD38B50546E4F729FE0446C7
:10D7E0002846FFF7BFFF014608B1201D38BD1034A1
:10D7F00004222046E3F718FF2044F7E738B5054632
:10D80000E4F716FE04462846FFF7ACFF30B904F1F2
:10D810001000FBF723FF00F4404038BD4FF40060D8
:10D82000FBE738B50546E4F703FE04462846FFF754
:10D8300099FF014648B9103420460622E3F7F4FE6A
:10D840002044BDE83840FBF709BFA08838BD38B593
:10D850000546E4F7EDFD04462846FFF783FF014641
:10D8600008B1201D38BD103406222046E3F7DCFE47
:10D870002044F7E708B5E4F7DBFD007A08BD08B5FA
:10D88000E4F7D6FD90F9090008BD08B5E4F7D0FD2E
:10D89000807A08BD08B5E4F7CBFDC06808BD10B5B7
:10D8A0000C46E4F7C5FD047210BD10B50C46E4F754
:10D8B000BFFD447210BD10B50C46E4F7B9FDC4605D
:10D8C00010BD2DE9F8430F468046002107F11000F6
:10D8D00016469946E4F772FE0446D0B1E4F7A8FD77
:10D8E00005462046E4F7C0FD002102462846FDF724
:10D8F00028FA00232046AB7049F00401FFF70CFF23
:10D90000A5F804802EB13A46314605F11000FDF726
:10D91000E1F92046BDE8F883F8B505460F4610202A
:10D920000021E4F74BFE0446B0B1E4F781FD064662
:10D930002046E4F799FD002102463046FDF701FA42
:10D94000002339462046B370FFF7E6FE25B12A468C
:10D9500001212046E4F70AFE2046F8BD08B5E4F7A9
:10D9600067FD103008BD08B5E4F77EFD1038C0B281
:10D9700008BD0020E3F784BE70B51D469DF8103049
:10D980000C46002B10460A4614BF08218821059E2C
:10D99000FFF7C2FF024640B100202B462146CDE9E9
:10D9A0000460BDE87040E3F7F9BE012070BD08B522
:10D9B000E4F7ECF8002008BD4088C0F30C00033009
:10D9C000800840000430704708B520B1E4F744FBFC
:10D9D00000F0010008BD0120FAE708B5E4F782FA7B
:10D9E000BDE80840FFF7F0BFF8B506460D460A202F
:10D9F00000211746E4F7E2FD0446E4F773FA60B14C
:10DA0000038807816FEA43436FEA5343C0F80A6013
:10DA10000380C0F80E502046F8BD0446FBE770B501
:10DA20000E46054611463046E4F7C8FD044635B1BA
:10DA300028B1E4F7FDFC32462946FDF768F9204697
:10DA400070BD0088B0FA80F040097047008810B1BE
:10DA5000C9B2E4F777BD70472DE9F041B0F8008016
:10DA600006460C46D5B2B8F1000F11D02946404603
:10DA7000E4F768FD2246074629464046E4F776FD6E
:10DA80003A4629462046E4F771FD3480BDE8F0812E
:10DA90000F46F5E738B5058800220446FFF7DCFF9E
:10DAA00005B1258038BDF8B507460D460088002130
:10DAB0001646E4F747FDB042044605D129463846EC
:10DAC000BDE8F840FFF7E6BF00212046E4F73AFD45
:10DAD000B04205D020460021E4F734FD0446F3E7C8
:10DAE0002A4620460021E4F741FD32462846BDE89B
:10DAF000F8400021E4F73ABD03461B8808468B42F4
:10DB000002D00021E4F71EBD0020704738B504465E
:10DB100038B10021FFF79AFF002301465D1C09B9C7
:10DB200098B238BD2046FFF7E7FF2B460146F5E7E0
:10DB3000F8B5058807467DB1CCB221462846E4F702
:10DB400001FD8542064609D100233B800022214683
:10DB50003046E4F70BFD35462846F8BD2146E4F78C
:10DB6000F1FC214602462846E4F700FDEEE72DE9E8
:10DB7000F04707888246884614465FB33846E4F784
:10DB800073FC3D460646E4B221462846E4F7DAFC3B
:10DB90004045814616D12146E4F7D4FC2146024691
:10DBA0002846E4F7E3FC474504D1454508BF002576
:10DBB000AAF80050002221464046E4F7D7FC304640
:10DBC000BDE8F0878742FAD0E4F74EFC30444D467A
:10DBD00086B2D9E73E46F2E72DE9F04780460F4688
:10DBE0000646002402F1FF39BC4202D219F8015F57
:10DBF00025B9A6EB080080B2BDE8F0879A46A5F1EA
:10DC00003102012A5AF8041B10D83246322D02F88C
:10DC1000011B06D10134A4B2A74232D30912B21CAF
:10DC20007170013453461646A4B2DDE7342D0CD191
:10DC30000334BC42DDDA0B0A317073700B0C090E31
:10DC4000B370321DF170A4B2EBE7A5F13302062ADE
:10DC50000DD8303DADB22B19BB42CADA2A46304648
:10DC6000013CFDF754F815FA84F47219EBE7A5F1BD
:10DC70004102062A01D8373DECE79D8803F1080AE6
:10DC8000E9E71646B5E770B5054600880C46E4F7A7
:10DC9000EBFBA04228880AD2E4F7E6FB0023221A15
:10DCA00019462846BDE8704092B2E4F717BD2146F8
:10DCB000E4F7F6FB002070BD2DE9F843074608465F
:10DCC000154688461C469DF82090E4F7B1FB46199E
:10DCD000A4B19EB14046E4F7C7FB254485420FDC62
:10DCE0002246B9F1000F06D131463846FDF70FF84C
:10DCF0000020BDE8F88339463046F7E72120F8E7F1
:10DD00001D20F6E738B50546E4F792FB04462846A1
:10DD1000E4F7AAFB002201462046BDE83840FFF7A1
:10DD20007EBEF8B516460C461D46BDF81870E4F7E1
:10DD30007FFB04443046E4F77BFB3A46411920461A
:10DD4000BDE8F840FCF7E3BF70B50C46013189B27D
:10DD50000646E4F767FD214605463046E4F762FDD6
:10DD600000EB052080B270BD1FB50123ADF80C207B
:10DD700000930A460223014603A8FFF79DFF05B062
:10DD80005DF804FB2DE9F0410C46013189B20646ED
:10DD9000E4F748FD214607463046E4F743FDE11C21
:10DDA000054689B23046E4F73DFDA11C804689B2A4
:10DDB0003046E4F737FD05EB072500EB082005EBBF
:10DDC0000040BDE8F0810FB437B5069D0021A8B230
:10DDD000E4F7F4FB0446E4F72BFB2CB1002207AB7D
:10DDE0000193D1B28D4205D8204603B0BDE8304042
:10DDF00004B0704753F8041B81540132F1E773B546
:10DE000004460D46402000211646E4F7D7FBADF846
:10DE10000600E4F70DFBBDF8063013B9002002B090
:10DE200070BD402133462A462044FFF7D5FE211815
:10DE300089B20DF10600FFF726FF0028EED1BDF8EC
:10DE40000600ECE710B41446091B1A462044019B57
:10DE500089B25DF8044BFFF7BFBE08B410B585B0BA
:10DE600007AC54F8043B00940394FFF7EBFF05B0B4
:10DE7000BDE8104001B070470EB403B503AA52F8D4
:10DE8000041B0192FFF7BBFF02B05DF804EB03B087
:10DE9000704700220123C0E900237047F8B504460B
:10DEA00001270026F8F708FE23683BB9F8F70AFEB9
:10DEB00000226368012B0ED16360F8BD1D691F61EC
:10DEC0002660F8F7FFFD012DF2D02B462D691E616B
:10DED000012DFAD1E6E719691A610B46EAE70069F4
:10DEE000003818BF01207047036823B94068012833
:10DEF00003D0E4F7C5BC002070474FF0FF307047F7
:10DF0000F8B50546FAF71EF8012306460027A86073
:10DF10002B73F8F7D1FD2B6802467BB11C69216990
:10DF2000A1420CBF2F60196127611046F8F7CAFDA6
:10DF3000012C08D0204663689847EAE76C68012CFA
:10DF400004D1F8F7BFFD00232B73F8BD6169711A86
:10DF5000B1F1004FF5D8216969602361E5E702203E
:10DF600070470220704702207047022070477047B8
:10DF7000022070470220704702207047022070473D
:10DF8000002070470144884201D10120704710F8F9
:10DF9000013B9342F7D0002070470821FAF75CBE9E
:10DFA00070B50146064692B00020E2F769FF0446CC
:10DFB00070B9FAF712FE054601466A462046E3F7B5
:10DFC00055FB6A46294620468DF80260E3F72CFE91
:10DFD000204612B070BD00B593B0FAF7FEFD6A4658
:10DFE00001460020E3F742FB9DF9020013B05DF803
:10DFF00004FB00B593B0FAF7F0FD6A460146002035
:10E00000E3F734FB9DF8000013B05DF804FBE3F781
:10E01000E7BA012070470020704707B56846E2F76D
:10E02000CDFE9DF8030003B05DF804FBF8B506468D
:10E030000D46E4F725FF0328044621D02846E4F7DF
:10E040001FFF032807461BD010F0020318D1A007BA
:10E050000DD5F90716D401233C43E20704D43189D6
:10E060002A89914218BF002303F00100F8BD08225D
:10E0700029463046FCF73BFEB0FA80F35B09EBE73C
:10E080000020F3E71846F1E770B50D46002106467B
:10E09000FFF7DCFC044630B1E4F7CAF90146284634
:10E0A000FFF7C4FF08B1204670BD21463046FFF798
:10E0B00023FDEFE77FB54FF6FF7101AAE4F7CCFF30
:10E0C00020B1BDF80C0007B05DF804FB4FF6FF70FF
:10E0D000F9E708B5FFF7D8FF003818BF012008BDE1
:10E0E00008B51046E6F7D0FABDE80840E6F7B0BB41
:10E0F00070477047704770477047704770470021FE
:10E1000000B593B06A460846E3F7B0FABDF80600DA
:10E1100013B05DF804FB002110B592B004466A46C6
:10E120000846E3F7A3FA00216A460846ADF8064020
:10E13000E3F77AFD12B010BD002100B593B06A4636
:10E140000846E3F793FABDF8040013B05DF804FB4A
:10E15000002110B592B004466A460846E3F786FAF5
:10E1600000216A460846ADF80440E3F75DFD12B0B1
:10E1700010BD10B5002486B00494BDF82C40039463
:10E180009DF828400294099C0194BDF82040009419
:10E19000E5F780FA06B010BDF0B587B09DF83C40B9
:10E1A000BDF84070BDF844C0029405460E9C084678
:10E1B00011461A46BDF83430CDE9037CCDE9003470
:10E1C000BDF830309DF84860E5F764FA044670B158
:10E1D0000146002310220120FAF703FB40B132462A
:10E1E0002146284607B0BDE8F040E5F7BFBA192040
:10E1F00007B0F0BD10B588B09DF83C4006940024EF
:10E200000594BDF8384004949DF8344003940C9C68
:10E210000294BDF82C400194BDF828400094FFF70B
:10E22000BBFF08B010BD70B50646E5F769FA0446B5
:10E230003046E8F777FD2246034600213046F4F7E2
:10E2400037FE0546C0B1FFF789FB04462846E4F7D0
:10E25000EFF8E21D121A002329460820D2B2FAF77D
:10E26000C0FA0138C0B2012806D829463046BDE8B8
:10E2700070400122E5F77ABA70BD134610B50A4620
:10E2800000210446F4F7EEFD014628B12046BDE822
:10E2900010400222E5F76ABA012010BD07B50093CD
:10E2A00013460A460021F4F757FD28B1002103B0B8
:10E2B0005DF804EBF2F702B9012003B05DF804FB4E
:10E2C000F0B50E46114646F6655289B0ADF81820F5
:10E2D000044600221846FFF7A2FB054658B306AFD6
:10E2E000C4B1FFF729FF02224FF6FF734FF44841F4
:10E2F000CDE90172009003957C2007AAADF81C308F
:10E30000FFF737FF0146C0B100221046E5F72EFAAD
:10E3100009B0F0BDFFF710FF0223CDE90004CDE9FD
:10E3200002734CF6604233467C212046CDE904540A
:10E33000FFF760FFECE71920EAE70120E8E72DE9A5
:10E34000F04F85B00C4690460746FFF704FA0546A5
:10E35000661C3046FBF782F9042D40F08A8038466F
:10E36000FFF7FCFA0378092203F00303012B4FF0B7
:10E370000101204614BF4FF0020B4FF0030BE3F7EF
:10E3800053F90922002105462046E3F74DF921788B
:10E390008DF80F0001390022204689B2FFF73FFBBC
:10E3A00004EB08098246D0B12A4601460DF10F035D
:10E3B0005846FAF716FA0228054626D15046E4F7E1
:10E3C00053F800222070C0B2431E00929BB201227B
:10E3D00051463046FFF770FC2378013323703846EE
:10E3E000FFF7AFF9020424D499F8013021789B0794
:10E3F0001FD50139A1EB08013A464846C9B2EAF7F0
:10E40000E3FA23781844207013E020B920702846DE
:10E4100005B0BDE8F08F032809D14846FBF71EF987
:10E4200020F4007189B24846FBF71AF9D7E70428AF
:10E43000D5D10125002220462178FFF7F0FA0746C2
:10E440000028E4D00023014601221846FAF7C9F952
:10E45000022819D13846E4F707F80022C3B2013B7D
:10E46000207039460092304601229BB2FFF724FC0F
:10E47000CDE780F0800520F0800081B23046C5F302
:10E48000C015FBF7EDF8D5E70028C0D12070BEE736
:10E4900008B50020FFF7CDF880F00100C0B208BD3C
:10E4A0000A4608B501460020E5F760F9B0FA80F0A9
:10E4B000400908BD0020E3F7E9BC00210846E3F766
:10E4C00063B90020FFF7BCB80020E2F7B7BC70B515
:10E4D0000446FBF7C3F80422002106462046E3F772
:10E4E000A3F82044FBF7BAF8032205460021204692
:10E4F000E3F79AF82044FBF7B1F84FF6FF730540B5
:10E50000ADB29D4214D1F30712D506220021204658
:10E51000E3F78AF82044FBF7A1F80446E5F7CAF9C7
:10E52000844214BF02240624E5F7B8F9204070BDE8
:10E530002046FAF7FEFAC400E4B2F5E708B5FFF7A3
:10E54000C6FF003818BF012008BD01207047012018
:10E55000704710B50446F7F717FB08B9F7F71AFB31
:10E5600003050FD40C231B2B01D1002009E020FA56
:10E5700003F1C90703F1010206D5DBB2E31A5842E1
:10E58000584110BD0B23F9E71346ECE710B50C46D4
:10E59000098819B90846F4F745FC2080012010BD10
:10E5A0000022E5F757BB08B5104600F02DFBBDE88B
:10E5B0000840FAF75FB870B504460D46164692B0AB
:10E5C0006A46E3F753F86A46294620468DF81F60ED
:10E5D000E3F72AFB12B070BD00B593B06A46E3F7CB
:10E5E00045F89DF81F0013B05DF804FB07B50DF169
:10E5F0000701E5F70BFE20B19DF8070003B05DF8B9
:10E6000004FBFF20FAE710B50C46E5F713FF2046A0
:10E61000BDE81040E5F716BE0129F8B505460C46E1
:10E620001DD003291ED0052920D0072922D000267D
:10E63000002400270120E2F7FDFE304485421DDA68
:10E640000320E2F7F7FE2044854219DA0520E2F7BD
:10E65000F1FE38448542B4BF07200520F8BD6FF0B5
:10E660000406E5E76FF004040526E2E700266FF0F4
:10E670000407DFE7002405272646DBE70120EDE756
:10E680000320EBE738B5054600242046E2F7D2FE2A
:10E690000134A842E4B202D9062CF6D10724204660
:10E6A00038BD38B14379490023F00C0301F00C0167
:10E6B0000B434371704710B5044678B141794088E7
:10E6C000490801F006010131000AFFF7A5FF0246E3
:10E6D00001462046FFF7E5FF104610BD0722FBE785
:10E6E00038B50D46E5F794FE044608B9002038BD5C
:10E6F000FFF7E1FF002DFAD1237913F00703F5D0DE
:10E70000984238BF1846C0B2F1E7037923F00703F7
:10E71000194301717047037903F00F0343EA0113B2
:10E72000037170470022E6F7E1BA0021012208B523
:10E73000E6F7DCFA401A18BF012008BD38B51546C7
:10E74000FFF7F0FF04462846FFF750FF84B1FF288B
:10E7500004D0626822FA00F3DB0701D5012038BD3E
:10E760000123834013436360E3780133E370F5E7EB
:10E770002046F4E7E6F73CBD0146102307220120BE
:10E78000E4F7A8B910B5E3F753FE00F110042046F2
:10E79000FAF764FF20F4007189B22046BDE810400A
:10E7A000FAF75EBF2DE9FF411546019101218DF871
:10E7B0000D301B0A8DF80E309DF82C308DF80C00B2
:10E7C0008DF80F3028460423009103AA9DF8288075
:10E7D0009DF830709DF8346001F039FE044670B148
:10E7E0002946FEF7F2FFB8F1000F02D12046FFF7ED
:10E7F000C9FF2FB146B931462046F1F75FFE00242C
:10E80000204604B0BDE8F081002220461146E6F71C
:10E8100071FCF4E74FF47A70E6F7C4BDF0B5064634
:10E8200087B010461C460F461546FFF797F89DF82F
:10E830003030184443789CB16178012211F0020F06
:10E840000CBF032100210020CDE90142CDE90310D6
:10E850000722394630460095E6F74CFE07B0F0BD7A
:10E8600022462146EFE708B5E4F7BAF8BDE80840CC
:10E870000020E7F77BB81FB504466846FFF77CFF2A
:10E8800054B100238DF8053010230722694600207B
:10E89000E4F720F904B010BDFFF731FCADF8060035
:10E8A000FFF74AFCADF80000EEE708B5FFF7E3FF1D
:10E8B000002008BD00B58BB06846FFF75DFF009BE8
:10E8C000BDF8060004A90693E6F7F6FC0BB05DF868
:10E8D00004FB1FB504466846FFF74EFF02AB03CBAF
:10E8E0002060616004B010BD1FB5062304468DF89A
:10E8F0000C30E7F7C1F900238DF80D00CDE90033A6
:10E9000001210223204603AA01F0A1FD04B010BD9D
:10E9100070B50C4605460120E8F740F9237B4BB162
:10E92000FFF7EDFB014623462A46BDE87040012073
:10E93000E7F7E0BB4FF6FE71F5E71FB50A230120AC
:10E940001A4601A9E4F7C6F84FF6FF73BDF80C208C
:10E950009A420AD00822FF2101A8FFF713FB80F09A
:10E960000100C0B205B05DF804FB0020FAE7F8B57D
:10E970000E460746FEF7F2FF0546FAF76FFE00F473
:10E980004040B0F5404F14BF0022062202F10A03B6
:10E99000EB5C0B325C0004F00E045B08144403F0E3
:10E9A000380338461C44FEF7DEFF844208D2001BC1
:10E9B000C2B20F2A28BF0F2230462919FCF78AF964
:10E9C0002046F8BD13B5F2F71BF86946044601F07E
:10E9D000A0F958B1FFF793FB40B1E4F743F928B130
:10E9E0000023022269462046EFF77CFB02B010BDEF
:10E9F000FF224FF6FF71E9F787BA37B505460C4697
:10EA00000823092269460120E4F764F815B19DF84E
:10EA100006302B700CB1009B2360BDF8040003B0DE
:10EA200030BD07B500210DF10700FFF7E6FF9DF8A7
:10EA3000070003B05DF804FB07B508238DF8060056
:10EA4000ADF804100092694609220020E4F742F86C
:10EA500003B05DF804FB13B5044601A90020FFF7DD
:10EA6000CCFF019A01462046FFF7E6FF204602B0A0
:10EA700010BDF0B50F46002187B004460846164683
:10EA8000FFF7BBFF012305460DF10A008DF8084092
:10EA90008DF80930FFF71DFF092C1DD131460DF10E
:10EAA0001200FAF7DDFD05AB002102AA9B1A2846E9
:10EAB000CDE90011DBB2642101F0C9FC0546E0B1EB
:10EAC000092C15D1E9F702FC044688B12846E9F77C
:10EAD00011FC204607B0F0BD31460DF113008DF852
:10EAE00012704FF6FF75FAF7BBFD0DF11503DBE76A
:10EAF000284600F02EF80446EBE70446E9E77FB528
:10EB00000D461646ADF80E00E3F7AEFC841BE4B2EA
:10EB1000BDF80E20631B9BB2104629460093731963
:10EB2000FFF7FFF821460DF10E00FFF7ACF804B037
:10EB300070BD38B504460D4601F026F940B1AC422F
:10EB400006D02046F1F7DEFFBDE8384001F0A7B956
:10EB500038BD10B50446FEF701FF0230FAF77EFD1E
:10EB60004FF6F7739842204603D9BDE81040E9F705
:10EB700043BDE9F78DFDB0FA80F0400910BD0022D9
:10EB8000E9F75EBC70B50546FEF7E8FE0646284686
:10EB900001F081FC01462846E3F744FE044628467E
:10EBA000FEF7FDFD4FF6F773984208D8337803F06F
:10EBB0000303012B05D1A31E5842584170BD01200B
:10EBC000FCE70020FAE741F2033330B585B00D468B
:10EBD000ADF808300446FFF792FA8DF80A00FFF707
:10EBE0008EFA0021000A8DF80B0005232046CDE99E
:10EBF000001102AA8DF80C5001F029FC10B1214639
:10EC0000FFF7BDFF05B030BD70B504460D46D9B164
:10EC10003F294FF0000600D135462046FEF79BFD08
:10EC2000082813D101212046E3F78CFC0646E3F7C0
:10EC30001BFC04463046E3F7FBFB2A460146E0B2E4
:10EC4000BDE87040FAF774B80126E6E72046FEF703
:10EC500082FD024630B9BDE870404FF6FF710120D9
:10EC6000F9F7C1BF2046FEF787FDB0F5006F0ED162
:10EC70002046FEF794FD4FF6FF739842014617D0E9
:10EC8000002D0CBF032005200022F9F7ACFF294618
:10EC90002046E6F7EDFA68B929462046EBF7B6F9C3
:10ECA00040B9324629462046BDE87040E9F7E0BF4A
:10ECB0000120E9E770BD01460320EDF71FB837B525
:10ECC0004FF6F675F9F7C6FF431E9BB2AB420446FA
:10ECD000F8D8E5F79DFB0028F4D169462046E4F713
:10ECE00037FC0028EED0204601F0D5F90028E9D104
:10ECF0002046FFF71AFD0028E4D12046EBF7EEF995
:10ED00000028DFD1204601F03FF80028DAD1204664
:10ED1000DDF7BAFD0028D5D1204603B030BD73B56C
:10ED200004460E46EBF7DAF9054688B92046EBF7BC
:10ED30002FFA21462B460D224FF6FD70009500F06C
:10ED400056F83146204602B0BDE87040EBF7E2B914
:10ED500002B070BD37B5054614460C2914D8DFE85B
:10ED600001F02C132C131313071313131324240073
:10ED70006946E4F7EDFB18B901216846EFF79AFD03
:10ED800041202946F5F7C4FED4B12046FEF7E6FD42
:10ED90000230FAF763FC4FF6F773984210D9204619
:10EDA00003B0BDE83040E9F747BE40F6144040F6F6
:10EDB00013430B2908BF1846E3E7F3F75FFAE3E7CD
:10EDC00003B030BD1FB50346084603218DF80D3052
:10EDD0008DF80C1001230021ADF80E20CDE9003193
:10EDE00003AA042301F033FB05B05DF804FB2DE911
:10EDF000F34106460F4614461D469DF82080FFF756
:10EE00007EF9B04207D100222146384602B0BDE863
:10EE1000F041FFF79FBF3A4631462046FFF7D2FF49
:10EE2000ADF8060060B10D2C05D100224FF6FF7140
:10EE30002820F9F7D8FE35B9BDF80600FFF789FE9E
:10EE400002B0BDE8F0810123424629460DF10600DB
:10EE5000E3F744FCBDF80630002BEDD1F0E7F7B541
:10EE60000C460546FEF77AFD611C06462846E3F788
:10EE7000D9FCA11C07462846FEF766FF014604465A
:10EE80003846F9F733FF0D2F34D12046EBF726F93A
:10EE900078B1301DFAF7E2FB04462846F679FEF712
:10EEA000C0FC31460246204603B0BDE8F040FFF703
:10EEB00045BCB01CFAF7D2FB4FF6F773984202D963
:10EEC0002846E9F7B9FD2046EBF762F9FFF717F995
:10EED000A04205D1002003B0BDE8F040EBF79CB99B
:10EEE0006B46B068F16803C369462046EBF712F938
:10EEF00003B0F0BD2A463946204603B0BDE8F040D5
:10EF0000FFF728BF14220021FBF71BBF2DE9F04FAC
:10EF100011F00F0704460E4615468FB05CD1012054
:10EF2000D2F7B2F809A8D2F757F8092309A88DF843
:10EF30002430D2F75DF809A8D2F77AFB01A909A815
:10EF4000FAF717F926F00F08A84404F1100904F1A4
:10EF50000F0A454511D1236901A93344236109A84A
:10EF6000FAF7E8F80020D2F78FF8B6F1005F28BF73
:10EF7000272738460FB0BDE8F08F05AA23469646EE
:10EF80009446186859680833ACE803004B4562465C
:10EF9000F6D12B46224605F1100B53F8041B5B45B6
:10EFA00042F8041BF9D1714609A8FAF7C3F809A879
:10EFB000D2F73EFB224621460120D2F7CFFB013D8E
:10EFC000631E13F8012F15F8011F534582EA010251
:10EFD0001A70F6D15D46BCE70227CAE7F0B51746BE
:10EFE00085B005460C46102200216846FBF7A9FEB5
:10EFF000BFB3C4B30F2C04F00F0608D924F00F04DC
:10F000003A4621462846FFF781FF40BB2744324657
:10F0100039466846FBF75EFE80222F6906F1100331
:10F0200037446B44B7F5005F03F8102C2F61C6F12D
:10F0300010061AD3062E1FDDFB001A0E8DF80A20CB
:10F040001A0C5BBA8DF80B20ADF80C306A46102113
:10F050002846FFF75BFF00202B69103B2B6105B0B2
:10F06000F0BD3E46D8E72646D6E7022E04DDFB007B
:10F070005BBAADF80E30E9E76A4610212846FFF783
:10F0800045FF2B691022A3F11004002168462C6172
:10F09000FBF757FEB7F5005F4FEAC403CDD2E7E7B1
:10F0A00070B50E46054686B001A81446FFF72AFF44
:10F0B0003246294601A8FFF791FF2246054601ABDB
:10F0C00005AE1C4603CCB44210605160234602F1E9
:10F0D0000802F6D1284606B070BDEBF73BB90A46E8
:10F0E0000021EBF737B9F0B58BB00C4601A9EBF76F
:10F0F00031F9054680B325220021E01CFBF721FEF3
:10F100000123A3700E23BDF810702380FA0510D5DB
:10F1100023464FF4877206AE23F8042B0DF1280C1A
:10F12000324603CA624518605960164603F1080367
:10F13000F6D13B0605D5238843F080032380069B48
:10F14000636001AB03CB039BC4F81D00C4F821101E
:10F15000A361ECF707FC606128460BB0F0BD30B549
:10F1600005460C4687B001A8D1F736FF28686968C4
:10F1700002AB03C39DF8113043F002028DF8112059
:10F1800074B12288510644BF43F006038DF8113054
:10F19000530542BF9DF8113043F008038DF811303C
:10F1A00001A8F9F77AFFB0FA80F0400907B030BD46
:10F1B00070B58AB00D46002201A90446EBF7CAF8E3
:10F1C00088B1204604A9FFF7CAFF60B1BDF81060FE
:10F1D000FEF795FF38B9720601D5730503D52946A8
:10F1E0002046F9F7A9FD0AB070BD2DE9F3410F469D
:10F1F00005461646E3F738F94FF00008C41BE4B2A1
:10F20000294623463A463046CDF80080FEF754FDA5
:10F2100001212846E3F796F988B101212846E3F752
:10F2200091F90746E3F720F90546C3B24246301983
:10F230003946CDF80080FEF73FFD2544ECB220466C
:10F2400002B0BDE8F0812DE9F04F85B00C460546CF
:10F2500091461F464FF0010ADDF838809DF83CB01A
:10F26000E3F702F922463B4629460646CDF800A0C0
:10F270004846FEF721FD51462846E3F763F93C4432
:10F2800018B351462846E3F75DF9F6B2B442814619
:10F2900010DAE7B2F31BDBB2404622462946CDF82E
:10F2A00000A003935F44FEF707FD039BBF1B984438
:10F2B00007F0FF0B012300220E9349465B464046B0
:10F2C00005B0BDE8F04FFEF7F7BC5B462246294685
:10F2D000CDF838A0F3E72DE9F041002686B00746C7
:10F2E00008460C4615469846CDE9026604968DF808
:10F2F0001460E3F7B9F8411BCBB20D2B28BF0D23E7
:10F300002A462146009602A8FEF7D6FC424602A9EC
:10F310003846EBF7AFFA0646294620469DF8082006
:10F32000E3F794FA304606B0BDE8F0812DE9F04FDE
:10F330000F461546ADF5057D0DF110088146424694
:10F34000294638469A46FFF750FF041FE4B2F82CCE
:10F3500004D900200DF5057DBDE8F08F5545F8D89E
:10F36000B9F1000F36D0AAEB0506F6B2B4420ED9B9
:10F3700004230193A5EB0A032344DBB208EB060246
:10F380000093012100238E980292D2F7CFF94FF01B
:10F39000040B0DF5887A334642460121CDE9004B36
:10F3A0008E98CDF808A0D2F7C1F95A468F990AEB8A
:10F3B0000400FBF79CFC03460028CAD1B9F1000FFA
:10F3C00006D0024629463846CDE90084FFF73BFFC8
:10F3D0000120BFE72646DAE72DE9F04F0E46CBB015
:10F3E0000121054617461C46E3F7ACF823463A468A
:10F3F0002946814606A8FFF76EFF0DF1280A00EBAB
:10F40000070B5246314628465FFA8BFBFFF7EDFEAD
:10F41000B34503D200204BB0BDE8F08FABEB06083C
:10F420005FFA88F808F104039842F3DB331F1844AD
:10F430000423C4B20193A31BDBB20093524643469C
:10F440000021CDF808A006A8D2F770F90028E1D174
:10F45000A4EB0B040AEB0803E4B2524628463146FB
:10F46000009301944346FFF7EEFE39462846E3F742
:10F47000D9F9394600F0F8022846E3F7E7F9012107
:10F480002846E3F75FF8002818BF4D462846ADF838
:10F490001650E2F7E9FF011FC9B20DF11600FEF7A1
:10F4A000F2FB0120B7E72DE9D841064600F0F3FF53
:10F4B000411C044689B2304600F0C0FF98B394B3B3
:10F4C00021463046E3F7AEF900F00C03042B074663
:10F4D00029D000F00308B8F1020F00D11BBB384659
:10F4E00001F063F83B060444A4B216D5611C304613
:10F4F00089B200F0A3FFB0B121463046E3F792F99C
:10F50000B8F1010F014600F003030CD0032B0AD021
:10F51000384601F059F803199CB221463046BDE83F
:10F52000D84100F08BBF0020BDE8D881F8B5064671
:10F5300000F073FF054604463046FEF70FFA4378A5
:10F540005B0718D5AC1CA4B22146304600F076FF0C
:10F55000B8B129463046E3F765F90746691C3046DD
:10F5600089B2E3F75FF91FB1874201D8FF2808D1BC
:10F5700004EB4704A4B221463046BDE8F84000F051
:10F580005DBF0020F8BD13B5044601A8EBF7BAFB38
:10F59000BDF80430DA0710D49B0707D410220021ED
:10F5A000204602B0BDE81040FBF7CBBB2246214607
:10F5B0001020FFF775FD0028F0D102B010BD024603
:10F5C00008B5EBF7CBFB510544BF0838C0B21305B3
:10F5D00044BF0838C0B208BD01460120ECF78EBB1D
:10F5E000F0B5D30705460C468BB04AD5008800F02D
:10F5F00052FF00230646029314B9CDE9034403AC3D
:10F60000002208212046FEF7BDFCA8B12888FEF79D
:10F61000A5F90230FAF722F821460746E3F798FFEA
:10F6200050B1002240231146384600F052FB40F60C
:10F63000094528460BB0F0BD31462888E3F7F2F8BB
:10F6400010F0030F0CBF01260026EAF7C7FE46EABA
:10F650004000C0B200900021204602AB05AAECF7A2
:10F6600001FE0546EAF7BAFE0028E2D0002DE0D000
:10F6700000212046009602AB05AAECF7F3FD0546F3
:10F68000D7E740F60A45D4E72DE9F04F1D460023A1
:10F690008BB00C4617460646ADF8243010B1A1F1E8
:10F6A0000904E4B2002221463846FEF7B8F9ADF865
:10F6B0002600002800F0B8800021E3F7B3F88306A5
:10F6C00040F1B4800020E2F7CFFE80460020E2F750
:10F6D000AFFE0023024600934FF6FF7004235FFA4B
:10F6E00088F1FEF7EEF8ADF82400002800F09880CD
:10F6F0000EB10534E4B204F1100109A8FEF7C3FA13
:10F70000044600284ED103461021BDF82620BDF83E
:10F7100024000095FEF705FBBDF82620002E1046BC
:10F7200014BF4FF0050B4FF0000BBDF824A007925B
:10F73000E2F79AFE05F11009401B80B2CB442B463C
:10F740005946079A00905046FEF7EBFA0DF1230355
:10F750000193149BCDE903440294009310202346A7
:10F7600009AA5FFA89F18DF82360ECF711F9C84610
:10F770000446B8B9BDF824002EB3E2F775FEA0F137
:10F780001005EDB229460DF12600FEF77CFA00289F
:10F7900048D110232146BDF82420BDF8260000954D
:10F7A000FEF7BFFABDF826504DB12846E2F75CFEE1
:10F7B00000220346294638460092FEF77DFA20468D
:10F7C0000BB0BDE8F08F4946E3F72CF810F0200F9E
:10F7D000BDF8240014BF4FF00D094FF00509E2F702
:10F7E00043FEC5F1F0060644A6EB09062146BDF826
:10F7F0002420BDF82600F6B210230095FEF791FAFA
:10F800002946BDF82600BDF82420009609EB080320
:10F81000FEF787FAA9190DF12600FEF734FAC1E7C1
:10F820001924BFE70446BDE71924C8E70224C6E748
:10F8300001461A2308220120E3F74CB900231A4697
:10F84000ECF76CBC38B5002204460D46FEF79AFB77
:10F8500050B9FF2229462046FEF794FB80F00100B4
:10F86000C0B200F0010038BD0020FAE730B58BB01F
:10F8700005AD04462846D1F7AFFB0223284601A96F
:10F880008DF81430F9F775FC234601AA144603CC11
:10F89000AC4218605960224603F10803F6D10BB060
:10F8A00030BD08B50023024619461846ECF736FC71
:10F8B000012008BD37B504466846ECF7A5FC0546AF
:10F8C00048B1082221466846FBF711FAB0FA80F0E9
:10F8D000400903B030BDFF2208212046FEF752FB4D
:10F8E000034628B106212846FFF7A8FF0120F0E7CC
:10F8F00022460146ECF712FCF8E707B56846ECF73C
:10F9000083FC10B16846F9F702FE00F0010003B075
:10F910005DF804FB0120EDF7A1B9704737B5044647
:10F920000846FDF758FF0546FEF7E9FB00230146B0
:10F93000009322462B460120F2F7F8FE03B030BDBB
:10F940002DE9F04114464FF0010894B006460FA887
:10F950000F46D1F741FB01A88DF83C800BADD1F7E4
:10F960000FFCF4B1002329460FA803AC8DF83D30FD
:10F97000F9F7FFFB95E80F0084E80F009DF80650AB
:10F98000334604F11006224603CAB2421860596099
:10F99000144603F10803F6D100203D7014B0BDE811
:10F9A000F08129460FA807AC8DF83D80F9F7E1FBFF
:10F9B00095E80F009DF8075084E80F00E0E730B5A8
:10F9C0000124054689B003A8D1F706FB01A88DF8EC
:10F9D0000C40D1F7D5FB9DF806209DF80730AA42D0
:10F9E00009D0AB4209D103A88DF80D40D1F720FE14
:10F9F000012009B030BD0024F5E70020F9E700221E
:10FA000008B511461046EDF78FFCBDE8084000210F
:10FA10004FF6FF70FFF712BF00221021FEF7B2BAB7
:10FA20007FB50D4602460D2317216846F8F7F4FA14
:10FA30006B462A4602AE1C4603CCB44210605160AD
:10FA4000234602F10802F6D1206810602379137171
:10FA500000236B7304B070BDF0B585B06C460646EC
:10FA60000B46224601F108072546186859680833F5
:10FA700003C5BB422C46F7D11868314628601B7974
:10FA800017202B710D23F8F7D0FA05B0F0BD38B56B
:10FA900004460D46D0F79AFDA04205D920462946D6
:10FAA000FFF7BEFF002038BD2820FCE730B500245A
:10FAB00085B08DF80040D0F789FDE5B2A84204D8A2
:10FAC000EEF75CFD002005B030BD69462846FFF723
:10FAD000C3FF0134EFE738B504460020F0F7E2FF3A
:10FAE000FF2805460FD0F1F79DF810F0010009D06E
:10FAF0002846F1F797F8400840EAC17080F001000D
:10FB000000F0010038BD04F00100FBE70146F8B544
:10FB100006460020EEF76CFCFF2801D00120F8BD5E
:10FB2000D0F738FD00240546871CD0F737FDE3B237
:10FB3000984201D80020F2E735F82430B34203D1CF
:10FB400017F82430002BE9D10134EEE738B50D4623
:10FB500001210446E2F7F6FC30B101212046E2F72C
:10FB6000F1FC2880012038BD20462C8000F089FD62
:10FB70000130C0B2F7E72DE9F04788B00746894663
:10FB800010460DF10A011D469046FFF7DFFF4FF0CA
:10FB9000000ABDF80A6004463046CDE905AACDF852
:10FBA0001BA0E2F761FC031BDBB20B2B28BF0B236E
:10FBB00022463146CDF800A005A8FEF77DF848F2B0
:10FBC0001F039D4243D00BD885F40043012B15D968
:10FBD00023464246494628460097F9F7B0FC33E0F1
:10FBE00048F23A039D42F3D1FEF789FAB8422BD08E
:10FBF0002246414605A8F4F7BBFA25E09DF81430EB
:10FC000013BBBDF81D40DDF81500DDF8191003AB7E
:10FC100003C3204603A9D0F70BFF0122204603A906
:10FC2000EAF72EFBA74206460ED0012103A8EEF705
:10FC300041FE48F201039D4206D12EB933463246B9
:10FC40003946204600F066FE08B0BDE8F0879DF812
:10FC50001450002DF8D12F469DF815800234EAB2D9
:10FC60004245F1D2D200D2B222440823314692B2A8
:10FC7000009703A8CDE90377FEF71EF803A8F0F775
:10FC8000EFFEF0F73FFF00F00AF90135E7E708B5AE
:10FC9000E2F7A6FEBDE80840EFF750B810B5002423
:10FCA000418084800480C280038110BD13B5BDF8FB
:10FCB0001040CDE900340023EFF7A8F902B010BDE1
:10FCC00013B5BDF8104001900094EFF79FF902B012
:10FCD00010BD07B500930123FFF7F2FF03B05DF8F5
:10FCE00004FB0121F0F7EABB08B500F00EF8FF288D
:10FCF00004D0F0F797FFC0F3C00008BD0120FCE777
:10FD000001464FF6FF70F0F7FBBA01460020F0F70E
:10FD1000C9BE10B50C46F0F7F5FEFF2808D0F0F785
:10FD200087FE20B10368236043680120636010BD33
:10FD30000020FCE710B50446FDF71EFDB0F5006F8E
:10FD4000204605D1FDF72BFDBDE81040F0F7DABEE7
:10FD5000FDF741FDBDE81040FFF7D7BF08B5F0F74C
:10FD6000D1FEFF280CD0F0F75DFF10F0010309D0A1
:10FD7000400840EAC17080F0010000F0010008BDB9
:10FD80000020FCE71846FAE708B5F0F7BBFEFF389D
:10FD900018BF012008BD08B5F1F798F9002008BD8B
:10FDA00030B585B005460C46D0F71CFCA8421CD9DE
:10FDB0002068616801AB03C36389ADF80C30237A16
:10FDC000022B10D0DA1E53425341DA0000231A43AB
:10FDD00018208DF80E200B23294601AAF8F725F9E3
:10FDE000002005B030BD0022F1E72720F9E71FB55C
:10FDF00002460B2301A81821F8F70EF99DF80E0012
:10FE000005B05DF804FB30B589B001F0010503A928
:10FE10000446F1F7CDFA9DB190B92046F0F702FF04
:10FE200010F0010109D02046F0F7FCFE430843EA38
:10FE3000C17383F0010303F0010103A8EEF73AFD5B
:10FE40002046F2F78FFA9DF8143029460093204699
:10FE5000BDF8162003ABF8F719FF09B030BD30B577
:10FE600085B00C460546F0F7CBFDA04215D04FF605
:10FE7000F7739C4211D80B232A46182101A8F8F7E2
:10FE8000CBF8294618200B2301AAADF80C40F8F74F
:10FE9000CCF821462846F0F74FFE05B030BD10B52E
:10FEA0000446D0F79FFBA0420FD92046F0F7A8FDEB
:10FEB0004FF6FF73984208D020460021FFF7A3FFBA
:10FEC0002046BDE81040F1F7CBBA10BDF0F71ABEDE
:10FED000F0F796BD4FF6FF73984210B50C4605D06B
:10FEE000FEF784FBFF2801D0E4F7A4FA34B12046E2
:10FEF000BDE810404FF6FF71E4F7A0BB10BD38B568
:10FF0000014605460020F0F7CDFD04464FF6FF718F
:10FF10002846E4F793FBFF2C04D02046F1F7A0FA23
:10FF2000002038BD0120FCE710B50446FEF7E7F8D5
:10FF3000002102462046BDE81040F1F701BC2DE942
:10FF4000F04114460F4605469846FDF707FD064664
:10FF50000430F9F783FB20802846FDF762FC6080BF
:10FF6000B379791CE372C9B22846E2F75BFCB91C8D
:10FF7000A072C9B22846E2F755FCFE1C2072F6B208
:10FF8000B8F1000F18D031462846FDF7DDFE0537E1
:10FF9000FEB23146A0802846FDF7D6FEB11CE080B7
:10FFA000C9B22846E2F73EFC6072217AA08801229D
:10FFB000BDE8F041F2F7E4B82088EAE72DE9F04126
:10FFC00086B090461E4604460D46FEF798F84FF65A
:10FFD000F7739845074632D80523A0428DF80C30B8
:10FFE0004FF0010214BF012300234FF0000118BF9E
:10FFF0008DF80D30CDE9002114BFADF80E008DF85D
:020000040804EE
:100000000D30284614BF0423022303AA00F01FFA70
:100010000546A0B1A7421AD0FDF7A0FC074621462D
:100020000430803EF9F71CFB2046FE7104A9FFF75F
:1000300070FE40B9204604A9E2F7AEFF18B90020CF
:1000400006B0BDE8F081284604A900F08FFA4146C9
:100050002846FEF794FDF3E7037923F003031943E1
:1000600001F03F010171704707B50DF10701F1F78C
:100070002DFF03B05DF804FB08B5FFF7F5FF18B1DD
:10008000BDE80840F1F772BF08BD00224FF6FF70CF
:100090001146F2F775B810B50446FFF7E5FF0246C2
:1000A00038B901462046F2F76BF8003818BF012036
:1000B00010BD0120FCE7F8B5174604460E46FFF7D1
:1000C000D3FF0546386068B1037903F0030333704A
:1000D00023B93A68137903F03F0313713B685C88D6
:1000E0002046F8BD01462046FEF7FAFA074628B139
:1000F000E4F70CFC874201D83570F1E73146204621
:10010000F9F717FA0028EBD003234FF6FF7433708A
:10011000E6E707B501AA0DF10301FFF7CCFF9DF853
:10012000033053B9019828B1037913F0300F14BF8D
:100130000120002003B05DF804FB0020FAE72DE960
:10014000FF410646104688461546F0F789FC0746EB
:10015000FDF7D5FF044648BB4FF6FF739E4225D0FE
:100160009F4206D00146384604B0BDE8F041E7F7AB
:10017000DBBF07238DF804302B680246CDF805302D
:100180006B68092101A8CDF80930FDF748FC02464B
:1001900018B9192004B0BDE8F0810123414630466A
:1001A000EDF754FA0028F4D02046F3E70220F1E7F7
:1001B000F2F716B907B5024669464FF6FF70F2F737
:1001C0000FF903B05DF804FB2DE9F04390460F46AC
:1001D00006464FF0010991B00BA803ADD0F7FCFE25
:1001E00007AC29460BA8ADF82C90F8F7C2FF95E8AC
:1001F0000F0084E80F004B46002239463046CDE917
:100200000048EDF73BFB11B0BDE8F0832DE9F04F5E
:10021000002785B081460C467E2039469846BDF8B9
:100220003CB09DF844A0BDF84C500192ADF80E7062
:10023000E2F7C4F90646002800F0AA80E2F7F8F8D1
:1002400039467E22FAF77DFD3046E2F7F1F800905C
:100250003046E2F7EDF8B9F1FF0F0CBF274644F046
:1002600003073B0A14F44062077043705FD14FF0FC
:100270000808C31C184642460199FAF748FD034690
:1002800004F44044434484B1790606D419464FEA45
:100290001B2201F802BB5A700B46B4F5004F56D032
:1002A000A4F5404254425441E400224618460E99B7
:1002B000FAF72DFD009A03462044A0EB02085FFAEE
:1002C00088F89DB14FF47C521A53841C2846E2F7FB
:1002D000AFF883462846E2F7C7F8C5B22A46594622
:1002E0002046FAF7F7FC60190235EDB2B9F1FF0FBD
:1002F0002FD05246109900F8019BFAF7EBFC08F159
:1003000001015AFA81F129443046E2F7C9F80C217B
:100310000022FF0007F0800710463943FDF7FCFA82
:10032000ADF80E00E8B9002005B0BDE8F08FB2F5D9
:10033000006F80F803804FEA182880F8048000F1ED
:10034000050314BF4FF008084FF0020892E702249B
:10035000ABE708EB0A0129443046E2F7A1F808218F
:10036000D6E73046E2F764F804463046E2F77CF818
:100370000123024621460DF10E00E2F7AFF90028F5
:10038000D1D10121BDF84820BDF80E00E2F7EEF80A
:10039000BDF80E00C8E710B50C46098821B908461B
:1003A000F2F740FD208008B1012010BD0220FCE7DB
:1003B0002DE9F7430F46012181461646E2F7C2F8C0
:1003C000054658B1FDF79EFC308088B92846E2F713
:1003D0004BF868B1192003B0BDE8F0834846E2F756
:1003E00043F8FF2FA0EB0704E4B214D014B9348013
:1003F0000020F0E72A4621462846FDF710FB8046FC
:100400000028E7D03B464A4629460094FDF789FC80
:10041000A6F80080ECE70120DDE708B5FDF79EFABD
:10042000437803F001001A074CBF10300830DB0698
:1004300044BF0830C0B21030C0B208BD10B50C4681
:10044000E2F712F8A04234BF0020012010BD7FB5B2
:1004500014460091024641F2092141F609209DF817
:1004600020601D46002E18BF0146099B0020F3F7AF
:1004700039FAADF80E0010B9002004B070BD0123A8
:100480002A4621460DF10E00E2F728F90028F3D1A3
:10049000BDF80E00F1E738B50546FFF7BEFF04468C
:1004A0002846E1F7E1FF631C9BB283420FD8284640
:1004B000FDF754FA43785B0707D521462846E2F753
:1004C000B1F9013004EB4004E4B2204638BD002409
:1004D000FBE71FB5ADF80E00E1F7C6FF0446BDF817
:1004E0000E00FFF7D8FF00F10E03DBB2E4B2BDF857
:1004F0000E200146E01A80B200901046FDF711FC74
:10050000A4F10E0189B20DF10E00FDF7BCFB04B0A1
:1005100010BD4278034612F0080006D0D20702D47C
:1005200003F10800704703F10900704737B505462D
:100530000C46FDF713FA437813F0100212D09CB169
:1005400003F001021B074FF00003294600932046E9
:100550004FF0080354BF18322032FDF7ADFB0120E5
:1005600003B030BD1046FBE72046F9E773B50546FA
:100570000C46FDF7F3F9437813F0100211D094B153
:10058000012603F001021B0729464FF0080320460D
:1005900054BF183220320096FDF78EFB304602B071
:1005A00070BD1046FBE72046F9E700F00303012B7E
:1005B00008D0C30606D400F00C000C2814BF082095
:1005C0000920704702207047034611F0030005D050
:1005D00003F00303022B14BF022003207047F8B579
:1005E0000C460646E1F740FF631C834202D9002512
:1005F0002846F8BD21463046E2F714F90746FFF7D2
:10060000D4FF3B060546F3D504443046E1F72CFF02
:10061000A4B2631C9BB28342E9D821463046E2F77C
:1006200001F901463846FFF7CFFF2844C5B2DFE79E
:1006300070B506460D46FFF7D2FF044610B90024F8
:10064000204670BD29463046E2F7ECF88206F7D521
:100650003046E1F709FF2544ADB26B1C9BB28342E3
:10066000EDD829463046E2F7DDF800F01803082BF4
:1006700014BF05340634E4B2830644BF0834E4B240
:10068000DEE738B50546FFF706FF044608B9002047
:1006900038BD01462846FFF7CBFF0028F7D020449D
:1006A000C0B2F5E72DE9F04387B005460C46FDF7EB
:1006B00055F98046F8F7D2FF07462846FFF7EBFECC
:1006C000064601462846FFF78AFF002203460092AD
:1006D0002946324602A8FDF7EFFA9DF8086006F0B9
:1006E0000C030C2B06F003090BD0B9F1010F59D004
:1006F000F10657D49DF809300DF10A050020637109
:1007000007E0FF230DF109006371F8F7A7FF0DF172
:100710000B05208198F80130DA0704D508F10200B2
:10072000F8F79CFF2081B9F1010F5FFA89F83DD0FD
:10073000F3063BD42846F8F791FF6080A81CF8F731
:100740008DFF053515F8013C208023712B78B0060C
:10075000A37206F0400348BF43F02003390627D5B3
:1007600043F40073F80448BF43F48063390548BF7D
:1007700043F400633206E38011D56A7812F0030275
:100780000DD06FEA43436FEA5343A978B8F1020FE3
:10079000E3800B4611D1EB7841EA0321218107B0B8
:1007A000BDE8F083FF230DF10905A7E7FF23CCE7A0
:1007B0007A0648BF43F48073D4E7012A04BF0B02D2
:1007C0009BB22381EBE773B50546E6F705FB0646CA
:1007D0002846E6F7A7FA04463EB330B32846E2F7C8
:1007E0008FFF00960246234600212846F2F7B8FB09
:1007F0000646D0B1FDF7B2F804463046E1F718FEE0
:1008000004F10D02121A002331460820D2B2F7F784
:10081000E8FF0138C0B2012807D801223146284636
:1008200002B0BDE87040E2F7A1BF02B070BD00B5F4
:1008300089B00B4605226946F4F726F8023818BF3E
:10084000012009B05DF804FB037810B5044643B9F4
:1008500001220270427843601A2A03D1CFF7FEFECC
:10086000208110BD0370FCE738B50378044663B9F6
:1008700001220270427843601A2A0CD10589CFF711
:10088000EDFE854202D92123636038BD207ABDE8A0
:100890003840CFF7E9BE0370F7E7F8F72BBA00202E
:1008A00070477047F0B505462F4687B00C4602A842
:1008B00059211646F8F7D4FE37F8021B0DF10A004D
:1008C000F8F7CEFE0022D5F80200796803AB03C327
:1008D000AB890F21ADF814306300CDE9002203F09D
:1008E000FE03324602A88DF81640DFF7DFFA07B0A4
:1008F000F0BD002108B50846E1F760FE00280CBFF6
:100900001920002008BDF4F771B80020F4F7CCB826
:10091000F4F79CB90BB1F4F705BA0AB9F4F77EBA4B
:10092000FF21F4F7A7B970B50546837808462E462F
:100930000C4600F8013B36F8041BF8F791FE08223C
:100940003146E01CFAF7E3F9EB780120E3722B7BE8
:1009500004F10E0123736B7B63732A69F8F784FE3D
:100960006A69012004F11201F8F77EFE298B04F177
:100970001600F8F775FE082205F11C0104F11800B5
:10098000FAF7C5F9A98C04F12000F8F769FEE98CA3
:1009900004F12200F8F764FE95F8283084F824303A
:1009A00095F8293084F8253095F82A3084F82630D7
:1009B00095F82B3084F8273070BD0B4611461BB1DB
:1009C000012B03D021207047F4F732BCF4F738BE76
:1009D000F0B507460D4695B00021144601A84C22FB
:1009E0001E46FAF7AEF9B62101A8F8F739FE3846E7
:1009F0000DF10601FFF797FF0DBB23686189CDF864
:100A00002F3063680EA8CDF83330237A8DF82E503E
:100A10008DF83730F8F724FEA1890DF13A00F8F788
:100A20001FFEE389ADF83C3030460DF13E01FCF786
:100A3000A9F84C2101A8FCF7EEFA15B0F0BD01238E
:100A40008DF82E30F0E713B50446B7216846F8F765
:100A500007FE22460DF102010120F8F705FE0621EE
:100A60006846FCF7D8FA02B010BD30B504460D4612
:100A70008BB001A8B821F8F7F3FD21880DF106002D
:100A8000F8F7EEFD618802A8F8F7EAFDA1880DF1FC
:100A90000A00F8F7E5FDE18803A8F8F7E1FD2189F0
:100AA0000DF10E00F8F7DCFD618904A8F8F7D8FD18
:100AB000A1890DF11200F8F7D3FD284605A9FCF72E
:100AC00061F8222101A8FCF7A6FA0BB030BD10B5E1
:100AD00004468CB001A8BB21F8F7C2FD20460DF1F9
:100AE0000601FFF720FF2A2101A8FCF794FA0CB0B9
:100AF00010BD70B51646FF2204460D46FDF742FABA
:100B0000024610B146B9022070BD29462046FDF7C5
:100B100039FA0028F6D1F7E720466908BDE87040A9
:100B2000F8F79AB870B50646144608461A460821E2
:100B30001D46FFF7DEFFA0B92A4602213046FFF727
:100B4000D8FF70B92278531EDBB2FD2B0AD80120E2
:100B5000904020F0FF6020F4FF20003818BF0120F3
:100B6000400070BD19232370FBE708B500F0AEF913
:100B7000002008BD002230B58DB00346CDF82620F8
:100B80000846CDF82A20ADF82E2041F6063200F1B5
:100B90002504ADF8042001F115020DF1060152F80B
:100BA000045BA24241F8045BF9D10DF1160203F196
:100BB000100153F8044B8B4242F8044BF9D100F07A
:100BC00085F901A8ECF76CFC0DB030BD00210028C0
:100BD00014BF012202220846FDF7EDBC0020E0F719
:100BE000BBBF37B504466846FDF773FE0822694669
:100BF000201DFAF77CF8D0B92588FDF79DFA8542CB
:100C000015D1FDF70EFF0246607B131A002BB8BF0B
:100C10005B42C82B13460CDD824228BF0346DBB281
:100C20009A4204D0FDF717FFA078E4F7A1FF03B0C4
:100C300030BD824238BF0346F1E710237F221C21DA
:100C4000F7F7EAB928237F221D21F7F7E5B910B598
:100C50000C46FFF7F2FF2046BDE81040FFF7F2BF59
:100C6000024610237F211C20F7F7DFB908B500F0FA
:100C7000F1F880F48070C0F3002008BD10B5044680
:100C800000F0E8F820F00200204380B2BDE81040F8
:100C900000F0ECB808B5F4F72FFB012806D00228C5
:100CA00006D0032814BF0220062008BD0420FCE75C
:100CB0000520FAE730B5154689B00022FCF7AFFEF3
:100CC0000446E0B10146002307220920F7F789FD19
:100CD000B8B1FDF731FA034600200122CDE9013019
:100CE0004FF6FF73CDE9050200934CF621422B46E7
:100CF000FF21CDE90304FDF74FFA09B030BD1920FB
:100D0000FBE740F60140F8E773B5002315460C46B3
:100D100006460A46009301460823281DFCF7CCFF2F
:100D200004F108013046C9B2E1F77CFD04F1090184
:100D30006873C9B23046E1F775FD04F10A01A87085
:100D4000C9B23046FDF700F8288002B070BD00B58A
:100D50008BB0684600F098F801209DF80430984068
:100D600080B20BB05DF804FB10B50446FFF7EFFF4F
:100D70002040C30B0DD10E235A1C01D1FF2007E0E8
:100D800020FA03F1C90703F1FF3204D558B2C0B20B
:100D900010BD0F20FBE71346EEE7024610237F212C
:100DA0001C20F7F742B91FB5102368467F221C218B
:100DB000F7F732F99DF80E0005B05DF804FBF0B5C9
:100DC00007460E46154685B01C467F2210231C217F
:100DD0006846F7F721F9BDF80430BDF80C203B80D8
:100DE000BDF806303380BDF808302B80BDF80A30DE
:100DF00023800A9B1A8005B0F0BD2DE9FF410E4605
:100E000015461C460746BDF8288018B14FF6F77303
:100E100099421DD8B5F57F4F1AD214B1B8F57F4F5E
:100E200016D210237F221C216846F7F7F5F8684692
:100E3000ADF80470ADF80660ADF80850ADF80A40A2
:100E4000ADF80C80FFF7A9FF002004B0BDE8F081E9
:100E50000120FAE71FB5102368467F221C21F7F70F
:100E6000DBF8BDF8000005B05DF804FB1FB50446D3
:100E700010237F221C216846F7F7CEF868460094BD
:100E8000FFF78BFF04B010BD10B590B004467F2271
:100E90001D2106A82823F7F7BFF8002323609DF83B
:100EA0001C3001A82371D0F797F8052301A8E11899
:100EB0008DF80430F8F75DF9062304F1150101A857
:100EC0008DF80430F8F755F910B010BD002310B5B7
:100ED00090B00693037906AA04467F218DF81C3052
:100EE0001D202823F7F7A1F801A8D0F775F801A86D
:100EF000D0F77EF8052301A8E1188DF80430F8F743
:100F000019F9062304F1150101A88DF80430F8F74A
:100F100011F910B010BD1FB57F221C2168461023A7
:100F2000F7F77AF8009B684643F480730093FFF765
:100F300034FF05B05DF804FB000000000000000075
:100F4000F8B500BFF8BC08BC9E467047F8B500BFB6
:100F5000F8BC08BC9E4670475FF800F0B54800201A
:100F60005FF800F01148002013B779FAC925DDB702
:100F7000ADF3CFE0F1B614B80102000000000000AC
:100F8000FFFFFFFF01000000010000000000000063
:100F90000000000000000000000000000000000051
:100FA0000000000000000000000000000000000041
:100FB00000000000000000001E000003776B030823
:100FC000736B0308516B03084F6B0308F977000834
:100FD000816B0308BD7700082C00000002030000AD
:100FE00000000000000000000000000000000700FA
:100FF00008000000000000000000000000010204E2
:1010000005000000000000000000000000000604D1
:101010000503000201000000000800B4501004089D
:101020000100000F30100408000000000000000064
:1010300006FF6CFFA1FFBCFFCDFFD8FFE0FFE6FF7E
:10104000EAFFEEFFF0FFF3FFF4FFF6FFF7FFF7FF15
:10105000C800AEFEB400E8087F8DFBFF4E0002031F
:101060006349FFFF2C00AF01EFE5FFFF1B00FF000E
:10107000E61A00001100A700DA2800000A0062004A
:101080001528000006003B00A821000003000B000B
:10109000A10E0000DC11040800000000AC100408E0
:1010A0000100000000000000C0175302D010040827
:1010B0004063598F404B4C000B000B001A00FF7F20
:1010C0003C4C002000000000E41504080000000073
:1010D000FC4F01039415040820C0011000F807001C
:1010E00020C001301402280124C00110FF000000BC
:1010F00024C001300043000044C001002E02000063
:1011000068C00200D1B60200C0060000D0C00100D5
:10111000000000004C40030120F9130407006200A6
:1011200038700000604002010068010F40B82440A0
:1011300080400101236300008C40020100800060B8
:10114000BE0A000020410101590B00003841010195
:1011500090200AF05C410101001E00006C410B016F
:1011600000140CC0141A21282E343B424950435518
:101170007698BA0C2373000001010000172128643F
:1011800014171A002004C87DA1203A09A8410101C2
:10119000290000003C4201010000000080420201E1
:1011A0000000000081000000A0420301FFFF0000DA
:1011B000FF030000FFFF0000B44201010000000037
:1011C0003043030140002001A0000000085000014E
:1011D0004C43010145C1872FFFFFFFFF0C40020078
:1011E000018014007F400000204002000000000049
:1011F0000000000030400700000000000000000078
:10120000000000000000000000000000004000009E
:10121000A007000350400100000000005C400200F5
:101220000000000000000000A840010007000000CE
:10123000BC400400000000000000000000000000AE
:10124000000000000841040000400000FF4C0000C6
:1012500000410000FF4D000028C00700EC80B303F0
:1012600043754051A00F00F800400000A8AA0700F5
:10127000000000000000000054C0050051313000A3
:101280000E000DE62A000000080B0C0D0D000000FA
:1012900070C00900BA10000000042000041880008B
:1012A0000B3C2001187C10022FFCE0067F000000A0
:1012B0000000000000000000A8C00500BD4B721532
:1012C00011A3180510325476980A0000000000009F
:1012D000CCC0010001000000D4C0020001000A00DF
:1012E00001002800080001010407000018000101A6
:1012F00000000000200001010884000040400301BC
:101300000000000000000000100000005840020132
:101310000000000000000003684006014902F000E0
:101320004108000002000000B0070800A70000000C
:1013300000000000844002019BC34A74F0030F00C8
:10134000944010010101103050707F7F00000000B8
:10135000000000000000000000000000000000008D
:10136000000000000000000000000000000000007D
:10137000000000000000000000000000000000006D
:1013800000000000E04001010002000010410201E5
:10139000331E0500000000001C4101010090C28BBB
:1013A00024410501FF0483078813C83AFF06660C31
:1013B000FF0483078813FF033C410601F8545200E1
:1013C00000000000B756351200000050803B0000BE
:1013D00000000000584101010000000064410201CA
:1013E0000C010000E853FA00A441010100000000D4
:1013F000B04102010000000000002000BC410301D8
:101400000000000000003C0069900600D04103018C
:1014100000000000D000000000000200E0411601C2
:1014200000000000DE635E36BF6F07006FEA160043
:10143000E530CE00B2B9D90E4B8494045A1FA924CA
:10144000DE635E36BF6F07006FEA1600E530CE0040
:10145000B2B9D90E4B8494045A1FA924000000008D
:10146000000000002C00000007EE753660180040F8
:1014700000000000000000004442030114000000CE
:1014800000000000080000046842010100000000A4
:10149000984202013F000002FFFF00003C430401AC
:1014A0001F1F1F1F1F1F1F1B18151311100E0D0CC0
:1014B0005043020100000000000000001080010104
:1014C0000300000038800201F14710000100000015
:1014D0009C800301EB40020070780300D5C000003F
:1014E000A8800111F0010000A88001310542CB0164
:1014F000AC800111F0010000AC80013105228D00AB
:10150000B080020100030002370000019C000102CC
:10151000000C0004D8000302050040AA8801000066
:10152000C0000000EC000112E00F0000EC000132EE
:101530000C205111F00001022B01000010010112DA
:1015400000FF0F00100101320200003150010112B2
:1015500000C0010050010132C100A200740101026B
:1015600069811B0C7801011200001C007801013216
:101570001004E0CF800101127907000080010132E0
:101580000200000084010202000000005000000080
:10159000FFFFFFFF1000000066666600000000000D
:1015A000481604083C160408000000000000000073
:1015B000005A620280841E000420F600F1475002A7
:1015C00000000000E6150408000000000000000014
:1015D0000000000061841E00000000000000000008
:1015E00000000000050002000000C01753020614AE
:1015F0000000802FA60405380000A00800000000AD
:10160000580901040706100A01040707C80A000464
:101610000807800B00040808380C0004090861085A
:10162000000000008A0800000000C709010404034C
:101630002C0B01040404920C01040504ED170000B6
:10164000ED170000F4010000193F0106041001002D
:101650000001010600102700000900000000000042
:1016600000000000941004080000000000000000CA
:101670000B0000000C000000030000000000202010
:1016800000000000020000003C3C3C0000000000A4
:101690000000000000000000010310010109030028
:1016A0000D0000001E0000001B0000001A000000DA
:1016B00000800A5013000000A416040864656275D7
:1016C000670073696C6162737675617274646F77B9
:1016D0006E007675617274002F73696D706C69634A
:1016E0006974795F73646B2F706C6174666F726D6F
:1016F0002F736572766963652F6C65676163795FC7
:1017000068616C2F7372632F626173652D726570EF
:101710006C6163656D656E742E63002C200025730B
:10172000203D2025346C7800526573657420636118
:101730007573653A205761746368646F67206578D4
:1017400070697265642C206E6F2072656C696162CD
:101750006C6520657874726120696E666F726D6168
:1017600074696F6E0A0052657365742063617573E6
:10177000653A205761746368646F672063617567B9
:101780006874207769746820656E68616E6365644B
:1017900020696E666F0A00496E73747275637469AE
:1017A0006F6E20616464726573733A2025346C78BF
:1017B0000A0052657365742063617573653A204150
:1017C00073736572742025733A256C640A00526540
:1017D0007365742063617573653A20486172642093
:1017E0004661756C740A00484653522E5645435460
:1017F00054424C3A206572726F722072656164695E
:101800006E6720766563746F72207461626C652008
:10181000666F7220616E20657863657074696F6EA3
:101820000A00484653522E464F524345443A2063DD
:101830006F6E666967757261626C65206661756C52
:101840007420636F756C64206E6F742061637469BB
:10185000766174650A00484653522E444542554706
:101860004556543A206661756C742072656C6174DB
:10187000656420746F206465627567202D20652E75
:10188000672E2C20657865637574656420424B5023
:10189000540A0052657365742063617573653A205C
:1018A0004D656D6F7279204D616E6167656D656E16
:1018B00074204661756C740A00496C6C6567616CD4
:1018C0002061636365737320616464726573733A46
:1018D0002025346C780A00434653522E25730A00A3
:1018E00052657365742063617573653A2042757340
:1018F000204661756C740A004164647265737320DC
:101900006973206F6620616E20696E7374727563EF
:1019100074696F6E206166746572206275732066EB
:1019200061756C74206F636375727265642C206ED0
:101930006F74207468652063617573652E0A0043B7
:101940004653522E286E6F6E6529206C6F6164209D
:101950006F722073746F726520617420616E2069EC
:101960006C6C6567616C20616464726573730A00F6
:1019700052657365742063617573653A20557361B0
:101980006765204661756C740A0052657365742042
:1019900063617573653A204465627567204D6F6EAB
:1019A00069746F72204661756C740A0070726F639F
:1019B000657373006D61696E0054687265616400DF
:1019C00048616E646C6572002573206D6F646520DC
:1019D0007573696E6720257320737461636B2028AB
:1019E00025346C7820746F2025346C78292C205392
:1019F00050203D2025346C780A00257520627974CA
:101A0000657320757365642028257525252920694F
:101A10006E20257320737461636B20286F757420AA
:101A20006F6620257520627974657320746F746108
:101A30006C290A005350206973206F7574736964B0
:101A40006520257320737461636B2072616E676516
:101A5000210A004E6F20696E74657272757074731E
:101A6000206163746976650A00496E7465727275E7
:101A70007074732061637469766520286F722070BA
:101A800072652D656D7074656420616E6420737479
:101A900061636B6564293A0A00202575000D0A5BB5
:101AA0004153534552543A25733A25645D0D0A005B
:101AB000554E4B00474F200042544C00474F3200D8
:101AC000474F3300474F3400474F3500474F3600EC
:101AD000474F3700474F3800474F3900474F4100C5
:101AE000474F4200474F4300474F4400474F450090
:101AF000474F46004A4D5000424452005550520054
:101B000042544D004D534D0046544C00554E4B0031
:101B1000474F200042544C004241440046544C0080
:101B2000465243004F54410044534C004241500040
:101B300055504700544D450046415500545A460003
:101B4000554E4B0050494E00454D3400554E4B000C
:101B500048562000554E4B00455850004C574D00FC
:101B6000554E4B005242540044534C00454D3400F6
:101B7000554E4B0041535400554E4B0056465900AC
:101B8000494E4800554E4B004C434B0058544C00B6
:101B90004F424600554E4B00485244004D454D00C3
:101BA000425553005553470044424700444D4100BD
:101BB00056435400554E4B005550200052502000C3
:101BC000415030004150310041502000445020002D
:101BD00044454300B01A0408B41A04080C1B040856
:101BE000401B04084C1B0408541B0408601B040819
:101BF000701B0408781B0408841B0408941B040849
:101C0000B41B0408554E4B004649420042544C0058
:101C1000455854005057520057444700205357002E
:101C2000435253004653480042414400464C54003E
:101C300042524F0001040103030601050105010999
:101C40000600060B0000070B050B0000000000005B
:101C50000000000052300052310052320052330076
:101C6000523400523500523600523700523800527A
:101C7000390052313000523131005231320052318C
:101C800033284C5229004D535000505350005043BC
:101C90000078505352004D535020757365640050C6
:101CA000535020757365640043535441434B206285
:101CB0006F74746F6D00494353520053484353523D
:101CC00000494E545F4143544956453000494E54F3
:101CD0005F414354495645310043465352004846FC
:101CE00053520044465352004D4D41522F424641FB
:101CF00052004146535200526574300052657431AF
:101D000000526574320052657433005265743400B9
:101D100052657435004461743000446174310000D0
:101D20004941434356494F4C3A20617474656D7084
:101D300074656420696E737472756374696F6E2064
:101D400066657463682066726F6D2061206E6F2D0A
:101D5000657865637574652061646472657373008A
:101D60004441434356494F4C3A20617474656D7049
:101D7000746564206C6F6164206F722073746F727D
:101D80006520617420616E20696C6C6567616C20F0
:101D900061646472657373004D554E53544B4552E4
:101DA000523A20756E737461636B2066726F6D209A
:101DB000657863657074696F6E2072657475726E94
:101DC0002063617573656420616363657373207656
:101DD000696F6C6174696F6E004D53544B4552527C
:101DE0003A20737461636B696E672066726F6D2051
:101DF000657863657074696F6E206361757365647F
:101E0000206163636573732076696F6C6174696FB9
:101E10006E004D4D415256414C49443A204D4D4182
:101E20005220636F6E7461696E732076616C6964B1
:101E3000206661756C742061646472657373004917
:101E40004255534552523A20696E737472756374E9
:101E5000696F6E2070726566657463682063617572
:101E600073656420627573206661756C74005052EE
:101E7000454349534552523A207072656369736510
:101E8000206461746120627573206661756C7400F2
:101E9000494D5052454349534552523A20696D705D
:101EA0007265636973652064617461206275732073
:101EB0006661756C7400554E53544B4552523A202E
:101EC000756E737461636B696E67206F6E206578E1
:101ED00063657074696F6E2072657475726E2063CD
:101EE0006175736564206461746120627573206636
:101EF00061756C740053544B4552523A20737461AF
:101F0000636B696E67206F6E2065786365707469B6
:101F10006F6E20656E7472792063617573656420DD
:101F20006461746120627573206661756C7400422F
:101F300046415256414C49443A2042464152206360
:101F40006F6E7461696E732076616C69642066617E
:101F5000756C74206164647265737300554E4445FA
:101F600046494E5354523A20747269656420746F26
:101F7000206578656375746520616E20756E646593
:101F800066696E656420696E737472756374696FD7
:101F90006E00494E5653544154453A20696E76615D
:101FA0006C69642045505352202D20652E672E2CDD
:101FB00020747269656420746F2073776974636834
:101FC00020746F2041524D206D6F646500494E565C
:101FD00050433A20657863657074696F6E2072654E
:101FE0007475726E20696E746567726974792063A6
:101FF0006865636B73206661696C6564004E4F436E
:10200000503A20617474656D7074656420746F203B
:1020100065786563757465206120636F70726F63A6
:102020006573736F7220696E737472756374696F10
:102030006E00554E414C49474E45443A20617474F8
:10204000656D7074656420616E20756E616C696782
:102050006E6564206D656D6F727920616363657371
:10206000730044495642595A45524F3A206174749C
:10207000656D7074656420746F2065786563757430
:10208000652053444956206F7220554449562077A5
:102090006974682064697669736F72206F66203096
:1020A00000000000201D0408601D0408AF1A040889
:1020B000981D0408D91D0408AF1A0408AF1A0408B3
:1020C000121E04083F1E04086E1E0408901E040819
:1020D000B61E0408F51E0408AF1A0408AF1A040857
:1020E0002F1F04085C1F0408921F0408CD1F04085A
:1020F000FD1F0408AF1A0408AF1A0408AF1A040839
:10210000AF1A040832200408622004080400E40C1A
:102110000A0042426C66004242424242002F73690A
:102120006D706C69636974795F73646B2F706C6137
:1021300074666F726D2F736572766963652F6C6557
:10214000676163795F6E63705F6173682F73726339
:102150002F6173682D6E63702E63004242426200ED
:1021600000CA9A3B00E1F5058096980040420F00B6
:10217000A086010010270000E803000064000000B2
:102180000A000000010410406C24040868240408BC
:1021900054240408502404084C2404084824040847
:1021A00036240408262404080C2404080424040803
:1021B000FA230408F8230408E0230408DD230408B4
:1021C000D5230408C4230408B4230408A223040864
:1021D0008823040880230408742304087023040857
:1021E0006E23040861230408562304083D230408D1
:1021F000E1220408E0220408D0220408A8220408EE
:1022000094220408602204085C2204082C2204089A
:10221000282204081D2204081C2204080F000000C4
:10222000000000000000000000000000FF00FFFFB1
:10223000FFFFFFFFFFFFFFFFFFFFFFFFFFFFFFFFAE
:10224000FFFFFFFFFFFFFFFFFFFFFFFFFFFFFFFF9E
:10225000FFFFFFFFFFFF0000FF00FF000000000086
:10226000FF000000FFFFFFFFFFFFFFFFFFFFFFFF7B
:10227000FFFFFFFFFFFFFFFFFFFFFFFFFFFFFFFF6E
:10228000FFFFFFFFFFFFFFFFFFFFFFFFFFFFFFFF5E
:10229000FFFFFFFFFFFFFFFFFFFFFFFFFFFFFFFF4E
:1022A000FFFFFFFFFF000000000000000000000033
:1022B000000000000000000000000000000000001E
:1022C000000000000000000000000000000000000E
:1022D00001000000000000000000000000000000FD
:1022E0000F000000000000000000000000000000DF
:1022F00000000000000000000000000000000000DE
:1023000000000000000000000000000000000000CD
:1023100000000000000000000000000000000000BD
:1023200000000000000000000000000000000000AD
:10233000000000000000000000000000000000009D
:10234000000000000000000000000000000000008D
:10235000000000000000000000000000000000007D
:10236000000000000000000000000000000000006D
:1023700000000000FFFFFFFFFFFFFFFFFFFF000067
:10238000000000000000000000000000000000004D
:10239000000000000000000000000000000000003D
:1023A000000000000000000000000000000000002D
:1023B000000000000000000000000000000000001D
:1023C000000000000000000000000000000000000D
:1023D0000000000000FFFFFFFFFFFFFFFF9C000069
:1023E000FF000000000000000000000000000000EE
:1023F00000000000800000000000FFFFFFFFFFFF63
:10240000FFFFFFFF00000000FFFF000000000000D2
:1024100000000000000000000000000000000000BC
:10242000000000000000FFFFFF00000000000000AF
:10243000000000000000000000000000000000009C
:10244000000000000000000000000000000000008C
:10245000000000000000000000000000000000007C
:10246000000000000000000000000000FC0301016B
:10247000010101010101010101010101010000004F
:10248000000000010020200C0020010101050000D7
:1024900000000002041104040211101A080A0218B4
:1024A00001081110111A080A04020D0B195C011021
:1024B0002812340430040B0100000000000000006A
:1024C0000000000000000001010101010100010104
:1024D00001010101000000010101010101000100F1
:1024E00001010000000000000000000000000000EA
:1024F00000000100000000000000000000000000DB
:102500000000000001FF010023E1010075E401006B
:1025100063E2010063E5010062E1010079EB010083
:1025200064EE010024E1010025E1010026E1010043
:1025300027E1010028E1010029E101002AE1010071
:102540000000010080000100000101008001010085
:10255000000201008002010020E2010000030100EE
:102560000005010080050100000601008006010051
:102570000007010001E5010002E5010058E2010049
:1025800080030100800401000004010080070100B5
:1025900000080100800801002F73696D706C696389
:1025A0006974795F73646B2F706C6174666F726DA0
:1025B0002F736572766963652F746F6B656E5F6DDF
:1025C000616E616765722F7372632F736C5F746FD6
:1025D0006B656E5F6D616E616765722E63002F7350
:1025E000696D706C69636974795F73646B2F706C6B
:1025F0006174666F726D2F736572766963652F748F
:102600006F6B656E5F6D616E616765722F7372636C
:102610002F736C5F746F6B656E5F6D616E75666155
:1026200063747572696E672E6300FFFFFFFFFFFF23
:10263000FFFF34B62C337032603204320011681060
:102640006410381034103010201010100C100210CC
:10265000496E69743A2064656661756C7420434301
:1026600041206D6F64652073657420746F2025644C
:102670003A2030782558002F73696D706C69636952
:1026800074795F73646B2F70726F746F636F6C2FEC
:102690007A69676265652F6170702F656D323630BB
:1026A0002F73657269616C2D696E74657266616302
:1026B000652D756172742E63002F73696D706C697E
:1026C000636974795F73646B2F70726F746F636F7B
:1026D0006C2F7A69676265652F6170702F66726111
:1026E0006D65776F726B2F636F6D6D6F6E2F736C8F
:1026F0005F7A69676265655F73797374656D5F633F
:102700006F6D6D6F6E2E6300526573657420696E18
:10271000666F3A203078257820282573290045787F
:1027200074656E64656420526573657420696E66B5
:102730006F3A2030782532582028257329002F73CE
:10274000696D706C69636974795F73646B2F707203
:102750006F746F636F6C2F7A69676265652F617044
:10276000702F6672616D65776F726B2F636F6D6D21
:102770006F6E2F7A69676265655F737461636B5F03
:10278000736C6565702E63000D002F73696D706C3E
:1027900069636974795F73646B2F70726F746F63B0
:1027A0006F6C2F7A69676265652F737461636B2F35
:1027B000636F6E6669672F736C5F7A6967626565C0
:1027C0005F636F6E66696775726174696F6E2E63A1
:1027D000000000000020000002010A0006000A00BC
:1027E00026002A0000800000FFFFFFFFFFFFFFFF21
:1027F0000000000000000053756363657373667525
:102800006C6C79206D696772617465642025642041
:102810006B65797320746F205053412E0A00466116
:10282000696C656420746F206D69677261746520DE
:102830002564206B65797320287768696368206D4B
:10284000617920616C736F20626520696E76616CBE
:102850006964292E0A00FFFFFFFFFFFFFFFFFFFF54
:10286000FFFFFFFFFFFF0101020305080D152237DF
:102870005990E900F0E1D2C3B4A5968778695A4B24
:102880003C2D1E0F002F73696D706C69636974793C
:102890005F73646B2F70726F746F636F6C2F7A69E4
:1028A000676265652F737461636B2F7A6967626510
:1028B000652F6170732D6B6579732D66756C6C2E49
:1028C00063008000000000000000000022002B00D8
:1028D0002100141400001C2030401C2000001C208B
:1028E0003040505341004B455900666E692B0066DD
:1028F0006E69006E616E00666E692D00000000005A
:10290000000000000000F03F000000000000244034
:1029100000000000000059400000000000408F400F
:10292000000000000088C34000000000006AF8407A
:102930000000000080842E4100000000D01263419E
:102940000000000084D797410000000065CDCD4114
:102950005465726D696E616C0000000000000054E7
:1029600054522052454747455300000003000000E1
:1029700076636F6D0000000005000000000000009D
:1029800000C201000005000000100000000000006F
:102990000000000002020300000000000000020826
:1029A00000000000FFFFFFFFFFFFFFFFFFFFFFFF33
:1029B0000000000000000000000000000000000017
:1029C0000000000000000000A0000000695E010897
:1029D00050000000E15D010800000001000001015D
:1029E00000010101000100000102020300000000DB
:1029F00000000000020303030304040404050500AF
:102A000000000001010101020202020303030303AB
:102A10000404040404000000010101010707080880
:102A20000303030504040405050506060607070756
:102A3000080302020404040304050506060606074B
:102A40000707020202030303030404040405050547
:102A5000050506060606010202020203030303033C
:102A60000404040404050505050606060C0C0C0CFC
:102A70000B0B0B0B0B0B0B0B0B0B0B0B0B0B0B0BA6
:102A80000B0B0C0C0C0C0C0C0C0C0C0C0B0B0B0B8C
:102A90000B0B0B0B020101010100000505050504EC
:102AA0000404040303030302020202010101010101
:102AB00005050505040404040303030307070808C8
:102AC00008080909090A0A05050506060607070791
:102AD0000808080809090909050505060606060784
:102AE00007070808C7BFBEBEBEB5B5B4B4ABABDC04
:102AF000DCDBDBD2D2D1D1C8C8C8C7BFBEBEBEBD29
:102B0000B5B5B4B4B4DCDBDBD2D2D2D11B1B161604
:102B10002E2D2D2A29292925242420201F1B1B1B6B
:102B2000162E2D2D2A2A29292524242020201F1B5A
:102B30001B1B2D2DBEB5B5B4B4ABABABAAA2A1A1E6
:102B4000A1A099999898C7BFBEBEBDB5B5B4B4B49D
:102B5000ABABABAAAAA2A1A1A199999900000000D0
:102B6000030303030302020202020202030302023E
:102B7000020201010101010100000000030303033F
:102B800003020202D3CACAC9C9C0C0F2F2F1F1E815
:102B9000E8E7E7DEDEDDDDD4D4D3D3CACAC9C9C9CC
:102BA000F2F2F1F1E8E8E7E7DEDEDDDD22221D1DCD
:102BB0001D1D18181813132C2C2C2727272222220E
:102BC0001D1D1D1D181818182C2C2C2727272722EF
:102BD00022221D1DFFFFFFFFFFFFFFFFFFFFFFFF83
:102BE000FFFFFFFFC8C8C8C8C8C8C8C8C8C8C8C889
:102BF000030404080808080800B801B802B800B0C7
:102C000003040408080500000000000000000000A4
:102C10000000000000000000040008007C003100FB
:102C20003B001B00F4380000880300007C3C0000DF
:102C300018000000143E000004000000FC330000F7
:102C4000F8040000943C000004000000103E000066
:102C50000300000000000000FC330000183E0000EC
:102C600000000000183E0000370000003B39000063
:102C7000573900001F3A00000B3B0000293B0000C1
:102C8000913B0000FD330000000000000006800FB3
:102C90007047954909684143880B7047934800681D
:102CA0000104C80F704730B5002084490A6800232A
:102CB0008F4C521C6568AA4200D322681578AD0675
:102CC000AD0E9D40054328009B1D1E2BF1D30A60CD
:102CD00030BD86480168090408D586490A68774BE3
:102CE0001A604A68C261886883490860704780B585
:102CF000FCF768FF012081490870814800680228BC
:102D000008D280480068F02109050140C0208004F5
:102D10008142F2D07C480068C01C7C4901437C4859
:102D2000016001BD7B487A49086000207A4908604B
:102D300080218902794A1160794908606F490870D9
:102D40007047F3B583B01700C006000E009010382E
:102D500091282ED2FFF7A2FF00282AD00025714C1F
:102D600001260398FFF792FF002802D0022803D023
:102D700003E02068304000D001250197049F934E66
:102D80000C20205E38180E21615E4018FFF781FF8D
:102D900001994018306000983818FFF77AFF0199C0
:102DA00040187060C0208001894908602803894963
:102DB000086005B0F0BDF8B5874C574A04250221DC
:102DC000504BA068284204D0107D8006C50F6D00CE
:102DD00024E0084024D01069042807D21868F0269F
:102DE00036050640C02080048642F4D0107D0007DE
:102DF000000F072814D1507D022811DD907D800638
:102E0000800E02280CDBD07D0090284208D0C0073D
:102E100000D50A250098084200D0AD1D002D04D130
:102E2000FFF780FF00202061F1BD681C1669864213
:102E300007D21F68F02636053E40C027BF04BE42B9
:102E4000F4D06648405D2061C300F8251D4001D0E4
:102E50004B061360624B1E68012E00D16D00556059
:102E60002268002A1CD12A4A15682026A65F36034C
:102E7000AD05AD0D35431560294A012515609160FA
:102E8000810909D11968002901D1182100E01A210E
:102E9000625E0021FFF755FF207A000700D425600D
:102EA000F1BD16480078002800D1704780B5FFF7C3
:102EB00039FF46484B490160416001BD143E0000A6
:102EC000062049490860002048490860F0200001B8
:102ED0004749086080204000464908603B48414916
:102EE0000160416070470000A43E0000C04101A89D
:102EF0007C3E0000843E00005C4201A84E3E000083
:102F0000D44000A80C0002A8204000A800F0FF3F19
:102F1000B84101A8FFF3FF3FC44000A8106001A81A
:102F2000044003A8A03E000070B50400A00310D523
:102F30002B480068002803D11620FEF73AFA02E079
:102F40000C20FEF7A3FD08202B490860C0032B4985
:102F500008602B4D286800040CD5FCF733FE0600F2
:102F6000FFF7A1FEE861FFF79EFE264908603000EA
:102F7000FCF731FEA00727D58020C0021F4908605A
:102F8000FCF743FE00281FD01F4A1068C0B200287B
:102F900002D006211D4B1960810915D01C490B6810
:102FA000012BFBD949680905090D091DC9000C4B06
:102FB0001B68012B00D14908002B01D1182300E028
:102FC0001A23D25EFFF7BDFE70BD0000C84101A804
:102FD000C06101A8C05101A8983E0000D84000A8D7
:102FE0006C3F0000FFFF0300006401A8504000A8F0
:102FF0000C6000A80C5000A8846000A8106001A814
:10300000C04101A85C4201A89C3E0000005401A8F8
:103010001C4000A870B50822804B1A60804B1B68CA
:10302000DC0302D50020088070BD0C880019401E0A
:1030300000787C4DA870641C0C8045076D0F052D31
:1030400005D8794E3668F60603D5022D0DD003203B
:1030500070BD9604AE401E4001D1082070BD052D04
:1030600003D1104201D1641E0C80AA4848600020A0
:1030700070BDF3B582B008886C490978491CC9B2A3
:10308000814204D202990918491E097800E0002102
:10309000644A517093785B075B0F01933023019C66
:1030A000052C28D1194232D19478E5081E242C40F1
:1030B000CD0702D5250001242C430125A14EE64071
:1030C0002E4072D0019FA04EE641402426403E4350
:1030D0004C0602D5340020262643947889080D40FA
:1030E000A7080C2139402943C02525400D43202144
:1030F0002943967051704A490C685578022123265D
:103100002E4008D0660302D52B40202B01D005208D
:1031100082E0424B196093789B0601D4202203E0A1
:103120009278120702D540223C4B1A603D4A9278B1
:103130006B461A70C022854B1E680E4001D11542A5
:1031400012D06E46377827263E40232E03D1E60262
:1031500007D4012606E0252E03D0212E04D1260314
:1031600002D504262D4F3E601B6819402026019F82
:10317000002F1CD11E4027D02A4B5B781A40402AD2
:1031800013D00C221A40042A0FD02A073BD4012264
:10319000002902D0E100CB0F5A4069460978CB07DD
:1031A000DB0F1A422FD021012AD4072034E0022F4E
:1031B000E2D11E4008D00029DED1CC232B4003D120
:1031C0006B461B785B0601D5032025E0A30311D5D0
:1031D0009C4E73691B051B0D5B1C3668F60205D5FA
:1031E000994E36683607B60F9B1B5B1E9BB2052BAC
:1031F00004D1C1E7029B1B78052BBDD006200BE054
:103200008021064A1160E90702D4401C0399088016
:10321000AB4803994860002004B0F0BD4C1002A8F0
:10322000BC3E0000103E0000480002A82C3E0000FA
:10323000F2B586494978CA0705D4009A12888018E1
:10324000401E037800E000239E4A106802249E4D31
:103250002E68F60611D512695340DBB2002B03D15C
:103260006E68D30973402340002B03D0020204D4BC
:103270000A20F2BDE206954E3260744A1E02C02357
:103280000B403343914E336093785E07760F022EE6
:1032900006D16D682C4003D1002000990880F2BD52
:1032A000A0250D409E08102737402F433D090E07EB
:1032B00002D42E0010253543CC240C401A262E4073
:1032C0000A2E04D1CC2C02D02E00FD253540804E94
:1032D000EE40F60705D4000416D5412B10D108297D
:1032E00012D17C48E84011210140214320200843AD
:1032F00010700D210140009808D000F0A9F8F2BD2F
:103300000B2B01D10029ECD00720F2BD00F020F8F2
:10331000F2BD00005B34000038B50C006E490B783C
:103320001A0953399500491925881B071B0FEB1AF9
:103330009A1A8018FFF740F8010002D1200000F02F
:1033400007F832BDF300A3E3981440684C0002A8CC
:10335000F8B50400614805683C4F3878D026304203
:1033600002D00D21014005D008205D490860EF2002
:10337000FEF7E0FF39782000314204D009093970A6
:1033800000F066F8F2BD052129401FD002884D49A2
:10339000CA60544BEC0705D5521C0280690607D45D
:1033A000514B05E043242C40422C03D1521C028097
:1033B00043600DE010224A4B1A604C4A09688B00AA
:1033C000DB0F1901116380210903116000210180C5
:1033D0000020F2BD0A888018401E0078830601D4C0
:1033E000121D0A801822024004D008885208801852
:1033F000C01E088039480068C00702D50888401CF4
:1034000008803948486000207047344A1368DB0759
:1034100008D51268920705D40A888018401E0078E3
:1034200004280CD110202E4A10603048254A12681A
:103430009300DB0F1A010263802212030260002056
:10344000088070470C4000A8080001A8103E00004A
:1034500031B581B02649002000900822254B1D7807
:1034600002230C24254202D10022234903E02C40F0
:10347000082C00D10222EC0703D50C001E2161406C
:1034800000931D4207D015490968090601D51B495B
:1034900001E00021C943019B194C21601949FF2417
:1034A0008C70009C15012543CD7008701888009918
:1034B00040188018188014485860002036BD00005D
:1034C00019360000BC3E0000480002A8481002A8BF
:1034D0000D0F0C0D07170850473F00004C0002A8C5
:1034E0004C2002A8BD370000F33700001C1002A8D2
:1034F000DE1B2501103E00002084100000FCFF01AF
:10350000F03E0000443F000001370000103E000084
:10351000C9330000E1330000E1330000E133000073
:10352000E1330000E1330000000000000000000073
:103530000000000000000000E1330000E133000063
:10354000E1330000CD250000E1330000392C0000FC
:10355000492C00007B2D0000DD2D0000652E0000B1
:10356000F12F0000912E00009D300000ED2E000094
:10357000412F0000B52F0000193200001D3300005C
:103580000B2C0000EB22000031290000E133000089
:10359000A5230000E13300009D2400006524000005
:1035A000E1330000E1330000E5240000E1330000D6
:1035B000E1330000E1330000E1330000E1330000BB
:1035C000E1330000271200001D1200004948806806
:1035D000000200D4704780B580208002AB490860AB
:1035E000CF2000F05DFA01BDF8B589480068894C2C
:1035F000802292032260884E316809051DD5110B87
:10360000A023034001D0216017E002403FD1802772
:10361000824A1760824A1760084038D0354D287AB0
:10362000400705D501207F49086000027E490860F7
:103630002878002801D0062801DB0020F2BD00F028
:103640007BFB716889684E682978052907D1B9051F
:10365000A1606E60B668CC218901734A116000F0E8
:1036600074FB012E00DA0226BC2080058849086020
:10367000942080058749086068480021C943016497
:103680007142416484490F6040210160D5E783485D
:103690000160FFF79BFF0120F2BD5D4801688905CD
:1036A00004D5C06E0004000F022801D0002070472E
:1036B0000120704738B580245848046000F03CFB76
:1036C00005007748006800F07DF9280000F03DFB18
:1036D000FFF77CFF0748007A000705D5A0004D4999
:1036E000086000F050FC31BD60036C490860B248CE
:1036F000046031BD183E0000FEB50500CC208001FD
:1037000068494860012668480660FFF7C6FF002840
:103710007DD0664C2078002879D0310201950528AB
:1037200002D02A460A4072D1CC27BF015D4A1760F9
:10373000924A126881231B02134001D0032301E047
:1037400053075B0F022805D1022B5ED308013649CF
:103750000860F7BD4D01032804D1022B55D932482A
:103760000560F7BD042802D111404ED0F7BD0528F1
:103770004BD10198002848D0C005C10F6846417060
:103780000198C004C10F6846017000F0D5FA02909C
:10379000606869464978002903D006688021204A7C
:1037A00011602C0485496A461278002A0CD0C26840
:1037B0000B68D21A824B1B68234001D0066800E0D8
:1037C0004668964200DD1600684640786A461278E0
:1037D000024308D008684242B01E824202DA7042B8
:1037E000886000E00026029800F0AFFA019880059A
:1037F00001D59D4804600198054001D09B480460B4
:10380000002E02D008480760F7BDFFF753FFF7BD51
:10381000440002A8442002A8BC3E00000CC001A83D
:1038200090E001A8C4D000A8145001A838B58024A5
:103830008F48046001201C4908601C4D2878052829
:1038400002D060008B490860FFF727FF002812D0E4
:1038500013480068000A80214140A868000EC9B2E0
:10386000814208D2454800684007400F022802D232
:10387000FFF720FF31BD80480168C0220A4002D115
:10388000C06F204001D00448046031BD1C1002A864
:1038900008E001A808D001A894D001A8441002A80B
:1038A00018C000A8106001A8C4E000A8183E0000DD
:1038B000F1B582B00F00A020384003D080208000F6
:1038C0006E4958E000F038FA0190FB20800104684E
:1038D000F80202D5A0680069029000F0C8FB8021C0
:1038E0000903606800F07CF926780020761C617876
:1038F000B14200D200261821714365180C35297891
:103900000829F3DA2670A56029785D4A1170B90597
:1039100010D500F011FAFB21890109688968C9688E
:10392000009100F012FAF80203D4009803218843B2
:1039300000900098524988600127384003D100F078
:10394000B3FC01F013F9F904686900F049F93C206F
:1039500000F0A6F8F0B200F0A3F8608849490140F1
:103960006180019800F0F1F9380544490860464843
:1039700007603802454908600298FEBD184001A85A
:1039800010B543480068800501D4FE2010BDC0205A
:1039900080034049086000F0CFF9FB2189010968E4
:1039A0008A78D20702D589688C7800E00C7800F01C
:1039B000CCF9200010BD0000100002A848C001A8EA
:1039C0004C0002A8FB21890109688A688B78DB0713
:1039D00004D5927818235A438A180C3290607047A5
:1039E000F1B582B02C4F3C680026200F000702D1B1
:1039F000E00102902AE001F0B9F800F09DF9019091
:103A000080210903606800F0EBF825786D1C607870
:103A1000A84200D20025E80020180C300090006871
:103A20000290802109030098406800F0D9F83D20F9
:103A300000F036F8E8B200F033F825700098A06086
:103A4000019800F082F902A801F0ECF81348006830
:103A5000800407D5F86901F0CCFD0299081802909E
:103A600000D502960298FEBD4C1002A84C2002A878
:103A700094E001A8146001A814C001A8442002A881
:103A8000183E0000FEFF0000C0E000A8106001A882
:103A9000440002A8441002A8C43E0000FC0302A88F
:103AA00044490968002901D5434908607047F3B5C6
:103AB00081B0424FB968424C4A004CD501250901FA
:103AC00000D5212501003F4A1068566822689206F9
:103AD000920E94463A689300802213406246134344
:103AE000802252001A4300920A0023D0890601D591
:103AF000012008E0F021014007D16946097A0C2233
:103B00000A4002D0022000F03FF82F49096809045A
:103B10000AD53968090701D5022605E03968490345
:103B200001D5002600E003264835009A2749096898
:103B3000890003E0009A2549896B0909402319404F
:103B400011439A00002E02D01643266608352166DE
:103B5000024322662566E06D4407640F00F0D6F844
:103B6000A0070BD0052C09D0B868000406D400F0DB
:103B7000E3F80221164A116000F0E7F800F0CFF8F0
:103B8000002000F001F8F7BD0E490A68F0239A43BF
:103B9000000110430860C0B270478020C0020D4988
:103BA0000968890701D10C4900E00C490860704799
:103BB00000000000500002A8884000A8480002A8A9
:103BC000284000A8683F0000684101A8184001A8EB
:103BD000D4D40350844000A8486000A8485000A8EE
:103BE00080B56D4A116001F02FFDFFF7D6FF01BDD2
:103BF000FEB56A4D2878000604D5287F002801D03C
:103C0000182400E0462400F097F802906448C06849
:103C10004005C20DD52A01D2D52204E0D1204000B2
:103C2000824200D90200100001005E4B01932B6B11
:103C30005B011DD55C4B00931D1D5C4E367806273D
:103C40007E43AA530025019B1B7CEB40DB070CD570
:103C5000009B06266E439B199B888FB2BB4200D205
:103C6000190086B29E4200D218006D1C022DEAD3C4
:103C700089B2091909044E4B0B40001BC005C00D49
:103C8000184347490860C02000064A490860454873
:103C9000017D00290CD04849D52A02D98023DB05B3
:103CA0000B60D1235B009A4202D280231B060B607B
:103CB0000021424B19604188002900D102800298FE
:103CC00000F043F800F07EFDF7BD80B53C483D496B
:103CD00008603D48C1680902090A19225143416040
:103CE00005210160FFF784FF01BD80B52B480178F5
:103CF000090604D5007F002801D0FFF779FF32487C
:103D00000068C00301D5FFF773FF01BD8020C0022A
:103D1000214908602D4800684007FBD47047802087
:103D2000C0022B490860704701E02A4908602A490F
:103D300009680140F9D17047284800682021284AC5
:103D400011601021274A116070473021014002D1D3
:103D50001020234908607047204800683021014046
:103D6000102901D101207047002070471E48012111
:103D70000160C160704701201C49086070471C4801
:103D800000780621014001D10020704719480068E1
:103D900002288041C00F7047441002A8BC3E0000BA
:103DA0007C400050743F00003C3E0000383E000064
:103DB0000000FF01A0600050A450005018E000E097
:103DC0007F1A0601540002A810E000E0440002A897
:103DD000442002A8282002A8280002A8600002A807
:103DE000602002A8601002A8789001A884A001A811
:103DF000A03E00006C3F0000FEB56E4880214902E5
:103E0000C16102216C4A516000216C4AD1626C4A46
:103E100011800321684A116002210160694EB06877
:103E2000C005C10F684601701FD064480068F021CA
:103E30000905014090200005814216D062480068C3
:103E40000224624DC00703D5614C0220286004E0C3
:103E500045224021002001F061FE2C64012001F088
:103E6000CFFE802040005B49086020205A4908604E
:103E700080205A490860CC208001594908600120FF
:103E80005849086034680F26200B3040019056488E
:103E90000068C505ED0D103DC0202843C0B2FFF7F6
:103EA000FFFD6846007800280BD00198092808D04B
:103EB000FFF765FF002802D04C480068804701F0FA
:103EC00021FA26404A480468032E04D0022E06D167
:103ED0000198032838D000F06BFA032E04D0019823
:103EE000062831D1062D2FD0424800680127C00B8B
:103EF000384001D001F0A2FF3F480068000108D51A
:103F0000052D06D101253D4807606805FFF70CFF28
:103F100000E000252100019800F07CFA0400384EF2
:103F2000002D05D000F00AFC3760022035490860FA
:103F300078057065800934490860FFF720FF002884
:103F400002D03248006880471B4880214902016244
:103F50000199002908D10221416000201749C86356
:103F6000C020C0001E4948642000FEBD80B5FFF798
:103F7000CDFE27480078800602D40220254908603B
:103F8000FFF7CDFE01BD0220234908607047802065
:103F900000062249096801400AD0C10D204A127862
:103FA000920701D51F4A00E01F4A11601F490860AF
:103FB000704700002C1002A8282002A80C0002A8BC
:103FC000483E0000B00002A8FC0302A82C1102A881
:103FD00002300000B82002A894E001A80CC001A89B
:103FE000146001A8C4E000A804ED00E08C3C0000CF
:103FF000B44000A800E200E0EC3E0000645000A8DD
:10400000646000A82C4000A880E200E0883C00002A
:10401000BC3E0000081002A8082002A8440002A824
:10402000683E0000FC1302A8FC2302A8442002A85A
:1040300059480068800700D4704770B5574801217F
:104040000422BB4B0C02E025ED0086682E4002D016
:104050001C601A6119610068054002D01C609A60FA
:10406000996070BDBF48012181600160704710B543
:10407000012087498A680240FCD1BB4A04231361AE
:104080000C680440FCD193600002106010BD8149AF
:1040900008680122104200D1704710B5E023DB0010
:1040A0000340FF24A41CA34204D3C04B1B689B06FF
:1040B00000D54868024001D000F044F910BDFEB5BB
:1040C0000700754E30683F218843744909780143E1
:1040D0003160FFF7DCFF724880214903714C0825ED
:1040E000944A1268D20504D525600322B2620160A9
:1040F00006E0C822B26206228F4B1A608F4A116016
:1041000000978909C160009800688D4FB9688142A5
:1041100001D2019100E001900199401A00990860D4
:104120000121009800F0F6FB060000980068019954
:10413000401800990860FFF77BFF8C4800683860E2
:10414000300013D1002060627A480168C90501D4AB
:10415000102161620068284001D0256000E06560A0
:1041600095480068400001D5680260623000FEBDDD
:104170007F48017809060DD5007F00280AD08B48BA
:104180004168C90606D40068A0210140481E80414C
:10419000C00F704700207047500002A8900102A88D
:1041A00080B5FFF7E5FF002803D00021042001F0CF
:1041B000E3FE01BDF1B581488149C860EE20C0042D
:1041C0000860804880490860FFF7D2FF002803D0CC
:1041D0000021042001F0D0FE7C4C8020C001206032
:1041E00008277B4887650125754845641D20784967
:1041F0008862784E9B204000B061072001F000FDEE
:104200000220734988624B490A68D20603D5704977
:10421000714A0A6008E00F220968394002D0310073
:10422000103101E0310014310A606C49096800293D
:1042300000D4B761E32109013160C021C900684A97
:104240001268F823DB01134001D1F16201E05C4AFE
:104250009165216C294008D0616BC90705D461497B
:104260000968084001D101F0A5FE0020C0435E4965
:104270000860606B054001D1FFF7DAFE009801F09D
:10428000ADFC606B8001FCD4606A58490860F1BDE8
:10429000940102A8783F00002C8001A84A3E00004B
:1042A000981002A8601102A870B53148017809067B
:1042B00006D5007F002803D00021052001F05CFE18
:1042C0004B4801683F2291434A4A12780A430260F0
:1042D0003E4849490122436B134001D10A638A6277
:1042E000972252000A6010220A60444AE3231B010D
:1042F0009366434BCB610021424B196080235B00E6
:10430000072408210B4D2E680E4005D094672C68B9
:10431000234006D1916704E0D4672C68234000D184
:10432000D1670323136011630903016070BD0000AE
:10433000881102A8FC0302A80C9001A8982002A8EA
:10434000A03F0000F02109012F4A116001402F48D1
:1043500001602020A5490860A54909680840A949CD
:1043600008607047902102A8882102A8340002A8A2
:10437000BC3E0000A448A54982680A4002D1C26838
:10438000114001D00F49016012480821A04A13686A
:104390000B4000D081611178C90602D58C2109013A
:1043A000016014209B490860C9E10000440002A894
:1043B0000448054908607047EC0002A8000FFF00A0
:1043C000242102A801200000706201A8100002A8A8
:1043D000C01002A8501102A8BD03000028C000A808
:1043E000A88001A8203E0000B46000A89C3F000007
:1043F0002C8001A84B3E0000682102A8E82002A8FA
:1044000010100000C00002A8586001A8585001A870
:1044100070470000F8B586B005000C007E480068C3
:10442000400102D52000402404437C48C66AFFF7BF
:1044300083FC0590B00503D579480068FFF7C2FA00
:104440000020009001227006C00F01907548866818
:1044500000218160B8214900734B19606308B821BD
:1044600019400078F0230340402B02D1080040217E
:1044700001430D2D02D1300004260643700704D5F8
:1044800008001421014310208443A548036820003C
:104490003400DB0506D580235B00644D2B600B00E8
:1044A000012119439F4D019B002B11D10C230B407F
:1044B000082B0DD00B00594EB66BF70601D4102710
:1044C000BB43B60601D42026B343B1261E4042D0DA
:1044D000130042D0AB6DDB04DB0C792B07D38021BA
:1044E00006224E4B1A604A02984B1A600022812322
:1044F0000B4035D00823019E002E00D12B622600F0
:104500000824344310239843042302931B05904E40
:1045100033605B088F4E336013001ED0029B062B66
:1045200024D33D4BDE6CF60620D5314E3668360E70
:1045300000965B699BB22E4EF66B360603D01E00CA
:1045400080235B0133432B611B122B61744B1B686F
:10455000DE059ED40AE008222A620390049132E02C
:1045600090A34E06F60E9B5D0293D5E7039004914F
:1045700002982A490B6B1E4A12682E686F46BE804D
:1045800028261E400643980CC00130431E001B0E17
:10459000334010263340034390004022104018431C
:1045A00001AA9070486B000A01A9C870FFF7E8F9EA
:1045B00001A908710098487167480068C88001988F
:1045C000E8660298E8660598FFF7BFFB08200399A4
:1045D000490601D55E49886060490860E1B20498E7
:1045E000C0B2FFF764FA039807B0F0BD482002A8F4
:1045F000184001A8081A03D2594909684018401CFC
:1046000070470000481002A8704201A80080008096
:10461000F84F0000703F0000084000A8180002A8F2
:104620001CC000A8683F0000B46000A81C2100AABC
:10463000F8B54C4F4C4E0F2401254C494C48806B2B
:10464000C0061BD5012008704A4800684A4909681D
:10465000FFF7D0FF716F401801285FDB01F0B6FA59
:1046600046490968090B0C40022C55D16905444A9A
:104670001160102139643E490D604DE03C48006CEA
:10468000C00026D53F480068E0218905014045D09B
:104690003A4D3D480068C00504D42868000B20400E
:1046A0000228F5D039480668FFF746FB3849F2B2D0
:1046B0000A603204120E0A603202120E0A60320ED2
:1046C0000A60FFF742FB2868000B20400228DFD079
:1046D000F1BD30480068002820D001220A7001F0A6
:1046E0007DFA00281AD101F071FA24490968090BF2
:1046F0000C40022C10D102213278D20705D5264A6F
:1047000012680A4001D01A4A1560CA031C4B1A608D
:10471000396000211F4A116001F05CFAF1BD000010
:104720001C0100AA540000AA802080041B490860D4
:1047300070478020400419490860704700BF18483E
:104740000168490701D0FF2141617047141100AA97
:10475000441002A84C5001A8448001A8845000A82D
:1047600038C001A8082002A8683E00004D3E0000A5
:10477000100002A81CC101A820C001A8B00002A816
:104780001C1002A84C4001A8084000A8904000A8B6
:10479000640000AA243E0000EC3E00003C2002A879
:1047A0000C4000A8030107060301070605010606E1
:1047B00005010606030207060302070605020606B0
:1047C0000502060643480068000219D54248016800
:1047D000C902490F0BA2008ACA384009105C0818A8
:1047E00040B2082801DB401F02E0002800D5401D30
:1047F0003A490A683A4B1340000680111843086092
:104800007047000002010000FFFEFD00FF2807D0F6
:10481000032805D233490978C140C807C00F704743
:1048200000207047F8B58020000200902E480388D1
:1048300008202E4908600A22012001249440009992
:104840000C432B492DA5AD5C25438D60F025294EE9
:104850003560264D2CA6B65C022737432F60042610
:104860002E60214D244E3668064008D12E88F61A57
:10487000B6B2012E03D88E6C3603F3D401E00220C9
:10488000F2BD8D6CCE6C6D036D0BAE4200D2009408
:10489000521ED2D50822174B1A60009A8A60AF4A7E
:1048A0001268520113D5AE4B5A78541C012525408D
:1048B0005D70140006256C431C190968A1800099DD
:1048C000E1801A7007490B78904018430870002067
:1048D000F2BD0000500002A8643F0000F80302A8E7
:1048E000FFFFE3FF843F0000483E0000889001A8DE
:1048F000448001A888A001A8140002A800000001BB
:104900000102040810202000505050404040403028
:1049100020202000F1B582B0924C93484068C00539
:1049200016D5606AE021C9000840884210D1AA4823
:10493000006E0004000FA9490A68D20601D50728B5
:1049400004D00968C90603D40B2801D10020FEBD9C
:10495000FFF788FBA2484069400101D401251CE013
:10496000A048826B00207E49C3B206256B43CB185A
:104970009B8895B2AB4204D0401CC3B2022BF3D348
:10498000FF200870012596484069400105D5087848
:10499000FFF73CFF002800D0002593485421405CDD
:1049A000000608D58E480078002804D08C4840784E
:1049B000002800D10125E06901906B480068E061A2
:1049C0008A4E02980068316D4718012F16DB00F0FF
:1049D000C4FD3060C001381A01280FDBFFF747FB28
:1049E00000F0C4F802980068316D401801F0F6F844
:1049F000010003D00021029A116010E07C4FC0201A
:104A0000C00038602068072832D0052108400528FA
:104A100008D021600C2001F0F3F8010002D00199C8
:104A2000E161FEBD734EFF207A3070620420B062F7
:104A3000FFF71DFB02203060E020C0046E49486093
:104A400080208004786002203860012001F0D8F8CE
:104A5000802080007062022001F0D2F88020C00027
:104A600070620820B062022001F0CAF80220B06231
:104A7000624EE0204000F061614F5B480078C00763
:104A800004D580200006386040083060042001F022
:104A9000B7F8694608706846007800284DD10220B2
:104AA0005549086080027064C001706410204D494F
:104AB00008600120B0674C4E47480068400621D48A
:104AC00047484069400113D5254800786946487039
:104AD00068464078FFF79AFE002809D020486946CA
:104AE0004978062251434018C0883E49086409E0CD
:104AF00001203074FFF796FE69460870684600781A
:104B000000281AD10120374908600020C867022018
:104B100001F076F84020F861C030F8613078C007C5
:104B200005D5C020000638602E48006C7082022037
:104B300001F066F88120C0027864002D01D0FFF7F3
:104B4000D4F8E069E0214903014001982D4A024070
:104B50000A43E26168460078FEBD0000EC3E0000BA
:104B6000383E00005C0102A8F80302A870B5FFF708
:104B700079FAFFF77CFA244C24480068C00509D56F
:104B8000E06F000B0F210F220240072A23D00140C3
:104B90000B2920D00225134805601D4E0820B06265
:104BA000C0017062012001F02BF8280270623560AC
:104BB0000620B06217487062E02040001649086085
:104BC0000D4805600021154A1160C021C90001602F
:104BD00020681349086070BD500002A8B04301A8C6
:104BE000D83E00000C8001A8683E00008C3F000009
:104BF000981002A85C1102A8982002A8109001A8A1
:104C000010A001A8FFFFE3FF340002A8FC0302A8E4
:104C10005C2102A8F96100002CA001A85C0102A897
:104C2000943F000070B52949C022D200284B1B6870
:104C3000F824E4011C4001D1CA6101E0254B1A604F
:104C4000254A80235B00254C25681D4003D008259C
:104C50000D60032101E0AC214900916421680B4003
:104C600001D10A21116006001D488021490301601D
:104C70008909C1601B4C6069AF21C90145183068C2
:104C8000854200D30500401B306000213000FFF753
:104C900041FE31684919316013490968216070BDCE
:104CA0008020000111490860000111490860704727
:104CB00010B50400FFF740F80E490A680E4B134088
:104CC0001C430C60FFF741F810BD0000601102A802
:104CD000AC8001A87C2102A80C8001A8FC0302A8DA
:104CE000981002A8903F0000340002A8441002A8C7
:104CF000685000A83040005AFFF8FFFFF1B584B0BB
:104D0000E020C000FFF7D4FFAD4800680190AD4F30
:104D1000386BAF21C90140180499884205D2081A9E
:104D200000F05CFF002800D00FE2A74C6068C007CD
:104D300000D50AE20425A548C562A803A4498862F3
:104D4000A448406D0090A06B8607B60F1020032E7C
:104D500002D09E49C86221E042038A62E26B920659
:104D600001D5012055E0009A12060FD5E26B92079B
:104D70000CD4994A05231360E36B184002230343C4
:104D8000136000201060A06B000A1060CD62E06B21
:104D9000002803D5E8038D4988620026A06B2840CF
:104DA00004D0A06BC000A901084002E0B868C107A8
:104DB00001D5FFF7C7FA01210098084008D0C14883
:104DC000B2018018006AC004C00C401EBE4A1060C8
:104DD0000020BE4A13681B0403D5926F002A00D43A
:104DE0000120C0218900BA4A51653202794B1B78F3
:104DF000DB0703D5724B1B68DB0501D5002801D00A
:104E0000080000E01000D24B1860B14881655A607C
:104E10000020216C942292050A40110000D001214B
:104E20006A46117069460978014337D0C94800784D
:104E3000C021014040290CD1FFF798F8F86D01908E
:104E400001A8FFF73CF9002827D10198FFF7B2F934
:104E500001E0FFF798F820202060684600780028DD
:104E60001BD0BD4EA06B284008D02803584988624B
:104E70000220306000F08EFA002806D05348C56248
:104E80006802534988620001306052485421405CF6
:104E9000000602D568044D49086056E16068C00705
:104EA000FBD4E8034A49C862FEF730FF206C0004D7
:104EB00006D4FEF741FF0221A84A1160FEF745FF24
:104EC000FEF72DFFA8022060C0200006A449C8609C
:104ED000A803BA490860A06B4007C10F684601707B
:104EE0000198C00700D4CAE000F070FE0290FEF7FF
:104EF0003DFF206C40040DD400BF00BF00BF00BFC9
:104F000000BF00BF00BF00BF00BF00BF8020000681
:104F100094490860FEF72FFF029800F05BFEEE2038
:104F2000C004A74908608E4869024162A54903226E
:104F30000A647F224A644222019BDB0501D40A6095
:104F400000E002600646A020B06008209B49086689
:104F50009D480560206CC00252D59C4841680A0BF0
:104F60000F2313401A01D21A09090F250D405119B8
:104F70000F3901D1002200E04A1E00BF7AA55B0074
:104F8000EB5A10293CD33988E72939D395256D0090
:104F9000A94205D8691A09094B43990A4B4204E012
:104FA0008B4D491909094B439B0A5BB2D218396BE7
:104FB000FD6B6B43C9183963B32A0FD3B32210E0DA
:104FC000FC0302A8743F0000100002A81C2002A8E5
:104FD0001C1002A8683E0000E40000AA0F2A00D2BC
:104FE0000F227C485043C00C7B49774B1960411C11
:104FF00009030301C01A1018401C00010843B066E1
:105000006F4D7648A864C0208001F0606B487449F9
:10501000416774498167F020000168658020C00005
:10502000B0610A2000F0ECFD82204002B066C4208E
:105030000006F060C02040016B490860012000F0CC
:10504000DFFD0120F060062000F0DAFD8020000284
:10505000F060082000F0D4FD80204004F06040089B
:10506000F0604008F060C000F0604000A8640320D9
:1050700000F0C6FD802040025349086004E09A4ACF
:105080004021002000F04AFD0020C0431049086084
:1050900000F063FA401DC001396B46188020C00142
:1050A00092494D6F0540924908600498864212D299
:1050B000396B401A00F092FD00280BD08D48056036
:1050C00043E000BF0C0000AA204000A8684101A8EE
:1050D000B46000A8049E88482149C860012000F0FF
:1050E0008FFD606AF862802040003449086030001B
:1050F00000F074FD814E68460078002806D17B4898
:105100000068B0678020C0037D4908607948056069
:105110002B4802218164C02189018164606A786220
:105120006846007800280AD0012000F069FD54206C
:10513000305C000603D58020000395490860206C90
:10514000C00202D521480068386305B0F0BD00BF39
:10515000085100A8EC3E0000685000A8D4E40350B9
:10516000601102A80450095000000000000400086B
:105170000008010C01100218021C0324042C043046
:105180000534000080B55D490978C90701D50028BC
:1051900003D0C0208000FFF78BFDFEF7CDFD9449C2
:1051A00000220A600A22CA61FEF7CFFD9148C021A1
:1051B000890201609049416001BD0000B81002A859
:1051C000242102A8600102A8C82102A8F83F00001B
:1051D000D6FEFFFF89880000F0F000000404000004
:1051E000020300000004FF00B05101A88348806B57
:1051F000800300D47047F8B5814800680090082704
:105200008048076080480068C00403D47F48006875
:105210003840FBD07E4C38486065042000F0F0FC3C
:105220008820C004606501250098284028D0E80542
:10523000606580006065012000F0E2FC6565E803C0
:1052400060654002606500F0C1FC0500FEF78EFD60
:105250006A48006C40040DD400BF00BF00BF00BF0F
:1052600000BF00BF00BF00BF00BF00BF802000061E
:1052700068490860FEF77FFD280000F0ABFC03E002
:10528000654A402100F04AFC644D00260098C005A4
:1052900001D52F6000E02E606E60C02000066065C2
:1052A000C00C5F490860012000F0AAFCF02000015A
:1052B000E0665C480099C90502D50321016000E061
:1052C000066086204002584908605848606527609B
:1052D000A02020652E646E64B80248490860000171
:1052E00053490860F1BD00000A07000020C001A872
:1052F00094E001A894D001A802400000683E00009C
:105300001C1002A8F8B54B4800680D27074004247C
:10531000002F00D104274848102566030821474A7A
:10532000474B1B682340126814D04260394004D0B8
:105330000220FEF729FC434806603C4007D0424863
:105340000068054340480560B0083E4908600220F7
:105350003E4915E00260394005D00220FEF714FCFA
:10536000A002384908603C4006D0374801680D4328
:1053700005607009334908603448066030032C49E1
:105380000860FFF733FF00210020FEF790FBF1BD1E
:105390001C2002A810B580202D490A6802400AD0BE
:1053A0002C4B1A680624144005D15C6E2A4A224010
:1053B0001B6D9C0101D5002010BD096808400DD06F
:1053C0002648824203D1180501D5012010BD24488A
:1053D0000068C107C90F481E8041C00F10BD214899
:1053E00003210164A821C1631021016070470000FE
:1053F000D80000AA442002A804000080100002A8DF
:10540000FC0302A8106001A8D84001A8104001A820
:10541000182102A804600950130A0000600102A8C4
:10542000B06101A8548001A8C82102A8043400007A
:10543000482002A8B44000A8E43E00001CC101A816
:10544000480002A8441002A8683F0000685000A865
:10545000440002A814C001A81F1F0000010C000096
:1054600030C101A8082002A86C4800680121084248
:1054700009D16B4A12686B4B000C1840F032914016
:105480000B40984201D00220704700207047F8B5C9
:1054900007000F386A461080604CE0680A0004D1AB
:1054A0006B461B8882B29A423AD200226B461A801F
:1054B000012502263A0013D02268324007D0002985
:1054C0002ED059480088401C5749088000203900D8
:1054D000216156490E6080B2B84201D369460D8001
:1054E0005348456000E030BF2068304003D1FFF7EB
:1054F000BBFF0028F7D04D484560390010D0216827
:10550000314005D048490A886B461B88D2180A806A
:10551000066000202061E068B84201D2444806607D
:10552000FFF7A2FFF2BD38B5050000F04FFB040005
:10553000012199204543A8093E4A12688018123873
:1055400080B2FFF7A4FF05008020C0013A4908603F
:10555000200000F03FFB280032BD33480388354966
:10556000096802889342F9D1100408187047FEB503
:105570001238070C6946088000F028FB0190274C80
:10558000294D2888B8421ADA01202C490860274E94
:1055900030BF02202168014006D030604003264918
:1055A00008602888401C2880FFF75EFF010002D1B8
:1055B0002988B942ECDB0121716000280DD12888CF
:1055C000B8420AD1E06869460988884205D20021BC
:1055D00068460088FFF75BFF01E0FFF745FF040026
:1055E0008020C00114490860019800F0F3FA2000FF
:1055F000FEBD10B512490A680E4B1B680C68944238
:10560000FAD0DB014033141A02D288692418641CD2
:105610000C4800684443181B10BD0000280002A875
:1056200004ED00E0FF3F0000483E0000282002A8F3
:10563000281002A8340002A880E200E02C1002A882
:1056400020C001A8B43F0000F0B502E00A601C6071
:105650002E607EC84F1C07D05F1C04D06F1CF5D194
:105660000A601C60F0BD0A60F0BD000010B5C20009
:1056700018231340FF249C40E2438907090E9940F8
:10568000030004D477489B089B00C01806E0764BC3
:105690000007000F083880088000181803681A40B7
:1056A0001143016010BD80B56F225421002000F02D
:1056B00035FA01BD10B500F089FA6C4901220A6083
:1056C0006B4B6C4C23606C4C236003236B4C23604E
:1056D0006B4C23606B4B1A606B4B1A606B4A8023D8
:1056E00013606B4B136011228A6300F073FA3F2042
:1056F0006849096801400A1D402A00D2081D664A0F
:105700001070A748017010BD00F060FA0500002479
:10571000012160B2FFF7AAFF641C0E2CF8D301210F
:105720000F20FFF7A3FF01211120FFF79FFF0121A9
:105730001320FFF79BFF01211720FFF797FF03219D
:105740000120C043FFF792FF01211E20FFF78EFFCB
:1057500001211F20FFF78AFF5048514908600220AD
:105760005049086001209949086047044E4C206860
:105770003840FCD0FEF7A9FA280000F02BFA4B487D
:105780000068400311D4902252005321002000F001
:10579000C5F90AE000281CD0FEF7CEFA19E020680F
:1057A0003840FCD0280000F015FA206D0004000FEE
:1057B000022801D1FEF73CFF00F008FA05006B4E0D
:1057C000FEF7CAFA00287078E4D0002801D1FEF76D
:1057D000BCFA012033493278002A05D1714A126897
:1057E000920600D4086030BF0022327002220A60A4
:1057F00076490860D3E77648016842680A407548F0
:1058000010401C490860800700D4704770B572488A
:105810000188491C0180714C2078000620D5704910
:105820000A680F20120B0240032A19D16D4A126830
:105830005207520F032A13D80968090B084003289E
:105840000ED1694805680826684806600D2000F0FA
:10585000DFF9354001D09A480660E08A401CE082BA
:1058600070BD000000E400E01CED00E0040002A8B0
:105870000000FF3F282002A82C1002A840E002A848
:1058800044C002A804C001A8044001A8145001A803
:10589000200060062C8001A84A3E0000FFFF9BC04C
:1058A00000E100E0602002A8600002A8F80702A85A
:1058B000F8B58448016844680C4083480460834814
:1058C000204007D0FEF75BFA002803D02000804973
:1058D000096888477F4880210C4220D0794A936A22
:1058E000F825ED011D401AD0C0231B019D4216D89A
:1058F00080252D06884E3560976AF826F6013E40D1
:10590000C76E3F043F0F022F01D0032F03D1002E9B
:1059100001D09E42F0D3904A15606B4A11608F49C6
:10592000097806290DDACC20800120401DD000F036
:105930004DF905002000FDF7DFFE280000F04AF9D0
:10594000F1BD0068800510D58548204005D0FEF7E0
:105950005FFD2000FDF7D0FEF1BDA00205D580203F
:105960004001594908607F490860F1BD4D3E000083
:1059700010B57D48016844680C407C480460802173
:105980000C4205D041607A4801600020FDF7B4FE6A
:10599000600403D5802040057649086010BD0000F2
:1059A0004B3E0000F40302A838B573480168446810
:1059B0000C40E00707D500F009F90500FDF736FFB8
:1059C000280000F007F96D48046031BD601002A89E
:1059D000280002A8FFFF00C0483E0000BC3E0000B7
:1059E000B00002A8184001A84C4000A84C6000A8D4
:1059F000FEB5634C206C676C074001252F4216D022
:105A00002E066048066020685F490D60002802D0BD
:105A10000021FEF7E5F85D480068A021C901884231
:105A20008041C043C00F5A4948705A480660FEF78B
:105A300083F90190022007403ED06168CEB20F0A80
:105A400055490822494B4403012E24D0022E31D15E
:105A5000012F22D1514EF6780096504E377801260C
:105A6000BE404F4F3E604D4E3678760590277F04FE
:105A7000F71903263E434B4F3E601C604A4B1C60A7
:105A80000B68009C1B194B65444909788D404749B8
:105A90000D6047490DE00090DFE7002F0AD1454E29
:105AA000356000254D655C601C60C104424B196087
:105AB00042490A60344908600198FEF746F9F7BD8B
:105AC0004C5000A8104001A8106001A80200060078
:105AD000903C0000440002A870B5FEF72DF90400C8
:105AE00000F074F82F490A68D2070FD52A4A566D7C
:105AF0001368334D2E60CE686E604968E98180215D
:105B0000C904204E3160297B5918516500F062F8B4
:105B10002000FEF71AF970BDE06101A8002800D04E
:105B2000704770B50C00FEF707F9050000F04EF85D
:105B30000600FEF71BF9234804600121224A116088
:105B4000026C0A40FCD1FEF716F9300000F042F872
:105B50002800FEF7FAF870BDE05101A8183E0000D9
:105B600000104006145001A890C001A890E001A8C0
:105B70000CC001A804ED00E0C0C000A8C0E000A86F
:105B800000C002A8441002A840E002A8404000A8BB
:105B90004D3E0000442002A818800A50613E0000DB
:105BA00068A00A5060C101A894D001A868900A506A
:105BB000F42302A860E101A880E200E0F41302A847
:105BC000583E00000080095040900950EFF31080CB
:105BD00072B67047002800D162B6704710B5C4098C
:105BE000FFF7BBFC201A312806DAC000183801D4B0
:105BF000C01EFDD5002010BD2000FFF7B8FC10BD71
:105C0000C32148436F3801D41E38FDD500207047AA
:105C100080B5FDF7B9FF01208449086001BD80B55A
:105C2000EB2000F001F801BD30B581490B68184048
:105C30001022134210D07F4B7F4C2468224008D0A2
:105C4000AF4A14682402FF252D0225401D6300245D
:105C50001460802252031A60086030BDF3B5010061
:105C600016001C0000250095A648019A3300002765
:105C70000BE0BC464F5D4743AE009E597E40575DEA
:105C800047433740664637436D1CA542F1D3390977
:105C900039438A080A43510811430840C1090143A6
:105CA0000F208A0B0A4302405040F6BDF1B582B086
:105CB0000E00002092490860934DEF7AA87A019077
:105CC0000F21394000910ED00B46904A904902981E
:105CD000FFF7C4FF01990140894801608D484143A5
:105CE0008D48084001D1012400E04401380915D055
:105CF00032003B0929000298009E6D7A75194019FF
:105D0000FFF7ACFF0199091101407D4802680B01C2
:105D100013430360002901D0480044437F480068D2
:105D2000204001D10420FEBD0020FEBD80B50A0048
:105D3000002111807A4952888018FFF7B7FF02BD11
:105D4000F0B50F22774B5C7905780F202040C540D5
:105D50002009284001259C79C4402C4001D1032012
:105D6000F0BD354C2468254008D06F4D9E68470033
:105D7000F65B761E2E608026B601EE60DD78DE7959
:105D8000C640F00711D5E0060FD5002D0DD06748AD
:105D900048600888488008881C7800192A408018C4
:105DA0005A7880182A09801800E000200880002016
:105DB000F0BD10B55E4801685E4A0820014200D07F
:105DC0009061C90602D58C21090111605A495B4ACC
:105DD0005B4B1B681B040CD54B685C0402D5C303EA
:105DE000136006E0C024A4011C4043029C4200D082
:105DF00010600B68034005D0524B1B689B0F9B073C
:105E000000D010600C480078C023034002D18020ED
:105E10004005106008682021084010604A4800686A
:105E2000C00101D4FFF7FBFE10BD00002C4000A80C
:105E3000703F00001C1002A8BC3E0000F8B5434FA4
:105E400038687E68064042483040424908608024F5
:105E5000A403414DF00228D540480168080606D544
:105E60003F480068A86001202870022015E001204A
:105E7000014202D03B49A9600FE00020C9060CD5C1
:105E80002A49A960384A91780B071B0F12789A1893
:105E900009095118A980E880A888A880A888002846
:105EA00001D0264301E0FFF7BAFE264026D0294E56
:105EB00074603460A88800280ED0396A81420BD300
:105EC000291D2A48AA6890470100F3D0FDF75CFE1F
:105ED000012027490860F1BD01000CD0FC21890296
:105EE000F16124490203CA6134604C603A6A82421B
:105EF00004D30C60F1BDEB20FFF796FEF1BD00006E
:105F0000283E0000010101013C3F0000F43E00007A
:105F1000343F00001111000021840000F03E000019
:105F2000143F0000443F0000204000A8212800004A
:105F3000F84F0000502102A8184001A8481002A8FC
:105F4000684101A84C4201A8D04000A8B44000A874
:105F5000FFFFDFFFB46000A82C3E0000BC3E000045
:105F6000943C000035280000453F0000D84000A8C0
:105F70002C4000A8B45000A870B505000C00FFF735
:105F800025FE0600FDF7F2FE2002054306480560E7
:105F9000022006490860FDF7EEFE3000FFF71AFE0A
:105FA00001200349087070BD0480095040900950D9
:105FB0004C3E0000FEB5C020C004334908603348A1
:105FC0003349486533488865334840240460446059
:105FD0001020FFF715FE010054D1FF2000052F49C6
:105FE00008602F482F4908602F4829490860A503F9
:105FF0002A4805602D4807680820FFF701FE0100C8
:1060000040D108262A4806600120FFF7F9FD2748FD
:10601000806801902748066027481D4908601F488E
:1060200005600820FFF7ECFD01002BD12048066039
:106030000120FFF7E5FD1D48806800901D480660BF
:10604000134D1E4828600199009800F03FF886061D
:10605000B60E0198C10B0098C00B00F037F8000293
:10606000FC21890101403143296010480760600329
:106070000A490860124804604460124901641249E8
:1060800041640020FEBD000020E000A8571400007D
:106090004C0102A8FF3FFF3F601102A8B42002A8F4
:1060A0000000380EB41002A830300000104101A8E2
:1060B000105101A8106101A810100000202000005C
:1060C000602102A8F703F000FF3F000010B549046B
:1060D000CA104004C310991A00209A18D30F9A18B6
:1060E000521052188B115B0E5B18DB11D218202353
:1060F000541A01D422001843CC0F611849105B08D0
:10610000F6D110BD80B5FDF73AFE002802D0B648A2
:106110000068804701BD80B5FDF76EFEC448006889
:1061200000030AD4FEF744F9FFF760F8FEF7BCF865
:106130000120FFF727F8FEF719FD80208005FDF705
:10614000F3FD01BD80B5FDF757FE80204002FDF74D
:10615000EBFD01BDFEB505208D4908608D48066840
:106160000124264201D1FDF77DFFFDF745FE8A4956
:10617000086800909D4849680160B105CA0F6946EA
:106180000A710025264210D00095AA49496801608D
:10619000A848026896490B68981A9A4202D38B69FC
:1061A000C018401C934B9842F5D3A34F3D606846FE
:1061B0000079002804D031000098FDF779FB0090A9
:1061C00000263868204003D16846FDF778FF0600B6
:1061D000FDF7CEFF002844D09648407C002840D1EF
:1061E00096489449C96802690B689A4200D0012513
:1061F000934FBA1C9446934A13780622534362463F
:10620000D25A8C462B0018214B436146C9184A606C
:10621000009901918749C96801226A4018235A43AD
:106220008D1829680161A96801608748E9680160E3
:10623000296901626869A149086001A8FDF73FFF6B
:10624000010006D1B91C7F4A127806235A43895AA5
:106250006960310006000E43300602D175494C7466
:1062600001E0360602D10098FDF7A4FF9E480460C5
:1062700002209E490860C820C004BD49086060042F
:10628000FDF752FDF7BDF8B5994C8025EF02FDF7FB
:106290006FFF002808D097480078002804D1380004
:1062A000FDF742FD2560F1BD206CC00506D58020BC
:1062B0000006206000BF00BF40082060FEF75AF8CB
:1062C000FDF79AFDFDF790F906008B48A949086093
:1062D000FFF718FF3800FDF727FD002E00D02560DE
:1062E0000120A5490870F1BDF8B5A44CA448006888
:1062F0002060FDF781FDFDF709FD02257C48006C5B
:10630000000405D4FDF718FD9E490D60FDF71DFD45
:10631000FDF705FD1020C0439B4908600026744826
:10632000C6639A480660FDF72AFD070003D0984827
:106330000068804700E066637820205C052101400A
:1063400002D0FDF713FE01E0FDF71DFEA06F054032
:1063500002D0012066490860FFF72BFD002F02D014
:106360008C480068804780200003FDF7DDFCF1BD0C
:1063700080B5FDF741FD2E480068000303D4FDF70A
:1063800093FFFEF7F3FB80204003FDF7CDFC01BD3A
:106390005C1102A8440002A8B83F000038B5FDF720
:1063A0002BFD534C2025FEF7F5FF002806D0606B2F
:1063B000000704D5FFF713F8FEF772FC2560FDF720
:1063C00073FFFEF7D3FB744800780C2101400429C9
:1063D00002D1FDF7CBFD01E0FDF7D5FD6804FDF727
:1063E000A3FC4020206031BD7C3C0000243E000026
:1063F00020C001A801FF00001CB505206749086006
:10640000FDF7FAFCFEF7EBFF654800680090684670
:10641000FEF708FC0400FFF775FE002C02D100987F
:10642000FEF76CFC80204004FDF77EFC13BD0000ED
:106430000C0002A8C83E0000203E0000348001A8E5
:106440003C3E0000383E00001C4101A8F8B5FDF7B5
:10645000D3FC544CA56A5020284002D0FDF786FD9D
:1064600001E0FDF790FD224FFEF794FF00281BD1BD
:10647000B86B40071DD4786BE0214901014018D169
:10648000A80611D4FDF742FCA56A9F4E354207D0FD
:10649000FF20C0432D18A562802000059B4908609D
:1064A000FDF73DFC2E4002D00120386001E00020C5
:1064B000206080208004FDF737FCF1BD284000A853
:1064C00080B5FDF799FC92480068C00501D5FDF73D
:1064D000EBFE0120FEF756FEFEF748FB8020C004CD
:1064E000FDF722FC01BD0000442002A8305201A8A3
:1064F000100002A8D93E00007001200010B5264807
:106500000468FDF779FC8349096809032AD403214B
:10651000C00601D5214001E0A0080140012902D1B7
:10652000FDF724FD0BE0200107D50E20FFF770FBDF
:1065300079480421016008210160FDF724FDFDF781
:10654000A6FD764C2069B3490860FFF7DBFD2068A3
:10655000002807D04000122802D2FFF751FB01E0CB
:10656000FEF7E1FF80208003FDF7DEFB10BD000099
:10657000106001A8B46000A84D3E0000743E000009
:1065800008C000A8D4E40350482002A8283E000018
:10659000803C0000843C0000EC3E00005C1102A83E
:1065A000CC3F0000C43E0000F8B584B000249A49F6
:1065B0000C740120694608700294FDF71DFC0390DD
:1065C000544F3868000300D598E0032093490864CD
:1065D000934800681025FF26B6010F210F220240C4
:1065E000032A03D0000B014006293BD18D480068E7
:1065F00071680291396C890701D5B1680291FEF783
:10660000F8FF0299401801D5019400E00190B86BA1
:106610000107C80F0321424A12680A40022A1BD10F
:10662000039A2A4018D07C4A526DD30512D5FE6BCE
:106630009D4B1E409E4202D178490D640CE09205AC
:106640000AD43A6C2823134006D16B461C702F4A9B
:10665000116001E06A461470029068460678002EC8
:1066600012D11EE06C480078C0070AD56A488068DD
:10667000FEF7BFFF7168401801D5019410E001904A
:106680000EE0306801900126FEF784FE002808D055
:10669000FEF7A5FE0298002802D0FEF701FB00E0FD
:1066A000002602205D490860002E10D01C480078AA
:1066B0000C210140042902D0F86B054002D0FDF7FF
:1066C00055FC01E0FDF75FFC2020786016E05248A1
:1066D0000078C00705D575480068054001D1FDF771
:1066E00056FCFDF7E1FD01A8FEF79CFA0400FFF758
:1066F00009FD002C02D10198FEF700FB8020000468
:10670000FDF712FB05B0F0BD00FFFF00481002A826
:10671000680102A80C0002A880E200E0AC3F000083
:10672000EC3E0000FEB53C4C002525740095FDF7BD
:1067300063FBFFF7E7FC5E4EF06E5E4F0007000F55
:1067400007280BD17068002808D40020FEF71AFD36
:10675000386830490860FDF723FD55E00120716875
:1067600049070CD454490968014008D00102626D00
:106770000A4209D0520502D43268114001D100907A
:1067800002E010204D4908602078C00705D5474831
:106790000068C00601D5FDF7FAFB494801680320EF
:1067A000009A002A01D0890900E0090908400190F7
:1067B0000020FEF7E7FC0198002805D17068C006AC
:1067C00002D4FDF7E0FB01E0FDF7D0FB00200099CB
:1067D000002903D13B480068FEF70BFF7969401898
:1067E00001D5009500E000906846FDF768FC0028A0
:1067F0000AD10098FDF7DEFC2078C00701D560685B
:1068000000E0B8690349086080200005FDF78CFAB4
:10681000F7BD0000243E0000683E0000082002A8EA
:10682000B00002A80CC101A8F8B5FDF7E5FA0024F4
:1068300000252548466B80277F05300606D53007A2
:1068400009D5FEF7CCFDFEF72BFA29E001251A4801
:106850000068284019D00020FEF794FC0220064072
:1068600002D01A490C60C86119480468002D03D091
:106870002000FDF7B5F80400FEF7B1FD2000FEF79B
:106880003DFA3800FDF750FAF1BD0D480078C021FF
:106890000140402902D1FDF769FB01E0FDF773FBE0
:1068A000202009490860ECE710000010B04301A85F
:1068B000440002A8BC3F0000B44000A8481002A851
:1068C000EC3E00001CC101A8100002A8180000AA9C
:1068D000D83F0000FEF7EEFE024803494860FEF78D
:1068E00013FF00BFFD2100000000000080B5EFF3A2
:1068F00005800B2801D23A2100E029218C22520088
:106900000020FFF70BF9FEE755690108056901084A
:1069100011690108FD690108A5B90308AFBE0308A4
:10692000B3BE0308BFBE0308B7BE0308BBBE03085F
:106930000000000098010000A014002002010A00DD
:1069400000806D66676C69622E630000D451002080
:10695000CD510020C4510020D0510020D251002040
:10696000D1510020CF510020B551002070460020A9
:10697000BD510020BB510020C3510020A94500207B
:1069800003520020BA510020A6450020A345002054
:1069900018520020CC51002009470020005200204E
:1069A0001102030607082B2C1910131C1D20222A84
:1069B0002E33343537FF80556E737570706F727477
:1069C000656420636F6D6D616E6420494420257895
:1069D00000777600757600757500777500777562BB
:1069E00000757700757562007562757000000000B3
:1069F000011000004A26040802100000482604087E
:106A0000030200004626040805100000342604088E
:106A1000070800003E260408000200004C26040877
:106A20000402000044260408095C00003A26040819
:106A30000A140000362604080D0200003C26040853
:106A40000C0800004E2604086C6F7765722D6D618E
:106A5000632D7261696C2D3830322E31352E342E13
:106A600063006C69627261696C2E6100000103044D
:106A7000756E636C61696D656400627566666572EA
:106A80002D6D616E6167656D656E742E63006C655A
:106A9000676163792D7061636B65742D62756666DD
:106AA00065722E63006576656E742D71756575650A
:106AB0002E6300000700100008001A0006001100F5
:106AC0000200110004000400010004000900080095
:106AD0000A000A000B00020000000000DF6C04083E
:106AE000856C040800000000E06C0408C22804085B
:106AF00000000000F1270408F3270408000000004C
:106B0000F52704085D6C0408F56C04084A6D040858
:106B1000F227040800000000F6270408B6690408FC
:106B2000E7270408296D0408F4270408E627040869
:106B30000203040508090A0B0001020304051D20D5
:106B4000450208000300AA00FFFFFFFFFFFFFFFF51
:106B5000FFFF7A69676265652D737461636B2E63ED
:106B600000000000950403083D160208C150020809
:106B7000E13C0308CD530208F3E00308F5E0030805
:106B8000F7E00308F9E00308F9CD020849A3020879
:106B900015EB0208E9360308493C0208F1E0030856
:106BA00001A80208D5230308C92A020879C70108E9
:106BB000B95B0308A9320208AB8703080000000094
:106BC0007A69676265652D75707065722D6D616398
:106BD0002E63006E65696768626F722E6300617371
:106BE000736F63696174696F6E2E6300003F1B9061
:106BF0001B194A9300001300000000000000000071
:106C00000000000001000000D9AB020802000000F3
:106C10002DF503080300000031AB0208040000005A
:106C2000A7F4030805000000D1AA02080000000034
:106C3000000000000023001B2200FF0000000000F5
:106C40000C090202000000001C1A0B0303FF0608D7
:106C50000402020204020A0B030302030480FF027F
:106C600004FF0101010108000000000000000031E4
:106C700038323173005A6967426565416C6C6961ED
:106C80006E63653039803134323231003132310057
:106C90003273003132323131320032383100383122
:106CA000310031383231310031323131313231322B
:106CB00032323173003132313132323100323238D6
:106CC000000000183810300000000000008F8E8C8B
:106CD00080726F7574652D7461626C652E630081BE
:106CE000815A6967426565416C6C69616E636530A4
:106CF0003906080C10806D61632D6D756C74692DFB
:106D00006E6574776F726B2E6300313131313131C2
:106D1000006368696C642D68616E646C696E672DD0
:106D20007232322E6300000000806D61632D696E47
:106D3000666F2D656C656D656E742D70617273691B
:106D40006E672E630038343132008000000000008E
:106D500000000032313232313131340031313132E0
:106D6000343831313232313100383132323131312F
:106D7000003831470031323232323232323200386A
:106D80003200383131320038313132320010270FC1
:106D900051421B390F390F1C06000A0026002A0039
:106DA000008050684C6900000000434C534E0000C6
:046DB00000000000DF
:086DB4001CFEFB7F0100000042
:0C6DBC00C86D0408004C002072040000A8
:106DC800FFFFFFFFC0EA2101C0EA210100800000A7
:106DD800C0175302184C00200060170800800000FC
:106DE80014180020C8000000FE0000000000000089
:106DF800BC0F0408A0100020FFFFFFFFFFFFFFFFEC
:106E0800FFFFFFFF9C1F0020BC16040804000000C1
:106E180021AE00089C1F002002000000057B03082B
:106E2800B41F0020D2160408030000005DB3000858
:106E38000C21040833000000CD0201080F000000F7
:106E4800070000000700000043AD0308444C002081
:106E5800984C0020604C0020002E00207029040867
:106E680002000000BD320108002E0020F2000000E0
:106E780051330108B84C0020000000002C2E0020DF
:106E8800942E0020FC2E00200000000000000000CE
:106E980000000000000000000000000000000000EA
:106EA80000000000000000000000000000000000DA
:106EB80000000000000000000000000000000000CA
:106EC80000000000E5B80308E1B80308FFFFFFFF72
:106ED800FFFFFFFFFDB8030820C001B867BC030827
:106EE800FFFFFFFF5DBD0308FFFFFFFFFFFFFFFF81
:106EF800FFFFFFFFFFFFFFFF9B21000045BF0308C7
:106F080030690408FFFFFFFF6C34002039C5010811
:106F180000000000AF1A0408000000000000000094
:106F280000000000000000006C34002019C50108B2
:106F380000000000AF1A0408000000000000000074
:106F480000000000000000006C340020ADDA0108E9
:106F580000000000AF1A0408000000000000000054
:106F68000000000000000000384E00200000000073
:106F780000000000184E0020000000000000000083
:106F8800F84D00200000000000000000D84D00204F
:106F980000000000000000006C3400205DCF0308F2
:106FA80000000000AF1A0408000000000000000004
:106FB80000000000000000006C34002057CF0308D8
:106FC80000000000AF1A04080000000000000000E4
:106FD80000000000000000006C34002051CF0308BE
:106FE80000000000AF1A04080000000000000000C4
:106FF80000000000000000006C3400204BCF0308A4
:1070080000000000AF1A04080000000000000000A3
:107018000000000000000000884E00200000000072
:10702800684E0020000000006C340020D9CF03080F
:1070380000000000AF1A0408000000000000000073
:1070480000000000000000006C340020D3CF0308CB
:1070580000000000AF1A0408000000000000000053
:1070680000000000000000006400000020A10700EC
:1070780000000000A506020800000000F0460020FD
:10708800000000006C340020FD0302087528020887
:10709800AF1A040800000000000000000000000013
:1070A800000000006C340020AD1102080000000050
:1070B800AF1A0408000000000000000000000000F3
:1070C800000000006C340020451D020875280208E5
:1070D800AF1A0408000000000000000000000000D3
:1070E80000000000706A04086C340020092F0208B0
:1070F80000000000AF1A04080000000000000000B3
:1071080000000000000000006C340020594902080B
:1071180000000000AF1A0408000000000000000092
:1071280000000000000000006C340020694F0208D5
:1071380000000000AF1A0408000000000000000072
:1071480000000000000000006C3400202D650208DB
:1071580000000000AF1A0408000000000000000052
:107168000000000000000000B80B00006C34002094
:10717800196B020800000000AF1A040800000000A4
:107188000000000000000000000000006C34002037
:107198005576020800000000AF1A0408000000003D
:1071A8000000000000000000000000006C34002017
:1071B8001D78020800000000AF1A04080000000053
:1071C8000000000000000000000000006C340020F7
:1071D800DD79020800000000AF1A04080000000072
:1071E8000000000000000000000000006C340020D7
:1071F800D57E020800000000AF1A04080000000055
:107208000000000000000000000000006C340020B6
:107218002D85020800000000AF1A040800000000D5
:107228000000000000000000000000006C34002096
:1072380015F9030800000000AF1A04080000000058
:107248000000000000000000000000006C34002076
:10725800C5EA020800000000AF1A04080000000098
:107268000000000000000000000000006C34002056
:10727800B903030800000000AF1A0408000000006A
:107288000000000000000000000000009703040850
:107298006C3400205137030875280208AF1A040817
:1072A80000000000000000000000000000000000D6
:1072B8006C340020B13D030800000000AF1A040838
:1072C80000000000000000000000000000000000B6
:1072D8006C340020C143030800000000AF1A040802
:1072E8000000000000000000000000000000000096
:1072F8006C3400207151030800000000AF1A040824
:107308000000000000000000000000000000000075
:107318006C3400201155030800000000AF1A04085F
:107328000000000000000000000000000000000055
:10733800FFFF0200CEFAEFBE2C01B80B2C0140066D
:107348001027FFFF04F8FFFF0C00000000000100F9
:1073580000004000FDFF2C019C000000FFFFFDFF26
:10736800FFFFFFFF60EA8000800010C1CDABFFFF88
:1073780028010101010201D80F010208031E20059E
:1073880016010C014024200520C80505101A0140EB
:107398001A08100120070101010301FF0C01FF0F6A
:1073A800103020407F010150403000FFFFFF0B03E9
:1073B800FF64FF01FF01010503050001050B010141
:1073C800FF03010305020201FFFFFFFFFFFFFFFFAD
:1073D800010102FFFFFF40FF01018001FF01FF00E3
:1073E800AD6B0008856B000800000000000000007D
:1073F8000000000000000000000000000000000085
:107408000000000000000000000000000000000074
:107418000000000000000000000000000000000064
:107428000000000000000000000000000000000054
:107438000000000000000000000000000000000044
:107448000000000000000000000000000000000034
:107458000000000000000000000000000000000024
:107468000000000000000000000000000000000014
:107478000000000000000000000000000000000004
:1074880000000000000000000000000000000000F4
:1074980000000000000000000000000000000000E4
:1074A80000000000000000000000000000000000D4
:1074B80000000000000000000000000000000000C4
:1074C80000000000000000000000000000000000B4
:1074D80000000000000000000000000000000000A4
:1074E8000000000000000000000000000000000094
:1074F8000000000000000000000000000000000084
:107508000000000000000000000000000000000073
:107518000000000000000000000000000000000063
:107528000000000000000000000000000000000053
:107538000000000000000000000000000000000043
:107548000000000000000000000000000000000033
:107558000000000000000000000000000000000023
:107568000000000000000000000000000000000013
:107578000000000000000000000000000000000003
:1075880000000000000000000000000000000000F3
:1075980000000000000000000000000000000000E3
:1075A80000000000000000000000000000000000D3
:1075B80000000000000000000000000000000000C3
:1075C80000000000000000000000000000000000B3
:1075D80000000000000000000000000000000000A3
:1075E8000000000000000000000000000000000093
:1075F8000000000000000000000000000000000083
:107608000000000000000000000000000000000072
:107618000000000000000000000000000000000062
:107628000000000000000000000000000000000052
:107638000000000000000000000000000000000042
:107648000000000000000000000000000000000032
:107658000000000000000000000000000000000022
:107668000000000000000000000000000000000012
:107678000000000000000000000000000000000002
:1076880000000000000000000000000000000000F2
:1076980000000000000000000000000000000000E2
:1076A80000000000000000000000000000000000D2
:1076B80000000000000000000000000000000000C2
:1076C80000000000000000000000000000000000B2
:1076D80000000000000000000000000000000000A2
:1076E8000000000000000000000000000000000092
:1076F8000000000000000000000000000000000082
:107708000000000000000000000000000000000071
:107718000000000000000000000000000000000061
:107728000000000000000000000000000000000051
:107738000000000000000000000000000000000041
:107748000000000000000000000000000000000031
:107758000000000000000000000000000000000021
:107768000000000000000000000000000000000011
:107778000000000000000000000000000000000001
:1077880000000000000000000000000000000000F1
:1077980000000000000000000000000000000000E1
:1077A80000000000000000000000000000000000D1
:1077B80000000000000000000000000000000000C1
:1077C80000000000000000000000000000000000B1
:1077D80000000000000000000000000000000000A1
:1077E8000000000000000000000000000000000091
:1077F8000000000000000000000000000000000081
:107808000000000000000000000000000000000070
:107818000000000000000000000000000000000060
:107828000000000000000000000000000000000050
:107838000000000000000000000000000000000040
:107848000000000000000000000000000000000030
:107858000000000000000000000000000000000020
:107868000000000000000000000000000000000010
:107878000000000000000000000000000000000000
:1078880000000000000000000000000000000000F0
:1078980000000000000000000000000000000000E0
:1078A80000000000000000000000000000000000D0
:1078B80000000000000000000000000000000000C0
:1078C80000000000000000000000000000000000B0
:1078D80000000000000000000000000000000000A0
:1078E8000000000000000000000000000000000090
:1078F8000000000000000000000000000000000080
:10790800000000000000000000000000000000006F
:10791800000000000000000000000000000000005F
:10792800000000000000000000000000000000004F
:10793800000000000000000000000000000000003F
:10794800000000000000000000000000000000002F
:10795800000000000000000000000000000000001F
:10796800000000000000000000000000000000000F
:1079780000000000000000000000000000000000FF
:1079880000000000000000000000000000000000EF
:1079980000000000000000000000000000000000DF
:1079A80000000000000000000000000000000000CF
:1079B80000000000000000000000000000000000BF
:1079C80000000000000000000000000000000000AF
:1079D800000000000000000000000000000000009F
:1079E800000000000000000000000000000000008F
:1079F800000000000000000000000000000000007F
:107A0800000000000000000000000000000000006E
:107A1800000000000000000000000000000000005E
:107A2800000000000000000000000000000000004E
:107A3800000000000000000000000000000000003E
:107A4800000000000000000000000000000000002E
:107A5800000000000000000000000000000000001E
:107A6800000000000000000000000000000000000E
:107A780000000000000000000000000000000000FE
:107A880000000000000000000000000000000000EE
:107A980000000000000000000000000000000000DE
:107AA80000000000000000000000000000000000CE
:107AB80000000000000000000000000000000000BE
:107AC80000000000000000000000000000000000AE
:107AD800000000000000000000000000000000009E
:107AE800000000000000000000000000000000008E
:107AF800000000000000000000000000000000007E
:107B0800000000000000000000000000000000006D
:107B1800000000000000000000000000000000005D
:107B2800000000000000000000000000000000004D
:107B3800000000000000000000000000000000003D
:107B4800000000000000000000000000000000002D
:107B5800000000000000000000000000000000001D
:107B6800000000000000000000000000000000000D
:107B780000000000000000000000000000000000FD
:107B880000000000000000000000000000000000ED
:107B980000000000000000000000000000000000DD
:107BA80000000000000000000000000000000000CD
:107BB80000000000000000000000000000000000BD
:107BC80000000000000000000000000000000000AD
:107BD800000000000000000000000000000000009D
:107BE800000000000000000000000000000000008D
:107BF800000000000000000000000000000000007D
:107C0800000000000000000000000000000000006C
:107C1800000000000000000000000000000000005C
:107C2800000000000000000000000000000000004C
:107C3800000000000000000000000000000000003C
:107C4800000000000000000000000000000000002C
:107C5800000000000000000000000000000000001C
:107C6800000000000000000000000000000000000C
:107C780000000000000000000000000000000000FC
:107C880000000000000000000000000000000000EC
:107C980000000000000000000000000000000000DC
:107CA80000000000000000000000000000000000CC
:107CB80000000000000000000000000000000000BC
:107CC80000000000000000000000000000000000AC
:107CD800000000000000000000000000000000009C
:107CE800000000000000000000000000000000008C
:107CF800000000000000000000000000000000007C
:107D0800000000000000000000000000000000006B
:107D1800000000000000000000000000000000005B
:107D2800000000000000000000000000000000004B
:107D3800000000000000000000000000000000003B
:107D4800000000000000000000000000000000002B
:107D5800000000000000000000000000000000001B
:107D6800000000000000000000000000000000000B
:107D780000000000000000000000000000000000FB
:107D880000000000000000000000000000000000EB
:107D980000000000000000000000000000000000DB
:107DA80000000000000000000000000000000000CB
:107DB80000000000000000000000000000000000BB
:107DC80000000000000000000000000000000000AB
:107DD800000000000000000000000000000000009B
:107DE800000000000000000000000000000000008B
:107DF800000000000000000000000000000000007B
:107E0800000000000000000000000000000000006A
:107E1800000000000000000000000000000000005A
:107E2800000000000000000000000000000000004A
:107E3800000000000000000000000000000000003A
:107E4800000000000000000000000000000000002A
:107E5800000000000000000000000000000000001A
:107E6800000000000000000000000000000000000A
:107E780000000000000000000000000000000000FA
:107E880000000000000000000000000000000000EA
:107E980000000000000000000000000000000000DA
:107EA80000000000000000000000000000000000CA
:107EB80000000000000000000000000000000000BA
:107EC80000000000000000000000000000000000AA
:107ED800000000000000000000000000000000009A
:107EE800000000000000000000000000000000008A
:107EF800000000000000000000000000000000007A
:107F08000000000000000000000000000000000069
:107F18000000000000000000000000000000000059
:107F28000000000000000000000000000000000049
:107F38000000000000000000000000000000000039
:107F48000000000000000000000000000000000029
:107F58000000000000000000000000000000000019
:107F68000000000000000000000000000000000009
:107F780000000000000000000000000000000000F9
:087F88000000000000000000F1
:0400000508006FF987
:00000001FF
